ISO-10303-21;
HEADER;
FILE_DESCRIPTION(('Open CASCADE Model'),'2;1');
FILE_NAME('Open CASCADE Shape Model','2026-09-30T09:19:42',('Author'),(
    'Open CASCADE'),'Open CASCADE STEP processor 7.8','Open CASCADE 7.8'
  ,'Unknown');
FILE_SCHEMA(('AUTOMOTIVE_DESIGN { 1 0 10303 214 1 1 1 1 }'));
ENDSEC;
DATA;
#1 = APPLICATION_PROTOCOL_DEFINITION('international standard',
  'automotive_design',2000,#2);
#2 = APPLICATION_CONTEXT(
  'core data for automotive mechanical design processes');
#3 = SHAPE_DEFINITION_REPRESENTATION(#4,#10);
#4 = PRODUCT_DEFINITION_SHAPE('','',#5);
#5 = PRODUCT_DEFINITION('design','',#6,#9);
#6 = PRODUCT_DEFINITION_FORMATION('','',#7);
#7 = PRODUCT('Open CASCADE STEP translator 7.8 4',
  'Open CASCADE STEP translator 7.8 4','',(#8));
#8 = PRODUCT_CONTEXT('',#2,'mechanical');
#9 = PRODUCT_DEFINITION_CONTEXT('part definition',#2,'design');
#10 = ADVANCED_BREP_SHAPE_REPRESENTATION('',(#11,#15),#6441);
#11 = AXIS2_PLACEMENT_3D('',#12,#13,#14);
#12 = CARTESIAN_POINT('',(0.,0.,0.));
#13 = DIRECTION('',(0.,0.,1.));
#14 = DIRECTION('',(1.,0.,-0.));
#15 = MANIFOLD_SOLID_BREP('',#16);
#16 = CLOSED_SHELL('',(#17,#139,#225,#315,#491,#567,#655,#704,#754,#808,
    #1129,#1779,#1807,#1885,#1912,#1940,#2016,#2043,#2092,#2119,#2174,
    #2224,#2282,#2340,#2373,#2428,#2483,#2511,#2539,#2589,#2640,#2691,
    #2797,#2903,#2931,#3122,#3177,#3232,#3288,#3344,#3399,#3454,#3510,
    #3566,#3677,#3788,#3821,#3848,#3875,#3902,#3929,#3956,#3963,#3967,
    #3971,#4048,#4097,#4146,#4196,#4250,#4299,#4348,#4402,#4452,#4501,
    #4550,#4578,#5177,#5232,#5309,#5358,#5407,#5461,#5515,#5564,#5613,
    #5641,#5696,#5751,#5806,#5883,#5932,#5986,#6035,#6085,#6134,#6188,
    #6215,#6219,#6265,#6269,#6273,#6277,#6323,#6378,#6433,#6437));
#17 = ADVANCED_FACE('',(#18),#32,.T.);
#18 = FACE_BOUND('',#19,.F.);
#19 = EDGE_LOOP('',(#20,#55,#84,#112));
#20 = ORIENTED_EDGE('',*,*,#21,.T.);
#21 = EDGE_CURVE('',#22,#24,#26,.T.);
#22 = VERTEX_POINT('',#23);
#23 = CARTESIAN_POINT('',(50.0000001,90.729833462074,13.4));
#24 = VERTEX_POINT('',#25);
#25 = CARTESIAN_POINT('',(50.0000001,90.729833462074,0.5));
#26 = SURFACE_CURVE('',#27,(#31,#43),.PCURVE_S1.);
#27 = LINE('',#28,#29);
#28 = CARTESIAN_POINT('',(50.0000001,90.729833462074,1.7763568394E-15));
#29 = VECTOR('',#30,1.);
#30 = DIRECTION('',(-0.,-0.,-1.));
#31 = PCURVE('',#32,#37);
#32 = CYLINDRICAL_SURFACE('',#33,40.);
#33 = AXIS2_PLACEMENT_3D('',#34,#35,#36);
#34 = CARTESIAN_POINT('',(40.0000001,52.,1.7763568394E-15));
#35 = DIRECTION('',(-0.,-0.,-1.));
#36 = DIRECTION('',(1.,0.,0.));
#37 = DEFINITIONAL_REPRESENTATION('',(#38),#42);
#38 = LINE('',#39,#40);
#39 = CARTESIAN_POINT('',(-7.601301378832,0.));
#40 = VECTOR('',#41,1.);
#41 = DIRECTION('',(-0.,1.));
#42 = ( GEOMETRIC_REPRESENTATION_CONTEXT(2) 
PARAMETRIC_REPRESENTATION_CONTEXT() REPRESENTATION_CONTEXT('2D SPACE',''
  ) );
#43 = PCURVE('',#44,#49);
#44 = PLANE('',#45);
#45 = AXIS2_PLACEMENT_3D('',#46,#47,#48);
#46 = CARTESIAN_POINT('',(50.0000001,76.,1.7763568394E-15));
#47 = DIRECTION('',(1.,0.,0.));
#48 = DIRECTION('',(0.,0.,1.));
#49 = DEFINITIONAL_REPRESENTATION('',(#50),#54);
#50 = LINE('',#51,#52);
#51 = CARTESIAN_POINT('',(0.,-14.72983346207));
#52 = VECTOR('',#53,1.);
#53 = DIRECTION('',(-1.,0.));
#54 = ( GEOMETRIC_REPRESENTATION_CONTEXT(2) 
PARAMETRIC_REPRESENTATION_CONTEXT() REPRESENTATION_CONTEXT('2D SPACE',''
  ) );
#55 = ORIENTED_EDGE('',*,*,#56,.F.);
#56 = EDGE_CURVE('',#57,#24,#59,.T.);
#57 = VERTEX_POINT('',#58);
#58 = CARTESIAN_POINT('',(50.0000001,13.270166537926,0.5));
#59 = SURFACE_CURVE('',#60,(#65,#72),.PCURVE_S1.);
#60 = CIRCLE('',#61,40.);
#61 = AXIS2_PLACEMENT_3D('',#62,#63,#64);
#62 = CARTESIAN_POINT('',(40.0000001,52.,0.5));
#63 = DIRECTION('',(0.,0.,1.));
#64 = DIRECTION('',(0.25,-0.968245836552,0.));
#65 = PCURVE('',#32,#66);
#66 = DEFINITIONAL_REPRESENTATION('',(#67),#71);
#67 = LINE('',#68,#69);
#68 = CARTESIAN_POINT('',(-4.965069235527,-0.5));
#69 = VECTOR('',#70,1.);
#70 = DIRECTION('',(-1.,0.));
#71 = ( GEOMETRIC_REPRESENTATION_CONTEXT(2) 
PARAMETRIC_REPRESENTATION_CONTEXT() REPRESENTATION_CONTEXT('2D SPACE',''
  ) );
#72 = PCURVE('',#73,#78);
#73 = CONICAL_SURFACE('',#74,40.,0.785398163397);
#74 = AXIS2_PLACEMENT_3D('',#75,#76,#77);
#75 = CARTESIAN_POINT('',(40.0000001,52.,0.5));
#76 = DIRECTION('',(0.,0.,1.));
#77 = DIRECTION('',(0.25,-0.968245836552,0.));
#78 = DEFINITIONAL_REPRESENTATION('',(#79),#83);
#79 = LINE('',#80,#81);
#80 = CARTESIAN_POINT('',(0.,-0.));
#81 = VECTOR('',#82,1.);
#82 = DIRECTION('',(1.,-0.));
#83 = ( GEOMETRIC_REPRESENTATION_CONTEXT(2) 
PARAMETRIC_REPRESENTATION_CONTEXT() REPRESENTATION_CONTEXT('2D SPACE',''
  ) );
#84 = ORIENTED_EDGE('',*,*,#85,.F.);
#85 = EDGE_CURVE('',#86,#57,#88,.T.);
#86 = VERTEX_POINT('',#87);
#87 = CARTESIAN_POINT('',(50.0000001,13.270166537926,13.4));
#88 = SURFACE_CURVE('',#89,(#93,#100),.PCURVE_S1.);
#89 = LINE('',#90,#91);
#90 = CARTESIAN_POINT('',(50.0000001,13.270166537926,1.7763568394E-15));
#91 = VECTOR('',#92,1.);
#92 = DIRECTION('',(-0.,-0.,-1.));
#93 = PCURVE('',#32,#94);
#94 = DEFINITIONAL_REPRESENTATION('',(#95),#99);
#95 = LINE('',#96,#97);
#96 = CARTESIAN_POINT('',(-4.965069235527,0.));
#97 = VECTOR('',#98,1.);
#98 = DIRECTION('',(-0.,1.));
#99 = ( GEOMETRIC_REPRESENTATION_CONTEXT(2) 
PARAMETRIC_REPRESENTATION_CONTEXT() REPRESENTATION_CONTEXT('2D SPACE',''
  ) );
#100 = PCURVE('',#101,#106);
#101 = PLANE('',#102);
#102 = AXIS2_PLACEMENT_3D('',#103,#104,#105);
#103 = CARTESIAN_POINT('',(50.0000001,0.,1.7763568394E-15));
#104 = DIRECTION('',(1.,0.,0.));
#105 = DIRECTION('',(0.,0.,1.));
#106 = DEFINITIONAL_REPRESENTATION('',(#107),#111);
#107 = LINE('',#108,#109);
#108 = CARTESIAN_POINT('',(0.,-13.27016653792));
#109 = VECTOR('',#110,1.);
#110 = DIRECTION('',(-1.,0.));
#111 = ( GEOMETRIC_REPRESENTATION_CONTEXT(2) 
PARAMETRIC_REPRESENTATION_CONTEXT() REPRESENTATION_CONTEXT('2D SPACE',''
  ) );
#112 = ORIENTED_EDGE('',*,*,#113,.F.);
#113 = EDGE_CURVE('',#22,#86,#114,.T.);
#114 = SURFACE_CURVE('',#115,(#120,#127),.PCURVE_S1.);
#115 = CIRCLE('',#116,40.);
#116 = AXIS2_PLACEMENT_3D('',#117,#118,#119);
#117 = CARTESIAN_POINT('',(40.0000001,52.,13.4));
#118 = DIRECTION('',(0.,-0.,-1.));
#119 = DIRECTION('',(0.25,0.968245836552,-0.));
#120 = PCURVE('',#32,#121);
#121 = DEFINITIONAL_REPRESENTATION('',(#122),#126);
#122 = LINE('',#123,#124);
#123 = CARTESIAN_POINT('',(-7.601301378832,-13.4));
#124 = VECTOR('',#125,1.);
#125 = DIRECTION('',(1.,-0.));
#126 = ( GEOMETRIC_REPRESENTATION_CONTEXT(2) 
PARAMETRIC_REPRESENTATION_CONTEXT() REPRESENTATION_CONTEXT('2D SPACE',''
  ) );
#127 = PCURVE('',#128,#133);
#128 = TOROIDAL_SURFACE('',#129,39.4,0.6);
#129 = AXIS2_PLACEMENT_3D('',#130,#131,#132);
#130 = CARTESIAN_POINT('',(40.0000001,52.,13.4));
#131 = DIRECTION('',(0.,0.,1.));
#132 = DIRECTION('',(0.25,0.968245836552,-0.));
#133 = DEFINITIONAL_REPRESENTATION('',(#134),#138);
#134 = LINE('',#135,#136);
#135 = CARTESIAN_POINT('',(-0.,0.));
#136 = VECTOR('',#137,1.);
#137 = DIRECTION('',(-1.,0.));
#138 = ( GEOMETRIC_REPRESENTATION_CONTEXT(2) 
PARAMETRIC_REPRESENTATION_CONTEXT() REPRESENTATION_CONTEXT('2D SPACE',''
  ) );
#139 = ADVANCED_FACE('',(#140),#44,.T.);
#140 = FACE_BOUND('',#141,.T.);
#141 = EDGE_LOOP('',(#142,#172,#198,#199));
#142 = ORIENTED_EDGE('',*,*,#143,.T.);
#143 = EDGE_CURVE('',#144,#146,#148,.T.);
#144 = VERTEX_POINT('',#145);
#145 = CARTESIAN_POINT('',(50.0000001,99.,0.5));
#146 = VERTEX_POINT('',#147);
#147 = CARTESIAN_POINT('',(50.0000001,99.,13.4));
#148 = SURFACE_CURVE('',#149,(#153,#160),.PCURVE_S1.);
#149 = LINE('',#150,#151);
#150 = CARTESIAN_POINT('',(50.0000001,99.,1.7763568394E-15));
#151 = VECTOR('',#152,1.);
#152 = DIRECTION('',(0.,0.,1.));
#153 = PCURVE('',#44,#154);
#154 = DEFINITIONAL_REPRESENTATION('',(#155),#159);
#155 = LINE('',#156,#157);
#156 = CARTESIAN_POINT('',(0.,-23.));
#157 = VECTOR('',#158,1.);
#158 = DIRECTION('',(1.,0.));
#159 = ( GEOMETRIC_REPRESENTATION_CONTEXT(2) 
PARAMETRIC_REPRESENTATION_CONTEXT() REPRESENTATION_CONTEXT('2D SPACE',''
  ) );
#160 = PCURVE('',#161,#166);
#161 = CYLINDRICAL_SURFACE('',#162,5.);
#162 = AXIS2_PLACEMENT_3D('',#163,#164,#165);
#163 = CARTESIAN_POINT('',(45.0000001,99.,1.7763568394E-15));
#164 = DIRECTION('',(0.,0.,1.));
#165 = DIRECTION('',(1.,0.,-0.));
#166 = DEFINITIONAL_REPRESENTATION('',(#167),#171);
#167 = LINE('',#168,#169);
#168 = CARTESIAN_POINT('',(0.,0.));
#169 = VECTOR('',#170,1.);
#170 = DIRECTION('',(0.,1.));
#171 = ( GEOMETRIC_REPRESENTATION_CONTEXT(2) 
PARAMETRIC_REPRESENTATION_CONTEXT() REPRESENTATION_CONTEXT('2D SPACE',''
  ) );
#172 = ORIENTED_EDGE('',*,*,#173,.F.);
#173 = EDGE_CURVE('',#22,#146,#174,.T.);
#174 = SURFACE_CURVE('',#175,(#179,#186),.PCURVE_S1.);
#175 = LINE('',#176,#177);
#176 = CARTESIAN_POINT('',(50.0000001,90.729833462074,13.4));
#177 = VECTOR('',#178,1.);
#178 = DIRECTION('',(0.,1.,0.));
#179 = PCURVE('',#44,#180);
#180 = DEFINITIONAL_REPRESENTATION('',(#181),#185);
#181 = LINE('',#182,#183);
#182 = CARTESIAN_POINT('',(13.4,-14.72983346207));
#183 = VECTOR('',#184,1.);
#184 = DIRECTION('',(0.,-1.));
#185 = ( GEOMETRIC_REPRESENTATION_CONTEXT(2) 
PARAMETRIC_REPRESENTATION_CONTEXT() REPRESENTATION_CONTEXT('2D SPACE',''
  ) );
#186 = PCURVE('',#187,#192);
#187 = CYLINDRICAL_SURFACE('',#188,0.6);
#188 = AXIS2_PLACEMENT_3D('',#189,#190,#191);
#189 = CARTESIAN_POINT('',(49.4000001,90.729833462074,13.4));
#190 = DIRECTION('',(0.,1.,0.));
#191 = DIRECTION('',(1.,0.,-0.));
#192 = DEFINITIONAL_REPRESENTATION('',(#193),#197);
#193 = LINE('',#194,#195);
#194 = CARTESIAN_POINT('',(-0.,0.));
#195 = VECTOR('',#196,1.);
#196 = DIRECTION('',(-0.,1.));
#197 = ( GEOMETRIC_REPRESENTATION_CONTEXT(2) 
PARAMETRIC_REPRESENTATION_CONTEXT() REPRESENTATION_CONTEXT('2D SPACE',''
  ) );
#198 = ORIENTED_EDGE('',*,*,#21,.T.);
#199 = ORIENTED_EDGE('',*,*,#200,.T.);
#200 = EDGE_CURVE('',#24,#144,#201,.T.);
#201 = SURFACE_CURVE('',#202,(#206,#213),.PCURVE_S1.);
#202 = LINE('',#203,#204);
#203 = CARTESIAN_POINT('',(50.0000001,90.729833462074,0.5));
#204 = VECTOR('',#205,1.);
#205 = DIRECTION('',(0.,1.,0.));
#206 = PCURVE('',#44,#207);
#207 = DEFINITIONAL_REPRESENTATION('',(#208),#212);
#208 = LINE('',#209,#210);
#209 = CARTESIAN_POINT('',(0.5,-14.72983346207));
#210 = VECTOR('',#211,1.);
#211 = DIRECTION('',(0.,-1.));
#212 = ( GEOMETRIC_REPRESENTATION_CONTEXT(2) 
PARAMETRIC_REPRESENTATION_CONTEXT() REPRESENTATION_CONTEXT('2D SPACE',''
  ) );
#213 = PCURVE('',#214,#219);
#214 = PLANE('',#215);
#215 = AXIS2_PLACEMENT_3D('',#216,#217,#218);
#216 = CARTESIAN_POINT('',(49.7500001,90.729833462074,0.25));
#217 = DIRECTION('',(-0.707106781187,0.,0.707106781187));
#218 = DIRECTION('',(0.,1.,0.));
#219 = DEFINITIONAL_REPRESENTATION('',(#220),#224);
#220 = LINE('',#221,#222);
#221 = CARTESIAN_POINT('',(0.,-0.353553390593));
#222 = VECTOR('',#223,1.);
#223 = DIRECTION('',(1.,0.));
#224 = ( GEOMETRIC_REPRESENTATION_CONTEXT(2) 
PARAMETRIC_REPRESENTATION_CONTEXT() REPRESENTATION_CONTEXT('2D SPACE',''
  ) );
#225 = ADVANCED_FACE('',(#226),#73,.T.);
#226 = FACE_BOUND('',#227,.F.);
#227 = EDGE_LOOP('',(#228,#260,#261,#288));
#228 = ORIENTED_EDGE('',*,*,#229,.F.);
#229 = EDGE_CURVE('',#57,#230,#232,.T.);
#230 = VERTEX_POINT('',#231);
#231 = CARTESIAN_POINT('',(49.5000001,13.659420974638,1.7763568394E-15)
  );
#232 = SURFACE_CURVE('',#233,(#238,#248),.PCURVE_S1.);
#233 = PARABOLA('',#234,10.606601717798);
#234 = AXIS2_PLACEMENT_3D('',#235,#236,#237);
#235 = CARTESIAN_POINT('',(25.0000001,52.,-24.5));
#236 = DIRECTION('',(-0.707106781187,0.,0.707106781187));
#237 = DIRECTION('',(0.707106781187,0.,0.707106781187));
#238 = PCURVE('',#73,#239);
#239 = DEFINITIONAL_REPRESENTATION('',(#240),#247);
#240 = B_SPLINE_CURVE_WITH_KNOTS('',5,(#241,#242,#243,#244,#245,#246),
  .UNSPECIFIED.,.F.,.F.,(6,6),(-38.72983346207,-38.34057902536),
  .PIECEWISE_BEZIER_KNOTS.);
#241 = CARTESIAN_POINT('',(3.819167204711E-14,0.));
#242 = CARTESIAN_POINT('',(-1.946272183525E-03,-0.100505063388));
#243 = CARTESIAN_POINT('',(-3.898657186101E-03,-0.200757595081));
#244 = CARTESIAN_POINT('',(-5.857185726202E-03,-0.300757595083));
#245 = CARTESIAN_POINT('',(-7.821888715255E-03,-0.400505063388));
#246 = CARTESIAN_POINT('',(-9.792797255572E-03,-0.5));
#247 = ( GEOMETRIC_REPRESENTATION_CONTEXT(2) 
PARAMETRIC_REPRESENTATION_CONTEXT() REPRESENTATION_CONTEXT('2D SPACE',''
  ) );
#248 = PCURVE('',#249,#254);
#249 = PLANE('',#250);
#250 = AXIS2_PLACEMENT_3D('',#251,#252,#253);
#251 = CARTESIAN_POINT('',(49.7500001,5.,0.25));
#252 = DIRECTION('',(-0.707106781187,0.,0.707106781187));
#253 = DIRECTION('',(-0.,-1.,-0.));
#254 = DEFINITIONAL_REPRESENTATION('',(#255),#259);
#255 = PARABOLA('',#256,10.606601717798);
#256 = AXIS2_PLACEMENT_2D('',#257,#258);
#257 = CARTESIAN_POINT('',(-47.,-35.00178566873));
#258 = DIRECTION('',(-0.,1.));
#259 = ( GEOMETRIC_REPRESENTATION_CONTEXT(2) 
PARAMETRIC_REPRESENTATION_CONTEXT() REPRESENTATION_CONTEXT('2D SPACE',''
  ) );
#260 = ORIENTED_EDGE('',*,*,#56,.T.);
#261 = ORIENTED_EDGE('',*,*,#262,.T.);
#262 = EDGE_CURVE('',#24,#263,#265,.T.);
#263 = VERTEX_POINT('',#264);
#264 = CARTESIAN_POINT('',(49.5000001,90.340579025362,1.7763568394E-15)
  );
#265 = SURFACE_CURVE('',#266,(#271,#281),.PCURVE_S1.);
#266 = PARABOLA('',#267,10.606601717798);
#267 = AXIS2_PLACEMENT_3D('',#268,#269,#270);
#268 = CARTESIAN_POINT('',(25.0000001,52.,-24.5));
#269 = DIRECTION('',(0.707106781187,0.,-0.707106781187));
#270 = DIRECTION('',(0.707106781187,0.,0.707106781187));
#271 = PCURVE('',#73,#272);
#272 = DEFINITIONAL_REPRESENTATION('',(#273),#280);
#273 = B_SPLINE_CURVE_WITH_KNOTS('',5,(#274,#275,#276,#277,#278,#279),
  .UNSPECIFIED.,.F.,.F.,(6,6),(-38.72983346207,-38.34057902536),
  .PIECEWISE_BEZIER_KNOTS.);
#274 = CARTESIAN_POINT('',(2.636232143306,-7.105427357601E-15));
#275 = CARTESIAN_POINT('',(2.638178415489,-0.100505063388));
#276 = CARTESIAN_POINT('',(2.640130800492,-0.200757595083));
#277 = CARTESIAN_POINT('',(2.642089329032,-0.300757595082));
#278 = CARTESIAN_POINT('',(2.644054032021,-0.400505063388));
#279 = CARTESIAN_POINT('',(2.646024940561,-0.5));
#280 = ( GEOMETRIC_REPRESENTATION_CONTEXT(2) 
PARAMETRIC_REPRESENTATION_CONTEXT() REPRESENTATION_CONTEXT('2D SPACE',''
  ) );
#281 = PCURVE('',#214,#282);
#282 = DEFINITIONAL_REPRESENTATION('',(#283),#287);
#283 = PARABOLA('',#284,10.606601717798);
#284 = AXIS2_PLACEMENT_2D('',#285,#286);
#285 = CARTESIAN_POINT('',(-38.72983346207,35.001785668734));
#286 = DIRECTION('',(0.,-1.));
#287 = ( GEOMETRIC_REPRESENTATION_CONTEXT(2) 
PARAMETRIC_REPRESENTATION_CONTEXT() REPRESENTATION_CONTEXT('2D SPACE',''
  ) );
#288 = ORIENTED_EDGE('',*,*,#289,.F.);
#289 = EDGE_CURVE('',#230,#263,#290,.T.);
#290 = SURFACE_CURVE('',#291,(#296,#303),.PCURVE_S1.);
#291 = CIRCLE('',#292,39.5);
#292 = AXIS2_PLACEMENT_3D('',#293,#294,#295);
#293 = CARTESIAN_POINT('',(40.0000001,52.,1.7763568394E-15));
#294 = DIRECTION('',(0.,0.,1.));
#295 = DIRECTION('',(0.25,-0.968245836552,0.));
#296 = PCURVE('',#73,#297);
#297 = DEFINITIONAL_REPRESENTATION('',(#298),#302);
#298 = LINE('',#299,#300);
#299 = CARTESIAN_POINT('',(0.,-0.5));
#300 = VECTOR('',#301,1.);
#301 = DIRECTION('',(1.,-0.));
#302 = ( GEOMETRIC_REPRESENTATION_CONTEXT(2) 
PARAMETRIC_REPRESENTATION_CONTEXT() REPRESENTATION_CONTEXT('2D SPACE',''
  ) );
#303 = PCURVE('',#304,#309);
#304 = PLANE('',#305);
#305 = AXIS2_PLACEMENT_3D('',#306,#307,#308);
#306 = CARTESIAN_POINT('',(40.0000001,52.,1.7763568394E-15));
#307 = DIRECTION('',(0.,0.,1.));
#308 = DIRECTION('',(1.,0.,-0.));
#309 = DEFINITIONAL_REPRESENTATION('',(#310),#314);
#310 = CIRCLE('',#311,39.5);
#311 = AXIS2_PLACEMENT_2D('',#312,#313);
#312 = CARTESIAN_POINT('',(0.,0.));
#313 = DIRECTION('',(0.25,-0.968245836552));
#314 = ( GEOMETRIC_REPRESENTATION_CONTEXT(2) 
PARAMETRIC_REPRESENTATION_CONTEXT() REPRESENTATION_CONTEXT('2D SPACE',''
  ) );
#315 = ADVANCED_FACE('',(#316),#128,.T.);
#316 = FACE_BOUND('',#317,.F.);
#317 = EDGE_LOOP('',(#318,#386,#387,#460));
#318 = ORIENTED_EDGE('',*,*,#319,.F.);
#319 = EDGE_CURVE('',#22,#320,#322,.T.);
#320 = VERTEX_POINT('',#321);
#321 = CARTESIAN_POINT('',(49.4000001,90.262252939418,14.));
#322 = SURFACE_CURVE('',#323,(#342,#364),.PCURVE_S1.);
#323 = B_SPLINE_CURVE_WITH_KNOTS('',5,(#324,#325,#326,#327,#328,#329,
    #330,#331,#332,#333,#334,#335,#336,#337,#338,#339,#340,#341),
  .UNSPECIFIED.,.F.,.F.,(6,4,4,4,6),(0.,0.232225846962,0.468035650491,
    0.730737545819,1.),.UNSPECIFIED.);
#324 = CARTESIAN_POINT('',(50.000000099987,90.729833462077,13.4));
#325 = CARTESIAN_POINT('',(50.000000099987,90.729833462077,
    13.445740204682));
#326 = CARTESIAN_POINT('',(49.99564148227,90.726457280564,
    13.491484324986));
#327 = CARTESIAN_POINT('',(49.986922410251,90.719703565204,
    13.536564080718));
#328 = CARTESIAN_POINT('',(49.97403492884,90.709717876876,
    13.580346240373));
#329 = CARTESIAN_POINT('',(49.940301313477,90.683565585696,
    13.664912864933));
#330 = CARTESIAN_POINT('',(49.919333361528,90.667304385634,
    13.705645147215));
#331 = CARTESIAN_POINT('',(49.894722697851,90.648208265869,
    13.743957845649));
#332 = CARTESIAN_POINT('',(49.866906264602,90.626609153227,
    13.779451487788));
#333 = CARTESIAN_POINT('',(49.802257697535,90.576367854152,
    13.847942111284));
#334 = CARTESIAN_POINT('',(49.764759316901,90.547203494753,
    13.88019232288));
#335 = CARTESIAN_POINT('',(49.724439665768,90.51581462295,
    13.908221918121));
#336 = CARTESIAN_POINT('',(49.681913323472,90.482671182861,
    13.931826644635));
#337 = CARTESIAN_POINT('',(49.592464421067,90.412876842273,
    13.970428946784));
#338 = CARTESIAN_POINT('',(49.54546168191,90.376161418739,
    13.985195559122));
#339 = CARTESIAN_POINT('',(49.49733714895,90.338523722291,
    13.995065998777));
#340 = CARTESIAN_POINT('',(49.448664896561,90.30040918033,
    14.000000032599));
#341 = CARTESIAN_POINT('',(49.400000099081,90.262252939644,14.));
#342 = PCURVE('',#128,#343);
#343 = DEFINITIONAL_REPRESENTATION('',(#344),#363);
#344 = B_SPLINE_CURVE_WITH_KNOTS('',5,(#345,#346,#347,#348,#349,#350,
    #351,#352,#353,#354,#355,#356,#357,#358,#359,#360,#361,#362),
  .UNSPECIFIED.,.F.,.F.,(6,4,4,4,6),(0.,0.232225846962,0.468035650491,
    0.730737545819,1.),.UNSPECIFIED.);
#345 = CARTESIAN_POINT('',(2.22044604925E-14,0.));
#346 = CARTESIAN_POINT('',(2.22044604925E-14,7.623367446945E-02));
#347 = CARTESIAN_POINT('',(8.440486777417E-05,0.152473498199));
#348 = CARTESIAN_POINT('',(2.532462447746E-04,0.228531094325));
#349 = CARTESIAN_POINT('',(5.029849119715E-04,0.304266504987));
#350 = CARTESIAN_POINT('',(1.157490922814E-03,0.456010723208));
#351 = CARTESIAN_POINT('',(1.564630628129E-03,0.53201368499));
#352 = CARTESIAN_POINT('',(2.043059170267E-03,0.607454753303));
#353 = CARTESIAN_POINT('',(2.584683252999E-03,0.682296939315));
#354 = CARTESIAN_POINT('',(3.845876355263E-03,0.839268298437));
#355 = CARTESIAN_POINT('',(4.57869114747E-03,0.921254609095));
#356 = CARTESIAN_POINT('',(5.368349316767E-03,1.002535475413));
#357 = CARTESIAN_POINT('',(6.203297040384E-03,1.083200350942));
#358 = CARTESIAN_POINT('',(7.964102272459E-03,1.245572042787));
#359 = CARTESIAN_POINT('',(8.891649064667E-03,1.327249564846));
#360 = CARTESIAN_POINT('',(9.84393962387E-03,1.408567556992));
#361 = CARTESIAN_POINT('',(1.080981878266E-02,1.489688424105));
#362 = CARTESIAN_POINT('',(1.17782513153E-02,1.570796326795));
#363 = ( GEOMETRIC_REPRESENTATION_CONTEXT(2) 
PARAMETRIC_REPRESENTATION_CONTEXT() REPRESENTATION_CONTEXT('2D SPACE',''
  ) );
#364 = PCURVE('',#187,#365);
#365 = DEFINITIONAL_REPRESENTATION('',(#366),#385);
#366 = B_SPLINE_CURVE_WITH_KNOTS('',5,(#367,#368,#369,#370,#371,#372,
    #373,#374,#375,#376,#377,#378,#379,#380,#381,#382,#383,#384),
  .UNSPECIFIED.,.F.,.F.,(6,4,4,4,6),(0.,0.232225846962,0.468035650491,
    0.730737545819,1.),.UNSPECIFIED.);
#367 = CARTESIAN_POINT('',(0.,3.225864020351E-12));
#368 = CARTESIAN_POINT('',(-7.623367446945E-02,3.225864020351E-12));
#369 = CARTESIAN_POINT('',(-0.152473498199,-3.376181510127E-03));
#370 = CARTESIAN_POINT('',(-0.228531094325,-1.012989687008E-02));
#371 = CARTESIAN_POINT('',(-0.304266504987,-2.011558519782E-02));
#372 = CARTESIAN_POINT('',(-0.456010723208,-4.62678763777E-02));
#373 = CARTESIAN_POINT('',(-0.53201368499,-6.252907643974E-02));
#374 = CARTESIAN_POINT('',(-0.607454753303,-8.162519620553E-02));
#375 = CARTESIAN_POINT('',(-0.682296939315,-0.103224308847));
#376 = CARTESIAN_POINT('',(-0.839268298437,-0.153465607922));
#377 = CARTESIAN_POINT('',(-0.921254609095,-0.182629967321));
#378 = CARTESIAN_POINT('',(-1.002535475413,-0.214018839124));
#379 = CARTESIAN_POINT('',(-1.083200350942,-0.247162279213));
#380 = CARTESIAN_POINT('',(-1.245572042787,-0.316956619802));
#381 = CARTESIAN_POINT('',(-1.327249563512,-0.353672043336));
#382 = CARTESIAN_POINT('',(-1.408567560196,-0.391309739783));
#383 = CARTESIAN_POINT('',(-1.489688420896,-0.429424281744));
#384 = CARTESIAN_POINT('',(-1.570796328326,-0.467580522431));
#385 = ( GEOMETRIC_REPRESENTATION_CONTEXT(2) 
PARAMETRIC_REPRESENTATION_CONTEXT() REPRESENTATION_CONTEXT('2D SPACE',''
  ) );
#386 = ORIENTED_EDGE('',*,*,#113,.T.);
#387 = ORIENTED_EDGE('',*,*,#388,.T.);
#388 = EDGE_CURVE('',#86,#389,#391,.T.);
#389 = VERTEX_POINT('',#390);
#390 = CARTESIAN_POINT('',(49.4000001,13.737747060582,14.));
#391 = SURFACE_CURVE('',#392,(#411,#433),.PCURVE_S1.);
#392 = B_SPLINE_CURVE_WITH_KNOTS('',5,(#393,#394,#395,#396,#397,#398,
    #399,#400,#401,#402,#403,#404,#405,#406,#407,#408,#409,#410),
  .UNSPECIFIED.,.F.,.F.,(6,4,4,4,6),(0.,0.23222584677,0.468035650397,
    0.730737545835,1.),.UNSPECIFIED.);
#393 = CARTESIAN_POINT('',(50.000000099987,13.270166537923,13.4));
#394 = CARTESIAN_POINT('',(50.000000099987,13.270166537923,
    13.445740204623));
#395 = CARTESIAN_POINT('',(49.995641482282,13.273542719427,
    13.491484324868));
#396 = CARTESIAN_POINT('',(49.986922410284,13.28029643477,
    13.536564080545));
#397 = CARTESIAN_POINT('',(49.974034928906,13.290282123072,
    13.580346240148));
#398 = CARTESIAN_POINT('',(49.940301313606,13.316434414204,
    13.664912864671));
#399 = CARTESIAN_POINT('',(49.919333361677,13.332695614251,
    13.705645146964));
#400 = CARTESIAN_POINT('',(49.894722698018,13.351791734002,
    13.74395784541));
#401 = CARTESIAN_POINT('',(49.866906264786,13.37339084663,
    13.779451487562));
#402 = CARTESIAN_POINT('',(49.802257697752,13.423632145679,
    13.847942111089));
#403 = CARTESIAN_POINT('',(49.764759317133,13.452796505066,
    13.880192322704));
#404 = CARTESIAN_POINT('',(49.724439666014,13.484185376858,
    13.908221917964));
#405 = CARTESIAN_POINT('',(49.681913323729,13.517328816939,
    13.931826644498));
#406 = CARTESIAN_POINT('',(49.592464421365,13.587123157495,
    13.970428946681));
#407 = CARTESIAN_POINT('',(49.545461681777,13.623838580542,
    13.98519555904));
#408 = CARTESIAN_POINT('',(49.497337150394,13.661476278557,
    13.995065998715));
#409 = CARTESIAN_POINT('',(49.448664895849,13.699590818246,
    14.000000032567));
#410 = CARTESIAN_POINT('',(49.4000001,13.737747060582,14.));
#411 = PCURVE('',#128,#412);
#412 = DEFINITIONAL_REPRESENTATION('',(#413),#432);
#413 = B_SPLINE_CURVE_WITH_KNOTS('',5,(#414,#415,#416,#417,#418,#419,
    #420,#421,#422,#423,#424,#425,#426,#427,#428,#429,#430,#431),
  .UNSPECIFIED.,.F.,.F.,(6,4,4,4,6),(0.,0.23222584677,0.468035650397,
    0.730737545835,1.),.UNSPECIFIED.);
#414 = CARTESIAN_POINT('',(-2.636232143306,0.));
#415 = CARTESIAN_POINT('',(-2.636232143306,7.623367437151E-02));
#416 = CARTESIAN_POINT('',(-2.636316548173,0.152473498003));
#417 = CARTESIAN_POINT('',(-2.63648538955,0.228531094032));
#418 = CARTESIAN_POINT('',(-2.636735128217,0.304266504598));
#419 = CARTESIAN_POINT('',(-2.637389634226,0.456010722724));
#420 = CARTESIAN_POINT('',(-2.637796773931,0.532013684506));
#421 = CARTESIAN_POINT('',(-2.638275202473,0.607454752818));
#422 = CARTESIAN_POINT('',(-2.638816826555,0.682296938831));
#423 = CARTESIAN_POINT('',(-2.640078019657,0.839268297954));
#424 = CARTESIAN_POINT('',(-2.640810834449,0.921254608612));
#425 = CARTESIAN_POINT('',(-2.641600492618,1.00253547493));
#426 = CARTESIAN_POINT('',(-2.642435440341,1.083200350459));
#427 = CARTESIAN_POINT('',(-2.644196245573,1.245572042264));
#428 = CARTESIAN_POINT('',(-2.645123792378,1.327249563719));
#429 = CARTESIAN_POINT('',(-2.646076082889,1.408567557784));
#430 = CARTESIAN_POINT('',(-2.647041962115,1.489688422083));
#431 = CARTESIAN_POINT('',(-2.648010394597,1.570796326795));
#432 = ( GEOMETRIC_REPRESENTATION_CONTEXT(2) 
PARAMETRIC_REPRESENTATION_CONTEXT() REPRESENTATION_CONTEXT('2D SPACE',''
  ) );
#433 = PCURVE('',#434,#439);
#434 = CYLINDRICAL_SURFACE('',#435,0.6);
#435 = AXIS2_PLACEMENT_3D('',#436,#437,#438);
#436 = CARTESIAN_POINT('',(49.4000001,13.270166537925,13.4));
#437 = DIRECTION('',(-0.,-1.,-0.));
#438 = DIRECTION('',(0.,0.,1.));
#439 = DEFINITIONAL_REPRESENTATION('',(#440),#459);
#440 = B_SPLINE_CURVE_WITH_KNOTS('',5,(#441,#442,#443,#444,#445,#446,
    #447,#448,#449,#450,#451,#452,#453,#454,#455,#456,#457,#458),
  .UNSPECIFIED.,.F.,.F.,(6,4,4,4,6),(0.,0.23222584677,0.468035650397,
    0.730737545835,1.),.UNSPECIFIED.);
#441 = CARTESIAN_POINT('',(-1.570796326795,2.579270130809E-12));
#442 = CARTESIAN_POINT('',(-1.494562652423,2.579270130809E-12));
#443 = CARTESIAN_POINT('',(-1.418322828792,-3.376181502205E-03));
#444 = CARTESIAN_POINT('',(-1.342265232763,-1.01298968447E-02));
#445 = CARTESIAN_POINT('',(-1.266529822197,-2.011558514717E-02));
#446 = CARTESIAN_POINT('',(-1.114785604071,-4.626787627888E-02));
#447 = CARTESIAN_POINT('',(-1.038782642289,-6.252907632553E-02));
#448 = CARTESIAN_POINT('',(-0.963341573977,-8.16251960769E-02));
#449 = CARTESIAN_POINT('',(-0.888499387964,-0.103224308705));
#450 = CARTESIAN_POINT('',(-0.731528028841,-0.153465607754));
#451 = CARTESIAN_POINT('',(-0.649541718183,-0.182629967141));
#452 = CARTESIAN_POINT('',(-0.568260851865,-0.214018838933));
#453 = CARTESIAN_POINT('',(-0.487595976336,-0.247162279014));
#454 = CARTESIAN_POINT('',(-0.325224284531,-0.31695661957));
#455 = CARTESIAN_POINT('',(-0.243546763076,-0.353672042617));
#456 = CARTESIAN_POINT('',(-0.162228769011,-0.391309740632));
#457 = CARTESIAN_POINT('',(-8.110790471222E-02,-0.42942428032));
#458 = CARTESIAN_POINT('',(0.,-0.467580522657));
#459 = ( GEOMETRIC_REPRESENTATION_CONTEXT(2) 
PARAMETRIC_REPRESENTATION_CONTEXT() REPRESENTATION_CONTEXT('2D SPACE',''
  ) );
#460 = ORIENTED_EDGE('',*,*,#461,.F.);
#461 = EDGE_CURVE('',#320,#389,#462,.T.);
#462 = SURFACE_CURVE('',#463,(#468,#475),.PCURVE_S1.);
#463 = CIRCLE('',#464,39.4);
#464 = AXIS2_PLACEMENT_3D('',#465,#466,#467);
#465 = CARTESIAN_POINT('',(40.0000001,52.,14.));
#466 = DIRECTION('',(0.,-0.,-1.));
#467 = DIRECTION('',(0.25,0.968245836552,-0.));
#468 = PCURVE('',#128,#469);
#469 = DEFINITIONAL_REPRESENTATION('',(#470),#474);
#470 = LINE('',#471,#472);
#471 = CARTESIAN_POINT('',(-0.,1.570796326795));
#472 = VECTOR('',#473,1.);
#473 = DIRECTION('',(-1.,0.));
#474 = ( GEOMETRIC_REPRESENTATION_CONTEXT(2) 
PARAMETRIC_REPRESENTATION_CONTEXT() REPRESENTATION_CONTEXT('2D SPACE',''
  ) );
#475 = PCURVE('',#476,#481);
#476 = PLANE('',#477);
#477 = AXIS2_PLACEMENT_3D('',#478,#479,#480);
#478 = CARTESIAN_POINT('',(40.0000001,52.,14.));
#479 = DIRECTION('',(0.,0.,1.));
#480 = DIRECTION('',(1.,0.,-0.));
#481 = DEFINITIONAL_REPRESENTATION('',(#482),#490);
#482 = ( BOUNDED_CURVE() B_SPLINE_CURVE(2,(#483,#484,#485,#486,#487,#488
,#489),.UNSPECIFIED.,.T.,.F.) B_SPLINE_CURVE_WITH_KNOTS((1,2,2,2,2,1),(
    -2.094395102393,0.,2.094395102393,4.188790204786,6.28318530718,
8.377580409573),.UNSPECIFIED.) CURVE() GEOMETRIC_REPRESENTATION_ITEM() 
RATIONAL_B_SPLINE_CURVE((1.,0.5,1.,0.5,1.,0.5,1.)) REPRESENTATION_ITEM(
  '') );
#483 = CARTESIAN_POINT('',(9.850000000001,38.148885960143));
#484 = CARTESIAN_POINT('',(75.925808735119,21.088185505588));
#485 = CARTESIAN_POINT('',(28.112904367559,-27.60479320734));
#486 = CARTESIAN_POINT('',(-19.7,-76.29777192028));
#487 = CARTESIAN_POINT('',(-37.96290436756,-10.54409275279));
#488 = CARTESIAN_POINT('',(-56.22580873511,55.209586414698));
#489 = CARTESIAN_POINT('',(9.850000000001,38.148885960143));
#490 = ( GEOMETRIC_REPRESENTATION_CONTEXT(2) 
PARAMETRIC_REPRESENTATION_CONTEXT() REPRESENTATION_CONTEXT('2D SPACE',''
  ) );
#491 = ADVANCED_FACE('',(#492),#101,.T.);
#492 = FACE_BOUND('',#493,.T.);
#493 = EDGE_LOOP('',(#494,#495,#518,#546));
#494 = ORIENTED_EDGE('',*,*,#85,.F.);
#495 = ORIENTED_EDGE('',*,*,#496,.T.);
#496 = EDGE_CURVE('',#86,#497,#499,.T.);
#497 = VERTEX_POINT('',#498);
#498 = CARTESIAN_POINT('',(50.0000001,5.,13.4));
#499 = SURFACE_CURVE('',#500,(#504,#511),.PCURVE_S1.);
#500 = LINE('',#501,#502);
#501 = CARTESIAN_POINT('',(50.0000001,13.270166537925,13.4));
#502 = VECTOR('',#503,1.);
#503 = DIRECTION('',(-0.,-1.,-0.));
#504 = PCURVE('',#101,#505);
#505 = DEFINITIONAL_REPRESENTATION('',(#506),#510);
#506 = LINE('',#507,#508);
#507 = CARTESIAN_POINT('',(13.4,-13.27016653792));
#508 = VECTOR('',#509,1.);
#509 = DIRECTION('',(0.,1.));
#510 = ( GEOMETRIC_REPRESENTATION_CONTEXT(2) 
PARAMETRIC_REPRESENTATION_CONTEXT() REPRESENTATION_CONTEXT('2D SPACE',''
  ) );
#511 = PCURVE('',#434,#512);
#512 = DEFINITIONAL_REPRESENTATION('',(#513),#517);
#513 = LINE('',#514,#515);
#514 = CARTESIAN_POINT('',(-1.570796326795,0.));
#515 = VECTOR('',#516,1.);
#516 = DIRECTION('',(-0.,1.));
#517 = ( GEOMETRIC_REPRESENTATION_CONTEXT(2) 
PARAMETRIC_REPRESENTATION_CONTEXT() REPRESENTATION_CONTEXT('2D SPACE',''
  ) );
#518 = ORIENTED_EDGE('',*,*,#519,.F.);
#519 = EDGE_CURVE('',#520,#497,#522,.T.);
#520 = VERTEX_POINT('',#521);
#521 = CARTESIAN_POINT('',(50.0000001,5.,0.5));
#522 = SURFACE_CURVE('',#523,(#527,#534),.PCURVE_S1.);
#523 = LINE('',#524,#525);
#524 = CARTESIAN_POINT('',(50.0000001,5.,1.7763568394E-15));
#525 = VECTOR('',#526,1.);
#526 = DIRECTION('',(0.,0.,1.));
#527 = PCURVE('',#101,#528);
#528 = DEFINITIONAL_REPRESENTATION('',(#529),#533);
#529 = LINE('',#530,#531);
#530 = CARTESIAN_POINT('',(0.,-5.));
#531 = VECTOR('',#532,1.);
#532 = DIRECTION('',(1.,0.));
#533 = ( GEOMETRIC_REPRESENTATION_CONTEXT(2) 
PARAMETRIC_REPRESENTATION_CONTEXT() REPRESENTATION_CONTEXT('2D SPACE',''
  ) );
#534 = PCURVE('',#535,#540);
#535 = CYLINDRICAL_SURFACE('',#536,5.);
#536 = AXIS2_PLACEMENT_3D('',#537,#538,#539);
#537 = CARTESIAN_POINT('',(45.0000001,5.,1.7763568394E-15));
#538 = DIRECTION('',(0.,0.,1.));
#539 = DIRECTION('',(1.,0.,-0.));
#540 = DEFINITIONAL_REPRESENTATION('',(#541),#545);
#541 = LINE('',#542,#543);
#542 = CARTESIAN_POINT('',(-0.,0.));
#543 = VECTOR('',#544,1.);
#544 = DIRECTION('',(-0.,1.));
#545 = ( GEOMETRIC_REPRESENTATION_CONTEXT(2) 
PARAMETRIC_REPRESENTATION_CONTEXT() REPRESENTATION_CONTEXT('2D SPACE',''
  ) );
#546 = ORIENTED_EDGE('',*,*,#547,.T.);
#547 = EDGE_CURVE('',#520,#57,#548,.T.);
#548 = SURFACE_CURVE('',#549,(#553,#560),.PCURVE_S1.);
#549 = LINE('',#550,#551);
#550 = CARTESIAN_POINT('',(50.0000001,5.,0.5));
#551 = VECTOR('',#552,1.);
#552 = DIRECTION('',(0.,1.,0.));
#553 = PCURVE('',#101,#554);
#554 = DEFINITIONAL_REPRESENTATION('',(#555),#559);
#555 = LINE('',#556,#557);
#556 = CARTESIAN_POINT('',(0.5,-5.));
#557 = VECTOR('',#558,1.);
#558 = DIRECTION('',(0.,-1.));
#559 = ( GEOMETRIC_REPRESENTATION_CONTEXT(2) 
PARAMETRIC_REPRESENTATION_CONTEXT() REPRESENTATION_CONTEXT('2D SPACE',''
  ) );
#560 = PCURVE('',#249,#561);
#561 = DEFINITIONAL_REPRESENTATION('',(#562),#566);
#562 = LINE('',#563,#564);
#563 = CARTESIAN_POINT('',(-0.,0.353553390593));
#564 = VECTOR('',#565,1.);
#565 = DIRECTION('',(-1.,0.));
#566 = ( GEOMETRIC_REPRESENTATION_CONTEXT(2) 
PARAMETRIC_REPRESENTATION_CONTEXT() REPRESENTATION_CONTEXT('2D SPACE',''
  ) );
#567 = ADVANCED_FACE('',(#568),#161,.T.);
#568 = FACE_BOUND('',#569,.T.);
#569 = EDGE_LOOP('',(#570,#571,#600,#628));
#570 = ORIENTED_EDGE('',*,*,#143,.F.);
#571 = ORIENTED_EDGE('',*,*,#572,.T.);
#572 = EDGE_CURVE('',#144,#573,#575,.T.);
#573 = VERTEX_POINT('',#574);
#574 = CARTESIAN_POINT('',(45.0000001,104.,0.5));
#575 = SURFACE_CURVE('',#576,(#581,#588),.PCURVE_S1.);
#576 = CIRCLE('',#577,5.);
#577 = AXIS2_PLACEMENT_3D('',#578,#579,#580);
#578 = CARTESIAN_POINT('',(45.0000001,99.,0.5));
#579 = DIRECTION('',(0.,0.,1.));
#580 = DIRECTION('',(1.,0.,-0.));
#581 = PCURVE('',#161,#582);
#582 = DEFINITIONAL_REPRESENTATION('',(#583),#587);
#583 = LINE('',#584,#585);
#584 = CARTESIAN_POINT('',(0.,0.5));
#585 = VECTOR('',#586,1.);
#586 = DIRECTION('',(1.,0.));
#587 = ( GEOMETRIC_REPRESENTATION_CONTEXT(2) 
PARAMETRIC_REPRESENTATION_CONTEXT() REPRESENTATION_CONTEXT('2D SPACE',''
  ) );
#588 = PCURVE('',#589,#594);
#589 = CONICAL_SURFACE('',#590,5.,0.785398163397);
#590 = AXIS2_PLACEMENT_3D('',#591,#592,#593);
#591 = CARTESIAN_POINT('',(45.0000001,99.,0.5));
#592 = DIRECTION('',(0.,0.,1.));
#593 = DIRECTION('',(1.,0.,-0.));
#594 = DEFINITIONAL_REPRESENTATION('',(#595),#599);
#595 = LINE('',#596,#597);
#596 = CARTESIAN_POINT('',(0.,-0.));
#597 = VECTOR('',#598,1.);
#598 = DIRECTION('',(1.,-0.));
#599 = ( GEOMETRIC_REPRESENTATION_CONTEXT(2) 
PARAMETRIC_REPRESENTATION_CONTEXT() REPRESENTATION_CONTEXT('2D SPACE',''
  ) );
#600 = ORIENTED_EDGE('',*,*,#601,.T.);
#601 = EDGE_CURVE('',#573,#602,#604,.T.);
#602 = VERTEX_POINT('',#603);
#603 = CARTESIAN_POINT('',(45.0000001,104.,13.4));
#604 = SURFACE_CURVE('',#605,(#609,#616),.PCURVE_S1.);
#605 = LINE('',#606,#607);
#606 = CARTESIAN_POINT('',(45.0000001,104.,1.7763568394E-15));
#607 = VECTOR('',#608,1.);
#608 = DIRECTION('',(0.,0.,1.));
#609 = PCURVE('',#161,#610);
#610 = DEFINITIONAL_REPRESENTATION('',(#611),#615);
#611 = LINE('',#612,#613);
#612 = CARTESIAN_POINT('',(1.570796326795,0.));
#613 = VECTOR('',#614,1.);
#614 = DIRECTION('',(0.,1.));
#615 = ( GEOMETRIC_REPRESENTATION_CONTEXT(2) 
PARAMETRIC_REPRESENTATION_CONTEXT() REPRESENTATION_CONTEXT('2D SPACE',''
  ) );
#616 = PCURVE('',#617,#622);
#617 = PLANE('',#618);
#618 = AXIS2_PLACEMENT_3D('',#619,#620,#621);
#619 = CARTESIAN_POINT('',(30.0000001,104.,1.7763568394E-15));
#620 = DIRECTION('',(0.,1.,0.));
#621 = DIRECTION('',(0.,0.,1.));
#622 = DEFINITIONAL_REPRESENTATION('',(#623),#627);
#623 = LINE('',#624,#625);
#624 = CARTESIAN_POINT('',(0.,15.));
#625 = VECTOR('',#626,1.);
#626 = DIRECTION('',(1.,0.));
#627 = ( GEOMETRIC_REPRESENTATION_CONTEXT(2) 
PARAMETRIC_REPRESENTATION_CONTEXT() REPRESENTATION_CONTEXT('2D SPACE',''
  ) );
#628 = ORIENTED_EDGE('',*,*,#629,.F.);
#629 = EDGE_CURVE('',#146,#602,#630,.T.);
#630 = SURFACE_CURVE('',#631,(#636,#643),.PCURVE_S1.);
#631 = CIRCLE('',#632,5.);
#632 = AXIS2_PLACEMENT_3D('',#633,#634,#635);
#633 = CARTESIAN_POINT('',(45.0000001,99.,13.4));
#634 = DIRECTION('',(0.,0.,1.));
#635 = DIRECTION('',(1.,0.,-0.));
#636 = PCURVE('',#161,#637);
#637 = DEFINITIONAL_REPRESENTATION('',(#638),#642);
#638 = LINE('',#639,#640);
#639 = CARTESIAN_POINT('',(0.,13.4));
#640 = VECTOR('',#641,1.);
#641 = DIRECTION('',(1.,0.));
#642 = ( GEOMETRIC_REPRESENTATION_CONTEXT(2) 
PARAMETRIC_REPRESENTATION_CONTEXT() REPRESENTATION_CONTEXT('2D SPACE',''
  ) );
#643 = PCURVE('',#644,#649);
#644 = TOROIDAL_SURFACE('',#645,4.4,0.6);
#645 = AXIS2_PLACEMENT_3D('',#646,#647,#648);
#646 = CARTESIAN_POINT('',(45.0000001,99.,13.4));
#647 = DIRECTION('',(0.,0.,1.));
#648 = DIRECTION('',(1.,0.,-0.));
#649 = DEFINITIONAL_REPRESENTATION('',(#650),#654);
#650 = LINE('',#651,#652);
#651 = CARTESIAN_POINT('',(0.,0.));
#652 = VECTOR('',#653,1.);
#653 = DIRECTION('',(1.,0.));
#654 = ( GEOMETRIC_REPRESENTATION_CONTEXT(2) 
PARAMETRIC_REPRESENTATION_CONTEXT() REPRESENTATION_CONTEXT('2D SPACE',''
  ) );
#655 = ADVANCED_FACE('',(#656),#214,.F.);
#656 = FACE_BOUND('',#657,.F.);
#657 = EDGE_LOOP('',(#658,#659,#660,#683));
#658 = ORIENTED_EDGE('',*,*,#262,.F.);
#659 = ORIENTED_EDGE('',*,*,#200,.T.);
#660 = ORIENTED_EDGE('',*,*,#661,.T.);
#661 = EDGE_CURVE('',#144,#662,#664,.T.);
#662 = VERTEX_POINT('',#663);
#663 = CARTESIAN_POINT('',(49.5000001,99.,0.));
#664 = SURFACE_CURVE('',#665,(#669,#676),.PCURVE_S1.);
#665 = LINE('',#666,#667);
#666 = CARTESIAN_POINT('',(49.7500001,99.,0.25));
#667 = VECTOR('',#668,1.);
#668 = DIRECTION('',(-0.707106781187,0.,-0.707106781187));
#669 = PCURVE('',#214,#670);
#670 = DEFINITIONAL_REPRESENTATION('',(#671),#675);
#671 = LINE('',#672,#673);
#672 = CARTESIAN_POINT('',(8.270166537926,0.));
#673 = VECTOR('',#674,1.);
#674 = DIRECTION('',(0.,1.));
#675 = ( GEOMETRIC_REPRESENTATION_CONTEXT(2) 
PARAMETRIC_REPRESENTATION_CONTEXT() REPRESENTATION_CONTEXT('2D SPACE',''
  ) );
#676 = PCURVE('',#589,#677);
#677 = DEFINITIONAL_REPRESENTATION('',(#678),#682);
#678 = LINE('',#679,#680);
#679 = CARTESIAN_POINT('',(0.,-0.25));
#680 = VECTOR('',#681,1.);
#681 = DIRECTION('',(0.,-1.));
#682 = ( GEOMETRIC_REPRESENTATION_CONTEXT(2) 
PARAMETRIC_REPRESENTATION_CONTEXT() REPRESENTATION_CONTEXT('2D SPACE',''
  ) );
#683 = ORIENTED_EDGE('',*,*,#684,.F.);
#684 = EDGE_CURVE('',#263,#662,#685,.T.);
#685 = SURFACE_CURVE('',#686,(#690,#697),.PCURVE_S1.);
#686 = LINE('',#687,#688);
#687 = CARTESIAN_POINT('',(49.5000001,90.729833462074,1.7763568394E-15)
  );
#688 = VECTOR('',#689,1.);
#689 = DIRECTION('',(0.,1.,0.));
#690 = PCURVE('',#214,#691);
#691 = DEFINITIONAL_REPRESENTATION('',(#692),#696);
#692 = LINE('',#693,#694);
#693 = CARTESIAN_POINT('',(0.,0.353553390593));
#694 = VECTOR('',#695,1.);
#695 = DIRECTION('',(1.,0.));
#696 = ( GEOMETRIC_REPRESENTATION_CONTEXT(2) 
PARAMETRIC_REPRESENTATION_CONTEXT() REPRESENTATION_CONTEXT('2D SPACE',''
  ) );
#697 = PCURVE('',#304,#698);
#698 = DEFINITIONAL_REPRESENTATION('',(#699),#703);
#699 = LINE('',#700,#701);
#700 = CARTESIAN_POINT('',(9.5,38.729833462074));
#701 = VECTOR('',#702,1.);
#702 = DIRECTION('',(0.,1.));
#703 = ( GEOMETRIC_REPRESENTATION_CONTEXT(2) 
PARAMETRIC_REPRESENTATION_CONTEXT() REPRESENTATION_CONTEXT('2D SPACE',''
  ) );
#704 = ADVANCED_FACE('',(#705),#187,.T.);
#705 = FACE_BOUND('',#706,.F.);
#706 = EDGE_LOOP('',(#707,#708,#731,#753));
#707 = ORIENTED_EDGE('',*,*,#319,.T.);
#708 = ORIENTED_EDGE('',*,*,#709,.T.);
#709 = EDGE_CURVE('',#320,#710,#712,.T.);
#710 = VERTEX_POINT('',#711);
#711 = CARTESIAN_POINT('',(49.4000001,99.,14.));
#712 = SURFACE_CURVE('',#713,(#717,#724),.PCURVE_S1.);
#713 = LINE('',#714,#715);
#714 = CARTESIAN_POINT('',(49.4000001,90.729833462074,14.));
#715 = VECTOR('',#716,1.);
#716 = DIRECTION('',(0.,1.,0.));
#717 = PCURVE('',#187,#718);
#718 = DEFINITIONAL_REPRESENTATION('',(#719),#723);
#719 = LINE('',#720,#721);
#720 = CARTESIAN_POINT('',(-1.570796326795,0.));
#721 = VECTOR('',#722,1.);
#722 = DIRECTION('',(-0.,1.));
#723 = ( GEOMETRIC_REPRESENTATION_CONTEXT(2) 
PARAMETRIC_REPRESENTATION_CONTEXT() REPRESENTATION_CONTEXT('2D SPACE',''
  ) );
#724 = PCURVE('',#476,#725);
#725 = DEFINITIONAL_REPRESENTATION('',(#726),#730);
#726 = LINE('',#727,#728);
#727 = CARTESIAN_POINT('',(9.4,38.729833462074));
#728 = VECTOR('',#729,1.);
#729 = DIRECTION('',(0.,1.));
#730 = ( GEOMETRIC_REPRESENTATION_CONTEXT(2) 
PARAMETRIC_REPRESENTATION_CONTEXT() REPRESENTATION_CONTEXT('2D SPACE',''
  ) );
#731 = ORIENTED_EDGE('',*,*,#732,.F.);
#732 = EDGE_CURVE('',#146,#710,#733,.T.);
#733 = SURFACE_CURVE('',#734,(#739,#746),.PCURVE_S1.);
#734 = CIRCLE('',#735,0.6);
#735 = AXIS2_PLACEMENT_3D('',#736,#737,#738);
#736 = CARTESIAN_POINT('',(49.4000001,99.,13.4));
#737 = DIRECTION('',(0.,-1.,-0.));
#738 = DIRECTION('',(1.,0.,-0.));
#739 = PCURVE('',#187,#740);
#740 = DEFINITIONAL_REPRESENTATION('',(#741),#745);
#741 = LINE('',#742,#743);
#742 = CARTESIAN_POINT('',(-0.,8.270166537926));
#743 = VECTOR('',#744,1.);
#744 = DIRECTION('',(-1.,0.));
#745 = ( GEOMETRIC_REPRESENTATION_CONTEXT(2) 
PARAMETRIC_REPRESENTATION_CONTEXT() REPRESENTATION_CONTEXT('2D SPACE',''
  ) );
#746 = PCURVE('',#644,#747);
#747 = DEFINITIONAL_REPRESENTATION('',(#748),#752);
#748 = LINE('',#749,#750);
#749 = CARTESIAN_POINT('',(0.,0.));
#750 = VECTOR('',#751,1.);
#751 = DIRECTION('',(0.,1.));
#752 = ( GEOMETRIC_REPRESENTATION_CONTEXT(2) 
PARAMETRIC_REPRESENTATION_CONTEXT() REPRESENTATION_CONTEXT('2D SPACE',''
  ) );
#753 = ORIENTED_EDGE('',*,*,#173,.F.);
#754 = ADVANCED_FACE('',(#755),#249,.F.);
#755 = FACE_BOUND('',#756,.T.);
#756 = EDGE_LOOP('',(#757,#785,#806,#807));
#757 = ORIENTED_EDGE('',*,*,#758,.F.);
#758 = EDGE_CURVE('',#759,#520,#761,.T.);
#759 = VERTEX_POINT('',#760);
#760 = CARTESIAN_POINT('',(49.5000001,5.,1.7763568394E-15));
#761 = SURFACE_CURVE('',#762,(#766,#773),.PCURVE_S1.);
#762 = LINE('',#763,#764);
#763 = CARTESIAN_POINT('',(50.0000001,5.,0.5));
#764 = VECTOR('',#765,1.);
#765 = DIRECTION('',(0.707106781187,-4.329780281177E-17,0.707106781187)
  );
#766 = PCURVE('',#249,#767);
#767 = DEFINITIONAL_REPRESENTATION('',(#768),#772);
#768 = LINE('',#769,#770);
#769 = CARTESIAN_POINT('',(-0.,0.353553390593));
#770 = VECTOR('',#771,1.);
#771 = DIRECTION('',(4.329780281177E-17,1.));
#772 = ( GEOMETRIC_REPRESENTATION_CONTEXT(2) 
PARAMETRIC_REPRESENTATION_CONTEXT() REPRESENTATION_CONTEXT('2D SPACE',''
  ) );
#773 = PCURVE('',#774,#779);
#774 = CONICAL_SURFACE('',#775,5.,0.785398163397);
#775 = AXIS2_PLACEMENT_3D('',#776,#777,#778);
#776 = CARTESIAN_POINT('',(45.0000001,5.,0.5));
#777 = DIRECTION('',(0.,0.,1.));
#778 = DIRECTION('',(0.,-1.,0.));
#779 = DEFINITIONAL_REPRESENTATION('',(#780),#784);
#780 = LINE('',#781,#782);
#781 = CARTESIAN_POINT('',(1.570796326795,0.));
#782 = VECTOR('',#783,1.);
#783 = DIRECTION('',(0.,1.));
#784 = ( GEOMETRIC_REPRESENTATION_CONTEXT(2) 
PARAMETRIC_REPRESENTATION_CONTEXT() REPRESENTATION_CONTEXT('2D SPACE',''
  ) );
#785 = ORIENTED_EDGE('',*,*,#786,.T.);
#786 = EDGE_CURVE('',#759,#230,#787,.T.);
#787 = SURFACE_CURVE('',#788,(#792,#799),.PCURVE_S1.);
#788 = LINE('',#789,#790);
#789 = CARTESIAN_POINT('',(49.5000001,5.,1.7763568394E-15));
#790 = VECTOR('',#791,1.);
#791 = DIRECTION('',(0.,1.,0.));
#792 = PCURVE('',#249,#793);
#793 = DEFINITIONAL_REPRESENTATION('',(#794),#798);
#794 = LINE('',#795,#796);
#795 = CARTESIAN_POINT('',(-0.,-0.353553390593));
#796 = VECTOR('',#797,1.);
#797 = DIRECTION('',(-1.,0.));
#798 = ( GEOMETRIC_REPRESENTATION_CONTEXT(2) 
PARAMETRIC_REPRESENTATION_CONTEXT() REPRESENTATION_CONTEXT('2D SPACE',''
  ) );
#799 = PCURVE('',#304,#800);
#800 = DEFINITIONAL_REPRESENTATION('',(#801),#805);
#801 = LINE('',#802,#803);
#802 = CARTESIAN_POINT('',(9.5,-47.));
#803 = VECTOR('',#804,1.);
#804 = DIRECTION('',(0.,1.));
#805 = ( GEOMETRIC_REPRESENTATION_CONTEXT(2) 
PARAMETRIC_REPRESENTATION_CONTEXT() REPRESENTATION_CONTEXT('2D SPACE',''
  ) );
#806 = ORIENTED_EDGE('',*,*,#229,.F.);
#807 = ORIENTED_EDGE('',*,*,#547,.F.);
#808 = ADVANCED_FACE('',(#809,#1059,#1094),#304,.F.);
#809 = FACE_BOUND('',#810,.F.);
#810 = EDGE_LOOP('',(#811,#812,#813,#837,#865,#894,#922,#951,#979,#1008,
    #1036,#1058));
#811 = ORIENTED_EDGE('',*,*,#289,.T.);
#812 = ORIENTED_EDGE('',*,*,#684,.T.);
#813 = ORIENTED_EDGE('',*,*,#814,.T.);
#814 = EDGE_CURVE('',#662,#815,#817,.T.);
#815 = VERTEX_POINT('',#816);
#816 = CARTESIAN_POINT('',(45.0000001,103.5,1.7763568394E-15));
#817 = SURFACE_CURVE('',#818,(#823,#830),.PCURVE_S1.);
#818 = CIRCLE('',#819,4.5);
#819 = AXIS2_PLACEMENT_3D('',#820,#821,#822);
#820 = CARTESIAN_POINT('',(45.0000001,99.,1.7763568394E-15));
#821 = DIRECTION('',(0.,0.,1.));
#822 = DIRECTION('',(1.,0.,-0.));
#823 = PCURVE('',#304,#824);
#824 = DEFINITIONAL_REPRESENTATION('',(#825),#829);
#825 = CIRCLE('',#826,4.5);
#826 = AXIS2_PLACEMENT_2D('',#827,#828);
#827 = CARTESIAN_POINT('',(5.,47.));
#828 = DIRECTION('',(1.,0.));
#829 = ( GEOMETRIC_REPRESENTATION_CONTEXT(2) 
PARAMETRIC_REPRESENTATION_CONTEXT() REPRESENTATION_CONTEXT('2D SPACE',''
  ) );
#830 = PCURVE('',#589,#831);
#831 = DEFINITIONAL_REPRESENTATION('',(#832),#836);
#832 = LINE('',#833,#834);
#833 = CARTESIAN_POINT('',(0.,-0.5));
#834 = VECTOR('',#835,1.);
#835 = DIRECTION('',(1.,-0.));
#836 = ( GEOMETRIC_REPRESENTATION_CONTEXT(2) 
PARAMETRIC_REPRESENTATION_CONTEXT() REPRESENTATION_CONTEXT('2D SPACE',''
  ) );
#837 = ORIENTED_EDGE('',*,*,#838,.T.);
#838 = EDGE_CURVE('',#815,#839,#841,.T.);
#839 = VERTEX_POINT('',#840);
#840 = CARTESIAN_POINT('',(35.0000001,103.5,5.329070518201E-15));
#841 = SURFACE_CURVE('',#842,(#846,#853),.PCURVE_S1.);
#842 = LINE('',#843,#844);
#843 = CARTESIAN_POINT('',(45.0000001,103.5,1.7763568394E-15));
#844 = VECTOR('',#845,1.);
#845 = DIRECTION('',(-1.,-0.,-0.));
#846 = PCURVE('',#304,#847);
#847 = DEFINITIONAL_REPRESENTATION('',(#848),#852);
#848 = LINE('',#849,#850);
#849 = CARTESIAN_POINT('',(5.,51.5));
#850 = VECTOR('',#851,1.);
#851 = DIRECTION('',(-1.,0.));
#852 = ( GEOMETRIC_REPRESENTATION_CONTEXT(2) 
PARAMETRIC_REPRESENTATION_CONTEXT() REPRESENTATION_CONTEXT('2D SPACE',''
  ) );
#853 = PCURVE('',#854,#859);
#854 = PLANE('',#855);
#855 = AXIS2_PLACEMENT_3D('',#856,#857,#858);
#856 = CARTESIAN_POINT('',(45.0000001,103.75,0.25));
#857 = DIRECTION('',(0.,-0.707106781187,0.707106781187));
#858 = DIRECTION('',(-1.,-0.,0.));
#859 = DEFINITIONAL_REPRESENTATION('',(#860),#864);
#860 = LINE('',#861,#862);
#861 = CARTESIAN_POINT('',(0.,0.353553390593));
#862 = VECTOR('',#863,1.);
#863 = DIRECTION('',(1.,0.));
#864 = ( GEOMETRIC_REPRESENTATION_CONTEXT(2) 
PARAMETRIC_REPRESENTATION_CONTEXT() REPRESENTATION_CONTEXT('2D SPACE',''
  ) );
#865 = ORIENTED_EDGE('',*,*,#866,.T.);
#866 = EDGE_CURVE('',#839,#867,#869,.T.);
#867 = VERTEX_POINT('',#868);
#868 = CARTESIAN_POINT('',(30.5000001,99.,1.7763568394E-15));
#869 = SURFACE_CURVE('',#870,(#875,#882),.PCURVE_S1.);
#870 = CIRCLE('',#871,4.5);
#871 = AXIS2_PLACEMENT_3D('',#872,#873,#874);
#872 = CARTESIAN_POINT('',(35.0000001,99.,1.7763568394E-15));
#873 = DIRECTION('',(0.,-0.,1.));
#874 = DIRECTION('',(0.,1.,0.));
#875 = PCURVE('',#304,#876);
#876 = DEFINITIONAL_REPRESENTATION('',(#877),#881);
#877 = CIRCLE('',#878,4.5);
#878 = AXIS2_PLACEMENT_2D('',#879,#880);
#879 = CARTESIAN_POINT('',(-5.,47.));
#880 = DIRECTION('',(0.,1.));
#881 = ( GEOMETRIC_REPRESENTATION_CONTEXT(2) 
PARAMETRIC_REPRESENTATION_CONTEXT() REPRESENTATION_CONTEXT('2D SPACE',''
  ) );
#882 = PCURVE('',#883,#888);
#883 = CONICAL_SURFACE('',#884,5.,0.785398163397);
#884 = AXIS2_PLACEMENT_3D('',#885,#886,#887);
#885 = CARTESIAN_POINT('',(35.0000001,99.,0.5));
#886 = DIRECTION('',(0.,0.,1.));
#887 = DIRECTION('',(0.,1.,0.));
#888 = DEFINITIONAL_REPRESENTATION('',(#889),#893);
#889 = LINE('',#890,#891);
#890 = CARTESIAN_POINT('',(0.,-0.5));
#891 = VECTOR('',#892,1.);
#892 = DIRECTION('',(1.,-0.));
#893 = ( GEOMETRIC_REPRESENTATION_CONTEXT(2) 
PARAMETRIC_REPRESENTATION_CONTEXT() REPRESENTATION_CONTEXT('2D SPACE',''
  ) );
#894 = ORIENTED_EDGE('',*,*,#895,.T.);
#895 = EDGE_CURVE('',#867,#896,#898,.T.);
#896 = VERTEX_POINT('',#897);
#897 = CARTESIAN_POINT('',(30.5000001,90.340579025362,0.));
#898 = SURFACE_CURVE('',#899,(#903,#910),.PCURVE_S1.);
#899 = LINE('',#900,#901);
#900 = CARTESIAN_POINT('',(30.5000001,99.,1.7763568394E-15));
#901 = VECTOR('',#902,1.);
#902 = DIRECTION('',(-0.,-1.,-0.));
#903 = PCURVE('',#304,#904);
#904 = DEFINITIONAL_REPRESENTATION('',(#905),#909);
#905 = LINE('',#906,#907);
#906 = CARTESIAN_POINT('',(-9.5,47.));
#907 = VECTOR('',#908,1.);
#908 = DIRECTION('',(0.,-1.));
#909 = ( GEOMETRIC_REPRESENTATION_CONTEXT(2) 
PARAMETRIC_REPRESENTATION_CONTEXT() REPRESENTATION_CONTEXT('2D SPACE',''
  ) );
#910 = PCURVE('',#911,#916);
#911 = PLANE('',#912);
#912 = AXIS2_PLACEMENT_3D('',#913,#914,#915);
#913 = CARTESIAN_POINT('',(30.2500001,99.,0.25));
#914 = DIRECTION('',(-0.707106781187,0.,-0.707106781187));
#915 = DIRECTION('',(-0.,1.,0.));
#916 = DEFINITIONAL_REPRESENTATION('',(#917),#921);
#917 = LINE('',#918,#919);
#918 = CARTESIAN_POINT('',(-0.,0.353553390593));
#919 = VECTOR('',#920,1.);
#920 = DIRECTION('',(-1.,0.));
#921 = ( GEOMETRIC_REPRESENTATION_CONTEXT(2) 
PARAMETRIC_REPRESENTATION_CONTEXT() REPRESENTATION_CONTEXT('2D SPACE',''
  ) );
#922 = ORIENTED_EDGE('',*,*,#923,.T.);
#923 = EDGE_CURVE('',#896,#924,#926,.T.);
#924 = VERTEX_POINT('',#925);
#925 = CARTESIAN_POINT('',(30.5000001,13.659420974638,0.));
#926 = SURFACE_CURVE('',#927,(#932,#939),.PCURVE_S1.);
#927 = CIRCLE('',#928,39.5);
#928 = AXIS2_PLACEMENT_3D('',#929,#930,#931);
#929 = CARTESIAN_POINT('',(40.0000001,52.,1.7763568394E-15));
#930 = DIRECTION('',(0.,0.,1.));
#931 = DIRECTION('',(-0.25,0.968245836552,0.));
#932 = PCURVE('',#304,#933);
#933 = DEFINITIONAL_REPRESENTATION('',(#934),#938);
#934 = CIRCLE('',#935,39.5);
#935 = AXIS2_PLACEMENT_2D('',#936,#937);
#936 = CARTESIAN_POINT('',(0.,0.));
#937 = DIRECTION('',(-0.25,0.968245836552));
#938 = ( GEOMETRIC_REPRESENTATION_CONTEXT(2) 
PARAMETRIC_REPRESENTATION_CONTEXT() REPRESENTATION_CONTEXT('2D SPACE',''
  ) );
#939 = PCURVE('',#940,#945);
#940 = CONICAL_SURFACE('',#941,40.,0.785398163397);
#941 = AXIS2_PLACEMENT_3D('',#942,#943,#944);
#942 = CARTESIAN_POINT('',(40.0000001,52.,0.5));
#943 = DIRECTION('',(0.,0.,1.));
#944 = DIRECTION('',(-0.25,0.968245836552,0.));
#945 = DEFINITIONAL_REPRESENTATION('',(#946),#950);
#946 = LINE('',#947,#948);
#947 = CARTESIAN_POINT('',(0.,-0.5));
#948 = VECTOR('',#949,1.);
#949 = DIRECTION('',(1.,0.));
#950 = ( GEOMETRIC_REPRESENTATION_CONTEXT(2) 
PARAMETRIC_REPRESENTATION_CONTEXT() REPRESENTATION_CONTEXT('2D SPACE',''
  ) );
#951 = ORIENTED_EDGE('',*,*,#952,.T.);
#952 = EDGE_CURVE('',#924,#953,#955,.T.);
#953 = VERTEX_POINT('',#954);
#954 = CARTESIAN_POINT('',(30.5000001,5.,0.));
#955 = SURFACE_CURVE('',#956,(#960,#967),.PCURVE_S1.);
#956 = LINE('',#957,#958);
#957 = CARTESIAN_POINT('',(30.5000001,13.270166537926,1.7763568394E-15)
  );
#958 = VECTOR('',#959,1.);
#959 = DIRECTION('',(-0.,-1.,-0.));
#960 = PCURVE('',#304,#961);
#961 = DEFINITIONAL_REPRESENTATION('',(#962),#966);
#962 = LINE('',#963,#964);
#963 = CARTESIAN_POINT('',(-9.5,-38.72983346207));
#964 = VECTOR('',#965,1.);
#965 = DIRECTION('',(0.,-1.));
#966 = ( GEOMETRIC_REPRESENTATION_CONTEXT(2) 
PARAMETRIC_REPRESENTATION_CONTEXT() REPRESENTATION_CONTEXT('2D SPACE',''
  ) );
#967 = PCURVE('',#968,#973);
#968 = PLANE('',#969);
#969 = AXIS2_PLACEMENT_3D('',#970,#971,#972);
#970 = CARTESIAN_POINT('',(30.2500001,13.270166537926,0.25));
#971 = DIRECTION('',(-0.707106781187,0.,-0.707106781187));
#972 = DIRECTION('',(0.,-1.,-0.));
#973 = DEFINITIONAL_REPRESENTATION('',(#974),#978);
#974 = LINE('',#975,#976);
#975 = CARTESIAN_POINT('',(0.,-0.353553390593));
#976 = VECTOR('',#977,1.);
#977 = DIRECTION('',(1.,0.));
#978 = ( GEOMETRIC_REPRESENTATION_CONTEXT(2) 
PARAMETRIC_REPRESENTATION_CONTEXT() REPRESENTATION_CONTEXT('2D SPACE',''
  ) );
#979 = ORIENTED_EDGE('',*,*,#980,.T.);
#980 = EDGE_CURVE('',#953,#981,#983,.T.);
#981 = VERTEX_POINT('',#982);
#982 = CARTESIAN_POINT('',(35.0000001,0.5,1.7763568394E-15));
#983 = SURFACE_CURVE('',#984,(#989,#996),.PCURVE_S1.);
#984 = CIRCLE('',#985,4.5);
#985 = AXIS2_PLACEMENT_3D('',#986,#987,#988);
#986 = CARTESIAN_POINT('',(35.0000001,5.,1.7763568394E-15));
#987 = DIRECTION('',(0.,0.,1.));
#988 = DIRECTION('',(-1.,0.,0.));
#989 = PCURVE('',#304,#990);
#990 = DEFINITIONAL_REPRESENTATION('',(#991),#995);
#991 = CIRCLE('',#992,4.5);
#992 = AXIS2_PLACEMENT_2D('',#993,#994);
#993 = CARTESIAN_POINT('',(-5.,-47.));
#994 = DIRECTION('',(-1.,0.));
#995 = ( GEOMETRIC_REPRESENTATION_CONTEXT(2) 
PARAMETRIC_REPRESENTATION_CONTEXT() REPRESENTATION_CONTEXT('2D SPACE',''
  ) );
#996 = PCURVE('',#997,#1002);
#997 = CONICAL_SURFACE('',#998,5.,0.785398163397);
#998 = AXIS2_PLACEMENT_3D('',#999,#1000,#1001);
#999 = CARTESIAN_POINT('',(35.0000001,5.,0.5));
#1000 = DIRECTION('',(0.,0.,1.));
#1001 = DIRECTION('',(-1.,0.,0.));
#1002 = DEFINITIONAL_REPRESENTATION('',(#1003),#1007);
#1003 = LINE('',#1004,#1005);
#1004 = CARTESIAN_POINT('',(0.,-0.5));
#1005 = VECTOR('',#1006,1.);
#1006 = DIRECTION('',(1.,0.));
#1007 = ( GEOMETRIC_REPRESENTATION_CONTEXT(2) 
PARAMETRIC_REPRESENTATION_CONTEXT() REPRESENTATION_CONTEXT('2D SPACE',''
  ) );
#1008 = ORIENTED_EDGE('',*,*,#1009,.T.);
#1009 = EDGE_CURVE('',#981,#1010,#1012,.T.);
#1010 = VERTEX_POINT('',#1011);
#1011 = CARTESIAN_POINT('',(45.0000001,0.5,5.329070518201E-15));
#1012 = SURFACE_CURVE('',#1013,(#1017,#1024),.PCURVE_S1.);
#1013 = LINE('',#1014,#1015);
#1014 = CARTESIAN_POINT('',(35.0000001,0.5,1.7763568394E-15));
#1015 = VECTOR('',#1016,1.);
#1016 = DIRECTION('',(1.,0.,0.));
#1017 = PCURVE('',#304,#1018);
#1018 = DEFINITIONAL_REPRESENTATION('',(#1019),#1023);
#1019 = LINE('',#1020,#1021);
#1020 = CARTESIAN_POINT('',(-5.,-51.5));
#1021 = VECTOR('',#1022,1.);
#1022 = DIRECTION('',(1.,0.));
#1023 = ( GEOMETRIC_REPRESENTATION_CONTEXT(2) 
PARAMETRIC_REPRESENTATION_CONTEXT() REPRESENTATION_CONTEXT('2D SPACE',''
  ) );
#1024 = PCURVE('',#1025,#1030);
#1025 = PLANE('',#1026);
#1026 = AXIS2_PLACEMENT_3D('',#1027,#1028,#1029);
#1027 = CARTESIAN_POINT('',(35.0000001,0.25,0.25));
#1028 = DIRECTION('',(0.,-0.707106781187,-0.707106781187));
#1029 = DIRECTION('',(1.,0.,0.));
#1030 = DEFINITIONAL_REPRESENTATION('',(#1031),#1035);
#1031 = LINE('',#1032,#1033);
#1032 = CARTESIAN_POINT('',(0.,-0.353553390593));
#1033 = VECTOR('',#1034,1.);
#1034 = DIRECTION('',(1.,0.));
#1035 = ( GEOMETRIC_REPRESENTATION_CONTEXT(2) 
PARAMETRIC_REPRESENTATION_CONTEXT() REPRESENTATION_CONTEXT('2D SPACE',''
  ) );
#1036 = ORIENTED_EDGE('',*,*,#1037,.T.);
#1037 = EDGE_CURVE('',#1010,#759,#1038,.T.);
#1038 = SURFACE_CURVE('',#1039,(#1044,#1051),.PCURVE_S1.);
#1039 = CIRCLE('',#1040,4.5);
#1040 = AXIS2_PLACEMENT_3D('',#1041,#1042,#1043);
#1041 = CARTESIAN_POINT('',(45.0000001,5.,1.7763568394E-15));
#1042 = DIRECTION('',(0.,0.,1.));
#1043 = DIRECTION('',(0.,-1.,0.));
#1044 = PCURVE('',#304,#1045);
#1045 = DEFINITIONAL_REPRESENTATION('',(#1046),#1050);
#1046 = CIRCLE('',#1047,4.5);
#1047 = AXIS2_PLACEMENT_2D('',#1048,#1049);
#1048 = CARTESIAN_POINT('',(5.,-47.));
#1049 = DIRECTION('',(0.,-1.));
#1050 = ( GEOMETRIC_REPRESENTATION_CONTEXT(2) 
PARAMETRIC_REPRESENTATION_CONTEXT() REPRESENTATION_CONTEXT('2D SPACE',''
  ) );
#1051 = PCURVE('',#774,#1052);
#1052 = DEFINITIONAL_REPRESENTATION('',(#1053),#1057);
#1053 = LINE('',#1054,#1055);
#1054 = CARTESIAN_POINT('',(0.,-0.5));
#1055 = VECTOR('',#1056,1.);
#1056 = DIRECTION('',(1.,0.));
#1057 = ( GEOMETRIC_REPRESENTATION_CONTEXT(2) 
PARAMETRIC_REPRESENTATION_CONTEXT() REPRESENTATION_CONTEXT('2D SPACE',''
  ) );
#1058 = ORIENTED_EDGE('',*,*,#786,.T.);
#1059 = FACE_BOUND('',#1060,.F.);
#1060 = EDGE_LOOP('',(#1061));
#1061 = ORIENTED_EDGE('',*,*,#1062,.T.);
#1062 = EDGE_CURVE('',#1063,#1063,#1065,.T.);
#1063 = VERTEX_POINT('',#1064);
#1064 = CARTESIAN_POINT('',(41.3000001,8.,1.7763568394E-15));
#1065 = SURFACE_CURVE('',#1066,(#1071,#1082),.PCURVE_S1.);
#1066 = CIRCLE('',#1067,1.3);
#1067 = AXIS2_PLACEMENT_3D('',#1068,#1069,#1070);
#1068 = CARTESIAN_POINT('',(40.0000001,8.,1.7763568394E-15));
#1069 = DIRECTION('',(0.,0.,-1.));
#1070 = DIRECTION('',(1.,0.,0.));
#1071 = PCURVE('',#304,#1072);
#1072 = DEFINITIONAL_REPRESENTATION('',(#1073),#1081);
#1073 = ( BOUNDED_CURVE() B_SPLINE_CURVE(2,(#1074,#1075,#1076,#1077,
#1078,#1079,#1080),.UNSPECIFIED.,.T.,.F.) B_SPLINE_CURVE_WITH_KNOTS((1,2
    ,2,2,2,1),(-2.094395102393,0.,2.094395102393,4.188790204786,
6.28318530718,8.377580409573),.UNSPECIFIED.) CURVE() 
GEOMETRIC_REPRESENTATION_ITEM() RATIONAL_B_SPLINE_CURVE((1.,0.5,1.,0.5,
1.,0.5,1.)) REPRESENTATION_ITEM('') );
#1074 = CARTESIAN_POINT('',(1.3,-44.));
#1075 = CARTESIAN_POINT('',(1.3,-46.25166604984));
#1076 = CARTESIAN_POINT('',(-0.65,-45.12583302492));
#1077 = CARTESIAN_POINT('',(-2.6,-44.));
#1078 = CARTESIAN_POINT('',(-0.65,-42.87416697508));
#1079 = CARTESIAN_POINT('',(1.3,-41.74833395016));
#1080 = CARTESIAN_POINT('',(1.3,-44.));
#1081 = ( GEOMETRIC_REPRESENTATION_CONTEXT(2) 
PARAMETRIC_REPRESENTATION_CONTEXT() REPRESENTATION_CONTEXT('2D SPACE',''
  ) );
#1082 = PCURVE('',#1083,#1088);
#1083 = CYLINDRICAL_SURFACE('',#1084,1.3);
#1084 = AXIS2_PLACEMENT_3D('',#1085,#1086,#1087);
#1085 = CARTESIAN_POINT('',(40.0000001,8.,-1.E-01));
#1086 = DIRECTION('',(-0.,-0.,-1.));
#1087 = DIRECTION('',(1.,0.,0.));
#1088 = DEFINITIONAL_REPRESENTATION('',(#1089),#1093);
#1089 = LINE('',#1090,#1091);
#1090 = CARTESIAN_POINT('',(-6.28318530718,-1.E-01));
#1091 = VECTOR('',#1092,1.);
#1092 = DIRECTION('',(1.,-0.));
#1093 = ( GEOMETRIC_REPRESENTATION_CONTEXT(2) 
PARAMETRIC_REPRESENTATION_CONTEXT() REPRESENTATION_CONTEXT('2D SPACE',''
  ) );
#1094 = FACE_BOUND('',#1095,.F.);
#1095 = EDGE_LOOP('',(#1096));
#1096 = ORIENTED_EDGE('',*,*,#1097,.T.);
#1097 = EDGE_CURVE('',#1098,#1098,#1100,.T.);
#1098 = VERTEX_POINT('',#1099);
#1099 = CARTESIAN_POINT('',(41.3000001,96.,1.7763568394E-15));
#1100 = SURFACE_CURVE('',#1101,(#1106,#1117),.PCURVE_S1.);
#1101 = CIRCLE('',#1102,1.3);
#1102 = AXIS2_PLACEMENT_3D('',#1103,#1104,#1105);
#1103 = CARTESIAN_POINT('',(40.0000001,96.,1.7763568394E-15));
#1104 = DIRECTION('',(0.,0.,-1.));
#1105 = DIRECTION('',(1.,0.,0.));
#1106 = PCURVE('',#304,#1107);
#1107 = DEFINITIONAL_REPRESENTATION('',(#1108),#1116);
#1108 = ( BOUNDED_CURVE() B_SPLINE_CURVE(2,(#1109,#1110,#1111,#1112,
#1113,#1114,#1115),.UNSPECIFIED.,.T.,.F.) B_SPLINE_CURVE_WITH_KNOTS((1,2
    ,2,2,2,1),(-2.094395102393,0.,2.094395102393,4.188790204786,
6.28318530718,8.377580409573),.UNSPECIFIED.) CURVE() 
GEOMETRIC_REPRESENTATION_ITEM() RATIONAL_B_SPLINE_CURVE((1.,0.5,1.,0.5,
1.,0.5,1.)) REPRESENTATION_ITEM('') );
#1109 = CARTESIAN_POINT('',(1.3,44.));
#1110 = CARTESIAN_POINT('',(1.3,41.74833395016));
#1111 = CARTESIAN_POINT('',(-0.65,42.87416697508));
#1112 = CARTESIAN_POINT('',(-2.6,44.));
#1113 = CARTESIAN_POINT('',(-0.65,45.12583302492));
#1114 = CARTESIAN_POINT('',(1.3,46.25166604984));
#1115 = CARTESIAN_POINT('',(1.3,44.));
#1116 = ( GEOMETRIC_REPRESENTATION_CONTEXT(2) 
PARAMETRIC_REPRESENTATION_CONTEXT() REPRESENTATION_CONTEXT('2D SPACE',''
  ) );
#1117 = PCURVE('',#1118,#1123);
#1118 = CYLINDRICAL_SURFACE('',#1119,1.3);
#1119 = AXIS2_PLACEMENT_3D('',#1120,#1121,#1122);
#1120 = CARTESIAN_POINT('',(40.0000001,96.,-1.E-01));
#1121 = DIRECTION('',(-0.,-0.,-1.));
#1122 = DIRECTION('',(1.,0.,0.));
#1123 = DEFINITIONAL_REPRESENTATION('',(#1124),#1128);
#1124 = LINE('',#1125,#1126);
#1125 = CARTESIAN_POINT('',(-6.28318530718,-1.E-01));
#1126 = VECTOR('',#1127,1.);
#1127 = DIRECTION('',(1.,-0.));
#1128 = ( GEOMETRIC_REPRESENTATION_CONTEXT(2) 
PARAMETRIC_REPRESENTATION_CONTEXT() REPRESENTATION_CONTEXT('2D SPACE',''
  ) );
#1129 = ADVANCED_FACE('',(#1130,#1419),#476,.T.);
#1130 = FACE_BOUND('',#1131,.T.);
#1131 = EDGE_LOOP('',(#1132,#1133,#1134,#1158,#1186,#1215,#1243,#1276,
    #1304,#1337,#1365,#1398));
#1132 = ORIENTED_EDGE('',*,*,#461,.F.);
#1133 = ORIENTED_EDGE('',*,*,#709,.T.);
#1134 = ORIENTED_EDGE('',*,*,#1135,.T.);
#1135 = EDGE_CURVE('',#710,#1136,#1138,.T.);
#1136 = VERTEX_POINT('',#1137);
#1137 = CARTESIAN_POINT('',(45.0000001,103.4,14.));
#1138 = SURFACE_CURVE('',#1139,(#1144,#1151),.PCURVE_S1.);
#1139 = CIRCLE('',#1140,4.4);
#1140 = AXIS2_PLACEMENT_3D('',#1141,#1142,#1143);
#1141 = CARTESIAN_POINT('',(45.0000001,99.,14.));
#1142 = DIRECTION('',(0.,0.,1.));
#1143 = DIRECTION('',(1.,0.,-0.));
#1144 = PCURVE('',#476,#1145);
#1145 = DEFINITIONAL_REPRESENTATION('',(#1146),#1150);
#1146 = CIRCLE('',#1147,4.4);
#1147 = AXIS2_PLACEMENT_2D('',#1148,#1149);
#1148 = CARTESIAN_POINT('',(5.,47.));
#1149 = DIRECTION('',(1.,0.));
#1150 = ( GEOMETRIC_REPRESENTATION_CONTEXT(2) 
PARAMETRIC_REPRESENTATION_CONTEXT() REPRESENTATION_CONTEXT('2D SPACE',''
  ) );
#1151 = PCURVE('',#644,#1152);
#1152 = DEFINITIONAL_REPRESENTATION('',(#1153),#1157);
#1153 = LINE('',#1154,#1155);
#1154 = CARTESIAN_POINT('',(0.,1.570796326795));
#1155 = VECTOR('',#1156,1.);
#1156 = DIRECTION('',(1.,0.));
#1157 = ( GEOMETRIC_REPRESENTATION_CONTEXT(2) 
PARAMETRIC_REPRESENTATION_CONTEXT() REPRESENTATION_CONTEXT('2D SPACE',''
  ) );
#1158 = ORIENTED_EDGE('',*,*,#1159,.T.);
#1159 = EDGE_CURVE('',#1136,#1160,#1162,.T.);
#1160 = VERTEX_POINT('',#1161);
#1161 = CARTESIAN_POINT('',(35.0000001,103.4,14.));
#1162 = SURFACE_CURVE('',#1163,(#1167,#1174),.PCURVE_S1.);
#1163 = LINE('',#1164,#1165);
#1164 = CARTESIAN_POINT('',(45.0000001,103.4,14.));
#1165 = VECTOR('',#1166,1.);
#1166 = DIRECTION('',(-1.,-0.,-0.));
#1167 = PCURVE('',#476,#1168);
#1168 = DEFINITIONAL_REPRESENTATION('',(#1169),#1173);
#1169 = LINE('',#1170,#1171);
#1170 = CARTESIAN_POINT('',(5.,51.4));
#1171 = VECTOR('',#1172,1.);
#1172 = DIRECTION('',(-1.,0.));
#1173 = ( GEOMETRIC_REPRESENTATION_CONTEXT(2) 
PARAMETRIC_REPRESENTATION_CONTEXT() REPRESENTATION_CONTEXT('2D SPACE',''
  ) );
#1174 = PCURVE('',#1175,#1180);
#1175 = CYLINDRICAL_SURFACE('',#1176,0.6);
#1176 = AXIS2_PLACEMENT_3D('',#1177,#1178,#1179);
#1177 = CARTESIAN_POINT('',(45.0000001,103.4,13.4));
#1178 = DIRECTION('',(-1.,-0.,-0.));
#1179 = DIRECTION('',(0.,1.,0.));
#1180 = DEFINITIONAL_REPRESENTATION('',(#1181),#1185);
#1181 = LINE('',#1182,#1183);
#1182 = CARTESIAN_POINT('',(-1.570796326795,0.));
#1183 = VECTOR('',#1184,1.);
#1184 = DIRECTION('',(-0.,1.));
#1185 = ( GEOMETRIC_REPRESENTATION_CONTEXT(2) 
PARAMETRIC_REPRESENTATION_CONTEXT() REPRESENTATION_CONTEXT('2D SPACE',''
  ) );
#1186 = ORIENTED_EDGE('',*,*,#1187,.T.);
#1187 = EDGE_CURVE('',#1160,#1188,#1190,.T.);
#1188 = VERTEX_POINT('',#1189);
#1189 = CARTESIAN_POINT('',(30.6000001,99.,14.));
#1190 = SURFACE_CURVE('',#1191,(#1196,#1203),.PCURVE_S1.);
#1191 = CIRCLE('',#1192,4.4);
#1192 = AXIS2_PLACEMENT_3D('',#1193,#1194,#1195);
#1193 = CARTESIAN_POINT('',(35.0000001,99.,14.));
#1194 = DIRECTION('',(0.,0.,1.));
#1195 = DIRECTION('',(0.,1.,-0.));
#1196 = PCURVE('',#476,#1197);
#1197 = DEFINITIONAL_REPRESENTATION('',(#1198),#1202);
#1198 = CIRCLE('',#1199,4.4);
#1199 = AXIS2_PLACEMENT_2D('',#1200,#1201);
#1200 = CARTESIAN_POINT('',(-5.,47.));
#1201 = DIRECTION('',(0.,1.));
#1202 = ( GEOMETRIC_REPRESENTATION_CONTEXT(2) 
PARAMETRIC_REPRESENTATION_CONTEXT() REPRESENTATION_CONTEXT('2D SPACE',''
  ) );
#1203 = PCURVE('',#1204,#1209);
#1204 = TOROIDAL_SURFACE('',#1205,4.4,0.6);
#1205 = AXIS2_PLACEMENT_3D('',#1206,#1207,#1208);
#1206 = CARTESIAN_POINT('',(35.0000001,99.,13.4));
#1207 = DIRECTION('',(0.,0.,1.));
#1208 = DIRECTION('',(0.,1.,-0.));
#1209 = DEFINITIONAL_REPRESENTATION('',(#1210),#1214);
#1210 = LINE('',#1211,#1212);
#1211 = CARTESIAN_POINT('',(0.,1.570796326795));
#1212 = VECTOR('',#1213,1.);
#1213 = DIRECTION('',(1.,0.));
#1214 = ( GEOMETRIC_REPRESENTATION_CONTEXT(2) 
PARAMETRIC_REPRESENTATION_CONTEXT() REPRESENTATION_CONTEXT('2D SPACE',''
  ) );
#1215 = ORIENTED_EDGE('',*,*,#1216,.T.);
#1216 = EDGE_CURVE('',#1188,#1217,#1219,.T.);
#1217 = VERTEX_POINT('',#1218);
#1218 = CARTESIAN_POINT('',(30.6000001,90.262252939418,14.));
#1219 = SURFACE_CURVE('',#1220,(#1224,#1231),.PCURVE_S1.);
#1220 = LINE('',#1221,#1222);
#1221 = CARTESIAN_POINT('',(30.6000001,99.,14.));
#1222 = VECTOR('',#1223,1.);
#1223 = DIRECTION('',(-0.,-1.,-0.));
#1224 = PCURVE('',#476,#1225);
#1225 = DEFINITIONAL_REPRESENTATION('',(#1226),#1230);
#1226 = LINE('',#1227,#1228);
#1227 = CARTESIAN_POINT('',(-9.4,47.));
#1228 = VECTOR('',#1229,1.);
#1229 = DIRECTION('',(0.,-1.));
#1230 = ( GEOMETRIC_REPRESENTATION_CONTEXT(2) 
PARAMETRIC_REPRESENTATION_CONTEXT() REPRESENTATION_CONTEXT('2D SPACE',''
  ) );
#1231 = PCURVE('',#1232,#1237);
#1232 = CYLINDRICAL_SURFACE('',#1233,0.6);
#1233 = AXIS2_PLACEMENT_3D('',#1234,#1235,#1236);
#1234 = CARTESIAN_POINT('',(30.6000001,99.,13.4));
#1235 = DIRECTION('',(-0.,-1.,-0.));
#1236 = DIRECTION('',(-1.,0.,0.));
#1237 = DEFINITIONAL_REPRESENTATION('',(#1238),#1242);
#1238 = LINE('',#1239,#1240);
#1239 = CARTESIAN_POINT('',(-1.570796326795,0.));
#1240 = VECTOR('',#1241,1.);
#1241 = DIRECTION('',(-0.,1.));
#1242 = ( GEOMETRIC_REPRESENTATION_CONTEXT(2) 
PARAMETRIC_REPRESENTATION_CONTEXT() REPRESENTATION_CONTEXT('2D SPACE',''
  ) );
#1243 = ORIENTED_EDGE('',*,*,#1244,.F.);
#1244 = EDGE_CURVE('',#1245,#1217,#1247,.T.);
#1245 = VERTEX_POINT('',#1246);
#1246 = CARTESIAN_POINT('',(30.6000001,13.737747060582,14.));
#1247 = SURFACE_CURVE('',#1248,(#1253,#1264),.PCURVE_S1.);
#1248 = CIRCLE('',#1249,39.4);
#1249 = AXIS2_PLACEMENT_3D('',#1250,#1251,#1252);
#1250 = CARTESIAN_POINT('',(40.0000001,52.,14.));
#1251 = DIRECTION('',(-0.,0.,-1.));
#1252 = DIRECTION('',(-0.25,-0.968245836552,0.));
#1253 = PCURVE('',#476,#1254);
#1254 = DEFINITIONAL_REPRESENTATION('',(#1255),#1263);
#1255 = ( BOUNDED_CURVE() B_SPLINE_CURVE(2,(#1256,#1257,#1258,#1259,
#1260,#1261,#1262),.UNSPECIFIED.,.T.,.F.) B_SPLINE_CURVE_WITH_KNOTS((1,2
    ,2,2,2,1),(-2.094395102393,0.,2.094395102393,4.188790204786,
6.28318530718,8.377580409573),.UNSPECIFIED.) CURVE() 
GEOMETRIC_REPRESENTATION_ITEM() RATIONAL_B_SPLINE_CURVE((1.,0.5,1.,0.5,
1.,0.5,1.)) REPRESENTATION_ITEM('') );
#1256 = CARTESIAN_POINT('',(-9.850000000001,-38.14888596014));
#1257 = CARTESIAN_POINT('',(-75.92580873511,-21.08818550558));
#1258 = CARTESIAN_POINT('',(-28.11290436755,27.604793207349));
#1259 = CARTESIAN_POINT('',(19.700000000002,76.297771920286));
#1260 = CARTESIAN_POINT('',(37.96290436756,10.544092752794));
#1261 = CARTESIAN_POINT('',(56.225808735118,-55.20958641469));
#1262 = CARTESIAN_POINT('',(-9.850000000001,-38.14888596014));
#1263 = ( GEOMETRIC_REPRESENTATION_CONTEXT(2) 
PARAMETRIC_REPRESENTATION_CONTEXT() REPRESENTATION_CONTEXT('2D SPACE',''
  ) );
#1264 = PCURVE('',#1265,#1270);
#1265 = TOROIDAL_SURFACE('',#1266,39.4,0.6);
#1266 = AXIS2_PLACEMENT_3D('',#1267,#1268,#1269);
#1267 = CARTESIAN_POINT('',(40.0000001,52.,13.4));
#1268 = DIRECTION('',(-0.,-0.,-1.));
#1269 = DIRECTION('',(-0.25,-0.968245836552,0.));
#1270 = DEFINITIONAL_REPRESENTATION('',(#1271),#1275);
#1271 = LINE('',#1272,#1273);
#1272 = CARTESIAN_POINT('',(0.,4.712388980385));
#1273 = VECTOR('',#1274,1.);
#1274 = DIRECTION('',(1.,0.));
#1275 = ( GEOMETRIC_REPRESENTATION_CONTEXT(2) 
PARAMETRIC_REPRESENTATION_CONTEXT() REPRESENTATION_CONTEXT('2D SPACE',''
  ) );
#1276 = ORIENTED_EDGE('',*,*,#1277,.F.);
#1277 = EDGE_CURVE('',#1278,#1245,#1280,.T.);
#1278 = VERTEX_POINT('',#1279);
#1279 = CARTESIAN_POINT('',(30.6000001,5.,14.));
#1280 = SURFACE_CURVE('',#1281,(#1285,#1292),.PCURVE_S1.);
#1281 = LINE('',#1282,#1283);
#1282 = CARTESIAN_POINT('',(30.6000001,5.,14.));
#1283 = VECTOR('',#1284,1.);
#1284 = DIRECTION('',(0.,1.,0.));
#1285 = PCURVE('',#476,#1286);
#1286 = DEFINITIONAL_REPRESENTATION('',(#1287),#1291);
#1287 = LINE('',#1288,#1289);
#1288 = CARTESIAN_POINT('',(-9.4,-47.));
#1289 = VECTOR('',#1290,1.);
#1290 = DIRECTION('',(0.,1.));
#1291 = ( GEOMETRIC_REPRESENTATION_CONTEXT(2) 
PARAMETRIC_REPRESENTATION_CONTEXT() REPRESENTATION_CONTEXT('2D SPACE',''
  ) );
#1292 = PCURVE('',#1293,#1298);
#1293 = CYLINDRICAL_SURFACE('',#1294,0.6);
#1294 = AXIS2_PLACEMENT_3D('',#1295,#1296,#1297);
#1295 = CARTESIAN_POINT('',(30.6000001,5.,13.4));
#1296 = DIRECTION('',(0.,1.,0.));
#1297 = DIRECTION('',(0.,-0.,1.));
#1298 = DEFINITIONAL_REPRESENTATION('',(#1299),#1303);
#1299 = LINE('',#1300,#1301);
#1300 = CARTESIAN_POINT('',(-0.,0.));
#1301 = VECTOR('',#1302,1.);
#1302 = DIRECTION('',(-0.,1.));
#1303 = ( GEOMETRIC_REPRESENTATION_CONTEXT(2) 
PARAMETRIC_REPRESENTATION_CONTEXT() REPRESENTATION_CONTEXT('2D SPACE',''
  ) );
#1304 = ORIENTED_EDGE('',*,*,#1305,.F.);
#1305 = EDGE_CURVE('',#1306,#1278,#1308,.T.);
#1306 = VERTEX_POINT('',#1307);
#1307 = CARTESIAN_POINT('',(35.0000001,0.6,14.));
#1308 = SURFACE_CURVE('',#1309,(#1314,#1325),.PCURVE_S1.);
#1309 = CIRCLE('',#1310,4.4);
#1310 = AXIS2_PLACEMENT_3D('',#1311,#1312,#1313);
#1311 = CARTESIAN_POINT('',(35.0000001,5.,14.));
#1312 = DIRECTION('',(-0.,-0.,-1.));
#1313 = DIRECTION('',(0.,-1.,0.));
#1314 = PCURVE('',#476,#1315);
#1315 = DEFINITIONAL_REPRESENTATION('',(#1316),#1324);
#1316 = ( BOUNDED_CURVE() B_SPLINE_CURVE(2,(#1317,#1318,#1319,#1320,
#1321,#1322,#1323),.UNSPECIFIED.,.T.,.F.) B_SPLINE_CURVE_WITH_KNOTS((1,2
    ,2,2,2,1),(-2.094395102393,0.,2.094395102393,4.188790204786,
6.28318530718,8.377580409573),.UNSPECIFIED.) CURVE() 
GEOMETRIC_REPRESENTATION_ITEM() RATIONAL_B_SPLINE_CURVE((1.,0.5,1.,0.5,
1.,0.5,1.)) REPRESENTATION_ITEM('') );
#1317 = CARTESIAN_POINT('',(-5.,-51.4));
#1318 = CARTESIAN_POINT('',(-12.6210235533,-51.4));
#1319 = CARTESIAN_POINT('',(-8.810511776652,-44.8));
#1320 = CARTESIAN_POINT('',(-5.,-38.2));
#1321 = CARTESIAN_POINT('',(-1.189488223348,-44.8));
#1322 = CARTESIAN_POINT('',(2.621023553303,-51.4));
#1323 = CARTESIAN_POINT('',(-5.,-51.4));
#1324 = ( GEOMETRIC_REPRESENTATION_CONTEXT(2) 
PARAMETRIC_REPRESENTATION_CONTEXT() REPRESENTATION_CONTEXT('2D SPACE',''
  ) );
#1325 = PCURVE('',#1326,#1331);
#1326 = TOROIDAL_SURFACE('',#1327,4.4,0.6);
#1327 = AXIS2_PLACEMENT_3D('',#1328,#1329,#1330);
#1328 = CARTESIAN_POINT('',(35.0000001,5.,13.4));
#1329 = DIRECTION('',(-0.,-0.,-1.));
#1330 = DIRECTION('',(0.,-1.,0.));
#1331 = DEFINITIONAL_REPRESENTATION('',(#1332),#1336);
#1332 = LINE('',#1333,#1334);
#1333 = CARTESIAN_POINT('',(0.,4.712388980385));
#1334 = VECTOR('',#1335,1.);
#1335 = DIRECTION('',(1.,0.));
#1336 = ( GEOMETRIC_REPRESENTATION_CONTEXT(2) 
PARAMETRIC_REPRESENTATION_CONTEXT() REPRESENTATION_CONTEXT('2D SPACE',''
  ) );
#1337 = ORIENTED_EDGE('',*,*,#1338,.F.);
#1338 = EDGE_CURVE('',#1339,#1306,#1341,.T.);
#1339 = VERTEX_POINT('',#1340);
#1340 = CARTESIAN_POINT('',(45.0000001,0.6,14.));
#1341 = SURFACE_CURVE('',#1342,(#1346,#1353),.PCURVE_S1.);
#1342 = LINE('',#1343,#1344);
#1343 = CARTESIAN_POINT('',(45.0000001,0.6,14.));
#1344 = VECTOR('',#1345,1.);
#1345 = DIRECTION('',(-1.,-0.,-0.));
#1346 = PCURVE('',#476,#1347);
#1347 = DEFINITIONAL_REPRESENTATION('',(#1348),#1352);
#1348 = LINE('',#1349,#1350);
#1349 = CARTESIAN_POINT('',(5.,-51.4));
#1350 = VECTOR('',#1351,1.);
#1351 = DIRECTION('',(-1.,0.));
#1352 = ( GEOMETRIC_REPRESENTATION_CONTEXT(2) 
PARAMETRIC_REPRESENTATION_CONTEXT() REPRESENTATION_CONTEXT('2D SPACE',''
  ) );
#1353 = PCURVE('',#1354,#1359);
#1354 = CYLINDRICAL_SURFACE('',#1355,0.6);
#1355 = AXIS2_PLACEMENT_3D('',#1356,#1357,#1358);
#1356 = CARTESIAN_POINT('',(45.0000001,0.6,13.4));
#1357 = DIRECTION('',(-1.,-0.,-0.));
#1358 = DIRECTION('',(-0.,0.,1.));
#1359 = DEFINITIONAL_REPRESENTATION('',(#1360),#1364);
#1360 = LINE('',#1361,#1362);
#1361 = CARTESIAN_POINT('',(-0.,0.));
#1362 = VECTOR('',#1363,1.);
#1363 = DIRECTION('',(-0.,1.));
#1364 = ( GEOMETRIC_REPRESENTATION_CONTEXT(2) 
PARAMETRIC_REPRESENTATION_CONTEXT() REPRESENTATION_CONTEXT('2D SPACE',''
  ) );
#1365 = ORIENTED_EDGE('',*,*,#1366,.F.);
#1366 = EDGE_CURVE('',#1367,#1339,#1369,.T.);
#1367 = VERTEX_POINT('',#1368);
#1368 = CARTESIAN_POINT('',(49.4000001,5.,14.));
#1369 = SURFACE_CURVE('',#1370,(#1375,#1386),.PCURVE_S1.);
#1370 = CIRCLE('',#1371,4.4);
#1371 = AXIS2_PLACEMENT_3D('',#1372,#1373,#1374);
#1372 = CARTESIAN_POINT('',(45.0000001,5.,14.));
#1373 = DIRECTION('',(0.,0.,-1.));
#1374 = DIRECTION('',(1.,0.,0.));
#1375 = PCURVE('',#476,#1376);
#1376 = DEFINITIONAL_REPRESENTATION('',(#1377),#1385);
#1377 = ( BOUNDED_CURVE() B_SPLINE_CURVE(2,(#1378,#1379,#1380,#1381,
#1382,#1383,#1384),.UNSPECIFIED.,.T.,.F.) B_SPLINE_CURVE_WITH_KNOTS((1,2
    ,2,2,2,1),(-2.094395102393,0.,2.094395102393,4.188790204786,
6.28318530718,8.377580409573),.UNSPECIFIED.) CURVE() 
GEOMETRIC_REPRESENTATION_ITEM() RATIONAL_B_SPLINE_CURVE((1.,0.5,1.,0.5,
1.,0.5,1.)) REPRESENTATION_ITEM('') );
#1378 = CARTESIAN_POINT('',(9.4,-47.));
#1379 = CARTESIAN_POINT('',(9.4,-54.6210235533));
#1380 = CARTESIAN_POINT('',(2.8,-50.81051177665));
#1381 = CARTESIAN_POINT('',(-3.8,-47.));
#1382 = CARTESIAN_POINT('',(2.8,-43.18948822334));
#1383 = CARTESIAN_POINT('',(9.4,-39.37897644669));
#1384 = CARTESIAN_POINT('',(9.4,-47.));
#1385 = ( GEOMETRIC_REPRESENTATION_CONTEXT(2) 
PARAMETRIC_REPRESENTATION_CONTEXT() REPRESENTATION_CONTEXT('2D SPACE',''
  ) );
#1386 = PCURVE('',#1387,#1392);
#1387 = TOROIDAL_SURFACE('',#1388,4.4,0.6);
#1388 = AXIS2_PLACEMENT_3D('',#1389,#1390,#1391);
#1389 = CARTESIAN_POINT('',(45.0000001,5.,13.4));
#1390 = DIRECTION('',(-0.,-0.,-1.));
#1391 = DIRECTION('',(1.,0.,0.));
#1392 = DEFINITIONAL_REPRESENTATION('',(#1393),#1397);
#1393 = LINE('',#1394,#1395);
#1394 = CARTESIAN_POINT('',(0.,4.712388980385));
#1395 = VECTOR('',#1396,1.);
#1396 = DIRECTION('',(1.,0.));
#1397 = ( GEOMETRIC_REPRESENTATION_CONTEXT(2) 
PARAMETRIC_REPRESENTATION_CONTEXT() REPRESENTATION_CONTEXT('2D SPACE',''
  ) );
#1398 = ORIENTED_EDGE('',*,*,#1399,.F.);
#1399 = EDGE_CURVE('',#389,#1367,#1400,.T.);
#1400 = SURFACE_CURVE('',#1401,(#1405,#1412),.PCURVE_S1.);
#1401 = LINE('',#1402,#1403);
#1402 = CARTESIAN_POINT('',(49.4000001,13.270166537925,14.));
#1403 = VECTOR('',#1404,1.);
#1404 = DIRECTION('',(-0.,-1.,-0.));
#1405 = PCURVE('',#476,#1406);
#1406 = DEFINITIONAL_REPRESENTATION('',(#1407),#1411);
#1407 = LINE('',#1408,#1409);
#1408 = CARTESIAN_POINT('',(9.4,-38.72983346207));
#1409 = VECTOR('',#1410,1.);
#1410 = DIRECTION('',(0.,-1.));
#1411 = ( GEOMETRIC_REPRESENTATION_CONTEXT(2) 
PARAMETRIC_REPRESENTATION_CONTEXT() REPRESENTATION_CONTEXT('2D SPACE',''
  ) );
#1412 = PCURVE('',#434,#1413);
#1413 = DEFINITIONAL_REPRESENTATION('',(#1414),#1418);
#1414 = LINE('',#1415,#1416);
#1415 = CARTESIAN_POINT('',(-0.,0.));
#1416 = VECTOR('',#1417,1.);
#1417 = DIRECTION('',(-0.,1.));
#1418 = ( GEOMETRIC_REPRESENTATION_CONTEXT(2) 
PARAMETRIC_REPRESENTATION_CONTEXT() REPRESENTATION_CONTEXT('2D SPACE',''
  ) );
#1419 = FACE_BOUND('',#1420,.T.);
#1420 = EDGE_LOOP('',(#1421,#1456,#1484,#1513,#1541,#1570,#1598,#1631,
    #1659,#1692,#1720,#1753));
#1421 = ORIENTED_EDGE('',*,*,#1422,.T.);
#1422 = EDGE_CURVE('',#1423,#1425,#1427,.T.);
#1423 = VERTEX_POINT('',#1424);
#1424 = CARTESIAN_POINT('',(31.8000001,14.690483787645,14.));
#1425 = VERTEX_POINT('',#1426);
#1426 = CARTESIAN_POINT('',(31.8000001,89.309516212355,14.));
#1427 = SURFACE_CURVE('',#1428,(#1433,#1444),.PCURVE_S1.);
#1428 = CIRCLE('',#1429,38.2);
#1429 = AXIS2_PLACEMENT_3D('',#1430,#1431,#1432);
#1430 = CARTESIAN_POINT('',(40.0000001,52.,14.));
#1431 = DIRECTION('',(-0.,0.,-1.));
#1432 = DIRECTION('',(-0.202127659574,-0.979359182953,0.));
#1433 = PCURVE('',#476,#1434);
#1434 = DEFINITIONAL_REPRESENTATION('',(#1435),#1443);
#1435 = ( BOUNDED_CURVE() B_SPLINE_CURVE(2,(#1436,#1437,#1438,#1439,
#1440,#1441,#1442),.UNSPECIFIED.,.T.,.F.) B_SPLINE_CURVE_WITH_KNOTS((1,2
    ,2,2,2,1),(-2.094395102393,0.,2.094395102393,4.188790204786,
6.28318530718,8.377580409573),.UNSPECIFIED.) CURVE() 
GEOMETRIC_REPRESENTATION_ITEM() RATIONAL_B_SPLINE_CURVE((1.,0.5,1.,0.5,
1.,0.5,1.)) REPRESENTATION_ITEM('') );
#1436 = CARTESIAN_POINT('',(-7.721276595745,-37.41152078881));
#1437 = CARTESIAN_POINT('',(-72.51993139039,-24.03787742569));
#1438 = CARTESIAN_POINT('',(-28.53868909945,25.392582075969));
#1439 = CARTESIAN_POINT('',(15.442553191489,74.823041577632));
#1440 = CARTESIAN_POINT('',(36.259965695197,12.018938712847));
#1441 = CARTESIAN_POINT('',(57.077378198904,-50.78516415193));
#1442 = CARTESIAN_POINT('',(-7.721276595745,-37.41152078881));
#1443 = ( GEOMETRIC_REPRESENTATION_CONTEXT(2) 
PARAMETRIC_REPRESENTATION_CONTEXT() REPRESENTATION_CONTEXT('2D SPACE',''
  ) );
#1444 = PCURVE('',#1445,#1450);
#1445 = TOROIDAL_SURFACE('',#1446,38.2,0.6);
#1446 = AXIS2_PLACEMENT_3D('',#1447,#1448,#1449);
#1447 = CARTESIAN_POINT('',(40.0000001,52.,13.4));
#1448 = DIRECTION('',(0.,0.,1.));
#1449 = DIRECTION('',(-0.202127659574,-0.979359182953,0.));
#1450 = DEFINITIONAL_REPRESENTATION('',(#1451),#1455);
#1451 = LINE('',#1452,#1453);
#1452 = CARTESIAN_POINT('',(-0.,1.570796326795));
#1453 = VECTOR('',#1454,1.);
#1454 = DIRECTION('',(-1.,0.));
#1455 = ( GEOMETRIC_REPRESENTATION_CONTEXT(2) 
PARAMETRIC_REPRESENTATION_CONTEXT() REPRESENTATION_CONTEXT('2D SPACE',''
  ) );
#1456 = ORIENTED_EDGE('',*,*,#1457,.F.);
#1457 = EDGE_CURVE('',#1458,#1425,#1460,.T.);
#1458 = VERTEX_POINT('',#1459);
#1459 = CARTESIAN_POINT('',(31.8000001,99.,14.));
#1460 = SURFACE_CURVE('',#1461,(#1465,#1472),.PCURVE_S1.);
#1461 = LINE('',#1462,#1463);
#1462 = CARTESIAN_POINT('',(31.8000001,99.,14.));
#1463 = VECTOR('',#1464,1.);
#1464 = DIRECTION('',(-0.,-1.,-0.));
#1465 = PCURVE('',#476,#1466);
#1466 = DEFINITIONAL_REPRESENTATION('',(#1467),#1471);
#1467 = LINE('',#1468,#1469);
#1468 = CARTESIAN_POINT('',(-8.2,47.));
#1469 = VECTOR('',#1470,1.);
#1470 = DIRECTION('',(0.,-1.));
#1471 = ( GEOMETRIC_REPRESENTATION_CONTEXT(2) 
PARAMETRIC_REPRESENTATION_CONTEXT() REPRESENTATION_CONTEXT('2D SPACE',''
  ) );
#1472 = PCURVE('',#1473,#1478);
#1473 = CYLINDRICAL_SURFACE('',#1474,0.6);
#1474 = AXIS2_PLACEMENT_3D('',#1475,#1476,#1477);
#1475 = CARTESIAN_POINT('',(31.8000001,99.,13.4));
#1476 = DIRECTION('',(-0.,-1.,-0.));
#1477 = DIRECTION('',(0.,0.,1.));
#1478 = DEFINITIONAL_REPRESENTATION('',(#1479),#1483);
#1479 = LINE('',#1480,#1481);
#1480 = CARTESIAN_POINT('',(-0.,0.));
#1481 = VECTOR('',#1482,1.);
#1482 = DIRECTION('',(-0.,1.));
#1483 = ( GEOMETRIC_REPRESENTATION_CONTEXT(2) 
PARAMETRIC_REPRESENTATION_CONTEXT() REPRESENTATION_CONTEXT('2D SPACE',''
  ) );
#1484 = ORIENTED_EDGE('',*,*,#1485,.F.);
#1485 = EDGE_CURVE('',#1486,#1458,#1488,.T.);
#1486 = VERTEX_POINT('',#1487);
#1487 = CARTESIAN_POINT('',(35.0000001,102.2,14.));
#1488 = SURFACE_CURVE('',#1489,(#1494,#1501),.PCURVE_S1.);
#1489 = CIRCLE('',#1490,3.2);
#1490 = AXIS2_PLACEMENT_3D('',#1491,#1492,#1493);
#1491 = CARTESIAN_POINT('',(35.0000001,99.,14.));
#1492 = DIRECTION('',(0.,0.,1.));
#1493 = DIRECTION('',(0.,1.,-0.));
#1494 = PCURVE('',#476,#1495);
#1495 = DEFINITIONAL_REPRESENTATION('',(#1496),#1500);
#1496 = CIRCLE('',#1497,3.2);
#1497 = AXIS2_PLACEMENT_2D('',#1498,#1499);
#1498 = CARTESIAN_POINT('',(-5.,47.));
#1499 = DIRECTION('',(0.,1.));
#1500 = ( GEOMETRIC_REPRESENTATION_CONTEXT(2) 
PARAMETRIC_REPRESENTATION_CONTEXT() REPRESENTATION_CONTEXT('2D SPACE',''
  ) );
#1501 = PCURVE('',#1502,#1507);
#1502 = TOROIDAL_SURFACE('',#1503,3.2,0.6);
#1503 = AXIS2_PLACEMENT_3D('',#1504,#1505,#1506);
#1504 = CARTESIAN_POINT('',(35.0000001,99.,13.4));
#1505 = DIRECTION('',(0.,0.,1.));
#1506 = DIRECTION('',(0.,1.,-0.));
#1507 = DEFINITIONAL_REPRESENTATION('',(#1508),#1512);
#1508 = LINE('',#1509,#1510);
#1509 = CARTESIAN_POINT('',(0.,1.570796326795));
#1510 = VECTOR('',#1511,1.);
#1511 = DIRECTION('',(1.,0.));
#1512 = ( GEOMETRIC_REPRESENTATION_CONTEXT(2) 
PARAMETRIC_REPRESENTATION_CONTEXT() REPRESENTATION_CONTEXT('2D SPACE',''
  ) );
#1513 = ORIENTED_EDGE('',*,*,#1514,.F.);
#1514 = EDGE_CURVE('',#1515,#1486,#1517,.T.);
#1515 = VERTEX_POINT('',#1516);
#1516 = CARTESIAN_POINT('',(45.0000001,102.2,14.));
#1517 = SURFACE_CURVE('',#1518,(#1522,#1529),.PCURVE_S1.);
#1518 = LINE('',#1519,#1520);
#1519 = CARTESIAN_POINT('',(45.0000001,102.2,14.));
#1520 = VECTOR('',#1521,1.);
#1521 = DIRECTION('',(-1.,0.,0.));
#1522 = PCURVE('',#476,#1523);
#1523 = DEFINITIONAL_REPRESENTATION('',(#1524),#1528);
#1524 = LINE('',#1525,#1526);
#1525 = CARTESIAN_POINT('',(5.,50.2));
#1526 = VECTOR('',#1527,1.);
#1527 = DIRECTION('',(-1.,0.));
#1528 = ( GEOMETRIC_REPRESENTATION_CONTEXT(2) 
PARAMETRIC_REPRESENTATION_CONTEXT() REPRESENTATION_CONTEXT('2D SPACE',''
  ) );
#1529 = PCURVE('',#1530,#1535);
#1530 = CYLINDRICAL_SURFACE('',#1531,0.6);
#1531 = AXIS2_PLACEMENT_3D('',#1532,#1533,#1534);
#1532 = CARTESIAN_POINT('',(45.0000001,102.2,13.4));
#1533 = DIRECTION('',(-1.,0.,0.));
#1534 = DIRECTION('',(0.,0.,1.));
#1535 = DEFINITIONAL_REPRESENTATION('',(#1536),#1540);
#1536 = LINE('',#1537,#1538);
#1537 = CARTESIAN_POINT('',(-0.,0.));
#1538 = VECTOR('',#1539,1.);
#1539 = DIRECTION('',(-0.,1.));
#1540 = ( GEOMETRIC_REPRESENTATION_CONTEXT(2) 
PARAMETRIC_REPRESENTATION_CONTEXT() REPRESENTATION_CONTEXT('2D SPACE',''
  ) );
#1541 = ORIENTED_EDGE('',*,*,#1542,.F.);
#1542 = EDGE_CURVE('',#1543,#1515,#1545,.T.);
#1543 = VERTEX_POINT('',#1544);
#1544 = CARTESIAN_POINT('',(48.2000001,99.,14.));
#1545 = SURFACE_CURVE('',#1546,(#1551,#1558),.PCURVE_S1.);
#1546 = CIRCLE('',#1547,3.2);
#1547 = AXIS2_PLACEMENT_3D('',#1548,#1549,#1550);
#1548 = CARTESIAN_POINT('',(45.0000001,99.,14.));
#1549 = DIRECTION('',(0.,0.,1.));
#1550 = DIRECTION('',(1.,0.,-0.));
#1551 = PCURVE('',#476,#1552);
#1552 = DEFINITIONAL_REPRESENTATION('',(#1553),#1557);
#1553 = CIRCLE('',#1554,3.2);
#1554 = AXIS2_PLACEMENT_2D('',#1555,#1556);
#1555 = CARTESIAN_POINT('',(5.,47.));
#1556 = DIRECTION('',(1.,0.));
#1557 = ( GEOMETRIC_REPRESENTATION_CONTEXT(2) 
PARAMETRIC_REPRESENTATION_CONTEXT() REPRESENTATION_CONTEXT('2D SPACE',''
  ) );
#1558 = PCURVE('',#1559,#1564);
#1559 = TOROIDAL_SURFACE('',#1560,3.2,0.6);
#1560 = AXIS2_PLACEMENT_3D('',#1561,#1562,#1563);
#1561 = CARTESIAN_POINT('',(45.0000001,99.,13.4));
#1562 = DIRECTION('',(0.,0.,1.));
#1563 = DIRECTION('',(1.,0.,-0.));
#1564 = DEFINITIONAL_REPRESENTATION('',(#1565),#1569);
#1565 = LINE('',#1566,#1567);
#1566 = CARTESIAN_POINT('',(0.,1.570796326795));
#1567 = VECTOR('',#1568,1.);
#1568 = DIRECTION('',(1.,0.));
#1569 = ( GEOMETRIC_REPRESENTATION_CONTEXT(2) 
PARAMETRIC_REPRESENTATION_CONTEXT() REPRESENTATION_CONTEXT('2D SPACE',''
  ) );
#1570 = ORIENTED_EDGE('',*,*,#1571,.F.);
#1571 = EDGE_CURVE('',#1572,#1543,#1574,.T.);
#1572 = VERTEX_POINT('',#1573);
#1573 = CARTESIAN_POINT('',(48.2000001,89.309516212355,14.));
#1574 = SURFACE_CURVE('',#1575,(#1579,#1586),.PCURVE_S1.);
#1575 = LINE('',#1576,#1577);
#1576 = CARTESIAN_POINT('',(48.2000001,88.823905279044,14.));
#1577 = VECTOR('',#1578,1.);
#1578 = DIRECTION('',(0.,1.,0.));
#1579 = PCURVE('',#476,#1580);
#1580 = DEFINITIONAL_REPRESENTATION('',(#1581),#1585);
#1581 = LINE('',#1582,#1583);
#1582 = CARTESIAN_POINT('',(8.2,36.823905279044));
#1583 = VECTOR('',#1584,1.);
#1584 = DIRECTION('',(0.,1.));
#1585 = ( GEOMETRIC_REPRESENTATION_CONTEXT(2) 
PARAMETRIC_REPRESENTATION_CONTEXT() REPRESENTATION_CONTEXT('2D SPACE',''
  ) );
#1586 = PCURVE('',#1587,#1592);
#1587 = CYLINDRICAL_SURFACE('',#1588,0.6);
#1588 = AXIS2_PLACEMENT_3D('',#1589,#1590,#1591);
#1589 = CARTESIAN_POINT('',(48.2000001,88.823905279044,13.4));
#1590 = DIRECTION('',(0.,1.,0.));
#1591 = DIRECTION('',(0.,-0.,1.));
#1592 = DEFINITIONAL_REPRESENTATION('',(#1593),#1597);
#1593 = LINE('',#1594,#1595);
#1594 = CARTESIAN_POINT('',(-0.,0.));
#1595 = VECTOR('',#1596,1.);
#1596 = DIRECTION('',(-0.,1.));
#1597 = ( GEOMETRIC_REPRESENTATION_CONTEXT(2) 
PARAMETRIC_REPRESENTATION_CONTEXT() REPRESENTATION_CONTEXT('2D SPACE',''
  ) );
#1598 = ORIENTED_EDGE('',*,*,#1599,.T.);
#1599 = EDGE_CURVE('',#1572,#1600,#1602,.T.);
#1600 = VERTEX_POINT('',#1601);
#1601 = CARTESIAN_POINT('',(48.2000001,14.690483787645,14.));
#1602 = SURFACE_CURVE('',#1603,(#1608,#1619),.PCURVE_S1.);
#1603 = CIRCLE('',#1604,38.2);
#1604 = AXIS2_PLACEMENT_3D('',#1605,#1606,#1607);
#1605 = CARTESIAN_POINT('',(40.0000001,52.,14.));
#1606 = DIRECTION('',(0.,-0.,-1.));
#1607 = DIRECTION('',(0.202127659574,0.979359182953,-0.));
#1608 = PCURVE('',#476,#1609);
#1609 = DEFINITIONAL_REPRESENTATION('',(#1610),#1618);
#1610 = ( BOUNDED_CURVE() B_SPLINE_CURVE(2,(#1611,#1612,#1613,#1614,
#1615,#1616,#1617),.UNSPECIFIED.,.T.,.F.) B_SPLINE_CURVE_WITH_KNOTS((1,2
    ,2,2,2,1),(-2.094395102393,0.,2.094395102393,4.188790204786,
6.28318530718,8.377580409573),.UNSPECIFIED.) CURVE() 
GEOMETRIC_REPRESENTATION_ITEM() RATIONAL_B_SPLINE_CURVE((1.,0.5,1.,0.5,
1.,0.5,1.)) REPRESENTATION_ITEM('') );
#1611 = CARTESIAN_POINT('',(7.721276595744,37.411520788816));
#1612 = CARTESIAN_POINT('',(72.519931390393,24.037877425694));
#1613 = CARTESIAN_POINT('',(28.538689099452,-25.39258207596));
#1614 = CARTESIAN_POINT('',(-15.44255319148,-74.82304157763));
#1615 = CARTESIAN_POINT('',(-36.25996569519,-12.01893871284));
#1616 = CARTESIAN_POINT('',(-57.0773781989,50.785164151938));
#1617 = CARTESIAN_POINT('',(7.721276595744,37.411520788816));
#1618 = ( GEOMETRIC_REPRESENTATION_CONTEXT(2) 
PARAMETRIC_REPRESENTATION_CONTEXT() REPRESENTATION_CONTEXT('2D SPACE',''
  ) );
#1619 = PCURVE('',#1620,#1625);
#1620 = TOROIDAL_SURFACE('',#1621,38.2,0.6);
#1621 = AXIS2_PLACEMENT_3D('',#1622,#1623,#1624);
#1622 = CARTESIAN_POINT('',(40.0000001,52.,13.4));
#1623 = DIRECTION('',(0.,0.,1.));
#1624 = DIRECTION('',(0.202127659574,0.979359182953,-0.));
#1625 = DEFINITIONAL_REPRESENTATION('',(#1626),#1630);
#1626 = LINE('',#1627,#1628);
#1627 = CARTESIAN_POINT('',(-0.,1.570796326795));
#1628 = VECTOR('',#1629,1.);
#1629 = DIRECTION('',(-1.,0.));
#1630 = ( GEOMETRIC_REPRESENTATION_CONTEXT(2) 
PARAMETRIC_REPRESENTATION_CONTEXT() REPRESENTATION_CONTEXT('2D SPACE',''
  ) );
#1631 = ORIENTED_EDGE('',*,*,#1632,.T.);
#1632 = EDGE_CURVE('',#1600,#1633,#1635,.T.);
#1633 = VERTEX_POINT('',#1634);
#1634 = CARTESIAN_POINT('',(48.2000001,5.,14.));
#1635 = SURFACE_CURVE('',#1636,(#1640,#1647),.PCURVE_S1.);
#1636 = LINE('',#1637,#1638);
#1637 = CARTESIAN_POINT('',(48.2000001,15.176094720957,14.));
#1638 = VECTOR('',#1639,1.);
#1639 = DIRECTION('',(-0.,-1.,-0.));
#1640 = PCURVE('',#476,#1641);
#1641 = DEFINITIONAL_REPRESENTATION('',(#1642),#1646);
#1642 = LINE('',#1643,#1644);
#1643 = CARTESIAN_POINT('',(8.2,-36.82390527904));
#1644 = VECTOR('',#1645,1.);
#1645 = DIRECTION('',(0.,-1.));
#1646 = ( GEOMETRIC_REPRESENTATION_CONTEXT(2) 
PARAMETRIC_REPRESENTATION_CONTEXT() REPRESENTATION_CONTEXT('2D SPACE',''
  ) );
#1647 = PCURVE('',#1648,#1653);
#1648 = CYLINDRICAL_SURFACE('',#1649,0.6);
#1649 = AXIS2_PLACEMENT_3D('',#1650,#1651,#1652);
#1650 = CARTESIAN_POINT('',(48.2000001,15.176094720957,13.4));
#1651 = DIRECTION('',(-0.,-1.,-0.));
#1652 = DIRECTION('',(0.,0.,1.));
#1653 = DEFINITIONAL_REPRESENTATION('',(#1654),#1658);
#1654 = LINE('',#1655,#1656);
#1655 = CARTESIAN_POINT('',(0.,0.));
#1656 = VECTOR('',#1657,1.);
#1657 = DIRECTION('',(0.,1.));
#1658 = ( GEOMETRIC_REPRESENTATION_CONTEXT(2) 
PARAMETRIC_REPRESENTATION_CONTEXT() REPRESENTATION_CONTEXT('2D SPACE',''
  ) );
#1659 = ORIENTED_EDGE('',*,*,#1660,.T.);
#1660 = EDGE_CURVE('',#1633,#1661,#1663,.T.);
#1661 = VERTEX_POINT('',#1662);
#1662 = CARTESIAN_POINT('',(45.0000001,1.8,14.));
#1663 = SURFACE_CURVE('',#1664,(#1669,#1680),.PCURVE_S1.);
#1664 = CIRCLE('',#1665,3.2);
#1665 = AXIS2_PLACEMENT_3D('',#1666,#1667,#1668);
#1666 = CARTESIAN_POINT('',(45.0000001,5.,14.));
#1667 = DIRECTION('',(0.,-0.,-1.));
#1668 = DIRECTION('',(1.,0.,-0.));
#1669 = PCURVE('',#476,#1670);
#1670 = DEFINITIONAL_REPRESENTATION('',(#1671),#1679);
#1671 = ( BOUNDED_CURVE() B_SPLINE_CURVE(2,(#1672,#1673,#1674,#1675,
#1676,#1677,#1678),.UNSPECIFIED.,.T.,.F.) B_SPLINE_CURVE_WITH_KNOTS((1,2
    ,2,2,2,1),(-2.094395102393,0.,2.094395102393,4.188790204786,
6.28318530718,8.377580409573),.UNSPECIFIED.) CURVE() 
GEOMETRIC_REPRESENTATION_ITEM() RATIONAL_B_SPLINE_CURVE((1.,0.5,1.,0.5,
1.,0.5,1.)) REPRESENTATION_ITEM('') );
#1672 = CARTESIAN_POINT('',(8.2,-47.));
#1673 = CARTESIAN_POINT('',(8.2,-52.54256258422));
#1674 = CARTESIAN_POINT('',(3.4,-49.77128129211));
#1675 = CARTESIAN_POINT('',(-1.4,-47.));
#1676 = CARTESIAN_POINT('',(3.4,-44.22871870789));
#1677 = CARTESIAN_POINT('',(8.2,-41.45743741578));
#1678 = CARTESIAN_POINT('',(8.2,-47.));
#1679 = ( GEOMETRIC_REPRESENTATION_CONTEXT(2) 
PARAMETRIC_REPRESENTATION_CONTEXT() REPRESENTATION_CONTEXT('2D SPACE',''
  ) );
#1680 = PCURVE('',#1681,#1686);
#1681 = TOROIDAL_SURFACE('',#1682,3.2,0.6);
#1682 = AXIS2_PLACEMENT_3D('',#1683,#1684,#1685);
#1683 = CARTESIAN_POINT('',(45.0000001,5.,13.4));
#1684 = DIRECTION('',(0.,0.,1.));
#1685 = DIRECTION('',(1.,0.,-0.));
#1686 = DEFINITIONAL_REPRESENTATION('',(#1687),#1691);
#1687 = LINE('',#1688,#1689);
#1688 = CARTESIAN_POINT('',(-0.,1.570796326795));
#1689 = VECTOR('',#1690,1.);
#1690 = DIRECTION('',(-1.,0.));
#1691 = ( GEOMETRIC_REPRESENTATION_CONTEXT(2) 
PARAMETRIC_REPRESENTATION_CONTEXT() REPRESENTATION_CONTEXT('2D SPACE',''
  ) );
#1692 = ORIENTED_EDGE('',*,*,#1693,.T.);
#1693 = EDGE_CURVE('',#1661,#1694,#1696,.T.);
#1694 = VERTEX_POINT('',#1695);
#1695 = CARTESIAN_POINT('',(35.0000001,1.8,14.));
#1696 = SURFACE_CURVE('',#1697,(#1701,#1708),.PCURVE_S1.);
#1697 = LINE('',#1698,#1699);
#1698 = CARTESIAN_POINT('',(45.0000001,1.8,14.));
#1699 = VECTOR('',#1700,1.);
#1700 = DIRECTION('',(-1.,0.,0.));
#1701 = PCURVE('',#476,#1702);
#1702 = DEFINITIONAL_REPRESENTATION('',(#1703),#1707);
#1703 = LINE('',#1704,#1705);
#1704 = CARTESIAN_POINT('',(5.,-50.2));
#1705 = VECTOR('',#1706,1.);
#1706 = DIRECTION('',(-1.,0.));
#1707 = ( GEOMETRIC_REPRESENTATION_CONTEXT(2) 
PARAMETRIC_REPRESENTATION_CONTEXT() REPRESENTATION_CONTEXT('2D SPACE',''
  ) );
#1708 = PCURVE('',#1709,#1714);
#1709 = CYLINDRICAL_SURFACE('',#1710,0.6);
#1710 = AXIS2_PLACEMENT_3D('',#1711,#1712,#1713);
#1711 = CARTESIAN_POINT('',(45.0000001,1.8,13.4));
#1712 = DIRECTION('',(-1.,0.,0.));
#1713 = DIRECTION('',(0.,0.,1.));
#1714 = DEFINITIONAL_REPRESENTATION('',(#1715),#1719);
#1715 = LINE('',#1716,#1717);
#1716 = CARTESIAN_POINT('',(0.,0.));
#1717 = VECTOR('',#1718,1.);
#1718 = DIRECTION('',(0.,1.));
#1719 = ( GEOMETRIC_REPRESENTATION_CONTEXT(2) 
PARAMETRIC_REPRESENTATION_CONTEXT() REPRESENTATION_CONTEXT('2D SPACE',''
  ) );
#1720 = ORIENTED_EDGE('',*,*,#1721,.T.);
#1721 = EDGE_CURVE('',#1694,#1722,#1724,.T.);
#1722 = VERTEX_POINT('',#1723);
#1723 = CARTESIAN_POINT('',(31.8000001,5.,14.));
#1724 = SURFACE_CURVE('',#1725,(#1730,#1741),.PCURVE_S1.);
#1725 = CIRCLE('',#1726,3.2);
#1726 = AXIS2_PLACEMENT_3D('',#1727,#1728,#1729);
#1727 = CARTESIAN_POINT('',(35.0000001,5.,14.));
#1728 = DIRECTION('',(-0.,-0.,-1.));
#1729 = DIRECTION('',(0.,-1.,0.));
#1730 = PCURVE('',#476,#1731);
#1731 = DEFINITIONAL_REPRESENTATION('',(#1732),#1740);
#1732 = ( BOUNDED_CURVE() B_SPLINE_CURVE(2,(#1733,#1734,#1735,#1736,
#1737,#1738,#1739),.UNSPECIFIED.,.T.,.F.) B_SPLINE_CURVE_WITH_KNOTS((1,2
    ,2,2,2,1),(-2.094395102393,0.,2.094395102393,4.188790204786,
6.28318530718,8.377580409573),.UNSPECIFIED.) CURVE() 
GEOMETRIC_REPRESENTATION_ITEM() RATIONAL_B_SPLINE_CURVE((1.,0.5,1.,0.5,
1.,0.5,1.)) REPRESENTATION_ITEM('') );
#1733 = CARTESIAN_POINT('',(-5.,-50.2));
#1734 = CARTESIAN_POINT('',(-10.54256258422,-50.2));
#1735 = CARTESIAN_POINT('',(-7.77128129211,-45.4));
#1736 = CARTESIAN_POINT('',(-5.,-40.6));
#1737 = CARTESIAN_POINT('',(-2.22871870789,-45.4));
#1738 = CARTESIAN_POINT('',(0.54256258422,-50.2));
#1739 = CARTESIAN_POINT('',(-5.,-50.2));
#1740 = ( GEOMETRIC_REPRESENTATION_CONTEXT(2) 
PARAMETRIC_REPRESENTATION_CONTEXT() REPRESENTATION_CONTEXT('2D SPACE',''
  ) );
#1741 = PCURVE('',#1742,#1747);
#1742 = TOROIDAL_SURFACE('',#1743,3.2,0.6);
#1743 = AXIS2_PLACEMENT_3D('',#1744,#1745,#1746);
#1744 = CARTESIAN_POINT('',(35.0000001,5.,13.4));
#1745 = DIRECTION('',(0.,0.,1.));
#1746 = DIRECTION('',(0.,-1.,0.));
#1747 = DEFINITIONAL_REPRESENTATION('',(#1748),#1752);
#1748 = LINE('',#1749,#1750);
#1749 = CARTESIAN_POINT('',(-0.,1.570796326795));
#1750 = VECTOR('',#1751,1.);
#1751 = DIRECTION('',(-1.,0.));
#1752 = ( GEOMETRIC_REPRESENTATION_CONTEXT(2) 
PARAMETRIC_REPRESENTATION_CONTEXT() REPRESENTATION_CONTEXT('2D SPACE',''
  ) );
#1753 = ORIENTED_EDGE('',*,*,#1754,.T.);
#1754 = EDGE_CURVE('',#1722,#1423,#1755,.T.);
#1755 = SURFACE_CURVE('',#1756,(#1760,#1767),.PCURVE_S1.);
#1756 = LINE('',#1757,#1758);
#1757 = CARTESIAN_POINT('',(31.8000001,5.,14.));
#1758 = VECTOR('',#1759,1.);
#1759 = DIRECTION('',(0.,1.,0.));
#1760 = PCURVE('',#476,#1761);
#1761 = DEFINITIONAL_REPRESENTATION('',(#1762),#1766);
#1762 = LINE('',#1763,#1764);
#1763 = CARTESIAN_POINT('',(-8.2,-47.));
#1764 = VECTOR('',#1765,1.);
#1765 = DIRECTION('',(0.,1.));
#1766 = ( GEOMETRIC_REPRESENTATION_CONTEXT(2) 
PARAMETRIC_REPRESENTATION_CONTEXT() REPRESENTATION_CONTEXT('2D SPACE',''
  ) );
#1767 = PCURVE('',#1768,#1773);
#1768 = CYLINDRICAL_SURFACE('',#1769,0.6);
#1769 = AXIS2_PLACEMENT_3D('',#1770,#1771,#1772);
#1770 = CARTESIAN_POINT('',(31.8000001,5.,13.4));
#1771 = DIRECTION('',(0.,1.,0.));
#1772 = DIRECTION('',(0.,-0.,1.));
#1773 = DEFINITIONAL_REPRESENTATION('',(#1774),#1778);
#1774 = LINE('',#1775,#1776);
#1775 = CARTESIAN_POINT('',(0.,0.));
#1776 = VECTOR('',#1777,1.);
#1777 = DIRECTION('',(0.,1.));
#1778 = ( GEOMETRIC_REPRESENTATION_CONTEXT(2) 
PARAMETRIC_REPRESENTATION_CONTEXT() REPRESENTATION_CONTEXT('2D SPACE',''
  ) );
#1779 = ADVANCED_FACE('',(#1780),#434,.T.);
#1780 = FACE_BOUND('',#1781,.F.);
#1781 = EDGE_LOOP('',(#1782,#1783,#1784,#1806));
#1782 = ORIENTED_EDGE('',*,*,#388,.F.);
#1783 = ORIENTED_EDGE('',*,*,#496,.T.);
#1784 = ORIENTED_EDGE('',*,*,#1785,.F.);
#1785 = EDGE_CURVE('',#1367,#497,#1786,.T.);
#1786 = SURFACE_CURVE('',#1787,(#1792,#1799),.PCURVE_S1.);
#1787 = CIRCLE('',#1788,0.6);
#1788 = AXIS2_PLACEMENT_3D('',#1789,#1790,#1791);
#1789 = CARTESIAN_POINT('',(49.4000001,5.,13.4));
#1790 = DIRECTION('',(0.,1.,0.));
#1791 = DIRECTION('',(0.,-0.,1.));
#1792 = PCURVE('',#434,#1793);
#1793 = DEFINITIONAL_REPRESENTATION('',(#1794),#1798);
#1794 = LINE('',#1795,#1796);
#1795 = CARTESIAN_POINT('',(-0.,8.270166537925));
#1796 = VECTOR('',#1797,1.);
#1797 = DIRECTION('',(-1.,0.));
#1798 = ( GEOMETRIC_REPRESENTATION_CONTEXT(2) 
PARAMETRIC_REPRESENTATION_CONTEXT() REPRESENTATION_CONTEXT('2D SPACE',''
  ) );
#1799 = PCURVE('',#1387,#1800);
#1800 = DEFINITIONAL_REPRESENTATION('',(#1801),#1805);
#1801 = LINE('',#1802,#1803);
#1802 = CARTESIAN_POINT('',(0.,4.712388980385));
#1803 = VECTOR('',#1804,1.);
#1804 = DIRECTION('',(0.,1.));
#1805 = ( GEOMETRIC_REPRESENTATION_CONTEXT(2) 
PARAMETRIC_REPRESENTATION_CONTEXT() REPRESENTATION_CONTEXT('2D SPACE',''
  ) );
#1806 = ORIENTED_EDGE('',*,*,#1399,.F.);
#1807 = ADVANCED_FACE('',(#1808),#535,.T.);
#1808 = FACE_BOUND('',#1809,.F.);
#1809 = EDGE_LOOP('',(#1810,#1811,#1835,#1863));
#1810 = ORIENTED_EDGE('',*,*,#519,.F.);
#1811 = ORIENTED_EDGE('',*,*,#1812,.F.);
#1812 = EDGE_CURVE('',#1813,#520,#1815,.T.);
#1813 = VERTEX_POINT('',#1814);
#1814 = CARTESIAN_POINT('',(45.0000001,0.,0.5));
#1815 = SURFACE_CURVE('',#1816,(#1821,#1828),.PCURVE_S1.);
#1816 = CIRCLE('',#1817,5.);
#1817 = AXIS2_PLACEMENT_3D('',#1818,#1819,#1820);
#1818 = CARTESIAN_POINT('',(45.0000001,5.,0.5));
#1819 = DIRECTION('',(0.,0.,1.));
#1820 = DIRECTION('',(0.,-1.,0.));
#1821 = PCURVE('',#535,#1822);
#1822 = DEFINITIONAL_REPRESENTATION('',(#1823),#1827);
#1823 = LINE('',#1824,#1825);
#1824 = CARTESIAN_POINT('',(-1.570796326795,0.5));
#1825 = VECTOR('',#1826,1.);
#1826 = DIRECTION('',(1.,-0.));
#1827 = ( GEOMETRIC_REPRESENTATION_CONTEXT(2) 
PARAMETRIC_REPRESENTATION_CONTEXT() REPRESENTATION_CONTEXT('2D SPACE',''
  ) );
#1828 = PCURVE('',#774,#1829);
#1829 = DEFINITIONAL_REPRESENTATION('',(#1830),#1834);
#1830 = LINE('',#1831,#1832);
#1831 = CARTESIAN_POINT('',(0.,0.));
#1832 = VECTOR('',#1833,1.);
#1833 = DIRECTION('',(1.,0.));
#1834 = ( GEOMETRIC_REPRESENTATION_CONTEXT(2) 
PARAMETRIC_REPRESENTATION_CONTEXT() REPRESENTATION_CONTEXT('2D SPACE',''
  ) );
#1835 = ORIENTED_EDGE('',*,*,#1836,.T.);
#1836 = EDGE_CURVE('',#1813,#1837,#1839,.T.);
#1837 = VERTEX_POINT('',#1838);
#1838 = CARTESIAN_POINT('',(45.0000001,0.,13.4));
#1839 = SURFACE_CURVE('',#1840,(#1844,#1851),.PCURVE_S1.);
#1840 = LINE('',#1841,#1842);
#1841 = CARTESIAN_POINT('',(45.0000001,0.,1.7763568394E-15));
#1842 = VECTOR('',#1843,1.);
#1843 = DIRECTION('',(0.,0.,1.));
#1844 = PCURVE('',#535,#1845);
#1845 = DEFINITIONAL_REPRESENTATION('',(#1846),#1850);
#1846 = LINE('',#1847,#1848);
#1847 = CARTESIAN_POINT('',(-1.570796326795,0.));
#1848 = VECTOR('',#1849,1.);
#1849 = DIRECTION('',(-0.,1.));
#1850 = ( GEOMETRIC_REPRESENTATION_CONTEXT(2) 
PARAMETRIC_REPRESENTATION_CONTEXT() REPRESENTATION_CONTEXT('2D SPACE',''
  ) );
#1851 = PCURVE('',#1852,#1857);
#1852 = PLANE('',#1853);
#1853 = AXIS2_PLACEMENT_3D('',#1854,#1855,#1856);
#1854 = CARTESIAN_POINT('',(30.0000001,0.,1.7763568394E-15));
#1855 = DIRECTION('',(0.,1.,0.));
#1856 = DIRECTION('',(0.,0.,1.));
#1857 = DEFINITIONAL_REPRESENTATION('',(#1858),#1862);
#1858 = LINE('',#1859,#1860);
#1859 = CARTESIAN_POINT('',(0.,15.));
#1860 = VECTOR('',#1861,1.);
#1861 = DIRECTION('',(1.,0.));
#1862 = ( GEOMETRIC_REPRESENTATION_CONTEXT(2) 
PARAMETRIC_REPRESENTATION_CONTEXT() REPRESENTATION_CONTEXT('2D SPACE',''
  ) );
#1863 = ORIENTED_EDGE('',*,*,#1864,.F.);
#1864 = EDGE_CURVE('',#497,#1837,#1865,.T.);
#1865 = SURFACE_CURVE('',#1866,(#1871,#1878),.PCURVE_S1.);
#1866 = CIRCLE('',#1867,5.);
#1867 = AXIS2_PLACEMENT_3D('',#1868,#1869,#1870);
#1868 = CARTESIAN_POINT('',(45.0000001,5.,13.4));
#1869 = DIRECTION('',(0.,0.,-1.));
#1870 = DIRECTION('',(1.,0.,0.));
#1871 = PCURVE('',#535,#1872);
#1872 = DEFINITIONAL_REPRESENTATION('',(#1873),#1877);
#1873 = LINE('',#1874,#1875);
#1874 = CARTESIAN_POINT('',(-0.,13.4));
#1875 = VECTOR('',#1876,1.);
#1876 = DIRECTION('',(-1.,0.));
#1877 = ( GEOMETRIC_REPRESENTATION_CONTEXT(2) 
PARAMETRIC_REPRESENTATION_CONTEXT() REPRESENTATION_CONTEXT('2D SPACE',''
  ) );
#1878 = PCURVE('',#1387,#1879);
#1879 = DEFINITIONAL_REPRESENTATION('',(#1880),#1884);
#1880 = LINE('',#1881,#1882);
#1881 = CARTESIAN_POINT('',(0.,6.28318530718));
#1882 = VECTOR('',#1883,1.);
#1883 = DIRECTION('',(1.,0.));
#1884 = ( GEOMETRIC_REPRESENTATION_CONTEXT(2) 
PARAMETRIC_REPRESENTATION_CONTEXT() REPRESENTATION_CONTEXT('2D SPACE',''
  ) );
#1885 = ADVANCED_FACE('',(#1886),#589,.T.);
#1886 = FACE_BOUND('',#1887,.F.);
#1887 = EDGE_LOOP('',(#1888,#1889,#1890,#1911));
#1888 = ORIENTED_EDGE('',*,*,#661,.F.);
#1889 = ORIENTED_EDGE('',*,*,#572,.T.);
#1890 = ORIENTED_EDGE('',*,*,#1891,.T.);
#1891 = EDGE_CURVE('',#573,#815,#1892,.T.);
#1892 = SURFACE_CURVE('',#1893,(#1897,#1904),.PCURVE_S1.);
#1893 = LINE('',#1894,#1895);
#1894 = CARTESIAN_POINT('',(45.0000001,104.,0.5));
#1895 = VECTOR('',#1896,1.);
#1896 = DIRECTION('',(-4.329780281177E-17,-0.707106781187,
    -0.707106781187));
#1897 = PCURVE('',#589,#1898);
#1898 = DEFINITIONAL_REPRESENTATION('',(#1899),#1903);
#1899 = LINE('',#1900,#1901);
#1900 = CARTESIAN_POINT('',(1.570796326795,-0.));
#1901 = VECTOR('',#1902,1.);
#1902 = DIRECTION('',(0.,-1.));
#1903 = ( GEOMETRIC_REPRESENTATION_CONTEXT(2) 
PARAMETRIC_REPRESENTATION_CONTEXT() REPRESENTATION_CONTEXT('2D SPACE',''
  ) );
#1904 = PCURVE('',#854,#1905);
#1905 = DEFINITIONAL_REPRESENTATION('',(#1906),#1910);
#1906 = LINE('',#1907,#1908);
#1907 = CARTESIAN_POINT('',(0.,-0.353553390593));
#1908 = VECTOR('',#1909,1.);
#1909 = DIRECTION('',(4.329780281177E-17,1.));
#1910 = ( GEOMETRIC_REPRESENTATION_CONTEXT(2) 
PARAMETRIC_REPRESENTATION_CONTEXT() REPRESENTATION_CONTEXT('2D SPACE',''
  ) );
#1911 = ORIENTED_EDGE('',*,*,#814,.F.);
#1912 = ADVANCED_FACE('',(#1913),#644,.T.);
#1913 = FACE_BOUND('',#1914,.T.);
#1914 = EDGE_LOOP('',(#1915,#1916,#1917,#1939));
#1915 = ORIENTED_EDGE('',*,*,#732,.F.);
#1916 = ORIENTED_EDGE('',*,*,#629,.T.);
#1917 = ORIENTED_EDGE('',*,*,#1918,.T.);
#1918 = EDGE_CURVE('',#602,#1136,#1919,.T.);
#1919 = SURFACE_CURVE('',#1920,(#1925,#1932),.PCURVE_S1.);
#1920 = CIRCLE('',#1921,0.6);
#1921 = AXIS2_PLACEMENT_3D('',#1922,#1923,#1924);
#1922 = CARTESIAN_POINT('',(45.0000001,103.4,13.4));
#1923 = DIRECTION('',(1.,-6.123233995737E-17,0.));
#1924 = DIRECTION('',(6.123233995737E-17,1.,0.));
#1925 = PCURVE('',#644,#1926);
#1926 = DEFINITIONAL_REPRESENTATION('',(#1927),#1931);
#1927 = LINE('',#1928,#1929);
#1928 = CARTESIAN_POINT('',(1.570796326795,0.));
#1929 = VECTOR('',#1930,1.);
#1930 = DIRECTION('',(0.,1.));
#1931 = ( GEOMETRIC_REPRESENTATION_CONTEXT(2) 
PARAMETRIC_REPRESENTATION_CONTEXT() REPRESENTATION_CONTEXT('2D SPACE',''
  ) );
#1932 = PCURVE('',#1175,#1933);
#1933 = DEFINITIONAL_REPRESENTATION('',(#1934),#1938);
#1934 = LINE('',#1935,#1936);
#1935 = CARTESIAN_POINT('',(-0.,0.));
#1936 = VECTOR('',#1937,1.);
#1937 = DIRECTION('',(-1.,0.));
#1938 = ( GEOMETRIC_REPRESENTATION_CONTEXT(2) 
PARAMETRIC_REPRESENTATION_CONTEXT() REPRESENTATION_CONTEXT('2D SPACE',''
  ) );
#1939 = ORIENTED_EDGE('',*,*,#1135,.F.);
#1940 = ADVANCED_FACE('',(#1941),#617,.T.);
#1941 = FACE_BOUND('',#1942,.T.);
#1942 = EDGE_LOOP('',(#1943,#1973,#1994,#1995));
#1943 = ORIENTED_EDGE('',*,*,#1944,.T.);
#1944 = EDGE_CURVE('',#1945,#1947,#1949,.T.);
#1945 = VERTEX_POINT('',#1946);
#1946 = CARTESIAN_POINT('',(35.0000001,104.,0.5));
#1947 = VERTEX_POINT('',#1948);
#1948 = CARTESIAN_POINT('',(35.0000001,104.,13.4));
#1949 = SURFACE_CURVE('',#1950,(#1954,#1961),.PCURVE_S1.);
#1950 = LINE('',#1951,#1952);
#1951 = CARTESIAN_POINT('',(35.0000001,104.,1.7763568394E-15));
#1952 = VECTOR('',#1953,1.);
#1953 = DIRECTION('',(0.,0.,1.));
#1954 = PCURVE('',#617,#1955);
#1955 = DEFINITIONAL_REPRESENTATION('',(#1956),#1960);
#1956 = LINE('',#1957,#1958);
#1957 = CARTESIAN_POINT('',(0.,5.));
#1958 = VECTOR('',#1959,1.);
#1959 = DIRECTION('',(1.,0.));
#1960 = ( GEOMETRIC_REPRESENTATION_CONTEXT(2) 
PARAMETRIC_REPRESENTATION_CONTEXT() REPRESENTATION_CONTEXT('2D SPACE',''
  ) );
#1961 = PCURVE('',#1962,#1967);
#1962 = CYLINDRICAL_SURFACE('',#1963,5.);
#1963 = AXIS2_PLACEMENT_3D('',#1964,#1965,#1966);
#1964 = CARTESIAN_POINT('',(35.0000001,99.,1.7763568394E-15));
#1965 = DIRECTION('',(0.,0.,1.));
#1966 = DIRECTION('',(-1.,-0.,0.));
#1967 = DEFINITIONAL_REPRESENTATION('',(#1968),#1972);
#1968 = LINE('',#1969,#1970);
#1969 = CARTESIAN_POINT('',(-1.570796326795,0.));
#1970 = VECTOR('',#1971,1.);
#1971 = DIRECTION('',(-0.,1.));
#1972 = ( GEOMETRIC_REPRESENTATION_CONTEXT(2) 
PARAMETRIC_REPRESENTATION_CONTEXT() REPRESENTATION_CONTEXT('2D SPACE',''
  ) );
#1973 = ORIENTED_EDGE('',*,*,#1974,.F.);
#1974 = EDGE_CURVE('',#602,#1947,#1975,.T.);
#1975 = SURFACE_CURVE('',#1976,(#1980,#1987),.PCURVE_S1.);
#1976 = LINE('',#1977,#1978);
#1977 = CARTESIAN_POINT('',(45.0000001,104.,13.4));
#1978 = VECTOR('',#1979,1.);
#1979 = DIRECTION('',(-1.,-0.,-0.));
#1980 = PCURVE('',#617,#1981);
#1981 = DEFINITIONAL_REPRESENTATION('',(#1982),#1986);
#1982 = LINE('',#1983,#1984);
#1983 = CARTESIAN_POINT('',(13.4,15.));
#1984 = VECTOR('',#1985,1.);
#1985 = DIRECTION('',(0.,-1.));
#1986 = ( GEOMETRIC_REPRESENTATION_CONTEXT(2) 
PARAMETRIC_REPRESENTATION_CONTEXT() REPRESENTATION_CONTEXT('2D SPACE',''
  ) );
#1987 = PCURVE('',#1175,#1988);
#1988 = DEFINITIONAL_REPRESENTATION('',(#1989),#1993);
#1989 = LINE('',#1990,#1991);
#1990 = CARTESIAN_POINT('',(-0.,0.));
#1991 = VECTOR('',#1992,1.);
#1992 = DIRECTION('',(-0.,1.));
#1993 = ( GEOMETRIC_REPRESENTATION_CONTEXT(2) 
PARAMETRIC_REPRESENTATION_CONTEXT() REPRESENTATION_CONTEXT('2D SPACE',''
  ) );
#1994 = ORIENTED_EDGE('',*,*,#601,.F.);
#1995 = ORIENTED_EDGE('',*,*,#1996,.T.);
#1996 = EDGE_CURVE('',#573,#1945,#1997,.T.);
#1997 = SURFACE_CURVE('',#1998,(#2002,#2009),.PCURVE_S1.);
#1998 = LINE('',#1999,#2000);
#1999 = CARTESIAN_POINT('',(45.0000001,104.,0.5));
#2000 = VECTOR('',#2001,1.);
#2001 = DIRECTION('',(-1.,-0.,-0.));
#2002 = PCURVE('',#617,#2003);
#2003 = DEFINITIONAL_REPRESENTATION('',(#2004),#2008);
#2004 = LINE('',#2005,#2006);
#2005 = CARTESIAN_POINT('',(0.5,15.));
#2006 = VECTOR('',#2007,1.);
#2007 = DIRECTION('',(0.,-1.));
#2008 = ( GEOMETRIC_REPRESENTATION_CONTEXT(2) 
PARAMETRIC_REPRESENTATION_CONTEXT() REPRESENTATION_CONTEXT('2D SPACE',''
  ) );
#2009 = PCURVE('',#854,#2010);
#2010 = DEFINITIONAL_REPRESENTATION('',(#2011),#2015);
#2011 = LINE('',#2012,#2013);
#2012 = CARTESIAN_POINT('',(0.,-0.353553390593));
#2013 = VECTOR('',#2014,1.);
#2014 = DIRECTION('',(1.,0.));
#2015 = ( GEOMETRIC_REPRESENTATION_CONTEXT(2) 
PARAMETRIC_REPRESENTATION_CONTEXT() REPRESENTATION_CONTEXT('2D SPACE',''
  ) );
#2016 = ADVANCED_FACE('',(#2017),#774,.T.);
#2017 = FACE_BOUND('',#2018,.T.);
#2018 = EDGE_LOOP('',(#2019,#2040,#2041,#2042));
#2019 = ORIENTED_EDGE('',*,*,#2020,.F.);
#2020 = EDGE_CURVE('',#1010,#1813,#2021,.T.);
#2021 = SURFACE_CURVE('',#2022,(#2026,#2033),.PCURVE_S1.);
#2022 = LINE('',#2023,#2024);
#2023 = CARTESIAN_POINT('',(45.0000001,0.25,0.25));
#2024 = VECTOR('',#2025,1.);
#2025 = DIRECTION('',(0.,-0.707106781187,0.707106781187));
#2026 = PCURVE('',#774,#2027);
#2027 = DEFINITIONAL_REPRESENTATION('',(#2028),#2032);
#2028 = LINE('',#2029,#2030);
#2029 = CARTESIAN_POINT('',(0.,-0.25));
#2030 = VECTOR('',#2031,1.);
#2031 = DIRECTION('',(0.,1.));
#2032 = ( GEOMETRIC_REPRESENTATION_CONTEXT(2) 
PARAMETRIC_REPRESENTATION_CONTEXT() REPRESENTATION_CONTEXT('2D SPACE',''
  ) );
#2033 = PCURVE('',#1025,#2034);
#2034 = DEFINITIONAL_REPRESENTATION('',(#2035),#2039);
#2035 = LINE('',#2036,#2037);
#2036 = CARTESIAN_POINT('',(10.,0.));
#2037 = VECTOR('',#2038,1.);
#2038 = DIRECTION('',(0.,1.));
#2039 = ( GEOMETRIC_REPRESENTATION_CONTEXT(2) 
PARAMETRIC_REPRESENTATION_CONTEXT() REPRESENTATION_CONTEXT('2D SPACE',''
  ) );
#2040 = ORIENTED_EDGE('',*,*,#1037,.T.);
#2041 = ORIENTED_EDGE('',*,*,#758,.T.);
#2042 = ORIENTED_EDGE('',*,*,#1812,.F.);
#2043 = ADVANCED_FACE('',(#2044),#1025,.T.);
#2044 = FACE_BOUND('',#2045,.T.);
#2045 = EDGE_LOOP('',(#2046,#2069,#2070,#2071));
#2046 = ORIENTED_EDGE('',*,*,#2047,.F.);
#2047 = EDGE_CURVE('',#981,#2048,#2050,.T.);
#2048 = VERTEX_POINT('',#2049);
#2049 = CARTESIAN_POINT('',(35.0000001,0.,0.5));
#2050 = SURFACE_CURVE('',#2051,(#2055,#2062),.PCURVE_S1.);
#2051 = LINE('',#2052,#2053);
#2052 = CARTESIAN_POINT('',(35.0000001,0.,0.5));
#2053 = VECTOR('',#2054,1.);
#2054 = DIRECTION('',(-4.329780281177E-17,-0.707106781187,0.707106781187
    ));
#2055 = PCURVE('',#1025,#2056);
#2056 = DEFINITIONAL_REPRESENTATION('',(#2057),#2061);
#2057 = LINE('',#2058,#2059);
#2058 = CARTESIAN_POINT('',(0.,0.353553390593));
#2059 = VECTOR('',#2060,1.);
#2060 = DIRECTION('',(-4.329780281177E-17,1.));
#2061 = ( GEOMETRIC_REPRESENTATION_CONTEXT(2) 
PARAMETRIC_REPRESENTATION_CONTEXT() REPRESENTATION_CONTEXT('2D SPACE',''
  ) );
#2062 = PCURVE('',#997,#2063);
#2063 = DEFINITIONAL_REPRESENTATION('',(#2064),#2068);
#2064 = LINE('',#2065,#2066);
#2065 = CARTESIAN_POINT('',(1.570796326795,0.));
#2066 = VECTOR('',#2067,1.);
#2067 = DIRECTION('',(0.,1.));
#2068 = ( GEOMETRIC_REPRESENTATION_CONTEXT(2) 
PARAMETRIC_REPRESENTATION_CONTEXT() REPRESENTATION_CONTEXT('2D SPACE',''
  ) );
#2069 = ORIENTED_EDGE('',*,*,#1009,.T.);
#2070 = ORIENTED_EDGE('',*,*,#2020,.T.);
#2071 = ORIENTED_EDGE('',*,*,#2072,.F.);
#2072 = EDGE_CURVE('',#2048,#1813,#2073,.T.);
#2073 = SURFACE_CURVE('',#2074,(#2078,#2085),.PCURVE_S1.);
#2074 = LINE('',#2075,#2076);
#2075 = CARTESIAN_POINT('',(35.0000001,0.,0.5));
#2076 = VECTOR('',#2077,1.);
#2077 = DIRECTION('',(1.,0.,0.));
#2078 = PCURVE('',#1025,#2079);
#2079 = DEFINITIONAL_REPRESENTATION('',(#2080),#2084);
#2080 = LINE('',#2081,#2082);
#2081 = CARTESIAN_POINT('',(0.,0.353553390593));
#2082 = VECTOR('',#2083,1.);
#2083 = DIRECTION('',(1.,0.));
#2084 = ( GEOMETRIC_REPRESENTATION_CONTEXT(2) 
PARAMETRIC_REPRESENTATION_CONTEXT() REPRESENTATION_CONTEXT('2D SPACE',''
  ) );
#2085 = PCURVE('',#1852,#2086);
#2086 = DEFINITIONAL_REPRESENTATION('',(#2087),#2091);
#2087 = LINE('',#2088,#2089);
#2088 = CARTESIAN_POINT('',(0.5,5.));
#2089 = VECTOR('',#2090,1.);
#2090 = DIRECTION('',(0.,1.));
#2091 = ( GEOMETRIC_REPRESENTATION_CONTEXT(2) 
PARAMETRIC_REPRESENTATION_CONTEXT() REPRESENTATION_CONTEXT('2D SPACE',''
  ) );
#2092 = ADVANCED_FACE('',(#2093),#854,.F.);
#2093 = FACE_BOUND('',#2094,.F.);
#2094 = EDGE_LOOP('',(#2095,#2096,#2097,#2118));
#2095 = ORIENTED_EDGE('',*,*,#1891,.F.);
#2096 = ORIENTED_EDGE('',*,*,#1996,.T.);
#2097 = ORIENTED_EDGE('',*,*,#2098,.T.);
#2098 = EDGE_CURVE('',#1945,#839,#2099,.T.);
#2099 = SURFACE_CURVE('',#2100,(#2104,#2111),.PCURVE_S1.);
#2100 = LINE('',#2101,#2102);
#2101 = CARTESIAN_POINT('',(35.0000001,103.75,0.25));
#2102 = VECTOR('',#2103,1.);
#2103 = DIRECTION('',(0.,-0.707106781187,-0.707106781187));
#2104 = PCURVE('',#854,#2105);
#2105 = DEFINITIONAL_REPRESENTATION('',(#2106),#2110);
#2106 = LINE('',#2107,#2108);
#2107 = CARTESIAN_POINT('',(10.,-0.));
#2108 = VECTOR('',#2109,1.);
#2109 = DIRECTION('',(0.,1.));
#2110 = ( GEOMETRIC_REPRESENTATION_CONTEXT(2) 
PARAMETRIC_REPRESENTATION_CONTEXT() REPRESENTATION_CONTEXT('2D SPACE',''
  ) );
#2111 = PCURVE('',#883,#2112);
#2112 = DEFINITIONAL_REPRESENTATION('',(#2113),#2117);
#2113 = LINE('',#2114,#2115);
#2114 = CARTESIAN_POINT('',(0.,-0.25));
#2115 = VECTOR('',#2116,1.);
#2116 = DIRECTION('',(0.,-1.));
#2117 = ( GEOMETRIC_REPRESENTATION_CONTEXT(2) 
PARAMETRIC_REPRESENTATION_CONTEXT() REPRESENTATION_CONTEXT('2D SPACE',''
  ) );
#2118 = ORIENTED_EDGE('',*,*,#838,.F.);
#2119 = ADVANCED_FACE('',(#2120),#997,.T.);
#2120 = FACE_BOUND('',#2121,.T.);
#2121 = EDGE_LOOP('',(#2122,#2145,#2146,#2147));
#2122 = ORIENTED_EDGE('',*,*,#2123,.F.);
#2123 = EDGE_CURVE('',#953,#2124,#2126,.T.);
#2124 = VERTEX_POINT('',#2125);
#2125 = CARTESIAN_POINT('',(30.0000001,5.,0.5));
#2126 = SURFACE_CURVE('',#2127,(#2131,#2138),.PCURVE_S1.);
#2127 = LINE('',#2128,#2129);
#2128 = CARTESIAN_POINT('',(30.2500001,5.,0.25));
#2129 = VECTOR('',#2130,1.);
#2130 = DIRECTION('',(-0.707106781187,-0.,0.707106781187));
#2131 = PCURVE('',#997,#2132);
#2132 = DEFINITIONAL_REPRESENTATION('',(#2133),#2137);
#2133 = LINE('',#2134,#2135);
#2134 = CARTESIAN_POINT('',(0.,-0.25));
#2135 = VECTOR('',#2136,1.);
#2136 = DIRECTION('',(0.,1.));
#2137 = ( GEOMETRIC_REPRESENTATION_CONTEXT(2) 
PARAMETRIC_REPRESENTATION_CONTEXT() REPRESENTATION_CONTEXT('2D SPACE',''
  ) );
#2138 = PCURVE('',#968,#2139);
#2139 = DEFINITIONAL_REPRESENTATION('',(#2140),#2144);
#2140 = LINE('',#2141,#2142);
#2141 = CARTESIAN_POINT('',(8.270166537926,0.));
#2142 = VECTOR('',#2143,1.);
#2143 = DIRECTION('',(0.,1.));
#2144 = ( GEOMETRIC_REPRESENTATION_CONTEXT(2) 
PARAMETRIC_REPRESENTATION_CONTEXT() REPRESENTATION_CONTEXT('2D SPACE',''
  ) );
#2145 = ORIENTED_EDGE('',*,*,#980,.T.);
#2146 = ORIENTED_EDGE('',*,*,#2047,.T.);
#2147 = ORIENTED_EDGE('',*,*,#2148,.F.);
#2148 = EDGE_CURVE('',#2124,#2048,#2149,.T.);
#2149 = SURFACE_CURVE('',#2150,(#2155,#2162),.PCURVE_S1.);
#2150 = CIRCLE('',#2151,5.);
#2151 = AXIS2_PLACEMENT_3D('',#2152,#2153,#2154);
#2152 = CARTESIAN_POINT('',(35.0000001,5.,0.5));
#2153 = DIRECTION('',(0.,0.,1.));
#2154 = DIRECTION('',(-1.,0.,0.));
#2155 = PCURVE('',#997,#2156);
#2156 = DEFINITIONAL_REPRESENTATION('',(#2157),#2161);
#2157 = LINE('',#2158,#2159);
#2158 = CARTESIAN_POINT('',(0.,0.));
#2159 = VECTOR('',#2160,1.);
#2160 = DIRECTION('',(1.,0.));
#2161 = ( GEOMETRIC_REPRESENTATION_CONTEXT(2) 
PARAMETRIC_REPRESENTATION_CONTEXT() REPRESENTATION_CONTEXT('2D SPACE',''
  ) );
#2162 = PCURVE('',#2163,#2168);
#2163 = CYLINDRICAL_SURFACE('',#2164,5.);
#2164 = AXIS2_PLACEMENT_3D('',#2165,#2166,#2167);
#2165 = CARTESIAN_POINT('',(35.0000001,5.,1.7763568394E-15));
#2166 = DIRECTION('',(0.,0.,1.));
#2167 = DIRECTION('',(-1.,-0.,0.));
#2168 = DEFINITIONAL_REPRESENTATION('',(#2169),#2173);
#2169 = LINE('',#2170,#2171);
#2170 = CARTESIAN_POINT('',(0.,0.5));
#2171 = VECTOR('',#2172,1.);
#2172 = DIRECTION('',(1.,0.));
#2173 = ( GEOMETRIC_REPRESENTATION_CONTEXT(2) 
PARAMETRIC_REPRESENTATION_CONTEXT() REPRESENTATION_CONTEXT('2D SPACE',''
  ) );
#2174 = ADVANCED_FACE('',(#2175),#883,.T.);
#2175 = FACE_BOUND('',#2176,.F.);
#2176 = EDGE_LOOP('',(#2177,#2178,#2202,#2223));
#2177 = ORIENTED_EDGE('',*,*,#2098,.F.);
#2178 = ORIENTED_EDGE('',*,*,#2179,.T.);
#2179 = EDGE_CURVE('',#1945,#2180,#2182,.T.);
#2180 = VERTEX_POINT('',#2181);
#2181 = CARTESIAN_POINT('',(30.0000001,99.,0.5));
#2182 = SURFACE_CURVE('',#2183,(#2188,#2195),.PCURVE_S1.);
#2183 = CIRCLE('',#2184,5.);
#2184 = AXIS2_PLACEMENT_3D('',#2185,#2186,#2187);
#2185 = CARTESIAN_POINT('',(35.0000001,99.,0.5));
#2186 = DIRECTION('',(0.,-0.,1.));
#2187 = DIRECTION('',(0.,1.,0.));
#2188 = PCURVE('',#883,#2189);
#2189 = DEFINITIONAL_REPRESENTATION('',(#2190),#2194);
#2190 = LINE('',#2191,#2192);
#2191 = CARTESIAN_POINT('',(0.,-0.));
#2192 = VECTOR('',#2193,1.);
#2193 = DIRECTION('',(1.,-0.));
#2194 = ( GEOMETRIC_REPRESENTATION_CONTEXT(2) 
PARAMETRIC_REPRESENTATION_CONTEXT() REPRESENTATION_CONTEXT('2D SPACE',''
  ) );
#2195 = PCURVE('',#1962,#2196);
#2196 = DEFINITIONAL_REPRESENTATION('',(#2197),#2201);
#2197 = LINE('',#2198,#2199);
#2198 = CARTESIAN_POINT('',(-1.570796326795,0.5));
#2199 = VECTOR('',#2200,1.);
#2200 = DIRECTION('',(1.,-0.));
#2201 = ( GEOMETRIC_REPRESENTATION_CONTEXT(2) 
PARAMETRIC_REPRESENTATION_CONTEXT() REPRESENTATION_CONTEXT('2D SPACE',''
  ) );
#2202 = ORIENTED_EDGE('',*,*,#2203,.T.);
#2203 = EDGE_CURVE('',#2180,#867,#2204,.T.);
#2204 = SURFACE_CURVE('',#2205,(#2209,#2216),.PCURVE_S1.);
#2205 = LINE('',#2206,#2207);
#2206 = CARTESIAN_POINT('',(30.0000001,99.,0.5));
#2207 = VECTOR('',#2208,1.);
#2208 = DIRECTION('',(0.707106781187,-4.329780281177E-17,-0.707106781187
    ));
#2209 = PCURVE('',#883,#2210);
#2210 = DEFINITIONAL_REPRESENTATION('',(#2211),#2215);
#2211 = LINE('',#2212,#2213);
#2212 = CARTESIAN_POINT('',(1.570796326795,-0.));
#2213 = VECTOR('',#2214,1.);
#2214 = DIRECTION('',(0.,-1.));
#2215 = ( GEOMETRIC_REPRESENTATION_CONTEXT(2) 
PARAMETRIC_REPRESENTATION_CONTEXT() REPRESENTATION_CONTEXT('2D SPACE',''
  ) );
#2216 = PCURVE('',#911,#2217);
#2217 = DEFINITIONAL_REPRESENTATION('',(#2218),#2222);
#2218 = LINE('',#2219,#2220);
#2219 = CARTESIAN_POINT('',(-0.,-0.353553390593));
#2220 = VECTOR('',#2221,1.);
#2221 = DIRECTION('',(-4.329780281177E-17,1.));
#2222 = ( GEOMETRIC_REPRESENTATION_CONTEXT(2) 
PARAMETRIC_REPRESENTATION_CONTEXT() REPRESENTATION_CONTEXT('2D SPACE',''
  ) );
#2223 = ORIENTED_EDGE('',*,*,#866,.F.);
#2224 = ADVANCED_FACE('',(#2225),#968,.T.);
#2225 = FACE_BOUND('',#2226,.T.);
#2226 = EDGE_LOOP('',(#2227,#2254,#2255,#2256));
#2227 = ORIENTED_EDGE('',*,*,#2228,.F.);
#2228 = EDGE_CURVE('',#924,#2229,#2231,.T.);
#2229 = VERTEX_POINT('',#2230);
#2230 = CARTESIAN_POINT('',(30.0000001,13.270166537926,0.5));
#2231 = SURFACE_CURVE('',#2232,(#2237,#2244),.PCURVE_S1.);
#2232 = PARABOLA('',#2233,10.606601717798);
#2233 = AXIS2_PLACEMENT_3D('',#2234,#2235,#2236);
#2234 = CARTESIAN_POINT('',(55.0000001,52.,-24.5));
#2235 = DIRECTION('',(0.707106781187,0.,0.707106781187));
#2236 = DIRECTION('',(-0.707106781187,0.,0.707106781187));
#2237 = PCURVE('',#968,#2238);
#2238 = DEFINITIONAL_REPRESENTATION('',(#2239),#2243);
#2239 = PARABOLA('',#2240,10.606601717798);
#2240 = AXIS2_PLACEMENT_2D('',#2241,#2242);
#2241 = CARTESIAN_POINT('',(-38.72983346207,-35.00178566873));
#2242 = DIRECTION('',(-0.,1.));
#2243 = ( GEOMETRIC_REPRESENTATION_CONTEXT(2) 
PARAMETRIC_REPRESENTATION_CONTEXT() REPRESENTATION_CONTEXT('2D SPACE',''
  ) );
#2244 = PCURVE('',#940,#2245);
#2245 = DEFINITIONAL_REPRESENTATION('',(#2246),#2253);
#2246 = B_SPLINE_CURVE_WITH_KNOTS('',5,(#2247,#2248,#2249,#2250,#2251,
    #2252),.UNSPECIFIED.,.F.,.F.,(6,6),(38.340579025362,38.729833462074)
  ,.PIECEWISE_BEZIER_KNOTS.);
#2247 = CARTESIAN_POINT('',(2.646024940561,-0.5));
#2248 = CARTESIAN_POINT('',(2.644054032021,-0.400505063388));
#2249 = CARTESIAN_POINT('',(2.642089329032,-0.300757595082));
#2250 = CARTESIAN_POINT('',(2.640130800492,-0.200757595082));
#2251 = CARTESIAN_POINT('',(2.638178415489,-0.100505063388));
#2252 = CARTESIAN_POINT('',(2.636232143306,1.900701818158E-13));
#2253 = ( GEOMETRIC_REPRESENTATION_CONTEXT(2) 
PARAMETRIC_REPRESENTATION_CONTEXT() REPRESENTATION_CONTEXT('2D SPACE',''
  ) );
#2254 = ORIENTED_EDGE('',*,*,#952,.T.);
#2255 = ORIENTED_EDGE('',*,*,#2123,.T.);
#2256 = ORIENTED_EDGE('',*,*,#2257,.F.);
#2257 = EDGE_CURVE('',#2229,#2124,#2258,.T.);
#2258 = SURFACE_CURVE('',#2259,(#2263,#2270),.PCURVE_S1.);
#2259 = LINE('',#2260,#2261);
#2260 = CARTESIAN_POINT('',(30.0000001,13.270166537926,0.5));
#2261 = VECTOR('',#2262,1.);
#2262 = DIRECTION('',(-0.,-1.,-0.));
#2263 = PCURVE('',#968,#2264);
#2264 = DEFINITIONAL_REPRESENTATION('',(#2265),#2269);
#2265 = LINE('',#2266,#2267);
#2266 = CARTESIAN_POINT('',(-0.,0.353553390593));
#2267 = VECTOR('',#2268,1.);
#2268 = DIRECTION('',(1.,0.));
#2269 = ( GEOMETRIC_REPRESENTATION_CONTEXT(2) 
PARAMETRIC_REPRESENTATION_CONTEXT() REPRESENTATION_CONTEXT('2D SPACE',''
  ) );
#2270 = PCURVE('',#2271,#2276);
#2271 = PLANE('',#2272);
#2272 = AXIS2_PLACEMENT_3D('',#2273,#2274,#2275);
#2273 = CARTESIAN_POINT('',(30.0000001,0.,1.7763568394E-15));
#2274 = DIRECTION('',(1.,0.,0.));
#2275 = DIRECTION('',(0.,0.,1.));
#2276 = DEFINITIONAL_REPRESENTATION('',(#2277),#2281);
#2277 = LINE('',#2278,#2279);
#2278 = CARTESIAN_POINT('',(0.5,-13.27016653792));
#2279 = VECTOR('',#2280,1.);
#2280 = DIRECTION('',(0.,1.));
#2281 = ( GEOMETRIC_REPRESENTATION_CONTEXT(2) 
PARAMETRIC_REPRESENTATION_CONTEXT() REPRESENTATION_CONTEXT('2D SPACE',''
  ) );
#2282 = ADVANCED_FACE('',(#2283),#911,.T.);
#2283 = FACE_BOUND('',#2284,.F.);
#2284 = EDGE_LOOP('',(#2285,#2286,#2314,#2339));
#2285 = ORIENTED_EDGE('',*,*,#2203,.F.);
#2286 = ORIENTED_EDGE('',*,*,#2287,.T.);
#2287 = EDGE_CURVE('',#2180,#2288,#2290,.T.);
#2288 = VERTEX_POINT('',#2289);
#2289 = CARTESIAN_POINT('',(30.0000001,90.729833462074,0.5));
#2290 = SURFACE_CURVE('',#2291,(#2295,#2302),.PCURVE_S1.);
#2291 = LINE('',#2292,#2293);
#2292 = CARTESIAN_POINT('',(30.0000001,99.,0.5));
#2293 = VECTOR('',#2294,1.);
#2294 = DIRECTION('',(-0.,-1.,-0.));
#2295 = PCURVE('',#911,#2296);
#2296 = DEFINITIONAL_REPRESENTATION('',(#2297),#2301);
#2297 = LINE('',#2298,#2299);
#2298 = CARTESIAN_POINT('',(-0.,-0.353553390593));
#2299 = VECTOR('',#2300,1.);
#2300 = DIRECTION('',(-1.,0.));
#2301 = ( GEOMETRIC_REPRESENTATION_CONTEXT(2) 
PARAMETRIC_REPRESENTATION_CONTEXT() REPRESENTATION_CONTEXT('2D SPACE',''
  ) );
#2302 = PCURVE('',#2303,#2308);
#2303 = PLANE('',#2304);
#2304 = AXIS2_PLACEMENT_3D('',#2305,#2306,#2307);
#2305 = CARTESIAN_POINT('',(30.0000001,76.,1.7763568394E-15));
#2306 = DIRECTION('',(1.,0.,0.));
#2307 = DIRECTION('',(0.,0.,1.));
#2308 = DEFINITIONAL_REPRESENTATION('',(#2309),#2313);
#2309 = LINE('',#2310,#2311);
#2310 = CARTESIAN_POINT('',(0.5,-23.));
#2311 = VECTOR('',#2312,1.);
#2312 = DIRECTION('',(0.,1.));
#2313 = ( GEOMETRIC_REPRESENTATION_CONTEXT(2) 
PARAMETRIC_REPRESENTATION_CONTEXT() REPRESENTATION_CONTEXT('2D SPACE',''
  ) );
#2314 = ORIENTED_EDGE('',*,*,#2315,.T.);
#2315 = EDGE_CURVE('',#2288,#896,#2316,.T.);
#2316 = SURFACE_CURVE('',#2317,(#2322,#2329),.PCURVE_S1.);
#2317 = PARABOLA('',#2318,10.606601717798);
#2318 = AXIS2_PLACEMENT_3D('',#2319,#2320,#2321);
#2319 = CARTESIAN_POINT('',(55.0000001,52.,-24.5));
#2320 = DIRECTION('',(0.707106781187,0.,0.707106781187));
#2321 = DIRECTION('',(-0.707106781187,0.,0.707106781187));
#2322 = PCURVE('',#911,#2323);
#2323 = DEFINITIONAL_REPRESENTATION('',(#2324),#2328);
#2324 = PARABOLA('',#2325,10.606601717798);
#2325 = AXIS2_PLACEMENT_2D('',#2326,#2327);
#2326 = CARTESIAN_POINT('',(-47.,35.001785668734));
#2327 = DIRECTION('',(-0.,-1.));
#2328 = ( GEOMETRIC_REPRESENTATION_CONTEXT(2) 
PARAMETRIC_REPRESENTATION_CONTEXT() REPRESENTATION_CONTEXT('2D SPACE',''
  ) );
#2329 = PCURVE('',#940,#2330);
#2330 = DEFINITIONAL_REPRESENTATION('',(#2331),#2338);
#2331 = B_SPLINE_CURVE_WITH_KNOTS('',5,(#2332,#2333,#2334,#2335,#2336,
    #2337),.UNSPECIFIED.,.F.,.F.,(6,6),(-38.72983346207,-38.34057902536)
  ,.PIECEWISE_BEZIER_KNOTS.);
#2332 = CARTESIAN_POINT('',(3.730349362741E-14,0.));
#2333 = CARTESIAN_POINT('',(-1.946272183526E-03,-0.100505063388));
#2334 = CARTESIAN_POINT('',(-3.898657186125E-03,-0.200757595082));
#2335 = CARTESIAN_POINT('',(-5.857185726197E-03,-0.300757595083));
#2336 = CARTESIAN_POINT('',(-7.821888715259E-03,-0.400505063388));
#2337 = CARTESIAN_POINT('',(-9.792797255576E-03,-0.5));
#2338 = ( GEOMETRIC_REPRESENTATION_CONTEXT(2) 
PARAMETRIC_REPRESENTATION_CONTEXT() REPRESENTATION_CONTEXT('2D SPACE',''
  ) );
#2339 = ORIENTED_EDGE('',*,*,#895,.F.);
#2340 = ADVANCED_FACE('',(#2341),#940,.T.);
#2341 = FACE_BOUND('',#2342,.T.);
#2342 = EDGE_LOOP('',(#2343,#2344,#2345,#2346));
#2343 = ORIENTED_EDGE('',*,*,#2315,.T.);
#2344 = ORIENTED_EDGE('',*,*,#923,.T.);
#2345 = ORIENTED_EDGE('',*,*,#2228,.T.);
#2346 = ORIENTED_EDGE('',*,*,#2347,.F.);
#2347 = EDGE_CURVE('',#2288,#2229,#2348,.T.);
#2348 = SURFACE_CURVE('',#2349,(#2354,#2361),.PCURVE_S1.);
#2349 = CIRCLE('',#2350,40.);
#2350 = AXIS2_PLACEMENT_3D('',#2351,#2352,#2353);
#2351 = CARTESIAN_POINT('',(40.0000001,52.,0.5));
#2352 = DIRECTION('',(0.,0.,1.));
#2353 = DIRECTION('',(-0.25,0.968245836552,0.));
#2354 = PCURVE('',#940,#2355);
#2355 = DEFINITIONAL_REPRESENTATION('',(#2356),#2360);
#2356 = LINE('',#2357,#2358);
#2357 = CARTESIAN_POINT('',(0.,0.));
#2358 = VECTOR('',#2359,1.);
#2359 = DIRECTION('',(1.,0.));
#2360 = ( GEOMETRIC_REPRESENTATION_CONTEXT(2) 
PARAMETRIC_REPRESENTATION_CONTEXT() REPRESENTATION_CONTEXT('2D SPACE',''
  ) );
#2361 = PCURVE('',#2362,#2367);
#2362 = CYLINDRICAL_SURFACE('',#2363,40.);
#2363 = AXIS2_PLACEMENT_3D('',#2364,#2365,#2366);
#2364 = CARTESIAN_POINT('',(40.0000001,52.,1.7763568394E-15));
#2365 = DIRECTION('',(-0.,-0.,-1.));
#2366 = DIRECTION('',(1.,0.,0.));
#2367 = DEFINITIONAL_REPRESENTATION('',(#2368),#2372);
#2368 = LINE('',#2369,#2370);
#2369 = CARTESIAN_POINT('',(-8.106661889117,-0.5));
#2370 = VECTOR('',#2371,1.);
#2371 = DIRECTION('',(-1.,0.));
#2372 = ( GEOMETRIC_REPRESENTATION_CONTEXT(2) 
PARAMETRIC_REPRESENTATION_CONTEXT() REPRESENTATION_CONTEXT('2D SPACE',''
  ) );
#2373 = ADVANCED_FACE('',(#2374),#1083,.F.);
#2374 = FACE_BOUND('',#2375,.T.);
#2375 = EDGE_LOOP('',(#2376,#2377,#2400,#2427));
#2376 = ORIENTED_EDGE('',*,*,#1062,.T.);
#2377 = ORIENTED_EDGE('',*,*,#2378,.T.);
#2378 = EDGE_CURVE('',#1063,#2379,#2381,.T.);
#2379 = VERTEX_POINT('',#2380);
#2380 = CARTESIAN_POINT('',(41.3000001,8.,4.2));
#2381 = SEAM_CURVE('',#2382,(#2386,#2393),.PCURVE_S1.);
#2382 = LINE('',#2383,#2384);
#2383 = CARTESIAN_POINT('',(41.3000001,8.,-1.E-01));
#2384 = VECTOR('',#2385,1.);
#2385 = DIRECTION('',(0.,0.,1.));
#2386 = PCURVE('',#1083,#2387);
#2387 = DEFINITIONAL_REPRESENTATION('',(#2388),#2392);
#2388 = LINE('',#2389,#2390);
#2389 = CARTESIAN_POINT('',(-6.28318530718,0.));
#2390 = VECTOR('',#2391,1.);
#2391 = DIRECTION('',(-0.,-1.));
#2392 = ( GEOMETRIC_REPRESENTATION_CONTEXT(2) 
PARAMETRIC_REPRESENTATION_CONTEXT() REPRESENTATION_CONTEXT('2D SPACE',''
  ) );
#2393 = PCURVE('',#1083,#2394);
#2394 = DEFINITIONAL_REPRESENTATION('',(#2395),#2399);
#2395 = LINE('',#2396,#2397);
#2396 = CARTESIAN_POINT('',(-0.,0.));
#2397 = VECTOR('',#2398,1.);
#2398 = DIRECTION('',(-0.,-1.));
#2399 = ( GEOMETRIC_REPRESENTATION_CONTEXT(2) 
PARAMETRIC_REPRESENTATION_CONTEXT() REPRESENTATION_CONTEXT('2D SPACE',''
  ) );
#2400 = ORIENTED_EDGE('',*,*,#2401,.T.);
#2401 = EDGE_CURVE('',#2379,#2379,#2402,.T.);
#2402 = SURFACE_CURVE('',#2403,(#2408,#2415),.PCURVE_S1.);
#2403 = CIRCLE('',#2404,1.3);
#2404 = AXIS2_PLACEMENT_3D('',#2405,#2406,#2407);
#2405 = CARTESIAN_POINT('',(40.0000001,8.,4.2));
#2406 = DIRECTION('',(0.,0.,1.));
#2407 = DIRECTION('',(1.,0.,0.));
#2408 = PCURVE('',#1083,#2409);
#2409 = DEFINITIONAL_REPRESENTATION('',(#2410),#2414);
#2410 = LINE('',#2411,#2412);
#2411 = CARTESIAN_POINT('',(-0.,-4.3));
#2412 = VECTOR('',#2413,1.);
#2413 = DIRECTION('',(-1.,0.));
#2414 = ( GEOMETRIC_REPRESENTATION_CONTEXT(2) 
PARAMETRIC_REPRESENTATION_CONTEXT() REPRESENTATION_CONTEXT('2D SPACE',''
  ) );
#2415 = PCURVE('',#2416,#2421);
#2416 = PLANE('',#2417);
#2417 = AXIS2_PLACEMENT_3D('',#2418,#2419,#2420);
#2418 = CARTESIAN_POINT('',(40.0000001,8.,4.2));
#2419 = DIRECTION('',(0.,0.,1.));
#2420 = DIRECTION('',(1.,0.,-0.));
#2421 = DEFINITIONAL_REPRESENTATION('',(#2422),#2426);
#2422 = CIRCLE('',#2423,1.3);
#2423 = AXIS2_PLACEMENT_2D('',#2424,#2425);
#2424 = CARTESIAN_POINT('',(0.,0.));
#2425 = DIRECTION('',(1.,0.));
#2426 = ( GEOMETRIC_REPRESENTATION_CONTEXT(2) 
PARAMETRIC_REPRESENTATION_CONTEXT() REPRESENTATION_CONTEXT('2D SPACE',''
  ) );
#2427 = ORIENTED_EDGE('',*,*,#2378,.F.);
#2428 = ADVANCED_FACE('',(#2429),#1118,.F.);
#2429 = FACE_BOUND('',#2430,.T.);
#2430 = EDGE_LOOP('',(#2431,#2432,#2455,#2482));
#2431 = ORIENTED_EDGE('',*,*,#1097,.T.);
#2432 = ORIENTED_EDGE('',*,*,#2433,.T.);
#2433 = EDGE_CURVE('',#1098,#2434,#2436,.T.);
#2434 = VERTEX_POINT('',#2435);
#2435 = CARTESIAN_POINT('',(41.3000001,96.,4.2));
#2436 = SEAM_CURVE('',#2437,(#2441,#2448),.PCURVE_S1.);
#2437 = LINE('',#2438,#2439);
#2438 = CARTESIAN_POINT('',(41.3000001,96.,-1.E-01));
#2439 = VECTOR('',#2440,1.);
#2440 = DIRECTION('',(0.,0.,1.));
#2441 = PCURVE('',#1118,#2442);
#2442 = DEFINITIONAL_REPRESENTATION('',(#2443),#2447);
#2443 = LINE('',#2444,#2445);
#2444 = CARTESIAN_POINT('',(-6.28318530718,0.));
#2445 = VECTOR('',#2446,1.);
#2446 = DIRECTION('',(-0.,-1.));
#2447 = ( GEOMETRIC_REPRESENTATION_CONTEXT(2) 
PARAMETRIC_REPRESENTATION_CONTEXT() REPRESENTATION_CONTEXT('2D SPACE',''
  ) );
#2448 = PCURVE('',#1118,#2449);
#2449 = DEFINITIONAL_REPRESENTATION('',(#2450),#2454);
#2450 = LINE('',#2451,#2452);
#2451 = CARTESIAN_POINT('',(-0.,0.));
#2452 = VECTOR('',#2453,1.);
#2453 = DIRECTION('',(-0.,-1.));
#2454 = ( GEOMETRIC_REPRESENTATION_CONTEXT(2) 
PARAMETRIC_REPRESENTATION_CONTEXT() REPRESENTATION_CONTEXT('2D SPACE',''
  ) );
#2455 = ORIENTED_EDGE('',*,*,#2456,.T.);
#2456 = EDGE_CURVE('',#2434,#2434,#2457,.T.);
#2457 = SURFACE_CURVE('',#2458,(#2463,#2470),.PCURVE_S1.);
#2458 = CIRCLE('',#2459,1.3);
#2459 = AXIS2_PLACEMENT_3D('',#2460,#2461,#2462);
#2460 = CARTESIAN_POINT('',(40.0000001,96.,4.2));
#2461 = DIRECTION('',(0.,0.,1.));
#2462 = DIRECTION('',(1.,0.,0.));
#2463 = PCURVE('',#1118,#2464);
#2464 = DEFINITIONAL_REPRESENTATION('',(#2465),#2469);
#2465 = LINE('',#2466,#2467);
#2466 = CARTESIAN_POINT('',(-0.,-4.3));
#2467 = VECTOR('',#2468,1.);
#2468 = DIRECTION('',(-1.,0.));
#2469 = ( GEOMETRIC_REPRESENTATION_CONTEXT(2) 
PARAMETRIC_REPRESENTATION_CONTEXT() REPRESENTATION_CONTEXT('2D SPACE',''
  ) );
#2470 = PCURVE('',#2471,#2476);
#2471 = PLANE('',#2472);
#2472 = AXIS2_PLACEMENT_3D('',#2473,#2474,#2475);
#2473 = CARTESIAN_POINT('',(40.0000001,96.,4.2));
#2474 = DIRECTION('',(0.,0.,1.));
#2475 = DIRECTION('',(1.,0.,-0.));
#2476 = DEFINITIONAL_REPRESENTATION('',(#2477),#2481);
#2477 = CIRCLE('',#2478,1.3);
#2478 = AXIS2_PLACEMENT_2D('',#2479,#2480);
#2479 = CARTESIAN_POINT('',(0.,0.));
#2480 = DIRECTION('',(1.,0.));
#2481 = ( GEOMETRIC_REPRESENTATION_CONTEXT(2) 
PARAMETRIC_REPRESENTATION_CONTEXT() REPRESENTATION_CONTEXT('2D SPACE',''
  ) );
#2482 = ORIENTED_EDGE('',*,*,#2433,.F.);
#2483 = ADVANCED_FACE('',(#2484),#1387,.T.);
#2484 = FACE_BOUND('',#2485,.T.);
#2485 = EDGE_LOOP('',(#2486,#2487,#2488,#2510));
#2486 = ORIENTED_EDGE('',*,*,#1785,.F.);
#2487 = ORIENTED_EDGE('',*,*,#1366,.T.);
#2488 = ORIENTED_EDGE('',*,*,#2489,.T.);
#2489 = EDGE_CURVE('',#1339,#1837,#2490,.T.);
#2490 = SURFACE_CURVE('',#2491,(#2496,#2503),.PCURVE_S1.);
#2491 = CIRCLE('',#2492,0.6);
#2492 = AXIS2_PLACEMENT_3D('',#2493,#2494,#2495);
#2493 = CARTESIAN_POINT('',(45.0000001,0.6,13.4));
#2494 = DIRECTION('',(1.,6.123233995737E-17,0.));
#2495 = DIRECTION('',(6.123233995737E-17,-1.,0.));
#2496 = PCURVE('',#1387,#2497);
#2497 = DEFINITIONAL_REPRESENTATION('',(#2498),#2502);
#2498 = LINE('',#2499,#2500);
#2499 = CARTESIAN_POINT('',(1.570796326795,0.));
#2500 = VECTOR('',#2501,1.);
#2501 = DIRECTION('',(0.,1.));
#2502 = ( GEOMETRIC_REPRESENTATION_CONTEXT(2) 
PARAMETRIC_REPRESENTATION_CONTEXT() REPRESENTATION_CONTEXT('2D SPACE',''
  ) );
#2503 = PCURVE('',#1354,#2504);
#2504 = DEFINITIONAL_REPRESENTATION('',(#2505),#2509);
#2505 = LINE('',#2506,#2507);
#2506 = CARTESIAN_POINT('',(4.712388980385,-0.));
#2507 = VECTOR('',#2508,1.);
#2508 = DIRECTION('',(-1.,0.));
#2509 = ( GEOMETRIC_REPRESENTATION_CONTEXT(2) 
PARAMETRIC_REPRESENTATION_CONTEXT() REPRESENTATION_CONTEXT('2D SPACE',''
  ) );
#2510 = ORIENTED_EDGE('',*,*,#1864,.F.);
#2511 = ADVANCED_FACE('',(#2512),#1175,.T.);
#2512 = FACE_BOUND('',#2513,.F.);
#2513 = EDGE_LOOP('',(#2514,#2515,#2516,#2538));
#2514 = ORIENTED_EDGE('',*,*,#1918,.T.);
#2515 = ORIENTED_EDGE('',*,*,#1159,.T.);
#2516 = ORIENTED_EDGE('',*,*,#2517,.F.);
#2517 = EDGE_CURVE('',#1947,#1160,#2518,.T.);
#2518 = SURFACE_CURVE('',#2519,(#2524,#2531),.PCURVE_S1.);
#2519 = CIRCLE('',#2520,0.6);
#2520 = AXIS2_PLACEMENT_3D('',#2521,#2522,#2523);
#2521 = CARTESIAN_POINT('',(35.0000001,103.4,13.4));
#2522 = DIRECTION('',(1.,0.,0.));
#2523 = DIRECTION('',(-0.,1.,0.));
#2524 = PCURVE('',#1175,#2525);
#2525 = DEFINITIONAL_REPRESENTATION('',(#2526),#2530);
#2526 = LINE('',#2527,#2528);
#2527 = CARTESIAN_POINT('',(-0.,10.));
#2528 = VECTOR('',#2529,1.);
#2529 = DIRECTION('',(-1.,0.));
#2530 = ( GEOMETRIC_REPRESENTATION_CONTEXT(2) 
PARAMETRIC_REPRESENTATION_CONTEXT() REPRESENTATION_CONTEXT('2D SPACE',''
  ) );
#2531 = PCURVE('',#1204,#2532);
#2532 = DEFINITIONAL_REPRESENTATION('',(#2533),#2537);
#2533 = LINE('',#2534,#2535);
#2534 = CARTESIAN_POINT('',(0.,0.));
#2535 = VECTOR('',#2536,1.);
#2536 = DIRECTION('',(0.,1.));
#2537 = ( GEOMETRIC_REPRESENTATION_CONTEXT(2) 
PARAMETRIC_REPRESENTATION_CONTEXT() REPRESENTATION_CONTEXT('2D SPACE',''
  ) );
#2538 = ORIENTED_EDGE('',*,*,#1974,.F.);
#2539 = ADVANCED_FACE('',(#2540),#1354,.T.);
#2540 = FACE_BOUND('',#2541,.F.);
#2541 = EDGE_LOOP('',(#2542,#2543,#2566,#2588));
#2542 = ORIENTED_EDGE('',*,*,#2489,.T.);
#2543 = ORIENTED_EDGE('',*,*,#2544,.T.);
#2544 = EDGE_CURVE('',#1837,#2545,#2547,.T.);
#2545 = VERTEX_POINT('',#2546);
#2546 = CARTESIAN_POINT('',(35.0000001,0.,13.4));
#2547 = SURFACE_CURVE('',#2548,(#2552,#2559),.PCURVE_S1.);
#2548 = LINE('',#2549,#2550);
#2549 = CARTESIAN_POINT('',(45.0000001,0.,13.4));
#2550 = VECTOR('',#2551,1.);
#2551 = DIRECTION('',(-1.,-0.,-0.));
#2552 = PCURVE('',#1354,#2553);
#2553 = DEFINITIONAL_REPRESENTATION('',(#2554),#2558);
#2554 = LINE('',#2555,#2556);
#2555 = CARTESIAN_POINT('',(-1.570796326795,0.));
#2556 = VECTOR('',#2557,1.);
#2557 = DIRECTION('',(-0.,1.));
#2558 = ( GEOMETRIC_REPRESENTATION_CONTEXT(2) 
PARAMETRIC_REPRESENTATION_CONTEXT() REPRESENTATION_CONTEXT('2D SPACE',''
  ) );
#2559 = PCURVE('',#1852,#2560);
#2560 = DEFINITIONAL_REPRESENTATION('',(#2561),#2565);
#2561 = LINE('',#2562,#2563);
#2562 = CARTESIAN_POINT('',(13.4,15.));
#2563 = VECTOR('',#2564,1.);
#2564 = DIRECTION('',(0.,-1.));
#2565 = ( GEOMETRIC_REPRESENTATION_CONTEXT(2) 
PARAMETRIC_REPRESENTATION_CONTEXT() REPRESENTATION_CONTEXT('2D SPACE',''
  ) );
#2566 = ORIENTED_EDGE('',*,*,#2567,.F.);
#2567 = EDGE_CURVE('',#1306,#2545,#2568,.T.);
#2568 = SURFACE_CURVE('',#2569,(#2574,#2581),.PCURVE_S1.);
#2569 = CIRCLE('',#2570,0.6);
#2570 = AXIS2_PLACEMENT_3D('',#2571,#2572,#2573);
#2571 = CARTESIAN_POINT('',(35.0000001,0.6,13.4));
#2572 = DIRECTION('',(1.,0.,0.));
#2573 = DIRECTION('',(-0.,0.,1.));
#2574 = PCURVE('',#1354,#2575);
#2575 = DEFINITIONAL_REPRESENTATION('',(#2576),#2580);
#2576 = LINE('',#2577,#2578);
#2577 = CARTESIAN_POINT('',(-0.,10.));
#2578 = VECTOR('',#2579,1.);
#2579 = DIRECTION('',(-1.,0.));
#2580 = ( GEOMETRIC_REPRESENTATION_CONTEXT(2) 
PARAMETRIC_REPRESENTATION_CONTEXT() REPRESENTATION_CONTEXT('2D SPACE',''
  ) );
#2581 = PCURVE('',#1326,#2582);
#2582 = DEFINITIONAL_REPRESENTATION('',(#2583),#2587);
#2583 = LINE('',#2584,#2585);
#2584 = CARTESIAN_POINT('',(0.,4.712388980385));
#2585 = VECTOR('',#2586,1.);
#2586 = DIRECTION('',(0.,1.));
#2587 = ( GEOMETRIC_REPRESENTATION_CONTEXT(2) 
PARAMETRIC_REPRESENTATION_CONTEXT() REPRESENTATION_CONTEXT('2D SPACE',''
  ) );
#2588 = ORIENTED_EDGE('',*,*,#1338,.F.);
#2589 = ADVANCED_FACE('',(#2590),#1204,.T.);
#2590 = FACE_BOUND('',#2591,.T.);
#2591 = EDGE_LOOP('',(#2592,#2593,#2617,#2639));
#2592 = ORIENTED_EDGE('',*,*,#2517,.F.);
#2593 = ORIENTED_EDGE('',*,*,#2594,.T.);
#2594 = EDGE_CURVE('',#1947,#2595,#2597,.T.);
#2595 = VERTEX_POINT('',#2596);
#2596 = CARTESIAN_POINT('',(30.0000001,99.,13.4));
#2597 = SURFACE_CURVE('',#2598,(#2603,#2610),.PCURVE_S1.);
#2598 = CIRCLE('',#2599,5.);
#2599 = AXIS2_PLACEMENT_3D('',#2600,#2601,#2602);
#2600 = CARTESIAN_POINT('',(35.0000001,99.,13.4));
#2601 = DIRECTION('',(0.,0.,1.));
#2602 = DIRECTION('',(0.,1.,-0.));
#2603 = PCURVE('',#1204,#2604);
#2604 = DEFINITIONAL_REPRESENTATION('',(#2605),#2609);
#2605 = LINE('',#2606,#2607);
#2606 = CARTESIAN_POINT('',(0.,0.));
#2607 = VECTOR('',#2608,1.);
#2608 = DIRECTION('',(1.,0.));
#2609 = ( GEOMETRIC_REPRESENTATION_CONTEXT(2) 
PARAMETRIC_REPRESENTATION_CONTEXT() REPRESENTATION_CONTEXT('2D SPACE',''
  ) );
#2610 = PCURVE('',#1962,#2611);
#2611 = DEFINITIONAL_REPRESENTATION('',(#2612),#2616);
#2612 = LINE('',#2613,#2614);
#2613 = CARTESIAN_POINT('',(-1.570796326795,13.4));
#2614 = VECTOR('',#2615,1.);
#2615 = DIRECTION('',(1.,-0.));
#2616 = ( GEOMETRIC_REPRESENTATION_CONTEXT(2) 
PARAMETRIC_REPRESENTATION_CONTEXT() REPRESENTATION_CONTEXT('2D SPACE',''
  ) );
#2617 = ORIENTED_EDGE('',*,*,#2618,.T.);
#2618 = EDGE_CURVE('',#2595,#1188,#2619,.T.);
#2619 = SURFACE_CURVE('',#2620,(#2625,#2632),.PCURVE_S1.);
#2620 = CIRCLE('',#2621,0.6);
#2621 = AXIS2_PLACEMENT_3D('',#2622,#2623,#2624);
#2622 = CARTESIAN_POINT('',(30.6000001,99.,13.4));
#2623 = DIRECTION('',(6.123233995737E-17,1.,-0.));
#2624 = DIRECTION('',(-1.,6.123233995737E-17,0.));
#2625 = PCURVE('',#1204,#2626);
#2626 = DEFINITIONAL_REPRESENTATION('',(#2627),#2631);
#2627 = LINE('',#2628,#2629);
#2628 = CARTESIAN_POINT('',(1.570796326795,0.));
#2629 = VECTOR('',#2630,1.);
#2630 = DIRECTION('',(0.,1.));
#2631 = ( GEOMETRIC_REPRESENTATION_CONTEXT(2) 
PARAMETRIC_REPRESENTATION_CONTEXT() REPRESENTATION_CONTEXT('2D SPACE',''
  ) );
#2632 = PCURVE('',#1232,#2633);
#2633 = DEFINITIONAL_REPRESENTATION('',(#2634),#2638);
#2634 = LINE('',#2635,#2636);
#2635 = CARTESIAN_POINT('',(-0.,0.));
#2636 = VECTOR('',#2637,1.);
#2637 = DIRECTION('',(-1.,0.));
#2638 = ( GEOMETRIC_REPRESENTATION_CONTEXT(2) 
PARAMETRIC_REPRESENTATION_CONTEXT() REPRESENTATION_CONTEXT('2D SPACE',''
  ) );
#2639 = ORIENTED_EDGE('',*,*,#1187,.F.);
#2640 = ADVANCED_FACE('',(#2641),#1326,.T.);
#2641 = FACE_BOUND('',#2642,.T.);
#2642 = EDGE_LOOP('',(#2643,#2644,#2645,#2669));
#2643 = ORIENTED_EDGE('',*,*,#2567,.F.);
#2644 = ORIENTED_EDGE('',*,*,#1305,.T.);
#2645 = ORIENTED_EDGE('',*,*,#2646,.T.);
#2646 = EDGE_CURVE('',#1278,#2647,#2649,.T.);
#2647 = VERTEX_POINT('',#2648);
#2648 = CARTESIAN_POINT('',(30.0000001,5.,13.4));
#2649 = SURFACE_CURVE('',#2650,(#2655,#2662),.PCURVE_S1.);
#2650 = CIRCLE('',#2651,0.6);
#2651 = AXIS2_PLACEMENT_3D('',#2652,#2653,#2654);
#2652 = CARTESIAN_POINT('',(30.6000001,5.,13.4));
#2653 = DIRECTION('',(6.123233995737E-17,-1.,0.));
#2654 = DIRECTION('',(-1.,-6.123233995737E-17,0.));
#2655 = PCURVE('',#1326,#2656);
#2656 = DEFINITIONAL_REPRESENTATION('',(#2657),#2661);
#2657 = LINE('',#2658,#2659);
#2658 = CARTESIAN_POINT('',(1.570796326795,0.));
#2659 = VECTOR('',#2660,1.);
#2660 = DIRECTION('',(0.,1.));
#2661 = ( GEOMETRIC_REPRESENTATION_CONTEXT(2) 
PARAMETRIC_REPRESENTATION_CONTEXT() REPRESENTATION_CONTEXT('2D SPACE',''
  ) );
#2662 = PCURVE('',#1293,#2663);
#2663 = DEFINITIONAL_REPRESENTATION('',(#2664),#2668);
#2664 = LINE('',#2665,#2666);
#2665 = CARTESIAN_POINT('',(4.712388980385,-0.));
#2666 = VECTOR('',#2667,1.);
#2667 = DIRECTION('',(-1.,0.));
#2668 = ( GEOMETRIC_REPRESENTATION_CONTEXT(2) 
PARAMETRIC_REPRESENTATION_CONTEXT() REPRESENTATION_CONTEXT('2D SPACE',''
  ) );
#2669 = ORIENTED_EDGE('',*,*,#2670,.F.);
#2670 = EDGE_CURVE('',#2545,#2647,#2671,.T.);
#2671 = SURFACE_CURVE('',#2672,(#2677,#2684),.PCURVE_S1.);
#2672 = CIRCLE('',#2673,5.);
#2673 = AXIS2_PLACEMENT_3D('',#2674,#2675,#2676);
#2674 = CARTESIAN_POINT('',(35.0000001,5.,13.4));
#2675 = DIRECTION('',(-0.,-0.,-1.));
#2676 = DIRECTION('',(0.,-1.,0.));
#2677 = PCURVE('',#1326,#2678);
#2678 = DEFINITIONAL_REPRESENTATION('',(#2679),#2683);
#2679 = LINE('',#2680,#2681);
#2680 = CARTESIAN_POINT('',(0.,6.28318530718));
#2681 = VECTOR('',#2682,1.);
#2682 = DIRECTION('',(1.,0.));
#2683 = ( GEOMETRIC_REPRESENTATION_CONTEXT(2) 
PARAMETRIC_REPRESENTATION_CONTEXT() REPRESENTATION_CONTEXT('2D SPACE',''
  ) );
#2684 = PCURVE('',#2163,#2685);
#2685 = DEFINITIONAL_REPRESENTATION('',(#2686),#2690);
#2686 = LINE('',#2687,#2688);
#2687 = CARTESIAN_POINT('',(1.570796326795,13.4));
#2688 = VECTOR('',#2689,1.);
#2689 = DIRECTION('',(-1.,-0.));
#2690 = ( GEOMETRIC_REPRESENTATION_CONTEXT(2) 
PARAMETRIC_REPRESENTATION_CONTEXT() REPRESENTATION_CONTEXT('2D SPACE',''
  ) );
#2691 = ADVANCED_FACE('',(#2692),#1232,.T.);
#2692 = FACE_BOUND('',#2693,.F.);
#2693 = EDGE_LOOP('',(#2694,#2695,#2696,#2776));
#2694 = ORIENTED_EDGE('',*,*,#2618,.T.);
#2695 = ORIENTED_EDGE('',*,*,#1216,.T.);
#2696 = ORIENTED_EDGE('',*,*,#2697,.T.);
#2697 = EDGE_CURVE('',#1217,#2698,#2700,.T.);
#2698 = VERTEX_POINT('',#2699);
#2699 = CARTESIAN_POINT('',(30.0000001,90.729833462074,13.4));
#2700 = SURFACE_CURVE('',#2701,(#2724,#2750),.PCURVE_S1.);
#2701 = B_SPLINE_CURVE_WITH_KNOTS('',5,(#2702,#2703,#2704,#2705,#2706,
    #2707,#2708,#2709,#2710,#2711,#2712,#2713,#2714,#2715,#2716,#2717,
    #2718,#2719,#2720,#2721,#2722,#2723),.UNSPECIFIED.,.F.,.F.,(6,4,4,4,
    4,6),(0.,3.166692350713E-02,0.270290929929,0.53196383738,
    0.767773882744,1.),.UNSPECIFIED.);
#2702 = CARTESIAN_POINT('',(30.600000069664,90.262252931965,14.));
#2703 = CARTESIAN_POINT('',(30.594276837124,90.266740365564,
    13.999999999869));
#2704 = CARTESIAN_POINT('',(30.588553423932,90.271227194976,
    13.99993175856));
#2705 = CARTESIAN_POINT('',(30.58283079628,90.275712759557,
    13.999795269705));
#2706 = CARTESIAN_POINT('',(30.577109881969,90.280196357388,
    13.999590536546));
#2707 = CARTESIAN_POINT('',(30.528301612085,90.318442679465,
    13.997260665208));
#2708 = CARTESIAN_POINT('',(30.485360972904,90.35205388472,
    13.991329401261));
#2709 = CARTESIAN_POINT('',(30.442958138105,90.385207106242,
    13.981529743183));
#2710 = CARTESIAN_POINT('',(30.401495461604,90.417590467083,
    13.967896168872));
#2711 = CARTESIAN_POINT('',(30.317420658763,90.483190404698,
    13.931456335849));
#2712 = CARTESIAN_POINT('',(30.275086817777,90.516183410455,
    13.907892301467));
#2713 = CARTESIAN_POINT('',(30.23494714055,90.547431952497,
    13.879939592415));
#2714 = CARTESIAN_POINT('',(30.197609049292,90.576471566582,
    13.84780072314));
#2715 = CARTESIAN_POINT('',(30.133093955775,90.626609137402,
    13.779451512859));
#2716 = CARTESIAN_POINT('',(30.105277520631,90.648208251523,
    13.74395787223));
#2717 = CARTESIAN_POINT('',(30.080666854899,90.66730437289,
    13.705645175128));
#2718 = CARTESIAN_POINT('',(30.059698900754,90.68356557466,
    13.664912893966));
#2719 = CARTESIAN_POINT('',(30.025965278509,90.709717871183,
    13.580346265338));
#2720 = CARTESIAN_POINT('',(30.013077793459,90.719703562311,
    13.536564099996));
#2721 = CARTESIAN_POINT('',(30.004358719005,90.72645727961,
    13.491484338031));
#2722 = CARTESIAN_POINT('',(30.0000001,90.729833462074,13.445740211201)
  );
#2723 = CARTESIAN_POINT('',(30.0000001,90.729833462074,13.4));
#2724 = PCURVE('',#1232,#2725);
#2725 = DEFINITIONAL_REPRESENTATION('',(#2726),#2749);
#2726 = B_SPLINE_CURVE_WITH_KNOTS('',5,(#2727,#2728,#2729,#2730,#2731,
    #2732,#2733,#2734,#2735,#2736,#2737,#2738,#2739,#2740,#2741,#2742,
    #2743,#2744,#2745,#2746,#2747,#2748),.UNSPECIFIED.,.F.,.F.,(6,4,4,4,
    4,6),(0.,3.166692350713E-02,0.270290929929,0.53196383738,
    0.767773882744,1.),.UNSPECIFIED.);
#2727 = CARTESIAN_POINT('',(-1.570796276234,8.737747068035));
#2728 = CARTESIAN_POINT('',(-1.561257555367,8.733259634436));
#2729 = CARTESIAN_POINT('',(-1.551718533283,8.728772805024));
#2730 = CARTESIAN_POINT('',(-1.542179012467,8.724287240443));
#2731 = CARTESIAN_POINT('',(-1.532638730252,8.719803642612));
#2732 = CARTESIAN_POINT('',(-1.451198985834,8.681557320535));
#2733 = CARTESIAN_POINT('',(-1.379241192727,8.64794611528));
#2734 = CARTESIAN_POINT('',(-1.30709761017,8.614792893758));
#2735 = CARTESIAN_POINT('',(-1.234656319607,8.582409532917));
#2736 = CARTESIAN_POINT('',(-1.081936224303,8.516809595302));
#2737 = CARTESIAN_POINT('',(-1.001580183249,8.483816589545));
#2738 = CARTESIAN_POINT('',(-0.920612259181,8.452568047503));
#2739 = CARTESIAN_POINT('',(-0.838944259876,8.423528433418));
#2740 = CARTESIAN_POINT('',(-0.682296993012,8.373390862598));
#2741 = CARTESIAN_POINT('',(-0.607454807033,8.351791748477));
#2742 = CARTESIAN_POINT('',(-0.532013738738,8.33269562711));
#2743 = CARTESIAN_POINT('',(-0.45601077694,8.31643442534));
#2744 = CARTESIAN_POINT('',(-0.304266548172,8.290282128817));
#2745 = CARTESIAN_POINT('',(-0.22853112685,8.280296437689));
#2746 = CARTESIAN_POINT('',(-0.152473519941,8.27354272039));
#2747 = CARTESIAN_POINT('',(-7.623368533432E-02,8.270166537926));
#2748 = CARTESIAN_POINT('',(0.,8.270166537926));
#2749 = ( GEOMETRIC_REPRESENTATION_CONTEXT(2) 
PARAMETRIC_REPRESENTATION_CONTEXT() REPRESENTATION_CONTEXT('2D SPACE',''
  ) );
#2750 = PCURVE('',#1265,#2751);
#2751 = DEFINITIONAL_REPRESENTATION('',(#2752),#2775);
#2752 = B_SPLINE_CURVE_WITH_KNOTS('',5,(#2753,#2754,#2755,#2756,#2757,
    #2758,#2759,#2760,#2761,#2762,#2763,#2764,#2765,#2766,#2767,#2768,
    #2769,#2770,#2771,#2772,#2773,#2774),.UNSPECIFIED.,.F.,.F.,(6,4,4,4,
    4,6),(0.,3.166692350713E-02,0.270290929929,0.53196383738,
    0.767773882744,1.),.UNSPECIFIED.);
#2753 = CARTESIAN_POINT('',(2.648010393804,4.712388980385));
#2754 = CARTESIAN_POINT('',(2.647896501476,4.721927800375));
#2755 = CARTESIAN_POINT('',(2.647782642397,4.731466779189));
#2756 = CARTESIAN_POINT('',(2.647668836354,4.741006270668));
#2757 = CARTESIAN_POINT('',(2.647555101888,4.750546576928));
#2758 = CARTESIAN_POINT('',(2.646585087386,4.831986321346));
#2759 = CARTESIAN_POINT('',(2.645733799868,4.903944114452));
#2760 = CARTESIAN_POINT('',(2.644895274246,4.97608769701));
#2761 = CARTESIAN_POINT('',(2.644077310942,5.048528987573));
#2762 = CARTESIAN_POINT('',(2.642422360243,5.201249082877));
#2763 = CARTESIAN_POINT('',(2.64159121497,5.28160512393));
#2764 = CARTESIAN_POINT('',(2.640805093995,5.362573047998));
#2765 = CARTESIAN_POINT('',(2.640075416198,5.444241047304));
#2766 = CARTESIAN_POINT('',(2.638816826956,5.600888314167));
#2767 = CARTESIAN_POINT('',(2.638275202836,5.675730500147));
#2768 = CARTESIAN_POINT('',(2.637796774253,5.751171568442));
#2769 = CARTESIAN_POINT('',(2.637389634505,5.82717453024));
#2770 = CARTESIAN_POINT('',(2.63673512836,5.978918759008));
#2771 = CARTESIAN_POINT('',(2.636485389622,6.05465418033));
#2772 = CARTESIAN_POINT('',(2.636316548199,6.130711787239));
#2773 = CARTESIAN_POINT('',(2.636232143306,6.206951621845));
#2774 = CARTESIAN_POINT('',(2.636232143306,6.28318530718));
#2775 = ( GEOMETRIC_REPRESENTATION_CONTEXT(2) 
PARAMETRIC_REPRESENTATION_CONTEXT() REPRESENTATION_CONTEXT('2D SPACE',''
  ) );
#2776 = ORIENTED_EDGE('',*,*,#2777,.F.);
#2777 = EDGE_CURVE('',#2595,#2698,#2778,.T.);
#2778 = SURFACE_CURVE('',#2779,(#2783,#2790),.PCURVE_S1.);
#2779 = LINE('',#2780,#2781);
#2780 = CARTESIAN_POINT('',(30.0000001,99.,13.4));
#2781 = VECTOR('',#2782,1.);
#2782 = DIRECTION('',(-0.,-1.,-0.));
#2783 = PCURVE('',#1232,#2784);
#2784 = DEFINITIONAL_REPRESENTATION('',(#2785),#2789);
#2785 = LINE('',#2786,#2787);
#2786 = CARTESIAN_POINT('',(-0.,0.));
#2787 = VECTOR('',#2788,1.);
#2788 = DIRECTION('',(-0.,1.));
#2789 = ( GEOMETRIC_REPRESENTATION_CONTEXT(2) 
PARAMETRIC_REPRESENTATION_CONTEXT() REPRESENTATION_CONTEXT('2D SPACE',''
  ) );
#2790 = PCURVE('',#2303,#2791);
#2791 = DEFINITIONAL_REPRESENTATION('',(#2792),#2796);
#2792 = LINE('',#2793,#2794);
#2793 = CARTESIAN_POINT('',(13.4,-23.));
#2794 = VECTOR('',#2795,1.);
#2795 = DIRECTION('',(0.,1.));
#2796 = ( GEOMETRIC_REPRESENTATION_CONTEXT(2) 
PARAMETRIC_REPRESENTATION_CONTEXT() REPRESENTATION_CONTEXT('2D SPACE',''
  ) );
#2797 = ADVANCED_FACE('',(#2798),#1293,.T.);
#2798 = FACE_BOUND('',#2799,.F.);
#2799 = EDGE_LOOP('',(#2800,#2801,#2824,#2902));
#2800 = ORIENTED_EDGE('',*,*,#2646,.T.);
#2801 = ORIENTED_EDGE('',*,*,#2802,.T.);
#2802 = EDGE_CURVE('',#2647,#2803,#2805,.T.);
#2803 = VERTEX_POINT('',#2804);
#2804 = CARTESIAN_POINT('',(30.0000001,13.270166537926,13.4));
#2805 = SURFACE_CURVE('',#2806,(#2810,#2817),.PCURVE_S1.);
#2806 = LINE('',#2807,#2808);
#2807 = CARTESIAN_POINT('',(30.0000001,5.,13.4));
#2808 = VECTOR('',#2809,1.);
#2809 = DIRECTION('',(0.,1.,0.));
#2810 = PCURVE('',#1293,#2811);
#2811 = DEFINITIONAL_REPRESENTATION('',(#2812),#2816);
#2812 = LINE('',#2813,#2814);
#2813 = CARTESIAN_POINT('',(-1.570796326795,0.));
#2814 = VECTOR('',#2815,1.);
#2815 = DIRECTION('',(-0.,1.));
#2816 = ( GEOMETRIC_REPRESENTATION_CONTEXT(2) 
PARAMETRIC_REPRESENTATION_CONTEXT() REPRESENTATION_CONTEXT('2D SPACE',''
  ) );
#2817 = PCURVE('',#2271,#2818);
#2818 = DEFINITIONAL_REPRESENTATION('',(#2819),#2823);
#2819 = LINE('',#2820,#2821);
#2820 = CARTESIAN_POINT('',(13.4,-5.));
#2821 = VECTOR('',#2822,1.);
#2822 = DIRECTION('',(0.,-1.));
#2823 = ( GEOMETRIC_REPRESENTATION_CONTEXT(2) 
PARAMETRIC_REPRESENTATION_CONTEXT() REPRESENTATION_CONTEXT('2D SPACE',''
  ) );
#2824 = ORIENTED_EDGE('',*,*,#2825,.F.);
#2825 = EDGE_CURVE('',#1245,#2803,#2826,.T.);
#2826 = SURFACE_CURVE('',#2827,(#2850,#2876),.PCURVE_S1.);
#2827 = B_SPLINE_CURVE_WITH_KNOTS('',5,(#2828,#2829,#2830,#2831,#2832,
    #2833,#2834,#2835,#2836,#2837,#2838,#2839,#2840,#2841,#2842,#2843,
    #2844,#2845,#2846,#2847,#2848,#2849),.UNSPECIFIED.,.F.,.F.,(6,4,4,4,
    4,6),(0.,3.166693061758E-02,0.270290935281,0.531963840803,
    0.767773884431,1.),.UNSPECIFIED.);
#2828 = CARTESIAN_POINT('',(30.600000084965,13.737747064276,14.));
#2829 = CARTESIAN_POINT('',(30.594276834171,13.733259647254,
    13.999999999932));
#2830 = CARTESIAN_POINT('',(30.58855342704,13.728772809109,
    13.999931758656));
#2831 = CARTESIAN_POINT('',(30.582830803068,13.724287238271,
    13.999795269801));
#2832 = CARTESIAN_POINT('',(30.57710988332,13.71980364367,13.99959053661
    ));
#2833 = CARTESIAN_POINT('',(30.52830161211,13.681557320555,
    13.997260665211));
#2834 = CARTESIAN_POINT('',(30.485360972929,13.647946115299,
    13.991329401265));
#2835 = CARTESIAN_POINT('',(30.442958138129,13.614792893777,
    13.981529743189));
#2836 = CARTESIAN_POINT('',(30.401495461628,13.582409532936,
    13.96789616888));
#2837 = CARTESIAN_POINT('',(30.317420658785,13.516809595319,
    13.931456335861));
#2838 = CARTESIAN_POINT('',(30.275086817798,13.483816589561,
    13.90789230148));
#2839 = CARTESIAN_POINT('',(30.23494714057,13.452568047519,
    13.87993959243));
#2840 = CARTESIAN_POINT('',(30.197609049311,13.423528433432,
    13.847800723157));
#2841 = CARTESIAN_POINT('',(30.133093955791,13.37339086261,
    13.779451512879));
#2842 = CARTESIAN_POINT('',(30.105277520646,13.351791748488,
    13.74395787225));
#2843 = CARTESIAN_POINT('',(30.080666854912,13.33269562712,
    13.70564517515));
#2844 = CARTESIAN_POINT('',(30.059698900765,13.316434425348,
    13.664912893988));
#2845 = CARTESIAN_POINT('',(30.025965278514,13.290282128822,
    13.580346265358));
#2846 = CARTESIAN_POINT('',(30.013077793462,13.280296437691,
    13.536564100011));
#2847 = CARTESIAN_POINT('',(30.004358719006,13.273542720391,
    13.491484338041));
#2848 = CARTESIAN_POINT('',(30.0000001,13.270166537926,13.445740211206)
  );
#2849 = CARTESIAN_POINT('',(30.0000001,13.270166537926,13.4));
#2850 = PCURVE('',#1293,#2851);
#2851 = DEFINITIONAL_REPRESENTATION('',(#2852),#2875);
#2852 = B_SPLINE_CURVE_WITH_KNOTS('',5,(#2853,#2854,#2855,#2856,#2857,
    #2858,#2859,#2860,#2861,#2862,#2863,#2864,#2865,#2866,#2867,#2868,
    #2869,#2870,#2871,#2872,#2873,#2874),.UNSPECIFIED.,.F.,.F.,(6,4,4,4,
    4,6),(0.,3.166693061758E-02,0.270290935281,0.531963840803,
    0.767773884431,1.),.UNSPECIFIED.);
#2853 = CARTESIAN_POINT('',(-2.505776327174E-08,8.737747064276));
#2854 = CARTESIAN_POINT('',(-9.538776349549E-03,8.733259647254));
#2855 = CARTESIAN_POINT('',(-1.907778833059E-02,8.728772809109));
#2856 = CARTESIAN_POINT('',(-2.861730301261E-02,8.724287238271));
#2857 = CARTESIAN_POINT('',(-3.815759428851E-02,8.71980364367));
#2858 = CARTESIAN_POINT('',(-0.119597340919,8.681557320555));
#2859 = CARTESIAN_POINT('',(-0.191555134026,8.647946115299));
#2860 = CARTESIAN_POINT('',(-0.263698716583,8.614792893777));
#2861 = CARTESIAN_POINT('',(-0.336140007146,8.582409532936));
#2862 = CARTESIAN_POINT('',(-0.48886010245,8.516809595319));
#2863 = CARTESIAN_POINT('',(-0.569216143504,8.483816589561));
#2864 = CARTESIAN_POINT('',(-0.650184067572,8.452568047519));
#2865 = CARTESIAN_POINT('',(-0.731852066878,8.423528433432));
#2866 = CARTESIAN_POINT('',(-0.888499333741,8.37339086261));
#2867 = CARTESIAN_POINT('',(-0.96334151972,8.351791748488));
#2868 = CARTESIAN_POINT('',(-1.038782588015,8.33269562712));
#2869 = CARTESIAN_POINT('',(-1.114785549813,8.316434425348));
#2870 = CARTESIAN_POINT('',(-1.266529778589,8.290282128822));
#2871 = CARTESIAN_POINT('',(-1.34226519992,8.280296437691));
#2872 = CARTESIAN_POINT('',(-1.418322806837,8.273542720391));
#2873 = CARTESIAN_POINT('',(-1.494562641452,8.270166537926));
#2874 = CARTESIAN_POINT('',(-1.570796326795,8.270166537926));
#2875 = ( GEOMETRIC_REPRESENTATION_CONTEXT(2) 
PARAMETRIC_REPRESENTATION_CONTEXT() REPRESENTATION_CONTEXT('2D SPACE',''
  ) );
#2876 = PCURVE('',#1265,#2877);
#2877 = DEFINITIONAL_REPRESENTATION('',(#2878),#2901);
#2878 = B_SPLINE_CURVE_WITH_KNOTS('',5,(#2879,#2880,#2881,#2882,#2883,
    #2884,#2885,#2886,#2887,#2888,#2889,#2890,#2891,#2892,#2893,#2894,
    #2895,#2896,#2897,#2898,#2899,#2900),.UNSPECIFIED.,.F.,.F.,(6,4,4,4,
    4,6),(0.,3.166693061758E-02,0.270290935281,0.531963840803,
    0.767773884431,1.),.UNSPECIFIED.);
#2879 = CARTESIAN_POINT('',(-1.177825129161E-02,4.712388980385));
#2880 = CARTESIAN_POINT('',(-1.166435841273E-02,4.721927780802));
#2881 = CARTESIAN_POINT('',(-1.155049953579E-02,4.731466771338));
#2882 = CARTESIAN_POINT('',(-1.143669362219E-02,4.741006271481));
#2883 = CARTESIAN_POINT('',(-1.132295900229E-02,4.750546574673));
#2884 = CARTESIAN_POINT('',(-1.03529444737E-02,4.831986321304));
#2885 = CARTESIAN_POINT('',(-9.501656955442E-03,4.903944114411));
#2886 = CARTESIAN_POINT('',(-8.663131334058E-03,4.976087696968));
#2887 = CARTESIAN_POINT('',(-7.845168029523E-03,5.048528987531));
#2888 = CARTESIAN_POINT('',(-6.190217331227E-03,5.201249082835));
#2889 = CARTESIAN_POINT('',(-5.359072057841E-03,5.281605123889));
#2890 = CARTESIAN_POINT('',(-4.572951083036E-03,5.362573047957));
#2891 = CARTESIAN_POINT('',(-3.843273285499E-03,5.444241047262));
#2892 = CARTESIAN_POINT('',(-2.584684043491E-03,5.600888314125));
#2893 = CARTESIAN_POINT('',(-2.043059923353E-03,5.675730500105));
#2894 = CARTESIAN_POINT('',(-1.564631340859E-03,5.7511715684));
#2895 = CARTESIAN_POINT('',(-1.157491592591E-03,5.827174530198));
#2896 = CARTESIAN_POINT('',(-5.029854477447E-04,5.978918758974));
#2897 = CARTESIAN_POINT('',(-2.532467098222E-04,6.054654180305));
#2898 = CARTESIAN_POINT('',(-8.440528595788E-05,6.130711787222));
#2899 = CARTESIAN_POINT('',(-3.929567782279E-10,6.206951621837));
#2900 = CARTESIAN_POINT('',(-3.929567782279E-10,6.28318530718));
#2901 = ( GEOMETRIC_REPRESENTATION_CONTEXT(2) 
PARAMETRIC_REPRESENTATION_CONTEXT() REPRESENTATION_CONTEXT('2D SPACE',''
  ) );
#2902 = ORIENTED_EDGE('',*,*,#1277,.F.);
#2903 = ADVANCED_FACE('',(#2904),#1265,.T.);
#2904 = FACE_BOUND('',#2905,.T.);
#2905 = EDGE_LOOP('',(#2906,#2907,#2908,#2909));
#2906 = ORIENTED_EDGE('',*,*,#2825,.F.);
#2907 = ORIENTED_EDGE('',*,*,#1244,.T.);
#2908 = ORIENTED_EDGE('',*,*,#2697,.T.);
#2909 = ORIENTED_EDGE('',*,*,#2910,.F.);
#2910 = EDGE_CURVE('',#2803,#2698,#2911,.T.);
#2911 = SURFACE_CURVE('',#2912,(#2917,#2924),.PCURVE_S1.);
#2912 = CIRCLE('',#2913,40.);
#2913 = AXIS2_PLACEMENT_3D('',#2914,#2915,#2916);
#2914 = CARTESIAN_POINT('',(40.0000001,52.,13.4));
#2915 = DIRECTION('',(-0.,0.,-1.));
#2916 = DIRECTION('',(-0.25,-0.968245836552,0.));
#2917 = PCURVE('',#1265,#2918);
#2918 = DEFINITIONAL_REPRESENTATION('',(#2919),#2923);
#2919 = LINE('',#2920,#2921);
#2920 = CARTESIAN_POINT('',(0.,6.28318530718));
#2921 = VECTOR('',#2922,1.);
#2922 = DIRECTION('',(1.,0.));
#2923 = ( GEOMETRIC_REPRESENTATION_CONTEXT(2) 
PARAMETRIC_REPRESENTATION_CONTEXT() REPRESENTATION_CONTEXT('2D SPACE',''
  ) );
#2924 = PCURVE('',#2362,#2925);
#2925 = DEFINITIONAL_REPRESENTATION('',(#2926),#2930);
#2926 = LINE('',#2927,#2928);
#2927 = CARTESIAN_POINT('',(-10.74289403242,-13.4));
#2928 = VECTOR('',#2929,1.);
#2929 = DIRECTION('',(1.,-0.));
#2930 = ( GEOMETRIC_REPRESENTATION_CONTEXT(2) 
PARAMETRIC_REPRESENTATION_CONTEXT() REPRESENTATION_CONTEXT('2D SPACE',''
  ) );
#2931 = ADVANCED_FACE('',(#2932),#1445,.T.);
#2932 = FACE_BOUND('',#2933,.F.);
#2933 = EDGE_LOOP('',(#2934,#3014,#3015,#3095));
#2934 = ORIENTED_EDGE('',*,*,#2935,.F.);
#2935 = EDGE_CURVE('',#1423,#2936,#2938,.T.);
#2936 = VERTEX_POINT('',#2937);
#2937 = CARTESIAN_POINT('',(32.4000001,15.176094720956,13.4));
#2938 = SURFACE_CURVE('',#2939,(#2962,#2988),.PCURVE_S1.);
#2939 = B_SPLINE_CURVE_WITH_KNOTS('',5,(#2940,#2941,#2942,#2943,#2944,
    #2945,#2946,#2947,#2948,#2949,#2950,#2951,#2952,#2953,#2954,#2955,
    #2956,#2957,#2958,#2959,#2960,#2961),.UNSPECIFIED.,.F.,.F.,(6,4,4,4,
    4,6),(0.,3.170057493638E-02,0.281014338061,0.546696910953,
    0.775160596532,1.),.UNSPECIFIED.);
#2940 = CARTESIAN_POINT('',(31.8000001,14.690483787734,14.));
#2941 = CARTESIAN_POINT('',(31.805723918088,14.695086220398,
    13.999999999999));
#2942 = CARTESIAN_POINT('',(31.811447590361,14.699689245751,
    13.999931745642));
#2943 = CARTESIAN_POINT('',(31.817170210864,14.704292135418,
    13.999795243868));
#2944 = CARTESIAN_POINT('',(31.822890873443,14.70889416017,
    13.999590510436));
#2945 = CARTESIAN_POINT('',(31.873577124691,14.749675336114,
    13.997170989754));
#2946 = CARTESIAN_POINT('',(31.918366961926,14.785756252726,
    13.990805641631));
#2947 = CARTESIAN_POINT('',(31.962541743313,14.821385726584,
    13.980234111246));
#2948 = CARTESIAN_POINT('',(32.005651621552,14.856197850659,
    13.965498940428));
#2949 = CARTESIAN_POINT('',(32.091524147524,14.925617473485,
    13.926666535377));
#2950 = CARTESIAN_POINT('',(32.134074872114,14.960058800754,
    13.902019567235));
#2951 = CARTESIAN_POINT('',(32.174305392956,14.992661132586,
    13.872881390897));
#2952 = CARTESIAN_POINT('',(32.211583115566,15.022902122742,
    13.839461509376));
#2953 = CARTESIAN_POINT('',(32.274249894913,15.073782136834,
    13.770075286059));
#2954 = CARTESIAN_POINT('',(32.300572427267,15.095172475689,
    13.73512222758));
#2955 = CARTESIAN_POINT('',(32.323841452977,15.114095589255,
    13.69755124845));
#2956 = CARTESIAN_POINT('',(32.343654843321,15.13021716721,
    13.657730340174));
#2957 = CARTESIAN_POINT('',(32.375506338283,15.156143102747,
    13.5752583397));
#2958 = CARTESIAN_POINT('',(32.387664688789,15.166045167327,
    13.532657912268));
#2959 = CARTESIAN_POINT('',(32.395888876559,15.172745367058,
    13.488850129235));
#2960 = CARTESIAN_POINT('',(32.400000099984,15.176094720959,
    13.444423117557));
#2961 = CARTESIAN_POINT('',(32.400000099984,15.176094720959,13.4));
#2962 = PCURVE('',#1445,#2963);
#2963 = DEFINITIONAL_REPRESENTATION('',(#2964),#2987);
#2964 = B_SPLINE_CURVE_WITH_KNOTS('',5,(#2965,#2966,#2967,#2968,#2969,
    #2970,#2971,#2972,#2973,#2974,#2975,#2976,#2977,#2978,#2979,#2980,
    #2981,#2982,#2983,#2984,#2985,#2986),.UNSPECIFIED.,.F.,.F.,(6,4,4,4,
    4,6),(0.,3.170057493638E-02,0.281014338061,0.546696910953,
    0.775160596532,1.),.UNSPECIFIED.);
#2965 = CARTESIAN_POINT('',(-1.281344246716E-02,1.570796326941));
#2966 = CARTESIAN_POINT('',(-1.26929599311E-02,1.580336023432));
#2967 = CARTESIAN_POINT('',(-1.257243932156E-02,1.589875477453));
#2968 = CARTESIAN_POINT('',(-1.245189967886E-02,1.599414986942));
#2969 = CARTESIAN_POINT('',(-1.233136010083E-02,1.608954850046));
#2970 = CARTESIAN_POINT('',(-1.126298993098E-02,1.693528127707));
#2971 = CARTESIAN_POINT('',(-1.031635974427E-02,1.768598920601));
#2972 = CARTESIAN_POINT('',(-9.380172070533E-03,1.84385941987));
#2973 = CARTESIAN_POINT('',(-8.464135938716E-03,1.919445550526));
#2974 = CARTESIAN_POINT('',(-6.635030706692E-03,2.076519899509));
#2975 = CARTESIAN_POINT('',(-5.726175929682E-03,2.1580644496));
#2976 = CARTESIAN_POINT('',(-4.864604292729E-03,2.240274436497));
#2977 = CARTESIAN_POINT('',(-4.064426495195E-03,2.323253013947));
#2978 = CARTESIAN_POINT('',(-2.716780180489E-03,2.479080315255));
#2979 = CARTESIAN_POINT('',(-2.149622059955E-03,2.551718446682));
#2980 = CARTESIAN_POINT('',(-1.647430005076E-03,2.624959564543));
#2981 = CARTESIAN_POINT('',(-1.219308552996E-03,2.698767412156));
#2982 = CARTESIAN_POINT('',(-5.305270894178E-04,2.846115720158));
#2983 = CARTESIAN_POINT('',(-2.672766557881E-04,2.919649353367));
#2984 = CARTESIAN_POINT('',(-8.907819720871E-05,2.993509466269));
#2985 = CARTESIAN_POINT('',(-4.32542890394E-13,3.067554124328));
#2986 = CARTESIAN_POINT('',(-4.32542890394E-13,3.14159265359));
#2987 = ( GEOMETRIC_REPRESENTATION_CONTEXT(2) 
PARAMETRIC_REPRESENTATION_CONTEXT() REPRESENTATION_CONTEXT('2D SPACE',''
  ) );
#2988 = PCURVE('',#1768,#2989);
#2989 = DEFINITIONAL_REPRESENTATION('',(#2990),#3013);
#2990 = B_SPLINE_CURVE_WITH_KNOTS('',5,(#2991,#2992,#2993,#2994,#2995,
    #2996,#2997,#2998,#2999,#3000,#3001,#3002,#3003,#3004,#3005,#3006,
    #3007,#3008,#3009,#3010,#3011,#3012),.UNSPECIFIED.,.F.,.F.,(6,4,4,4,
    4,6),(0.,3.170057493638E-02,0.281014338061,0.546696910953,
    0.775160596532,1.),.UNSPECIFIED.);
#2991 = CARTESIAN_POINT('',(0.,9.690483787734));
#2992 = CARTESIAN_POINT('',(9.539696777292E-03,9.695086220398));
#2993 = CARTESIAN_POINT('',(1.90791506729E-02,9.699689245751));
#2994 = CARTESIAN_POINT('',(2.861866007795E-02,9.704292135418));
#2995 = CARTESIAN_POINT('',(3.815852325082E-02,9.70889416017));
#2996 = CARTESIAN_POINT('',(0.122731800912,9.749675336114));
#2997 = CARTESIAN_POINT('',(0.197802593806,9.785756252726));
#2998 = CARTESIAN_POINT('',(0.273063093075,9.821385726584));
#2999 = CARTESIAN_POINT('',(0.348649223732,9.856197850659));
#3000 = CARTESIAN_POINT('',(0.505723572714,9.925617473485));
#3001 = CARTESIAN_POINT('',(0.587268122805,9.960058800754));
#3002 = CARTESIAN_POINT('',(0.669478109702,9.992661132586));
#3003 = CARTESIAN_POINT('',(0.752456687152,10.022902122742));
#3004 = CARTESIAN_POINT('',(0.90828398846,10.073782136834));
#3005 = CARTESIAN_POINT('',(0.980922119887,10.095172475689));
#3006 = CARTESIAN_POINT('',(1.054163237748,10.114095589255));
#3007 = CARTESIAN_POINT('',(1.127971085361,10.13021716721));
#3008 = CARTESIAN_POINT('',(1.275319393363,10.156143102747));
#3009 = CARTESIAN_POINT('',(1.348853026572,10.166045167327));
#3010 = CARTESIAN_POINT('',(1.422713139475,10.172745367058));
#3011 = CARTESIAN_POINT('',(1.496757797533,10.176094720959));
#3012 = CARTESIAN_POINT('',(1.570796326795,10.176094720959));
#3013 = ( GEOMETRIC_REPRESENTATION_CONTEXT(2) 
PARAMETRIC_REPRESENTATION_CONTEXT() REPRESENTATION_CONTEXT('2D SPACE',''
  ) );
#3014 = ORIENTED_EDGE('',*,*,#1422,.T.);
#3015 = ORIENTED_EDGE('',*,*,#3016,.T.);
#3016 = EDGE_CURVE('',#1425,#3017,#3019,.T.);
#3017 = VERTEX_POINT('',#3018);
#3018 = CARTESIAN_POINT('',(32.4000001,88.823905279044,13.4));
#3019 = SURFACE_CURVE('',#3020,(#3043,#3069),.PCURVE_S1.);
#3020 = B_SPLINE_CURVE_WITH_KNOTS('',5,(#3021,#3022,#3023,#3024,#3025,
    #3026,#3027,#3028,#3029,#3030,#3031,#3032,#3033,#3034,#3035,#3036,
    #3037,#3038,#3039,#3040,#3041,#3042),.UNSPECIFIED.,.F.,.F.,(6,4,4,4,
    4,6),(0.,3.170057380167E-02,0.281014337218,0.546696910421,
    0.775160596269,1.),.UNSPECIFIED.);
#3021 = CARTESIAN_POINT('',(31.800000102537,89.309516212913,14.));
#3022 = CARTESIAN_POINT('',(31.805723917513,89.304913777483,
    13.999999999989));
#3023 = CARTESIAN_POINT('',(31.811447590841,89.300310753582,
    13.999931745626));
#3024 = CARTESIAN_POINT('',(31.81717021199,89.295707864955,
    13.999795243852));
#3025 = CARTESIAN_POINT('',(31.822890873654,89.29110583966,
    13.999590510426));
#3026 = CARTESIAN_POINT('',(31.873577124691,89.250324663886,
    13.997170989754));
#3027 = CARTESIAN_POINT('',(31.918366961926,89.214243747274,
    13.990805641631));
#3028 = CARTESIAN_POINT('',(31.962541743313,89.178614273416,
    13.980234111246));
#3029 = CARTESIAN_POINT('',(32.005651621552,89.143802149341,
    13.965498940428));
#3030 = CARTESIAN_POINT('',(32.091524147524,89.074382526515,
    13.926666535377));
#3031 = CARTESIAN_POINT('',(32.134074872114,89.039941199246,
    13.902019567235));
#3032 = CARTESIAN_POINT('',(32.174305392956,89.007338867414,
    13.872881390897));
#3033 = CARTESIAN_POINT('',(32.211583115566,88.977097877258,
    13.839461509376));
#3034 = CARTESIAN_POINT('',(32.274249894913,88.926217863166,
    13.770075286059));
#3035 = CARTESIAN_POINT('',(32.300572427267,88.904827524311,
    13.73512222758));
#3036 = CARTESIAN_POINT('',(32.323841452977,88.885904410745,
    13.69755124845));
#3037 = CARTESIAN_POINT('',(32.343654843321,88.86978283279,
    13.657730340174));
#3038 = CARTESIAN_POINT('',(32.375506338283,88.843856897253,
    13.5752583397));
#3039 = CARTESIAN_POINT('',(32.387664688789,88.833954832673,
    13.532657912268));
#3040 = CARTESIAN_POINT('',(32.395888876559,88.827254632942,
    13.488850129235));
#3041 = CARTESIAN_POINT('',(32.400000099984,88.823905279041,
    13.444423117557));
#3042 = CARTESIAN_POINT('',(32.400000099984,88.823905279041,13.4));
#3043 = PCURVE('',#1445,#3044);
#3044 = DEFINITIONAL_REPRESENTATION('',(#3045),#3068);
#3045 = B_SPLINE_CURVE_WITH_KNOTS('',5,(#3046,#3047,#3048,#3049,#3050,
    #3051,#3052,#3053,#3054,#3055,#3056,#3057,#3058,#3059,#3060,#3061,
    #3062,#3063,#3064,#3065,#3066,#3067),.UNSPECIFIED.,.F.,.F.,(6,4,4,4,
    4,6),(0.,3.170057380167E-02,0.281014337218,0.546696910421,
    0.775160596269,1.),.UNSPECIFIED.);
#3046 = CARTESIAN_POINT('',(-2.721719336288,1.570796326795));
#3047 = CARTESIAN_POINT('',(-2.721839818729,1.580336026676));
#3048 = CARTESIAN_POINT('',(-2.721960339373,1.58987547871));
#3049 = CARTESIAN_POINT('',(-2.722080879039,1.59941498674));
#3050 = CARTESIAN_POINT('',(-2.72220141859,1.608954850398));
#3051 = CARTESIAN_POINT('',(-2.723269788756,1.693528127707));
#3052 = CARTESIAN_POINT('',(-2.724216418942,1.768598920601));
#3053 = CARTESIAN_POINT('',(-2.725152606616,1.84385941987));
#3054 = CARTESIAN_POINT('',(-2.726068642748,1.919445550526));
#3055 = CARTESIAN_POINT('',(-2.72789774798,2.076519899509));
#3056 = CARTESIAN_POINT('',(-2.728806602757,2.158064449599));
#3057 = CARTESIAN_POINT('',(-2.729668174394,2.240274436497));
#3058 = CARTESIAN_POINT('',(-2.730468352191,2.323253013947));
#3059 = CARTESIAN_POINT('',(-2.731815998506,2.479080315255));
#3060 = CARTESIAN_POINT('',(-2.732383156627,2.551718446682));
#3061 = CARTESIAN_POINT('',(-2.732885348681,2.624959564543));
#3062 = CARTESIAN_POINT('',(-2.733313470134,2.698767412156));
#3063 = CARTESIAN_POINT('',(-2.734002251597,2.846115720158));
#3064 = CARTESIAN_POINT('',(-2.734265502031,2.919649353367));
#3065 = CARTESIAN_POINT('',(-2.734443700489,2.99350946627));
#3066 = CARTESIAN_POINT('',(-2.734532778686,3.067554124328));
#3067 = CARTESIAN_POINT('',(-2.734532778686,3.14159265359));
#3068 = ( GEOMETRIC_REPRESENTATION_CONTEXT(2) 
PARAMETRIC_REPRESENTATION_CONTEXT() REPRESENTATION_CONTEXT('2D SPACE',''
  ) );
#3069 = PCURVE('',#1473,#3070);
#3070 = DEFINITIONAL_REPRESENTATION('',(#3071),#3094);
#3071 = B_SPLINE_CURVE_WITH_KNOTS('',5,(#3072,#3073,#3074,#3075,#3076,
    #3077,#3078,#3079,#3080,#3081,#3082,#3083,#3084,#3085,#3086,#3087,
    #3088,#3089,#3090,#3091,#3092,#3093),.UNSPECIFIED.,.F.,.F.,(6,4,4,4,
    4,6),(0.,3.170057380167E-02,0.281014337218,0.546696910421,
    0.775160596269,1.),.UNSPECIFIED.);
#3072 = CARTESIAN_POINT('',(-4.228913515666E-09,9.690483787087));
#3073 = CARTESIAN_POINT('',(-9.539695819021E-03,9.695086222517));
#3074 = CARTESIAN_POINT('',(-1.907915147249E-02,9.699689246418));
#3075 = CARTESIAN_POINT('',(-2.861866195589E-02,9.704292135045));
#3076 = CARTESIAN_POINT('',(-3.815852360348E-02,9.70889416034));
#3077 = CARTESIAN_POINT('',(-0.122731800912,9.749675336114));
#3078 = CARTESIAN_POINT('',(-0.197802593806,9.785756252726));
#3079 = CARTESIAN_POINT('',(-0.273063093075,9.821385726584));
#3080 = CARTESIAN_POINT('',(-0.348649223732,9.856197850659));
#3081 = CARTESIAN_POINT('',(-0.505723572714,9.925617473485));
#3082 = CARTESIAN_POINT('',(-0.587268122805,9.960058800754));
#3083 = CARTESIAN_POINT('',(-0.669478109702,9.992661132586));
#3084 = CARTESIAN_POINT('',(-0.752456687152,10.022902122742));
#3085 = CARTESIAN_POINT('',(-0.908283988461,10.073782136834));
#3086 = CARTESIAN_POINT('',(-0.980922119887,10.095172475689));
#3087 = CARTESIAN_POINT('',(-1.054163237748,10.114095589255));
#3088 = CARTESIAN_POINT('',(-1.127971085361,10.13021716721));
#3089 = CARTESIAN_POINT('',(-1.275319393363,10.156143102747));
#3090 = CARTESIAN_POINT('',(-1.348853026572,10.166045167327));
#3091 = CARTESIAN_POINT('',(-1.422713139475,10.172745367058));
#3092 = CARTESIAN_POINT('',(-1.496757797533,10.176094720959));
#3093 = CARTESIAN_POINT('',(-1.570796326795,10.176094720959));
#3094 = ( GEOMETRIC_REPRESENTATION_CONTEXT(2) 
PARAMETRIC_REPRESENTATION_CONTEXT() REPRESENTATION_CONTEXT('2D SPACE',''
  ) );
#3095 = ORIENTED_EDGE('',*,*,#3096,.F.);
#3096 = EDGE_CURVE('',#2936,#3017,#3097,.T.);
#3097 = SURFACE_CURVE('',#3098,(#3103,#3110),.PCURVE_S1.);
#3098 = CIRCLE('',#3099,37.6);
#3099 = AXIS2_PLACEMENT_3D('',#3100,#3101,#3102);
#3100 = CARTESIAN_POINT('',(40.0000001,52.,13.4));
#3101 = DIRECTION('',(-0.,0.,-1.));
#3102 = DIRECTION('',(-0.202127659574,-0.979359182953,0.));
#3103 = PCURVE('',#1445,#3104);
#3104 = DEFINITIONAL_REPRESENTATION('',(#3105),#3109);
#3105 = LINE('',#3106,#3107);
#3106 = CARTESIAN_POINT('',(-0.,3.14159265359));
#3107 = VECTOR('',#3108,1.);
#3108 = DIRECTION('',(-1.,0.));
#3109 = ( GEOMETRIC_REPRESENTATION_CONTEXT(2) 
PARAMETRIC_REPRESENTATION_CONTEXT() REPRESENTATION_CONTEXT('2D SPACE',''
  ) );
#3110 = PCURVE('',#3111,#3116);
#3111 = CYLINDRICAL_SURFACE('',#3112,37.6);
#3112 = AXIS2_PLACEMENT_3D('',#3113,#3114,#3115);
#3113 = CARTESIAN_POINT('',(40.0000001,52.,2.4));
#3114 = DIRECTION('',(-0.,-0.,-1.));
#3115 = DIRECTION('',(1.,0.,0.));
#3116 = DEFINITIONAL_REPRESENTATION('',(#3117),#3121);
#3117 = LINE('',#3118,#3119);
#3118 = CARTESIAN_POINT('',(-10.79204435011,-11.));
#3119 = VECTOR('',#3120,1.);
#3120 = DIRECTION('',(1.,-0.));
#3121 = ( GEOMETRIC_REPRESENTATION_CONTEXT(2) 
PARAMETRIC_REPRESENTATION_CONTEXT() REPRESENTATION_CONTEXT('2D SPACE',''
  ) );
#3122 = ADVANCED_FACE('',(#3123),#1768,.T.);
#3123 = FACE_BOUND('',#3124,.T.);
#3124 = EDGE_LOOP('',(#3125,#3149,#3175,#3176));
#3125 = ORIENTED_EDGE('',*,*,#3126,.T.);
#3126 = EDGE_CURVE('',#1722,#3127,#3129,.T.);
#3127 = VERTEX_POINT('',#3128);
#3128 = CARTESIAN_POINT('',(32.4000001,5.,13.4));
#3129 = SURFACE_CURVE('',#3130,(#3135,#3142),.PCURVE_S1.);
#3130 = CIRCLE('',#3131,0.6);
#3131 = AXIS2_PLACEMENT_3D('',#3132,#3133,#3134);
#3132 = CARTESIAN_POINT('',(31.8000001,5.,13.4));
#3133 = DIRECTION('',(-6.123233995737E-17,1.,0.));
#3134 = DIRECTION('',(-1.,-6.123233995737E-17,0.));
#3135 = PCURVE('',#1768,#3136);
#3136 = DEFINITIONAL_REPRESENTATION('',(#3137),#3141);
#3137 = LINE('',#3138,#3139);
#3138 = CARTESIAN_POINT('',(-1.570796326795,0.));
#3139 = VECTOR('',#3140,1.);
#3140 = DIRECTION('',(1.,0.));
#3141 = ( GEOMETRIC_REPRESENTATION_CONTEXT(2) 
PARAMETRIC_REPRESENTATION_CONTEXT() REPRESENTATION_CONTEXT('2D SPACE',''
  ) );
#3142 = PCURVE('',#1742,#3143);
#3143 = DEFINITIONAL_REPRESENTATION('',(#3144),#3148);
#3144 = LINE('',#3145,#3146);
#3145 = CARTESIAN_POINT('',(-1.570796326795,0.));
#3146 = VECTOR('',#3147,1.);
#3147 = DIRECTION('',(-0.,1.));
#3148 = ( GEOMETRIC_REPRESENTATION_CONTEXT(2) 
PARAMETRIC_REPRESENTATION_CONTEXT() REPRESENTATION_CONTEXT('2D SPACE',''
  ) );
#3149 = ORIENTED_EDGE('',*,*,#3150,.T.);
#3150 = EDGE_CURVE('',#3127,#2936,#3151,.T.);
#3151 = SURFACE_CURVE('',#3152,(#3156,#3163),.PCURVE_S1.);
#3152 = LINE('',#3153,#3154);
#3153 = CARTESIAN_POINT('',(32.4000001,5.,13.4));
#3154 = VECTOR('',#3155,1.);
#3155 = DIRECTION('',(0.,1.,0.));
#3156 = PCURVE('',#1768,#3157);
#3157 = DEFINITIONAL_REPRESENTATION('',(#3158),#3162);
#3158 = LINE('',#3159,#3160);
#3159 = CARTESIAN_POINT('',(1.570796326795,0.));
#3160 = VECTOR('',#3161,1.);
#3161 = DIRECTION('',(0.,1.));
#3162 = ( GEOMETRIC_REPRESENTATION_CONTEXT(2) 
PARAMETRIC_REPRESENTATION_CONTEXT() REPRESENTATION_CONTEXT('2D SPACE',''
  ) );
#3163 = PCURVE('',#3164,#3169);
#3164 = PLANE('',#3165);
#3165 = AXIS2_PLACEMENT_3D('',#3166,#3167,#3168);
#3166 = CARTESIAN_POINT('',(32.4000001,2.4,2.4));
#3167 = DIRECTION('',(1.,0.,0.));
#3168 = DIRECTION('',(0.,0.,1.));
#3169 = DEFINITIONAL_REPRESENTATION('',(#3170),#3174);
#3170 = LINE('',#3171,#3172);
#3171 = CARTESIAN_POINT('',(11.,-2.6));
#3172 = VECTOR('',#3173,1.);
#3173 = DIRECTION('',(0.,-1.));
#3174 = ( GEOMETRIC_REPRESENTATION_CONTEXT(2) 
PARAMETRIC_REPRESENTATION_CONTEXT() REPRESENTATION_CONTEXT('2D SPACE',''
  ) );
#3175 = ORIENTED_EDGE('',*,*,#2935,.F.);
#3176 = ORIENTED_EDGE('',*,*,#1754,.F.);
#3177 = ADVANCED_FACE('',(#3178),#1473,.T.);
#3178 = FACE_BOUND('',#3179,.F.);
#3179 = EDGE_LOOP('',(#3180,#3204,#3230,#3231));
#3180 = ORIENTED_EDGE('',*,*,#3181,.T.);
#3181 = EDGE_CURVE('',#1458,#3182,#3184,.T.);
#3182 = VERTEX_POINT('',#3183);
#3183 = CARTESIAN_POINT('',(32.4000001,99.,13.4));
#3184 = SURFACE_CURVE('',#3185,(#3190,#3197),.PCURVE_S1.);
#3185 = CIRCLE('',#3186,0.6);
#3186 = AXIS2_PLACEMENT_3D('',#3187,#3188,#3189);
#3187 = CARTESIAN_POINT('',(31.8000001,99.,13.4));
#3188 = DIRECTION('',(6.123233995737E-17,1.,-0.));
#3189 = DIRECTION('',(-1.,6.123233995737E-17,0.));
#3190 = PCURVE('',#1473,#3191);
#3191 = DEFINITIONAL_REPRESENTATION('',(#3192),#3196);
#3192 = LINE('',#3193,#3194);
#3193 = CARTESIAN_POINT('',(1.570796326795,-0.));
#3194 = VECTOR('',#3195,1.);
#3195 = DIRECTION('',(-1.,0.));
#3196 = ( GEOMETRIC_REPRESENTATION_CONTEXT(2) 
PARAMETRIC_REPRESENTATION_CONTEXT() REPRESENTATION_CONTEXT('2D SPACE',''
  ) );
#3197 = PCURVE('',#1502,#3198);
#3198 = DEFINITIONAL_REPRESENTATION('',(#3199),#3203);
#3199 = LINE('',#3200,#3201);
#3200 = CARTESIAN_POINT('',(1.570796326795,0.));
#3201 = VECTOR('',#3202,1.);
#3202 = DIRECTION('',(0.,1.));
#3203 = ( GEOMETRIC_REPRESENTATION_CONTEXT(2) 
PARAMETRIC_REPRESENTATION_CONTEXT() REPRESENTATION_CONTEXT('2D SPACE',''
  ) );
#3204 = ORIENTED_EDGE('',*,*,#3205,.T.);
#3205 = EDGE_CURVE('',#3182,#3017,#3206,.T.);
#3206 = SURFACE_CURVE('',#3207,(#3211,#3218),.PCURVE_S1.);
#3207 = LINE('',#3208,#3209);
#3208 = CARTESIAN_POINT('',(32.4000001,99.,13.4));
#3209 = VECTOR('',#3210,1.);
#3210 = DIRECTION('',(-0.,-1.,-0.));
#3211 = PCURVE('',#1473,#3212);
#3212 = DEFINITIONAL_REPRESENTATION('',(#3213),#3217);
#3213 = LINE('',#3214,#3215);
#3214 = CARTESIAN_POINT('',(-1.570796326795,0.));
#3215 = VECTOR('',#3216,1.);
#3216 = DIRECTION('',(-0.,1.));
#3217 = ( GEOMETRIC_REPRESENTATION_CONTEXT(2) 
PARAMETRIC_REPRESENTATION_CONTEXT() REPRESENTATION_CONTEXT('2D SPACE',''
  ) );
#3218 = PCURVE('',#3219,#3224);
#3219 = PLANE('',#3220);
#3220 = AXIS2_PLACEMENT_3D('',#3221,#3222,#3223);
#3221 = CARTESIAN_POINT('',(32.4000001,78.4,2.4));
#3222 = DIRECTION('',(1.,0.,0.));
#3223 = DIRECTION('',(0.,0.,1.));
#3224 = DEFINITIONAL_REPRESENTATION('',(#3225),#3229);
#3225 = LINE('',#3226,#3227);
#3226 = CARTESIAN_POINT('',(11.,-20.6));
#3227 = VECTOR('',#3228,1.);
#3228 = DIRECTION('',(0.,1.));
#3229 = ( GEOMETRIC_REPRESENTATION_CONTEXT(2) 
PARAMETRIC_REPRESENTATION_CONTEXT() REPRESENTATION_CONTEXT('2D SPACE',''
  ) );
#3230 = ORIENTED_EDGE('',*,*,#3016,.F.);
#3231 = ORIENTED_EDGE('',*,*,#1457,.F.);
#3232 = ADVANCED_FACE('',(#3233),#1742,.T.);
#3233 = FACE_BOUND('',#3234,.F.);
#3234 = EDGE_LOOP('',(#3235,#3259,#3260,#3261));
#3235 = ORIENTED_EDGE('',*,*,#3236,.F.);
#3236 = EDGE_CURVE('',#1694,#3237,#3239,.T.);
#3237 = VERTEX_POINT('',#3238);
#3238 = CARTESIAN_POINT('',(35.0000001,2.4,13.4));
#3239 = SURFACE_CURVE('',#3240,(#3245,#3252),.PCURVE_S1.);
#3240 = CIRCLE('',#3241,0.6);
#3241 = AXIS2_PLACEMENT_3D('',#3242,#3243,#3244);
#3242 = CARTESIAN_POINT('',(35.0000001,1.8,13.4));
#3243 = DIRECTION('',(-1.,0.,0.));
#3244 = DIRECTION('',(0.,0.,1.));
#3245 = PCURVE('',#1742,#3246);
#3246 = DEFINITIONAL_REPRESENTATION('',(#3247),#3251);
#3247 = LINE('',#3248,#3249);
#3248 = CARTESIAN_POINT('',(-0.,1.570796326795));
#3249 = VECTOR('',#3250,1.);
#3250 = DIRECTION('',(-0.,1.));
#3251 = ( GEOMETRIC_REPRESENTATION_CONTEXT(2) 
PARAMETRIC_REPRESENTATION_CONTEXT() REPRESENTATION_CONTEXT('2D SPACE',''
  ) );
#3252 = PCURVE('',#1709,#3253);
#3253 = DEFINITIONAL_REPRESENTATION('',(#3254),#3258);
#3254 = LINE('',#3255,#3256);
#3255 = CARTESIAN_POINT('',(0.,10.));
#3256 = VECTOR('',#3257,1.);
#3257 = DIRECTION('',(1.,0.));
#3258 = ( GEOMETRIC_REPRESENTATION_CONTEXT(2) 
PARAMETRIC_REPRESENTATION_CONTEXT() REPRESENTATION_CONTEXT('2D SPACE',''
  ) );
#3259 = ORIENTED_EDGE('',*,*,#1721,.T.);
#3260 = ORIENTED_EDGE('',*,*,#3126,.T.);
#3261 = ORIENTED_EDGE('',*,*,#3262,.F.);
#3262 = EDGE_CURVE('',#3237,#3127,#3263,.T.);
#3263 = SURFACE_CURVE('',#3264,(#3269,#3276),.PCURVE_S1.);
#3264 = CIRCLE('',#3265,2.6);
#3265 = AXIS2_PLACEMENT_3D('',#3266,#3267,#3268);
#3266 = CARTESIAN_POINT('',(35.0000001,5.,13.4));
#3267 = DIRECTION('',(-0.,-0.,-1.));
#3268 = DIRECTION('',(0.,-1.,0.));
#3269 = PCURVE('',#1742,#3270);
#3270 = DEFINITIONAL_REPRESENTATION('',(#3271),#3275);
#3271 = LINE('',#3272,#3273);
#3272 = CARTESIAN_POINT('',(-0.,3.14159265359));
#3273 = VECTOR('',#3274,1.);
#3274 = DIRECTION('',(-1.,0.));
#3275 = ( GEOMETRIC_REPRESENTATION_CONTEXT(2) 
PARAMETRIC_REPRESENTATION_CONTEXT() REPRESENTATION_CONTEXT('2D SPACE',''
  ) );
#3276 = PCURVE('',#3277,#3282);
#3277 = CYLINDRICAL_SURFACE('',#3278,2.6);
#3278 = AXIS2_PLACEMENT_3D('',#3279,#3280,#3281);
#3279 = CARTESIAN_POINT('',(35.0000001,5.,2.4));
#3280 = DIRECTION('',(0.,0.,1.));
#3281 = DIRECTION('',(-1.,-0.,0.));
#3282 = DEFINITIONAL_REPRESENTATION('',(#3283),#3287);
#3283 = LINE('',#3284,#3285);
#3284 = CARTESIAN_POINT('',(1.570796326795,11.));
#3285 = VECTOR('',#3286,1.);
#3286 = DIRECTION('',(-1.,-0.));
#3287 = ( GEOMETRIC_REPRESENTATION_CONTEXT(2) 
PARAMETRIC_REPRESENTATION_CONTEXT() REPRESENTATION_CONTEXT('2D SPACE',''
  ) );
#3288 = ADVANCED_FACE('',(#3289),#1502,.T.);
#3289 = FACE_BOUND('',#3290,.T.);
#3290 = EDGE_LOOP('',(#3291,#3315,#3316,#3317));
#3291 = ORIENTED_EDGE('',*,*,#3292,.F.);
#3292 = EDGE_CURVE('',#1486,#3293,#3295,.T.);
#3293 = VERTEX_POINT('',#3294);
#3294 = CARTESIAN_POINT('',(35.0000001,101.6,13.4));
#3295 = SURFACE_CURVE('',#3296,(#3301,#3308),.PCURVE_S1.);
#3296 = CIRCLE('',#3297,0.6);
#3297 = AXIS2_PLACEMENT_3D('',#3298,#3299,#3300);
#3298 = CARTESIAN_POINT('',(35.0000001,102.2,13.4));
#3299 = DIRECTION('',(1.,0.,-0.));
#3300 = DIRECTION('',(0.,0.,1.));
#3301 = PCURVE('',#1502,#3302);
#3302 = DEFINITIONAL_REPRESENTATION('',(#3303),#3307);
#3303 = LINE('',#3304,#3305);
#3304 = CARTESIAN_POINT('',(0.,1.570796326795));
#3305 = VECTOR('',#3306,1.);
#3306 = DIRECTION('',(0.,1.));
#3307 = ( GEOMETRIC_REPRESENTATION_CONTEXT(2) 
PARAMETRIC_REPRESENTATION_CONTEXT() REPRESENTATION_CONTEXT('2D SPACE',''
  ) );
#3308 = PCURVE('',#1530,#3309);
#3309 = DEFINITIONAL_REPRESENTATION('',(#3310),#3314);
#3310 = LINE('',#3311,#3312);
#3311 = CARTESIAN_POINT('',(-0.,10.));
#3312 = VECTOR('',#3313,1.);
#3313 = DIRECTION('',(-1.,0.));
#3314 = ( GEOMETRIC_REPRESENTATION_CONTEXT(2) 
PARAMETRIC_REPRESENTATION_CONTEXT() REPRESENTATION_CONTEXT('2D SPACE',''
  ) );
#3315 = ORIENTED_EDGE('',*,*,#1485,.T.);
#3316 = ORIENTED_EDGE('',*,*,#3181,.T.);
#3317 = ORIENTED_EDGE('',*,*,#3318,.F.);
#3318 = EDGE_CURVE('',#3293,#3182,#3319,.T.);
#3319 = SURFACE_CURVE('',#3320,(#3325,#3332),.PCURVE_S1.);
#3320 = CIRCLE('',#3321,2.6);
#3321 = AXIS2_PLACEMENT_3D('',#3322,#3323,#3324);
#3322 = CARTESIAN_POINT('',(35.0000001,99.,13.4));
#3323 = DIRECTION('',(0.,0.,1.));
#3324 = DIRECTION('',(0.,1.,-0.));
#3325 = PCURVE('',#1502,#3326);
#3326 = DEFINITIONAL_REPRESENTATION('',(#3327),#3331);
#3327 = LINE('',#3328,#3329);
#3328 = CARTESIAN_POINT('',(0.,3.14159265359));
#3329 = VECTOR('',#3330,1.);
#3330 = DIRECTION('',(1.,0.));
#3331 = ( GEOMETRIC_REPRESENTATION_CONTEXT(2) 
PARAMETRIC_REPRESENTATION_CONTEXT() REPRESENTATION_CONTEXT('2D SPACE',''
  ) );
#3332 = PCURVE('',#3333,#3338);
#3333 = CYLINDRICAL_SURFACE('',#3334,2.6);
#3334 = AXIS2_PLACEMENT_3D('',#3335,#3336,#3337);
#3335 = CARTESIAN_POINT('',(35.0000001,99.,2.4));
#3336 = DIRECTION('',(0.,0.,1.));
#3337 = DIRECTION('',(-1.,-0.,0.));
#3338 = DEFINITIONAL_REPRESENTATION('',(#3339),#3343);
#3339 = LINE('',#3340,#3341);
#3340 = CARTESIAN_POINT('',(-1.570796326795,11.));
#3341 = VECTOR('',#3342,1.);
#3342 = DIRECTION('',(1.,-0.));
#3343 = ( GEOMETRIC_REPRESENTATION_CONTEXT(2) 
PARAMETRIC_REPRESENTATION_CONTEXT() REPRESENTATION_CONTEXT('2D SPACE',''
  ) );
#3344 = ADVANCED_FACE('',(#3345),#1709,.T.);
#3345 = FACE_BOUND('',#3346,.T.);
#3346 = EDGE_LOOP('',(#3347,#3371,#3397,#3398));
#3347 = ORIENTED_EDGE('',*,*,#3348,.T.);
#3348 = EDGE_CURVE('',#1661,#3349,#3351,.T.);
#3349 = VERTEX_POINT('',#3350);
#3350 = CARTESIAN_POINT('',(45.0000001,2.4,13.4));
#3351 = SURFACE_CURVE('',#3352,(#3357,#3364),.PCURVE_S1.);
#3352 = CIRCLE('',#3353,0.6);
#3353 = AXIS2_PLACEMENT_3D('',#3354,#3355,#3356);
#3354 = CARTESIAN_POINT('',(45.0000001,1.8,13.4));
#3355 = DIRECTION('',(-1.,-6.123233995737E-17,0.));
#3356 = DIRECTION('',(6.123233995737E-17,-1.,-0.));
#3357 = PCURVE('',#1709,#3358);
#3358 = DEFINITIONAL_REPRESENTATION('',(#3359),#3363);
#3359 = LINE('',#3360,#3361);
#3360 = CARTESIAN_POINT('',(-1.570796326795,0.));
#3361 = VECTOR('',#3362,1.);
#3362 = DIRECTION('',(1.,0.));
#3363 = ( GEOMETRIC_REPRESENTATION_CONTEXT(2) 
PARAMETRIC_REPRESENTATION_CONTEXT() REPRESENTATION_CONTEXT('2D SPACE',''
  ) );
#3364 = PCURVE('',#1681,#3365);
#3365 = DEFINITIONAL_REPRESENTATION('',(#3366),#3370);
#3366 = LINE('',#3367,#3368);
#3367 = CARTESIAN_POINT('',(-1.570796326795,0.));
#3368 = VECTOR('',#3369,1.);
#3369 = DIRECTION('',(-0.,1.));
#3370 = ( GEOMETRIC_REPRESENTATION_CONTEXT(2) 
PARAMETRIC_REPRESENTATION_CONTEXT() REPRESENTATION_CONTEXT('2D SPACE',''
  ) );
#3371 = ORIENTED_EDGE('',*,*,#3372,.T.);
#3372 = EDGE_CURVE('',#3349,#3237,#3373,.T.);
#3373 = SURFACE_CURVE('',#3374,(#3378,#3385),.PCURVE_S1.);
#3374 = LINE('',#3375,#3376);
#3375 = CARTESIAN_POINT('',(45.0000001,2.4,13.4));
#3376 = VECTOR('',#3377,1.);
#3377 = DIRECTION('',(-1.,0.,0.));
#3378 = PCURVE('',#1709,#3379);
#3379 = DEFINITIONAL_REPRESENTATION('',(#3380),#3384);
#3380 = LINE('',#3381,#3382);
#3381 = CARTESIAN_POINT('',(1.570796326795,0.));
#3382 = VECTOR('',#3383,1.);
#3383 = DIRECTION('',(0.,1.));
#3384 = ( GEOMETRIC_REPRESENTATION_CONTEXT(2) 
PARAMETRIC_REPRESENTATION_CONTEXT() REPRESENTATION_CONTEXT('2D SPACE',''
  ) );
#3385 = PCURVE('',#3386,#3391);
#3386 = PLANE('',#3387);
#3387 = AXIS2_PLACEMENT_3D('',#3388,#3389,#3390);
#3388 = CARTESIAN_POINT('',(32.4000001,2.4,2.4));
#3389 = DIRECTION('',(0.,1.,0.));
#3390 = DIRECTION('',(0.,0.,1.));
#3391 = DEFINITIONAL_REPRESENTATION('',(#3392),#3396);
#3392 = LINE('',#3393,#3394);
#3393 = CARTESIAN_POINT('',(11.,12.6));
#3394 = VECTOR('',#3395,1.);
#3395 = DIRECTION('',(0.,-1.));
#3396 = ( GEOMETRIC_REPRESENTATION_CONTEXT(2) 
PARAMETRIC_REPRESENTATION_CONTEXT() REPRESENTATION_CONTEXT('2D SPACE',''
  ) );
#3397 = ORIENTED_EDGE('',*,*,#3236,.F.);
#3398 = ORIENTED_EDGE('',*,*,#1693,.F.);
#3399 = ADVANCED_FACE('',(#3400),#1530,.T.);
#3400 = FACE_BOUND('',#3401,.F.);
#3401 = EDGE_LOOP('',(#3402,#3426,#3452,#3453));
#3402 = ORIENTED_EDGE('',*,*,#3403,.T.);
#3403 = EDGE_CURVE('',#1515,#3404,#3406,.T.);
#3404 = VERTEX_POINT('',#3405);
#3405 = CARTESIAN_POINT('',(45.0000001,101.6,13.4));
#3406 = SURFACE_CURVE('',#3407,(#3412,#3419),.PCURVE_S1.);
#3407 = CIRCLE('',#3408,0.6);
#3408 = AXIS2_PLACEMENT_3D('',#3409,#3410,#3411);
#3409 = CARTESIAN_POINT('',(45.0000001,102.2,13.4));
#3410 = DIRECTION('',(1.,-6.123233995737E-17,0.));
#3411 = DIRECTION('',(6.123233995737E-17,1.,0.));
#3412 = PCURVE('',#1530,#3413);
#3413 = DEFINITIONAL_REPRESENTATION('',(#3414),#3418);
#3414 = LINE('',#3415,#3416);
#3415 = CARTESIAN_POINT('',(1.570796326795,-0.));
#3416 = VECTOR('',#3417,1.);
#3417 = DIRECTION('',(-1.,0.));
#3418 = ( GEOMETRIC_REPRESENTATION_CONTEXT(2) 
PARAMETRIC_REPRESENTATION_CONTEXT() REPRESENTATION_CONTEXT('2D SPACE',''
  ) );
#3419 = PCURVE('',#1559,#3420);
#3420 = DEFINITIONAL_REPRESENTATION('',(#3421),#3425);
#3421 = LINE('',#3422,#3423);
#3422 = CARTESIAN_POINT('',(1.570796326795,0.));
#3423 = VECTOR('',#3424,1.);
#3424 = DIRECTION('',(0.,1.));
#3425 = ( GEOMETRIC_REPRESENTATION_CONTEXT(2) 
PARAMETRIC_REPRESENTATION_CONTEXT() REPRESENTATION_CONTEXT('2D SPACE',''
  ) );
#3426 = ORIENTED_EDGE('',*,*,#3427,.T.);
#3427 = EDGE_CURVE('',#3404,#3293,#3428,.T.);
#3428 = SURFACE_CURVE('',#3429,(#3433,#3440),.PCURVE_S1.);
#3429 = LINE('',#3430,#3431);
#3430 = CARTESIAN_POINT('',(45.0000001,101.6,13.4));
#3431 = VECTOR('',#3432,1.);
#3432 = DIRECTION('',(-1.,0.,0.));
#3433 = PCURVE('',#1530,#3434);
#3434 = DEFINITIONAL_REPRESENTATION('',(#3435),#3439);
#3435 = LINE('',#3436,#3437);
#3436 = CARTESIAN_POINT('',(-1.570796326795,0.));
#3437 = VECTOR('',#3438,1.);
#3438 = DIRECTION('',(-0.,1.));
#3439 = ( GEOMETRIC_REPRESENTATION_CONTEXT(2) 
PARAMETRIC_REPRESENTATION_CONTEXT() REPRESENTATION_CONTEXT('2D SPACE',''
  ) );
#3440 = PCURVE('',#3441,#3446);
#3441 = PLANE('',#3442);
#3442 = AXIS2_PLACEMENT_3D('',#3443,#3444,#3445);
#3443 = CARTESIAN_POINT('',(32.4000001,101.6,2.4));
#3444 = DIRECTION('',(0.,1.,0.));
#3445 = DIRECTION('',(0.,0.,1.));
#3446 = DEFINITIONAL_REPRESENTATION('',(#3447),#3451);
#3447 = LINE('',#3448,#3449);
#3448 = CARTESIAN_POINT('',(11.,12.6));
#3449 = VECTOR('',#3450,1.);
#3450 = DIRECTION('',(0.,-1.));
#3451 = ( GEOMETRIC_REPRESENTATION_CONTEXT(2) 
PARAMETRIC_REPRESENTATION_CONTEXT() REPRESENTATION_CONTEXT('2D SPACE',''
  ) );
#3452 = ORIENTED_EDGE('',*,*,#3292,.F.);
#3453 = ORIENTED_EDGE('',*,*,#1514,.F.);
#3454 = ADVANCED_FACE('',(#3455),#1681,.T.);
#3455 = FACE_BOUND('',#3456,.F.);
#3456 = EDGE_LOOP('',(#3457,#3481,#3482,#3483));
#3457 = ORIENTED_EDGE('',*,*,#3458,.F.);
#3458 = EDGE_CURVE('',#1633,#3459,#3461,.T.);
#3459 = VERTEX_POINT('',#3460);
#3460 = CARTESIAN_POINT('',(47.6000001,5.,13.4));
#3461 = SURFACE_CURVE('',#3462,(#3467,#3474),.PCURVE_S1.);
#3462 = CIRCLE('',#3463,0.6);
#3463 = AXIS2_PLACEMENT_3D('',#3464,#3465,#3466);
#3464 = CARTESIAN_POINT('',(48.2000001,5.,13.4));
#3465 = DIRECTION('',(0.,-1.,0.));
#3466 = DIRECTION('',(0.,0.,1.));
#3467 = PCURVE('',#1681,#3468);
#3468 = DEFINITIONAL_REPRESENTATION('',(#3469),#3473);
#3469 = LINE('',#3470,#3471);
#3470 = CARTESIAN_POINT('',(-0.,1.570796326795));
#3471 = VECTOR('',#3472,1.);
#3472 = DIRECTION('',(-0.,1.));
#3473 = ( GEOMETRIC_REPRESENTATION_CONTEXT(2) 
PARAMETRIC_REPRESENTATION_CONTEXT() REPRESENTATION_CONTEXT('2D SPACE',''
  ) );
#3474 = PCURVE('',#1648,#3475);
#3475 = DEFINITIONAL_REPRESENTATION('',(#3476),#3480);
#3476 = LINE('',#3477,#3478);
#3477 = CARTESIAN_POINT('',(0.,10.176094720957));
#3478 = VECTOR('',#3479,1.);
#3479 = DIRECTION('',(1.,0.));
#3480 = ( GEOMETRIC_REPRESENTATION_CONTEXT(2) 
PARAMETRIC_REPRESENTATION_CONTEXT() REPRESENTATION_CONTEXT('2D SPACE',''
  ) );
#3481 = ORIENTED_EDGE('',*,*,#1660,.T.);
#3482 = ORIENTED_EDGE('',*,*,#3348,.T.);
#3483 = ORIENTED_EDGE('',*,*,#3484,.F.);
#3484 = EDGE_CURVE('',#3459,#3349,#3485,.T.);
#3485 = SURFACE_CURVE('',#3486,(#3491,#3498),.PCURVE_S1.);
#3486 = CIRCLE('',#3487,2.6);
#3487 = AXIS2_PLACEMENT_3D('',#3488,#3489,#3490);
#3488 = CARTESIAN_POINT('',(45.0000001,5.,13.4));
#3489 = DIRECTION('',(0.,-0.,-1.));
#3490 = DIRECTION('',(1.,0.,-0.));
#3491 = PCURVE('',#1681,#3492);
#3492 = DEFINITIONAL_REPRESENTATION('',(#3493),#3497);
#3493 = LINE('',#3494,#3495);
#3494 = CARTESIAN_POINT('',(-0.,3.14159265359));
#3495 = VECTOR('',#3496,1.);
#3496 = DIRECTION('',(-1.,0.));
#3497 = ( GEOMETRIC_REPRESENTATION_CONTEXT(2) 
PARAMETRIC_REPRESENTATION_CONTEXT() REPRESENTATION_CONTEXT('2D SPACE',''
  ) );
#3498 = PCURVE('',#3499,#3504);
#3499 = CYLINDRICAL_SURFACE('',#3500,2.6);
#3500 = AXIS2_PLACEMENT_3D('',#3501,#3502,#3503);
#3501 = CARTESIAN_POINT('',(45.0000001,5.,2.4));
#3502 = DIRECTION('',(0.,0.,1.));
#3503 = DIRECTION('',(1.,0.,-0.));
#3504 = DEFINITIONAL_REPRESENTATION('',(#3505),#3509);
#3505 = LINE('',#3506,#3507);
#3506 = CARTESIAN_POINT('',(-0.,11.));
#3507 = VECTOR('',#3508,1.);
#3508 = DIRECTION('',(-1.,0.));
#3509 = ( GEOMETRIC_REPRESENTATION_CONTEXT(2) 
PARAMETRIC_REPRESENTATION_CONTEXT() REPRESENTATION_CONTEXT('2D SPACE',''
  ) );
#3510 = ADVANCED_FACE('',(#3511),#1559,.T.);
#3511 = FACE_BOUND('',#3512,.T.);
#3512 = EDGE_LOOP('',(#3513,#3537,#3538,#3539));
#3513 = ORIENTED_EDGE('',*,*,#3514,.F.);
#3514 = EDGE_CURVE('',#1543,#3515,#3517,.T.);
#3515 = VERTEX_POINT('',#3516);
#3516 = CARTESIAN_POINT('',(47.6000001,99.,13.4));
#3517 = SURFACE_CURVE('',#3518,(#3523,#3530),.PCURVE_S1.);
#3518 = CIRCLE('',#3519,0.6);
#3519 = AXIS2_PLACEMENT_3D('',#3520,#3521,#3522);
#3520 = CARTESIAN_POINT('',(48.2000001,99.,13.4));
#3521 = DIRECTION('',(-0.,-1.,0.));
#3522 = DIRECTION('',(0.,-0.,1.));
#3523 = PCURVE('',#1559,#3524);
#3524 = DEFINITIONAL_REPRESENTATION('',(#3525),#3529);
#3525 = LINE('',#3526,#3527);
#3526 = CARTESIAN_POINT('',(0.,1.570796326795));
#3527 = VECTOR('',#3528,1.);
#3528 = DIRECTION('',(0.,1.));
#3529 = ( GEOMETRIC_REPRESENTATION_CONTEXT(2) 
PARAMETRIC_REPRESENTATION_CONTEXT() REPRESENTATION_CONTEXT('2D SPACE',''
  ) );
#3530 = PCURVE('',#1587,#3531);
#3531 = DEFINITIONAL_REPRESENTATION('',(#3532),#3536);
#3532 = LINE('',#3533,#3534);
#3533 = CARTESIAN_POINT('',(-0.,10.176094720956));
#3534 = VECTOR('',#3535,1.);
#3535 = DIRECTION('',(-1.,0.));
#3536 = ( GEOMETRIC_REPRESENTATION_CONTEXT(2) 
PARAMETRIC_REPRESENTATION_CONTEXT() REPRESENTATION_CONTEXT('2D SPACE',''
  ) );
#3537 = ORIENTED_EDGE('',*,*,#1542,.T.);
#3538 = ORIENTED_EDGE('',*,*,#3403,.T.);
#3539 = ORIENTED_EDGE('',*,*,#3540,.F.);
#3540 = EDGE_CURVE('',#3515,#3404,#3541,.T.);
#3541 = SURFACE_CURVE('',#3542,(#3547,#3554),.PCURVE_S1.);
#3542 = CIRCLE('',#3543,2.6);
#3543 = AXIS2_PLACEMENT_3D('',#3544,#3545,#3546);
#3544 = CARTESIAN_POINT('',(45.0000001,99.,13.4));
#3545 = DIRECTION('',(0.,0.,1.));
#3546 = DIRECTION('',(1.,0.,-0.));
#3547 = PCURVE('',#1559,#3548);
#3548 = DEFINITIONAL_REPRESENTATION('',(#3549),#3553);
#3549 = LINE('',#3550,#3551);
#3550 = CARTESIAN_POINT('',(0.,3.14159265359));
#3551 = VECTOR('',#3552,1.);
#3552 = DIRECTION('',(1.,0.));
#3553 = ( GEOMETRIC_REPRESENTATION_CONTEXT(2) 
PARAMETRIC_REPRESENTATION_CONTEXT() REPRESENTATION_CONTEXT('2D SPACE',''
  ) );
#3554 = PCURVE('',#3555,#3560);
#3555 = CYLINDRICAL_SURFACE('',#3556,2.6);
#3556 = AXIS2_PLACEMENT_3D('',#3557,#3558,#3559);
#3557 = CARTESIAN_POINT('',(45.0000001,99.,2.4));
#3558 = DIRECTION('',(0.,0.,1.));
#3559 = DIRECTION('',(1.,0.,-0.));
#3560 = DEFINITIONAL_REPRESENTATION('',(#3561),#3565);
#3561 = LINE('',#3562,#3563);
#3562 = CARTESIAN_POINT('',(0.,11.));
#3563 = VECTOR('',#3564,1.);
#3564 = DIRECTION('',(1.,0.));
#3565 = ( GEOMETRIC_REPRESENTATION_CONTEXT(2) 
PARAMETRIC_REPRESENTATION_CONTEXT() REPRESENTATION_CONTEXT('2D SPACE',''
  ) );
#3566 = ADVANCED_FACE('',(#3567),#1648,.T.);
#3567 = FACE_BOUND('',#3568,.T.);
#3568 = EDGE_LOOP('',(#3569,#3649,#3675,#3676));
#3569 = ORIENTED_EDGE('',*,*,#3570,.T.);
#3570 = EDGE_CURVE('',#1600,#3571,#3573,.T.);
#3571 = VERTEX_POINT('',#3572);
#3572 = CARTESIAN_POINT('',(47.6000001,15.176094720956,13.4));
#3573 = SURFACE_CURVE('',#3574,(#3597,#3623),.PCURVE_S1.);
#3574 = B_SPLINE_CURVE_WITH_KNOTS('',5,(#3575,#3576,#3577,#3578,#3579,
    #3580,#3581,#3582,#3583,#3584,#3585,#3586,#3587,#3588,#3589,#3590,
    #3591,#3592,#3593,#3594,#3595,#3596),.UNSPECIFIED.,.F.,.F.,(6,4,4,4,
    4,6),(0.,3.17005416083E-02,0.281014305286,0.546696879367,
    0.775160565991,1.),.UNSPECIFIED.);
#3575 = CARTESIAN_POINT('',(48.200000098926,14.690483787409,14.));
#3576 = CARTESIAN_POINT('',(48.194276288143,14.695086216531,
    13.999999999995));
#3577 = CARTESIAN_POINT('',(48.188552621329,14.699689236475,
    13.999931745777));
#3578 = CARTESIAN_POINT('',(48.182830006463,14.704292120915,
    13.999795244286));
#3579 = CARTESIAN_POINT('',(48.177109350207,14.708894141145,
    13.999590511282));
#3580 = CARTESIAN_POINT('',(48.126423104788,14.749675312372,
    13.997170993391));
#3581 = CARTESIAN_POINT('',(48.081633267207,14.78575622924,
    13.99080564747));
#3582 = CARTESIAN_POINT('',(48.037458485303,14.821385703493,
    13.980234119259));
#3583 = CARTESIAN_POINT('',(47.994348606371,14.856197828107,
    13.965498950577));
#3584 = CARTESIAN_POINT('',(47.908476078492,14.925617452432,
    13.926666549782));
#3585 = CARTESIAN_POINT('',(47.865925352674,14.960058780676,
    13.902019583731));
#3586 = CARTESIAN_POINT('',(47.825694830403,14.992661113648,
    13.872881409383));
#3587 = CARTESIAN_POINT('',(47.788417106159,15.022902105115,
    13.839461529721));
#3588 = CARTESIAN_POINT('',(47.725750323409,15.073782121948,
    13.770075309535));
#3589 = CARTESIAN_POINT('',(47.699427789335,15.095172462192,
    13.735122252375));
#3590 = CARTESIAN_POINT('',(47.676158761767,15.114095577262,
    13.697551274407));
#3591 = CARTESIAN_POINT('',(47.656345369444,15.130217156824,
    13.657730367106));
#3592 = CARTESIAN_POINT('',(47.624493868301,15.156143097384,
    13.57525836277));
#3593 = CARTESIAN_POINT('',(47.612335514533,15.166045164602,
    13.532657930059));
#3594 = CARTESIAN_POINT('',(47.604111324586,15.172745366157,
    13.488850141268));
#3595 = CARTESIAN_POINT('',(47.600000100004,15.176094720957,
    13.44442312357));
#3596 = CARTESIAN_POINT('',(47.600000100004,15.176094720957,13.4));
#3597 = PCURVE('',#1648,#3598);
#3598 = DEFINITIONAL_REPRESENTATION('',(#3599),#3622);
#3599 = B_SPLINE_CURVE_WITH_KNOTS('',5,(#3600,#3601,#3602,#3603,#3604,
    #3605,#3606,#3607,#3608,#3609,#3610,#3611,#3612,#3613,#3614,#3615,
    #3616,#3617,#3618,#3619,#3620,#3621),.UNSPECIFIED.,.F.,.F.,(6,4,4,4,
    4,6),(0.,3.17005416083E-02,0.281014305286,0.546696879367,
    0.775160565991,1.),.UNSPECIFIED.);
#3600 = CARTESIAN_POINT('',(1.79018873799E-09,0.485610933548));
#3601 = CARTESIAN_POINT('',(9.539686393494E-03,0.481008504426));
#3602 = CARTESIAN_POINT('',(1.907913119002E-02,0.476405484482));
#3603 = CARTESIAN_POINT('',(2.861863119463E-02,0.471802600041));
#3604 = CARTESIAN_POINT('',(3.815848381305E-02,0.467200579811));
#3605 = CARTESIAN_POINT('',(0.122731751547,0.426419408584));
#3606 = CARTESIAN_POINT('',(0.197802544493,0.390338491716));
#3607 = CARTESIAN_POINT('',(0.273063043759,0.354709017464));
#3608 = CARTESIAN_POINT('',(0.348649174359,0.31989689285));
#3609 = CARTESIAN_POINT('',(0.505723523312,0.250477268524));
#3610 = CARTESIAN_POINT('',(0.587268073427,0.21603594028));
#3611 = CARTESIAN_POINT('',(0.669478060309,0.183433607308));
#3612 = CARTESIAN_POINT('',(0.752456637719,0.153192615842));
#3613 = CARTESIAN_POINT('',(0.908283938956,0.102312599008));
#3614 = CARTESIAN_POINT('',(0.980922070353,8.092225876417E-02));
#3615 = CARTESIAN_POINT('',(1.054163188197,6.199914369483E-02));
#3616 = CARTESIAN_POINT('',(1.127971035824,4.587756413303E-02));
#3617 = CARTESIAN_POINT('',(1.275319353541,1.995162357223E-02));
#3618 = CARTESIAN_POINT('',(1.348852996575,1.004955635507E-02));
#3619 = CARTESIAN_POINT('',(1.42271311942,3.349354799369E-03));
#3620 = CARTESIAN_POINT('',(1.496757787512,-1.421112672838E-13));
#3621 = CARTESIAN_POINT('',(1.570796326795,-1.42108547152E-13));
#3622 = ( GEOMETRIC_REPRESENTATION_CONTEXT(2) 
PARAMETRIC_REPRESENTATION_CONTEXT() REPRESENTATION_CONTEXT('2D SPACE',''
  ) );
#3623 = PCURVE('',#1620,#3624);
#3624 = DEFINITIONAL_REPRESENTATION('',(#3625),#3648);
#3625 = B_SPLINE_CURVE_WITH_KNOTS('',5,(#3626,#3627,#3628,#3629,#3630,
    #3631,#3632,#3633,#3634,#3635,#3636,#3637,#3638,#3639,#3640,#3641,
    #3642,#3643,#3644,#3645,#3646,#3647),.UNSPECIFIED.,.F.,.F.,(6,4,4,4,
    4,6),(0.,3.17005416083E-02,0.281014305286,0.546696879367,
    0.775160565991,1.),.UNSPECIFIED.);
#3626 = CARTESIAN_POINT('',(-2.721719336249,1.570796326795));
#3627 = CARTESIAN_POINT('',(-2.721839818618,1.580336014908));
#3628 = CARTESIAN_POINT('',(-2.721960339118,1.589875458172));
#3629 = CARTESIAN_POINT('',(-2.722080878646,1.599414957138));
#3630 = CARTESIAN_POINT('',(-2.722201418087,1.608954810608));
#3631 = CARTESIAN_POINT('',(-2.723269788133,1.693528078342));
#3632 = CARTESIAN_POINT('',(-2.724216418325,1.768598871288));
#3633 = CARTESIAN_POINT('',(-2.725152606009,1.843859370554));
#3634 = CARTESIAN_POINT('',(-2.726068642154,1.919445501154));
#3635 = CARTESIAN_POINT('',(-2.727897747424,2.076519850107));
#3636 = CARTESIAN_POINT('',(-2.728806602227,2.158064400222));
#3637 = CARTESIAN_POINT('',(-2.729668173893,2.240274387104));
#3638 = CARTESIAN_POINT('',(-2.730468351725,2.323252964514));
#3639 = CARTESIAN_POINT('',(-2.731815998111,2.479080265751));
#3640 = CARTESIAN_POINT('',(-2.732383156268,2.551718397147));
#3641 = CARTESIAN_POINT('',(-2.732885348363,2.624959514991));
#3642 = CARTESIAN_POINT('',(-2.733313469858,2.698767362619));
#3643 = CARTESIAN_POINT('',(-2.734002251455,2.846115680336));
#3644 = CARTESIAN_POINT('',(-2.734265501959,2.91964932337));
#3645 = CARTESIAN_POINT('',(-2.734443700464,2.993509446215));
#3646 = CARTESIAN_POINT('',(-2.734532778686,3.067554114307));
#3647 = CARTESIAN_POINT('',(-2.734532778686,3.14159265359));
#3648 = ( GEOMETRIC_REPRESENTATION_CONTEXT(2) 
PARAMETRIC_REPRESENTATION_CONTEXT() REPRESENTATION_CONTEXT('2D SPACE',''
  ) );
#3649 = ORIENTED_EDGE('',*,*,#3650,.T.);
#3650 = EDGE_CURVE('',#3571,#3459,#3651,.T.);
#3651 = SURFACE_CURVE('',#3652,(#3656,#3663),.PCURVE_S1.);
#3652 = LINE('',#3653,#3654);
#3653 = CARTESIAN_POINT('',(47.6000001,15.176094720957,13.4));
#3654 = VECTOR('',#3655,1.);
#3655 = DIRECTION('',(-0.,-1.,-0.));
#3656 = PCURVE('',#1648,#3657);
#3657 = DEFINITIONAL_REPRESENTATION('',(#3658),#3662);
#3658 = LINE('',#3659,#3660);
#3659 = CARTESIAN_POINT('',(1.570796326795,0.));
#3660 = VECTOR('',#3661,1.);
#3661 = DIRECTION('',(0.,1.));
#3662 = ( GEOMETRIC_REPRESENTATION_CONTEXT(2) 
PARAMETRIC_REPRESENTATION_CONTEXT() REPRESENTATION_CONTEXT('2D SPACE',''
  ) );
#3663 = PCURVE('',#3664,#3669);
#3664 = PLANE('',#3665);
#3665 = AXIS2_PLACEMENT_3D('',#3666,#3667,#3668);
#3666 = CARTESIAN_POINT('',(47.6000001,2.4,2.4));
#3667 = DIRECTION('',(1.,0.,0.));
#3668 = DIRECTION('',(0.,0.,1.));
#3669 = DEFINITIONAL_REPRESENTATION('',(#3670),#3674);
#3670 = LINE('',#3671,#3672);
#3671 = CARTESIAN_POINT('',(11.,-12.77609472095));
#3672 = VECTOR('',#3673,1.);
#3673 = DIRECTION('',(0.,1.));
#3674 = ( GEOMETRIC_REPRESENTATION_CONTEXT(2) 
PARAMETRIC_REPRESENTATION_CONTEXT() REPRESENTATION_CONTEXT('2D SPACE',''
  ) );
#3675 = ORIENTED_EDGE('',*,*,#3458,.F.);
#3676 = ORIENTED_EDGE('',*,*,#1632,.F.);
#3677 = ADVANCED_FACE('',(#3678),#1587,.T.);
#3678 = FACE_BOUND('',#3679,.F.);
#3679 = EDGE_LOOP('',(#3680,#3760,#3786,#3787));
#3680 = ORIENTED_EDGE('',*,*,#3681,.T.);
#3681 = EDGE_CURVE('',#1572,#3682,#3684,.T.);
#3682 = VERTEX_POINT('',#3683);
#3683 = CARTESIAN_POINT('',(47.6000001,88.823905279044,13.4));
#3684 = SURFACE_CURVE('',#3685,(#3708,#3734),.PCURVE_S1.);
#3685 = B_SPLINE_CURVE_WITH_KNOTS('',5,(#3686,#3687,#3688,#3689,#3690,
    #3691,#3692,#3693,#3694,#3695,#3696,#3697,#3698,#3699,#3700,#3701,
    #3702,#3703,#3704,#3705,#3706,#3707),.UNSPECIFIED.,.F.,.F.,(6,4,4,4,
    4,6),(0.,3.17005425402E-02,0.281014306083,0.546696880012,
    0.775160566505,1.),.UNSPECIFIED.);
#3686 = CARTESIAN_POINT('',(48.2000001,89.309516212355,14.));
#3687 = CARTESIAN_POINT('',(48.194276287859,89.304913784297,
    13.999999999999));
#3688 = CARTESIAN_POINT('',(48.188552621391,89.300310763691,
    13.999931745782));
#3689 = CARTESIAN_POINT('',(48.182830006706,89.295707878757,
    13.999795244287));
#3690 = CARTESIAN_POINT('',(48.17710934999,89.291105858681,
    13.999590511275));
#3691 = CARTESIAN_POINT('',(48.126423104403,89.250324687318,
    13.997170993344));
#3692 = CARTESIAN_POINT('',(48.081633266827,89.214243770453,
    13.990805647394));
#3693 = CARTESIAN_POINT('',(48.037458484929,89.178614296206,
    13.980234119154));
#3694 = CARTESIAN_POINT('',(47.994348606006,89.143802171599,
    13.965498950445));
#3695 = CARTESIAN_POINT('',(47.908476078153,89.074382547293,
    13.926666549594));
#3696 = CARTESIAN_POINT('',(47.86592535235,89.039941219062,
    13.902019583516));
#3697 = CARTESIAN_POINT('',(47.825694830098,89.007338886104,
    13.872881409141));
#3698 = CARTESIAN_POINT('',(47.788417105876,88.977097894655,
    13.839461529455));
#3699 = CARTESIAN_POINT('',(47.725750323169,88.926217877857,
    13.770075309228));
#3700 = CARTESIAN_POINT('',(47.699427789118,88.904827537631,
    13.735122252051));
#3701 = CARTESIAN_POINT('',(47.676158761574,88.885904422582,
    13.697551274068));
#3702 = CARTESIAN_POINT('',(47.656345369277,88.869782843041,
    13.657730366754));
#3703 = CARTESIAN_POINT('',(47.624493868215,88.843856902546,
    13.575258362469));
#3704 = CARTESIAN_POINT('',(47.612335514489,88.833954835363,
    13.532657929827));
#3705 = CARTESIAN_POINT('',(47.604111324571,88.827254633831,
    13.48885014111));
#3706 = CARTESIAN_POINT('',(47.600000100004,88.823905279043,
    13.444423123491));
#3707 = CARTESIAN_POINT('',(47.600000100004,88.823905279043,13.4));
#3708 = PCURVE('',#1587,#3709);
#3709 = DEFINITIONAL_REPRESENTATION('',(#3710),#3733);
#3710 = B_SPLINE_CURVE_WITH_KNOTS('',5,(#3711,#3712,#3713,#3714,#3715,
    #3716,#3717,#3718,#3719,#3720,#3721,#3722,#3723,#3724,#3725,#3726,
    #3727,#3728,#3729,#3730,#3731,#3732),.UNSPECIFIED.,.F.,.F.,(6,4,4,4,
    4,6),(0.,3.17005425402E-02,0.281014306083,0.546696880012,
    0.775160566505,1.),.UNSPECIFIED.);
#3711 = CARTESIAN_POINT('',(0.,0.485610933311));
#3712 = CARTESIAN_POINT('',(-9.539686867235E-03,0.481008505253));
#3713 = CARTESIAN_POINT('',(-1.907913108545E-02,0.476405484647));
#3714 = CARTESIAN_POINT('',(-2.861863078986E-02,0.471802599713));
#3715 = CARTESIAN_POINT('',(-3.815848417365E-02,0.467200579637));
#3716 = CARTESIAN_POINT('',(-0.122731752191,0.426419408274));
#3717 = CARTESIAN_POINT('',(-0.197802545137,0.390338491409));
#3718 = CARTESIAN_POINT('',(-0.273063044403,0.354709017162));
#3719 = CARTESIAN_POINT('',(-0.348649175003,0.319896892555));
#3720 = CARTESIAN_POINT('',(-0.505723523957,0.250477268249));
#3721 = CARTESIAN_POINT('',(-0.587268074072,0.216035940018));
#3722 = CARTESIAN_POINT('',(-0.669478060954,0.18343360706));
#3723 = CARTESIAN_POINT('',(-0.752456638364,0.153192615611));
#3724 = CARTESIAN_POINT('',(-0.908283939603,0.102312598813));
#3725 = CARTESIAN_POINT('',(-0.980922070999,8.092225858739E-02));
#3726 = CARTESIAN_POINT('',(-1.054163188844,6.199914353759E-02));
#3727 = CARTESIAN_POINT('',(-1.127971036471,4.587756399682E-02));
#3728 = CARTESIAN_POINT('',(-1.275319354061,1.995162350162E-02));
#3729 = CARTESIAN_POINT('',(-1.348852996967,1.004955631892E-02));
#3730 = CARTESIAN_POINT('',(-1.422713119682,3.349354787006E-03));
#3731 = CARTESIAN_POINT('',(-1.496757787643,-7.531780200375E-13));
#3732 = CARTESIAN_POINT('',(-1.570796326795,-7.531752999057E-13));
#3733 = ( GEOMETRIC_REPRESENTATION_CONTEXT(2) 
PARAMETRIC_REPRESENTATION_CONTEXT() REPRESENTATION_CONTEXT('2D SPACE',''
  ) );
#3734 = PCURVE('',#1620,#3735);
#3735 = DEFINITIONAL_REPRESENTATION('',(#3736),#3759);
#3736 = B_SPLINE_CURVE_WITH_KNOTS('',5,(#3737,#3738,#3739,#3740,#3741,
    #3742,#3743,#3744,#3745,#3746,#3747,#3748,#3749,#3750,#3751,#3752,
    #3753,#3754,#3755,#3756,#3757,#3758),.UNSPECIFIED.,.F.,.F.,(6,4,4,4,
    4,6),(0.,3.17005425402E-02,0.281014306083,0.546696880012,
    0.775160566505,1.),.UNSPECIFIED.);
#3737 = CARTESIAN_POINT('',(-1.281344246665E-02,1.570796326795));
#3738 = CARTESIAN_POINT('',(-1.269296005677E-02,1.580336013662));
#3739 = CARTESIAN_POINT('',(-1.257243956909E-02,1.58987545788));
#3740 = CARTESIAN_POINT('',(-1.24519000487E-02,1.599414957585));
#3741 = CARTESIAN_POINT('',(-1.23313605946E-02,1.608954810969));
#3742 = CARTESIAN_POINT('',(-1.126299054556E-02,1.693528078986));
#3743 = CARTESIAN_POINT('',(-1.031636035297E-02,1.768598871932));
#3744 = CARTESIAN_POINT('',(-9.380172669694E-03,1.843859371198));
#3745 = CARTESIAN_POINT('',(-8.464136524573E-03,1.919445501798));
#3746 = CARTESIAN_POINT('',(-6.635031254836E-03,2.076519850752));
#3747 = CARTESIAN_POINT('',(-5.726176453047E-03,2.158064400867));
#3748 = CARTESIAN_POINT('',(-4.864604786905E-03,2.240274387749));
#3749 = CARTESIAN_POINT('',(-4.064426955622E-03,2.323252965159));
#3750 = CARTESIAN_POINT('',(-2.716780569942E-03,2.479080266398));
#3751 = CARTESIAN_POINT('',(-2.149622413345E-03,2.551718397794));
#3752 = CARTESIAN_POINT('',(-1.647430319276E-03,2.624959515639));
#3753 = CARTESIAN_POINT('',(-1.219308825256E-03,2.698767363266));
#3754 = CARTESIAN_POINT('',(-5.305272301239E-04,2.846115680856));
#3755 = CARTESIAN_POINT('',(-2.67276726742E-04,2.919649323762));
#3756 = CARTESIAN_POINT('',(-8.907822187965E-05,2.993509446477));
#3757 = CARTESIAN_POINT('',(-1.083577672034E-13,3.067554114438));
#3758 = CARTESIAN_POINT('',(-1.083577672034E-13,3.14159265359));
#3759 = ( GEOMETRIC_REPRESENTATION_CONTEXT(2) 
PARAMETRIC_REPRESENTATION_CONTEXT() REPRESENTATION_CONTEXT('2D SPACE',''
  ) );
#3760 = ORIENTED_EDGE('',*,*,#3761,.T.);
#3761 = EDGE_CURVE('',#3682,#3515,#3762,.T.);
#3762 = SURFACE_CURVE('',#3763,(#3767,#3774),.PCURVE_S1.);
#3763 = LINE('',#3764,#3765);
#3764 = CARTESIAN_POINT('',(47.6000001,88.823905279044,13.4));
#3765 = VECTOR('',#3766,1.);
#3766 = DIRECTION('',(0.,1.,0.));
#3767 = PCURVE('',#1587,#3768);
#3768 = DEFINITIONAL_REPRESENTATION('',(#3769),#3773);
#3769 = LINE('',#3770,#3771);
#3770 = CARTESIAN_POINT('',(-1.570796326795,0.));
#3771 = VECTOR('',#3772,1.);
#3772 = DIRECTION('',(-0.,1.));
#3773 = ( GEOMETRIC_REPRESENTATION_CONTEXT(2) 
PARAMETRIC_REPRESENTATION_CONTEXT() REPRESENTATION_CONTEXT('2D SPACE',''
  ) );
#3774 = PCURVE('',#3775,#3780);
#3775 = PLANE('',#3776);
#3776 = AXIS2_PLACEMENT_3D('',#3777,#3778,#3779);
#3777 = CARTESIAN_POINT('',(47.6000001,78.4,2.4));
#3778 = DIRECTION('',(1.,0.,0.));
#3779 = DIRECTION('',(0.,0.,1.));
#3780 = DEFINITIONAL_REPRESENTATION('',(#3781),#3785);
#3781 = LINE('',#3782,#3783);
#3782 = CARTESIAN_POINT('',(11.,-10.42390527904));
#3783 = VECTOR('',#3784,1.);
#3784 = DIRECTION('',(0.,-1.));
#3785 = ( GEOMETRIC_REPRESENTATION_CONTEXT(2) 
PARAMETRIC_REPRESENTATION_CONTEXT() REPRESENTATION_CONTEXT('2D SPACE',''
  ) );
#3786 = ORIENTED_EDGE('',*,*,#3514,.F.);
#3787 = ORIENTED_EDGE('',*,*,#1571,.F.);
#3788 = ADVANCED_FACE('',(#3789),#1620,.T.);
#3789 = FACE_BOUND('',#3790,.F.);
#3790 = EDGE_LOOP('',(#3791,#3792,#3793,#3794));
#3791 = ORIENTED_EDGE('',*,*,#3681,.F.);
#3792 = ORIENTED_EDGE('',*,*,#1599,.T.);
#3793 = ORIENTED_EDGE('',*,*,#3570,.T.);
#3794 = ORIENTED_EDGE('',*,*,#3795,.F.);
#3795 = EDGE_CURVE('',#3682,#3571,#3796,.T.);
#3796 = SURFACE_CURVE('',#3797,(#3802,#3809),.PCURVE_S1.);
#3797 = CIRCLE('',#3798,37.6);
#3798 = AXIS2_PLACEMENT_3D('',#3799,#3800,#3801);
#3799 = CARTESIAN_POINT('',(40.0000001,52.,13.4));
#3800 = DIRECTION('',(0.,-0.,-1.));
#3801 = DIRECTION('',(0.202127659574,0.979359182953,-0.));
#3802 = PCURVE('',#1620,#3803);
#3803 = DEFINITIONAL_REPRESENTATION('',(#3804),#3808);
#3804 = LINE('',#3805,#3806);
#3805 = CARTESIAN_POINT('',(-0.,3.14159265359));
#3806 = VECTOR('',#3807,1.);
#3807 = DIRECTION('',(-1.,0.));
#3808 = ( GEOMETRIC_REPRESENTATION_CONTEXT(2) 
PARAMETRIC_REPRESENTATION_CONTEXT() REPRESENTATION_CONTEXT('2D SPACE',''
  ) );
#3809 = PCURVE('',#3810,#3815);
#3810 = CYLINDRICAL_SURFACE('',#3811,37.6);
#3811 = AXIS2_PLACEMENT_3D('',#3812,#3813,#3814);
#3812 = CARTESIAN_POINT('',(40.0000001,52.,2.4));
#3813 = DIRECTION('',(-0.,-0.,-1.));
#3814 = DIRECTION('',(1.,0.,0.));
#3815 = DEFINITIONAL_REPRESENTATION('',(#3816),#3820);
#3816 = LINE('',#3817,#3818);
#3817 = CARTESIAN_POINT('',(-7.650451696523,-11.));
#3818 = VECTOR('',#3819,1.);
#3819 = DIRECTION('',(1.,-0.));
#3820 = ( GEOMETRIC_REPRESENTATION_CONTEXT(2) 
PARAMETRIC_REPRESENTATION_CONTEXT() REPRESENTATION_CONTEXT('2D SPACE',''
  ) );
#3821 = ADVANCED_FACE('',(#3822),#1852,.F.);
#3822 = FACE_BOUND('',#3823,.F.);
#3823 = EDGE_LOOP('',(#3824,#3845,#3846,#3847));
#3824 = ORIENTED_EDGE('',*,*,#3825,.T.);
#3825 = EDGE_CURVE('',#2048,#2545,#3826,.T.);
#3826 = SURFACE_CURVE('',#3827,(#3831,#3838),.PCURVE_S1.);
#3827 = LINE('',#3828,#3829);
#3828 = CARTESIAN_POINT('',(35.0000001,0.,1.7763568394E-15));
#3829 = VECTOR('',#3830,1.);
#3830 = DIRECTION('',(0.,0.,1.));
#3831 = PCURVE('',#1852,#3832);
#3832 = DEFINITIONAL_REPRESENTATION('',(#3833),#3837);
#3833 = LINE('',#3834,#3835);
#3834 = CARTESIAN_POINT('',(0.,5.));
#3835 = VECTOR('',#3836,1.);
#3836 = DIRECTION('',(1.,0.));
#3837 = ( GEOMETRIC_REPRESENTATION_CONTEXT(2) 
PARAMETRIC_REPRESENTATION_CONTEXT() REPRESENTATION_CONTEXT('2D SPACE',''
  ) );
#3838 = PCURVE('',#2163,#3839);
#3839 = DEFINITIONAL_REPRESENTATION('',(#3840),#3844);
#3840 = LINE('',#3841,#3842);
#3841 = CARTESIAN_POINT('',(1.570796326795,0.));
#3842 = VECTOR('',#3843,1.);
#3843 = DIRECTION('',(0.,1.));
#3844 = ( GEOMETRIC_REPRESENTATION_CONTEXT(2) 
PARAMETRIC_REPRESENTATION_CONTEXT() REPRESENTATION_CONTEXT('2D SPACE',''
  ) );
#3845 = ORIENTED_EDGE('',*,*,#2544,.F.);
#3846 = ORIENTED_EDGE('',*,*,#1836,.F.);
#3847 = ORIENTED_EDGE('',*,*,#2072,.F.);
#3848 = ADVANCED_FACE('',(#3849),#1962,.T.);
#3849 = FACE_BOUND('',#3850,.F.);
#3850 = EDGE_LOOP('',(#3851,#3872,#3873,#3874));
#3851 = ORIENTED_EDGE('',*,*,#3852,.F.);
#3852 = EDGE_CURVE('',#2180,#2595,#3853,.T.);
#3853 = SURFACE_CURVE('',#3854,(#3858,#3865),.PCURVE_S1.);
#3854 = LINE('',#3855,#3856);
#3855 = CARTESIAN_POINT('',(30.0000001,99.,1.7763568394E-15));
#3856 = VECTOR('',#3857,1.);
#3857 = DIRECTION('',(0.,0.,1.));
#3858 = PCURVE('',#1962,#3859);
#3859 = DEFINITIONAL_REPRESENTATION('',(#3860),#3864);
#3860 = LINE('',#3861,#3862);
#3861 = CARTESIAN_POINT('',(-0.,0.));
#3862 = VECTOR('',#3863,1.);
#3863 = DIRECTION('',(-0.,1.));
#3864 = ( GEOMETRIC_REPRESENTATION_CONTEXT(2) 
PARAMETRIC_REPRESENTATION_CONTEXT() REPRESENTATION_CONTEXT('2D SPACE',''
  ) );
#3865 = PCURVE('',#2303,#3866);
#3866 = DEFINITIONAL_REPRESENTATION('',(#3867),#3871);
#3867 = LINE('',#3868,#3869);
#3868 = CARTESIAN_POINT('',(0.,-23.));
#3869 = VECTOR('',#3870,1.);
#3870 = DIRECTION('',(1.,0.));
#3871 = ( GEOMETRIC_REPRESENTATION_CONTEXT(2) 
PARAMETRIC_REPRESENTATION_CONTEXT() REPRESENTATION_CONTEXT('2D SPACE',''
  ) );
#3872 = ORIENTED_EDGE('',*,*,#2179,.F.);
#3873 = ORIENTED_EDGE('',*,*,#1944,.T.);
#3874 = ORIENTED_EDGE('',*,*,#2594,.T.);
#3875 = ADVANCED_FACE('',(#3876),#2163,.T.);
#3876 = FACE_BOUND('',#3877,.T.);
#3877 = EDGE_LOOP('',(#3878,#3899,#3900,#3901));
#3878 = ORIENTED_EDGE('',*,*,#3879,.F.);
#3879 = EDGE_CURVE('',#2124,#2647,#3880,.T.);
#3880 = SURFACE_CURVE('',#3881,(#3885,#3892),.PCURVE_S1.);
#3881 = LINE('',#3882,#3883);
#3882 = CARTESIAN_POINT('',(30.0000001,5.,1.7763568394E-15));
#3883 = VECTOR('',#3884,1.);
#3884 = DIRECTION('',(0.,0.,1.));
#3885 = PCURVE('',#2163,#3886);
#3886 = DEFINITIONAL_REPRESENTATION('',(#3887),#3891);
#3887 = LINE('',#3888,#3889);
#3888 = CARTESIAN_POINT('',(0.,0.));
#3889 = VECTOR('',#3890,1.);
#3890 = DIRECTION('',(0.,1.));
#3891 = ( GEOMETRIC_REPRESENTATION_CONTEXT(2) 
PARAMETRIC_REPRESENTATION_CONTEXT() REPRESENTATION_CONTEXT('2D SPACE',''
  ) );
#3892 = PCURVE('',#2271,#3893);
#3893 = DEFINITIONAL_REPRESENTATION('',(#3894),#3898);
#3894 = LINE('',#3895,#3896);
#3895 = CARTESIAN_POINT('',(0.,-5.));
#3896 = VECTOR('',#3897,1.);
#3897 = DIRECTION('',(1.,0.));
#3898 = ( GEOMETRIC_REPRESENTATION_CONTEXT(2) 
PARAMETRIC_REPRESENTATION_CONTEXT() REPRESENTATION_CONTEXT('2D SPACE',''
  ) );
#3899 = ORIENTED_EDGE('',*,*,#2148,.T.);
#3900 = ORIENTED_EDGE('',*,*,#3825,.T.);
#3901 = ORIENTED_EDGE('',*,*,#2670,.T.);
#3902 = ADVANCED_FACE('',(#3903),#2271,.F.);
#3903 = FACE_BOUND('',#3904,.F.);
#3904 = EDGE_LOOP('',(#3905,#3926,#3927,#3928));
#3905 = ORIENTED_EDGE('',*,*,#3906,.F.);
#3906 = EDGE_CURVE('',#2803,#2229,#3907,.T.);
#3907 = SURFACE_CURVE('',#3908,(#3912,#3919),.PCURVE_S1.);
#3908 = LINE('',#3909,#3910);
#3909 = CARTESIAN_POINT('',(30.0000001,13.270166537926,1.7763568394E-15)
  );
#3910 = VECTOR('',#3911,1.);
#3911 = DIRECTION('',(-0.,-0.,-1.));
#3912 = PCURVE('',#2271,#3913);
#3913 = DEFINITIONAL_REPRESENTATION('',(#3914),#3918);
#3914 = LINE('',#3915,#3916);
#3915 = CARTESIAN_POINT('',(0.,-13.27016653792));
#3916 = VECTOR('',#3917,1.);
#3917 = DIRECTION('',(-1.,0.));
#3918 = ( GEOMETRIC_REPRESENTATION_CONTEXT(2) 
PARAMETRIC_REPRESENTATION_CONTEXT() REPRESENTATION_CONTEXT('2D SPACE',''
  ) );
#3919 = PCURVE('',#2362,#3920);
#3920 = DEFINITIONAL_REPRESENTATION('',(#3921),#3925);
#3921 = LINE('',#3922,#3923);
#3922 = CARTESIAN_POINT('',(-10.74289403242,0.));
#3923 = VECTOR('',#3924,1.);
#3924 = DIRECTION('',(-0.,1.));
#3925 = ( GEOMETRIC_REPRESENTATION_CONTEXT(2) 
PARAMETRIC_REPRESENTATION_CONTEXT() REPRESENTATION_CONTEXT('2D SPACE',''
  ) );
#3926 = ORIENTED_EDGE('',*,*,#2802,.F.);
#3927 = ORIENTED_EDGE('',*,*,#3879,.F.);
#3928 = ORIENTED_EDGE('',*,*,#2257,.F.);
#3929 = ADVANCED_FACE('',(#3930),#2303,.F.);
#3930 = FACE_BOUND('',#3931,.F.);
#3931 = EDGE_LOOP('',(#3932,#3933,#3934,#3955));
#3932 = ORIENTED_EDGE('',*,*,#3852,.T.);
#3933 = ORIENTED_EDGE('',*,*,#2777,.T.);
#3934 = ORIENTED_EDGE('',*,*,#3935,.T.);
#3935 = EDGE_CURVE('',#2698,#2288,#3936,.T.);
#3936 = SURFACE_CURVE('',#3937,(#3941,#3948),.PCURVE_S1.);
#3937 = LINE('',#3938,#3939);
#3938 = CARTESIAN_POINT('',(30.0000001,90.729833462074,1.7763568394E-15)
  );
#3939 = VECTOR('',#3940,1.);
#3940 = DIRECTION('',(-0.,-0.,-1.));
#3941 = PCURVE('',#2303,#3942);
#3942 = DEFINITIONAL_REPRESENTATION('',(#3943),#3947);
#3943 = LINE('',#3944,#3945);
#3944 = CARTESIAN_POINT('',(0.,-14.72983346207));
#3945 = VECTOR('',#3946,1.);
#3946 = DIRECTION('',(-1.,0.));
#3947 = ( GEOMETRIC_REPRESENTATION_CONTEXT(2) 
PARAMETRIC_REPRESENTATION_CONTEXT() REPRESENTATION_CONTEXT('2D SPACE',''
  ) );
#3948 = PCURVE('',#2362,#3949);
#3949 = DEFINITIONAL_REPRESENTATION('',(#3950),#3954);
#3950 = LINE('',#3951,#3952);
#3951 = CARTESIAN_POINT('',(-8.106661889117,0.));
#3952 = VECTOR('',#3953,1.);
#3953 = DIRECTION('',(-0.,1.));
#3954 = ( GEOMETRIC_REPRESENTATION_CONTEXT(2) 
PARAMETRIC_REPRESENTATION_CONTEXT() REPRESENTATION_CONTEXT('2D SPACE',''
  ) );
#3955 = ORIENTED_EDGE('',*,*,#2287,.F.);
#3956 = ADVANCED_FACE('',(#3957),#2362,.T.);
#3957 = FACE_BOUND('',#3958,.F.);
#3958 = EDGE_LOOP('',(#3959,#3960,#3961,#3962));
#3959 = ORIENTED_EDGE('',*,*,#3906,.T.);
#3960 = ORIENTED_EDGE('',*,*,#2347,.F.);
#3961 = ORIENTED_EDGE('',*,*,#3935,.F.);
#3962 = ORIENTED_EDGE('',*,*,#2910,.F.);
#3963 = ADVANCED_FACE('',(#3964),#2416,.F.);
#3964 = FACE_BOUND('',#3965,.F.);
#3965 = EDGE_LOOP('',(#3966));
#3966 = ORIENTED_EDGE('',*,*,#2401,.T.);
#3967 = ADVANCED_FACE('',(#3968),#2471,.F.);
#3968 = FACE_BOUND('',#3969,.F.);
#3969 = EDGE_LOOP('',(#3970));
#3970 = ORIENTED_EDGE('',*,*,#2456,.T.);
#3971 = ADVANCED_FACE('',(#3972),#3111,.F.);
#3972 = FACE_BOUND('',#3973,.T.);
#3973 = EDGE_LOOP('',(#3974,#3997,#4026,#4047));
#3974 = ORIENTED_EDGE('',*,*,#3975,.T.);
#3975 = EDGE_CURVE('',#2936,#3976,#3978,.T.);
#3976 = VERTEX_POINT('',#3977);
#3977 = CARTESIAN_POINT('',(32.400000099999,15.176094720956,2.4));
#3978 = SURFACE_CURVE('',#3979,(#3983,#3990),.PCURVE_S1.);
#3979 = LINE('',#3980,#3981);
#3980 = CARTESIAN_POINT('',(32.4000001,15.176094720956,2.4));
#3981 = VECTOR('',#3982,1.);
#3982 = DIRECTION('',(-0.,-0.,-1.));
#3983 = PCURVE('',#3111,#3984);
#3984 = DEFINITIONAL_REPRESENTATION('',(#3985),#3989);
#3985 = LINE('',#3986,#3987);
#3986 = CARTESIAN_POINT('',(-10.79204435011,0.));
#3987 = VECTOR('',#3988,1.);
#3988 = DIRECTION('',(-0.,1.));
#3989 = ( GEOMETRIC_REPRESENTATION_CONTEXT(2) 
PARAMETRIC_REPRESENTATION_CONTEXT() REPRESENTATION_CONTEXT('2D SPACE',''
  ) );
#3990 = PCURVE('',#3164,#3991);
#3991 = DEFINITIONAL_REPRESENTATION('',(#3992),#3996);
#3992 = LINE('',#3993,#3994);
#3993 = CARTESIAN_POINT('',(0.,-12.77609472095));
#3994 = VECTOR('',#3995,1.);
#3995 = DIRECTION('',(-1.,0.));
#3996 = ( GEOMETRIC_REPRESENTATION_CONTEXT(2) 
PARAMETRIC_REPRESENTATION_CONTEXT() REPRESENTATION_CONTEXT('2D SPACE',''
  ) );
#3997 = ORIENTED_EDGE('',*,*,#3998,.F.);
#3998 = EDGE_CURVE('',#3999,#3976,#4001,.T.);
#3999 = VERTEX_POINT('',#4000);
#4000 = CARTESIAN_POINT('',(32.4000001,88.823905279044,2.4));
#4001 = SURFACE_CURVE('',#4002,(#4007,#4014),.PCURVE_S1.);
#4002 = CIRCLE('',#4003,37.6);
#4003 = AXIS2_PLACEMENT_3D('',#4004,#4005,#4006);
#4004 = CARTESIAN_POINT('',(40.0000001,52.,2.4));
#4005 = DIRECTION('',(0.,0.,1.));
#4006 = DIRECTION('',(0.202127659575,-0.979359182953,0.));
#4007 = PCURVE('',#3111,#4008);
#4008 = DEFINITIONAL_REPRESENTATION('',(#4009),#4013);
#4009 = LINE('',#4010,#4011);
#4010 = CARTESIAN_POINT('',(-4.915918917836,0.));
#4011 = VECTOR('',#4012,1.);
#4012 = DIRECTION('',(-1.,0.));
#4013 = ( GEOMETRIC_REPRESENTATION_CONTEXT(2) 
PARAMETRIC_REPRESENTATION_CONTEXT() REPRESENTATION_CONTEXT('2D SPACE',''
  ) );
#4014 = PCURVE('',#4015,#4020);
#4015 = PLANE('',#4016);
#4016 = AXIS2_PLACEMENT_3D('',#4017,#4018,#4019);
#4017 = CARTESIAN_POINT('',(40.0000001,52.,2.4));
#4018 = DIRECTION('',(0.,0.,1.));
#4019 = DIRECTION('',(1.,0.,-0.));
#4020 = DEFINITIONAL_REPRESENTATION('',(#4021),#4025);
#4021 = CIRCLE('',#4022,37.6);
#4022 = AXIS2_PLACEMENT_2D('',#4023,#4024);
#4023 = CARTESIAN_POINT('',(0.,0.));
#4024 = DIRECTION('',(0.202127659575,-0.979359182953));
#4025 = ( GEOMETRIC_REPRESENTATION_CONTEXT(2) 
PARAMETRIC_REPRESENTATION_CONTEXT() REPRESENTATION_CONTEXT('2D SPACE',''
  ) );
#4026 = ORIENTED_EDGE('',*,*,#4027,.F.);
#4027 = EDGE_CURVE('',#3017,#3999,#4028,.T.);
#4028 = SURFACE_CURVE('',#4029,(#4033,#4040),.PCURVE_S1.);
#4029 = LINE('',#4030,#4031);
#4030 = CARTESIAN_POINT('',(32.4000001,88.823905279044,2.4));
#4031 = VECTOR('',#4032,1.);
#4032 = DIRECTION('',(-0.,-0.,-1.));
#4033 = PCURVE('',#3111,#4034);
#4034 = DEFINITIONAL_REPRESENTATION('',(#4035),#4039);
#4035 = LINE('',#4036,#4037);
#4036 = CARTESIAN_POINT('',(-8.057511571426,0.));
#4037 = VECTOR('',#4038,1.);
#4038 = DIRECTION('',(-0.,1.));
#4039 = ( GEOMETRIC_REPRESENTATION_CONTEXT(2) 
PARAMETRIC_REPRESENTATION_CONTEXT() REPRESENTATION_CONTEXT('2D SPACE',''
  ) );
#4040 = PCURVE('',#3219,#4041);
#4041 = DEFINITIONAL_REPRESENTATION('',(#4042),#4046);
#4042 = LINE('',#4043,#4044);
#4043 = CARTESIAN_POINT('',(0.,-10.42390527904));
#4044 = VECTOR('',#4045,1.);
#4045 = DIRECTION('',(-1.,0.));
#4046 = ( GEOMETRIC_REPRESENTATION_CONTEXT(2) 
PARAMETRIC_REPRESENTATION_CONTEXT() REPRESENTATION_CONTEXT('2D SPACE',''
  ) );
#4047 = ORIENTED_EDGE('',*,*,#3096,.F.);
#4048 = ADVANCED_FACE('',(#4049),#3164,.T.);
#4049 = FACE_BOUND('',#4050,.T.);
#4050 = EDGE_LOOP('',(#4051,#4052,#4053,#4076));
#4051 = ORIENTED_EDGE('',*,*,#3975,.F.);
#4052 = ORIENTED_EDGE('',*,*,#3150,.F.);
#4053 = ORIENTED_EDGE('',*,*,#4054,.F.);
#4054 = EDGE_CURVE('',#4055,#3127,#4057,.T.);
#4055 = VERTEX_POINT('',#4056);
#4056 = CARTESIAN_POINT('',(32.4000001,5.,2.4));
#4057 = SURFACE_CURVE('',#4058,(#4062,#4069),.PCURVE_S1.);
#4058 = LINE('',#4059,#4060);
#4059 = CARTESIAN_POINT('',(32.4000001,5.,2.4));
#4060 = VECTOR('',#4061,1.);
#4061 = DIRECTION('',(0.,0.,1.));
#4062 = PCURVE('',#3164,#4063);
#4063 = DEFINITIONAL_REPRESENTATION('',(#4064),#4068);
#4064 = LINE('',#4065,#4066);
#4065 = CARTESIAN_POINT('',(0.,-2.6));
#4066 = VECTOR('',#4067,1.);
#4067 = DIRECTION('',(1.,0.));
#4068 = ( GEOMETRIC_REPRESENTATION_CONTEXT(2) 
PARAMETRIC_REPRESENTATION_CONTEXT() REPRESENTATION_CONTEXT('2D SPACE',''
  ) );
#4069 = PCURVE('',#3277,#4070);
#4070 = DEFINITIONAL_REPRESENTATION('',(#4071),#4075);
#4071 = LINE('',#4072,#4073);
#4072 = CARTESIAN_POINT('',(0.,0.));
#4073 = VECTOR('',#4074,1.);
#4074 = DIRECTION('',(0.,1.));
#4075 = ( GEOMETRIC_REPRESENTATION_CONTEXT(2) 
PARAMETRIC_REPRESENTATION_CONTEXT() REPRESENTATION_CONTEXT('2D SPACE',''
  ) );
#4076 = ORIENTED_EDGE('',*,*,#4077,.T.);
#4077 = EDGE_CURVE('',#4055,#3976,#4078,.T.);
#4078 = SURFACE_CURVE('',#4079,(#4083,#4090),.PCURVE_S1.);
#4079 = LINE('',#4080,#4081);
#4080 = CARTESIAN_POINT('',(32.4000001,2.4,2.4));
#4081 = VECTOR('',#4082,1.);
#4082 = DIRECTION('',(0.,1.,0.));
#4083 = PCURVE('',#3164,#4084);
#4084 = DEFINITIONAL_REPRESENTATION('',(#4085),#4089);
#4085 = LINE('',#4086,#4087);
#4086 = CARTESIAN_POINT('',(0.,0.));
#4087 = VECTOR('',#4088,1.);
#4088 = DIRECTION('',(0.,-1.));
#4089 = ( GEOMETRIC_REPRESENTATION_CONTEXT(2) 
PARAMETRIC_REPRESENTATION_CONTEXT() REPRESENTATION_CONTEXT('2D SPACE',''
  ) );
#4090 = PCURVE('',#4015,#4091);
#4091 = DEFINITIONAL_REPRESENTATION('',(#4092),#4096);
#4092 = LINE('',#4093,#4094);
#4093 = CARTESIAN_POINT('',(-7.6,-49.6));
#4094 = VECTOR('',#4095,1.);
#4095 = DIRECTION('',(0.,1.));
#4096 = ( GEOMETRIC_REPRESENTATION_CONTEXT(2) 
PARAMETRIC_REPRESENTATION_CONTEXT() REPRESENTATION_CONTEXT('2D SPACE',''
  ) );
#4097 = ADVANCED_FACE('',(#4098),#3219,.T.);
#4098 = FACE_BOUND('',#4099,.T.);
#4099 = EDGE_LOOP('',(#4100,#4123,#4124,#4125));
#4100 = ORIENTED_EDGE('',*,*,#4101,.T.);
#4101 = EDGE_CURVE('',#4102,#3182,#4104,.T.);
#4102 = VERTEX_POINT('',#4103);
#4103 = CARTESIAN_POINT('',(32.4000001,99.,2.4));
#4104 = SURFACE_CURVE('',#4105,(#4109,#4116),.PCURVE_S1.);
#4105 = LINE('',#4106,#4107);
#4106 = CARTESIAN_POINT('',(32.4000001,99.,2.4));
#4107 = VECTOR('',#4108,1.);
#4108 = DIRECTION('',(0.,0.,1.));
#4109 = PCURVE('',#3219,#4110);
#4110 = DEFINITIONAL_REPRESENTATION('',(#4111),#4115);
#4111 = LINE('',#4112,#4113);
#4112 = CARTESIAN_POINT('',(0.,-20.6));
#4113 = VECTOR('',#4114,1.);
#4114 = DIRECTION('',(1.,0.));
#4115 = ( GEOMETRIC_REPRESENTATION_CONTEXT(2) 
PARAMETRIC_REPRESENTATION_CONTEXT() REPRESENTATION_CONTEXT('2D SPACE',''
  ) );
#4116 = PCURVE('',#3333,#4117);
#4117 = DEFINITIONAL_REPRESENTATION('',(#4118),#4122);
#4118 = LINE('',#4119,#4120);
#4119 = CARTESIAN_POINT('',(-0.,0.));
#4120 = VECTOR('',#4121,1.);
#4121 = DIRECTION('',(-0.,1.));
#4122 = ( GEOMETRIC_REPRESENTATION_CONTEXT(2) 
PARAMETRIC_REPRESENTATION_CONTEXT() REPRESENTATION_CONTEXT('2D SPACE',''
  ) );
#4123 = ORIENTED_EDGE('',*,*,#3205,.T.);
#4124 = ORIENTED_EDGE('',*,*,#4027,.T.);
#4125 = ORIENTED_EDGE('',*,*,#4126,.T.);
#4126 = EDGE_CURVE('',#3999,#4102,#4127,.T.);
#4127 = SURFACE_CURVE('',#4128,(#4132,#4139),.PCURVE_S1.);
#4128 = LINE('',#4129,#4130);
#4129 = CARTESIAN_POINT('',(32.4000001,78.4,2.4));
#4130 = VECTOR('',#4131,1.);
#4131 = DIRECTION('',(0.,1.,0.));
#4132 = PCURVE('',#3219,#4133);
#4133 = DEFINITIONAL_REPRESENTATION('',(#4134),#4138);
#4134 = LINE('',#4135,#4136);
#4135 = CARTESIAN_POINT('',(0.,0.));
#4136 = VECTOR('',#4137,1.);
#4137 = DIRECTION('',(0.,-1.));
#4138 = ( GEOMETRIC_REPRESENTATION_CONTEXT(2) 
PARAMETRIC_REPRESENTATION_CONTEXT() REPRESENTATION_CONTEXT('2D SPACE',''
  ) );
#4139 = PCURVE('',#4015,#4140);
#4140 = DEFINITIONAL_REPRESENTATION('',(#4141),#4145);
#4141 = LINE('',#4142,#4143);
#4142 = CARTESIAN_POINT('',(-7.6,26.4));
#4143 = VECTOR('',#4144,1.);
#4144 = DIRECTION('',(0.,1.));
#4145 = ( GEOMETRIC_REPRESENTATION_CONTEXT(2) 
PARAMETRIC_REPRESENTATION_CONTEXT() REPRESENTATION_CONTEXT('2D SPACE',''
  ) );
#4146 = ADVANCED_FACE('',(#4147),#3277,.F.);
#4147 = FACE_BOUND('',#4148,.F.);
#4148 = EDGE_LOOP('',(#4149,#4150,#4174,#4195));
#4149 = ORIENTED_EDGE('',*,*,#4054,.F.);
#4150 = ORIENTED_EDGE('',*,*,#4151,.T.);
#4151 = EDGE_CURVE('',#4055,#4152,#4154,.T.);
#4152 = VERTEX_POINT('',#4153);
#4153 = CARTESIAN_POINT('',(35.0000001,2.4,2.4));
#4154 = SURFACE_CURVE('',#4155,(#4160,#4167),.PCURVE_S1.);
#4155 = CIRCLE('',#4156,2.6);
#4156 = AXIS2_PLACEMENT_3D('',#4157,#4158,#4159);
#4157 = CARTESIAN_POINT('',(35.0000001,5.,2.4));
#4158 = DIRECTION('',(0.,0.,1.));
#4159 = DIRECTION('',(0.,-1.,0.));
#4160 = PCURVE('',#3277,#4161);
#4161 = DEFINITIONAL_REPRESENTATION('',(#4162),#4166);
#4162 = LINE('',#4163,#4164);
#4163 = CARTESIAN_POINT('',(-4.712388980385,0.));
#4164 = VECTOR('',#4165,1.);
#4165 = DIRECTION('',(1.,0.));
#4166 = ( GEOMETRIC_REPRESENTATION_CONTEXT(2) 
PARAMETRIC_REPRESENTATION_CONTEXT() REPRESENTATION_CONTEXT('2D SPACE',''
  ) );
#4167 = PCURVE('',#4015,#4168);
#4168 = DEFINITIONAL_REPRESENTATION('',(#4169),#4173);
#4169 = CIRCLE('',#4170,2.6);
#4170 = AXIS2_PLACEMENT_2D('',#4171,#4172);
#4171 = CARTESIAN_POINT('',(-5.,-47.));
#4172 = DIRECTION('',(0.,-1.));
#4173 = ( GEOMETRIC_REPRESENTATION_CONTEXT(2) 
PARAMETRIC_REPRESENTATION_CONTEXT() REPRESENTATION_CONTEXT('2D SPACE',''
  ) );
#4174 = ORIENTED_EDGE('',*,*,#4175,.T.);
#4175 = EDGE_CURVE('',#4152,#3237,#4176,.T.);
#4176 = SURFACE_CURVE('',#4177,(#4181,#4188),.PCURVE_S1.);
#4177 = LINE('',#4178,#4179);
#4178 = CARTESIAN_POINT('',(35.0000001,2.4,2.4));
#4179 = VECTOR('',#4180,1.);
#4180 = DIRECTION('',(0.,0.,1.));
#4181 = PCURVE('',#3277,#4182);
#4182 = DEFINITIONAL_REPRESENTATION('',(#4183),#4187);
#4183 = LINE('',#4184,#4185);
#4184 = CARTESIAN_POINT('',(1.570796326795,0.));
#4185 = VECTOR('',#4186,1.);
#4186 = DIRECTION('',(0.,1.));
#4187 = ( GEOMETRIC_REPRESENTATION_CONTEXT(2) 
PARAMETRIC_REPRESENTATION_CONTEXT() REPRESENTATION_CONTEXT('2D SPACE',''
  ) );
#4188 = PCURVE('',#3386,#4189);
#4189 = DEFINITIONAL_REPRESENTATION('',(#4190),#4194);
#4190 = LINE('',#4191,#4192);
#4191 = CARTESIAN_POINT('',(0.,2.6));
#4192 = VECTOR('',#4193,1.);
#4193 = DIRECTION('',(1.,0.));
#4194 = ( GEOMETRIC_REPRESENTATION_CONTEXT(2) 
PARAMETRIC_REPRESENTATION_CONTEXT() REPRESENTATION_CONTEXT('2D SPACE',''
  ) );
#4195 = ORIENTED_EDGE('',*,*,#3262,.T.);
#4196 = ADVANCED_FACE('',(#4197),#3333,.F.);
#4197 = FACE_BOUND('',#4198,.T.);
#4198 = EDGE_LOOP('',(#4199,#4200,#4228,#4249));
#4199 = ORIENTED_EDGE('',*,*,#4101,.F.);
#4200 = ORIENTED_EDGE('',*,*,#4201,.T.);
#4201 = EDGE_CURVE('',#4102,#4202,#4204,.T.);
#4202 = VERTEX_POINT('',#4203);
#4203 = CARTESIAN_POINT('',(35.0000001,101.6,2.4));
#4204 = SURFACE_CURVE('',#4205,(#4210,#4217),.PCURVE_S1.);
#4205 = CIRCLE('',#4206,2.6);
#4206 = AXIS2_PLACEMENT_3D('',#4207,#4208,#4209);
#4207 = CARTESIAN_POINT('',(35.0000001,99.,2.4));
#4208 = DIRECTION('',(-0.,-0.,-1.));
#4209 = DIRECTION('',(0.,-1.,0.));
#4210 = PCURVE('',#3333,#4211);
#4211 = DEFINITIONAL_REPRESENTATION('',(#4212),#4216);
#4212 = LINE('',#4213,#4214);
#4213 = CARTESIAN_POINT('',(1.570796326795,-0.));
#4214 = VECTOR('',#4215,1.);
#4215 = DIRECTION('',(-1.,0.));
#4216 = ( GEOMETRIC_REPRESENTATION_CONTEXT(2) 
PARAMETRIC_REPRESENTATION_CONTEXT() REPRESENTATION_CONTEXT('2D SPACE',''
  ) );
#4217 = PCURVE('',#4015,#4218);
#4218 = DEFINITIONAL_REPRESENTATION('',(#4219),#4227);
#4219 = ( BOUNDED_CURVE() B_SPLINE_CURVE(2,(#4220,#4221,#4222,#4223,
#4224,#4225,#4226),.UNSPECIFIED.,.T.,.F.) B_SPLINE_CURVE_WITH_KNOTS((1,2
    ,2,2,2,1),(-2.094395102393,0.,2.094395102393,4.188790204786,
6.28318530718,8.377580409573),.UNSPECIFIED.) CURVE() 
GEOMETRIC_REPRESENTATION_ITEM() RATIONAL_B_SPLINE_CURVE((1.,0.5,1.,0.5,
1.,0.5,1.)) REPRESENTATION_ITEM('') );
#4220 = CARTESIAN_POINT('',(-5.,44.4));
#4221 = CARTESIAN_POINT('',(-9.503332099679,44.4));
#4222 = CARTESIAN_POINT('',(-7.25166604984,48.3));
#4223 = CARTESIAN_POINT('',(-5.,52.2));
#4224 = CARTESIAN_POINT('',(-2.74833395016,48.3));
#4225 = CARTESIAN_POINT('',(-0.496667900321,44.4));
#4226 = CARTESIAN_POINT('',(-5.,44.4));
#4227 = ( GEOMETRIC_REPRESENTATION_CONTEXT(2) 
PARAMETRIC_REPRESENTATION_CONTEXT() REPRESENTATION_CONTEXT('2D SPACE',''
  ) );
#4228 = ORIENTED_EDGE('',*,*,#4229,.T.);
#4229 = EDGE_CURVE('',#4202,#3293,#4230,.T.);
#4230 = SURFACE_CURVE('',#4231,(#4235,#4242),.PCURVE_S1.);
#4231 = LINE('',#4232,#4233);
#4232 = CARTESIAN_POINT('',(35.0000001,101.6,2.4));
#4233 = VECTOR('',#4234,1.);
#4234 = DIRECTION('',(0.,0.,1.));
#4235 = PCURVE('',#3333,#4236);
#4236 = DEFINITIONAL_REPRESENTATION('',(#4237),#4241);
#4237 = LINE('',#4238,#4239);
#4238 = CARTESIAN_POINT('',(-1.570796326795,0.));
#4239 = VECTOR('',#4240,1.);
#4240 = DIRECTION('',(-0.,1.));
#4241 = ( GEOMETRIC_REPRESENTATION_CONTEXT(2) 
PARAMETRIC_REPRESENTATION_CONTEXT() REPRESENTATION_CONTEXT('2D SPACE',''
  ) );
#4242 = PCURVE('',#3441,#4243);
#4243 = DEFINITIONAL_REPRESENTATION('',(#4244),#4248);
#4244 = LINE('',#4245,#4246);
#4245 = CARTESIAN_POINT('',(0.,2.6));
#4246 = VECTOR('',#4247,1.);
#4247 = DIRECTION('',(1.,0.));
#4248 = ( GEOMETRIC_REPRESENTATION_CONTEXT(2) 
PARAMETRIC_REPRESENTATION_CONTEXT() REPRESENTATION_CONTEXT('2D SPACE',''
  ) );
#4249 = ORIENTED_EDGE('',*,*,#3318,.T.);
#4250 = ADVANCED_FACE('',(#4251),#3386,.T.);
#4251 = FACE_BOUND('',#4252,.T.);
#4252 = EDGE_LOOP('',(#4253,#4276,#4297,#4298));
#4253 = ORIENTED_EDGE('',*,*,#4254,.F.);
#4254 = EDGE_CURVE('',#4255,#3349,#4257,.T.);
#4255 = VERTEX_POINT('',#4256);
#4256 = CARTESIAN_POINT('',(45.0000001,2.4,2.4));
#4257 = SURFACE_CURVE('',#4258,(#4262,#4269),.PCURVE_S1.);
#4258 = LINE('',#4259,#4260);
#4259 = CARTESIAN_POINT('',(45.0000001,2.4,2.4));
#4260 = VECTOR('',#4261,1.);
#4261 = DIRECTION('',(0.,0.,1.));
#4262 = PCURVE('',#3386,#4263);
#4263 = DEFINITIONAL_REPRESENTATION('',(#4264),#4268);
#4264 = LINE('',#4265,#4266);
#4265 = CARTESIAN_POINT('',(0.,12.6));
#4266 = VECTOR('',#4267,1.);
#4267 = DIRECTION('',(1.,0.));
#4268 = ( GEOMETRIC_REPRESENTATION_CONTEXT(2) 
PARAMETRIC_REPRESENTATION_CONTEXT() REPRESENTATION_CONTEXT('2D SPACE',''
  ) );
#4269 = PCURVE('',#3499,#4270);
#4270 = DEFINITIONAL_REPRESENTATION('',(#4271),#4275);
#4271 = LINE('',#4272,#4273);
#4272 = CARTESIAN_POINT('',(-1.570796326795,0.));
#4273 = VECTOR('',#4274,1.);
#4274 = DIRECTION('',(-0.,1.));
#4275 = ( GEOMETRIC_REPRESENTATION_CONTEXT(2) 
PARAMETRIC_REPRESENTATION_CONTEXT() REPRESENTATION_CONTEXT('2D SPACE',''
  ) );
#4276 = ORIENTED_EDGE('',*,*,#4277,.F.);
#4277 = EDGE_CURVE('',#4152,#4255,#4278,.T.);
#4278 = SURFACE_CURVE('',#4279,(#4283,#4290),.PCURVE_S1.);
#4279 = LINE('',#4280,#4281);
#4280 = CARTESIAN_POINT('',(32.4000001,2.4,2.4));
#4281 = VECTOR('',#4282,1.);
#4282 = DIRECTION('',(1.,0.,0.));
#4283 = PCURVE('',#3386,#4284);
#4284 = DEFINITIONAL_REPRESENTATION('',(#4285),#4289);
#4285 = LINE('',#4286,#4287);
#4286 = CARTESIAN_POINT('',(0.,0.));
#4287 = VECTOR('',#4288,1.);
#4288 = DIRECTION('',(0.,1.));
#4289 = ( GEOMETRIC_REPRESENTATION_CONTEXT(2) 
PARAMETRIC_REPRESENTATION_CONTEXT() REPRESENTATION_CONTEXT('2D SPACE',''
  ) );
#4290 = PCURVE('',#4015,#4291);
#4291 = DEFINITIONAL_REPRESENTATION('',(#4292),#4296);
#4292 = LINE('',#4293,#4294);
#4293 = CARTESIAN_POINT('',(-7.6,-49.6));
#4294 = VECTOR('',#4295,1.);
#4295 = DIRECTION('',(1.,0.));
#4296 = ( GEOMETRIC_REPRESENTATION_CONTEXT(2) 
PARAMETRIC_REPRESENTATION_CONTEXT() REPRESENTATION_CONTEXT('2D SPACE',''
  ) );
#4297 = ORIENTED_EDGE('',*,*,#4175,.T.);
#4298 = ORIENTED_EDGE('',*,*,#3372,.F.);
#4299 = ADVANCED_FACE('',(#4300),#3441,.F.);
#4300 = FACE_BOUND('',#4301,.F.);
#4301 = EDGE_LOOP('',(#4302,#4325,#4346,#4347));
#4302 = ORIENTED_EDGE('',*,*,#4303,.F.);
#4303 = EDGE_CURVE('',#4304,#3404,#4306,.T.);
#4304 = VERTEX_POINT('',#4305);
#4305 = CARTESIAN_POINT('',(45.0000001,101.6,2.4));
#4306 = SURFACE_CURVE('',#4307,(#4311,#4318),.PCURVE_S1.);
#4307 = LINE('',#4308,#4309);
#4308 = CARTESIAN_POINT('',(45.0000001,101.6,2.4));
#4309 = VECTOR('',#4310,1.);
#4310 = DIRECTION('',(0.,0.,1.));
#4311 = PCURVE('',#3441,#4312);
#4312 = DEFINITIONAL_REPRESENTATION('',(#4313),#4317);
#4313 = LINE('',#4314,#4315);
#4314 = CARTESIAN_POINT('',(0.,12.6));
#4315 = VECTOR('',#4316,1.);
#4316 = DIRECTION('',(1.,0.));
#4317 = ( GEOMETRIC_REPRESENTATION_CONTEXT(2) 
PARAMETRIC_REPRESENTATION_CONTEXT() REPRESENTATION_CONTEXT('2D SPACE',''
  ) );
#4318 = PCURVE('',#3555,#4319);
#4319 = DEFINITIONAL_REPRESENTATION('',(#4320),#4324);
#4320 = LINE('',#4321,#4322);
#4321 = CARTESIAN_POINT('',(1.570796326795,0.));
#4322 = VECTOR('',#4323,1.);
#4323 = DIRECTION('',(0.,1.));
#4324 = ( GEOMETRIC_REPRESENTATION_CONTEXT(2) 
PARAMETRIC_REPRESENTATION_CONTEXT() REPRESENTATION_CONTEXT('2D SPACE',''
  ) );
#4325 = ORIENTED_EDGE('',*,*,#4326,.F.);
#4326 = EDGE_CURVE('',#4202,#4304,#4327,.T.);
#4327 = SURFACE_CURVE('',#4328,(#4332,#4339),.PCURVE_S1.);
#4328 = LINE('',#4329,#4330);
#4329 = CARTESIAN_POINT('',(32.4000001,101.6,2.4));
#4330 = VECTOR('',#4331,1.);
#4331 = DIRECTION('',(1.,0.,0.));
#4332 = PCURVE('',#3441,#4333);
#4333 = DEFINITIONAL_REPRESENTATION('',(#4334),#4338);
#4334 = LINE('',#4335,#4336);
#4335 = CARTESIAN_POINT('',(0.,0.));
#4336 = VECTOR('',#4337,1.);
#4337 = DIRECTION('',(0.,1.));
#4338 = ( GEOMETRIC_REPRESENTATION_CONTEXT(2) 
PARAMETRIC_REPRESENTATION_CONTEXT() REPRESENTATION_CONTEXT('2D SPACE',''
  ) );
#4339 = PCURVE('',#4015,#4340);
#4340 = DEFINITIONAL_REPRESENTATION('',(#4341),#4345);
#4341 = LINE('',#4342,#4343);
#4342 = CARTESIAN_POINT('',(-7.6,49.6));
#4343 = VECTOR('',#4344,1.);
#4344 = DIRECTION('',(1.,0.));
#4345 = ( GEOMETRIC_REPRESENTATION_CONTEXT(2) 
PARAMETRIC_REPRESENTATION_CONTEXT() REPRESENTATION_CONTEXT('2D SPACE',''
  ) );
#4346 = ORIENTED_EDGE('',*,*,#4229,.T.);
#4347 = ORIENTED_EDGE('',*,*,#3427,.F.);
#4348 = ADVANCED_FACE('',(#4349),#3499,.F.);
#4349 = FACE_BOUND('',#4350,.T.);
#4350 = EDGE_LOOP('',(#4351,#4374,#4400,#4401));
#4351 = ORIENTED_EDGE('',*,*,#4352,.F.);
#4352 = EDGE_CURVE('',#4353,#3459,#4355,.T.);
#4353 = VERTEX_POINT('',#4354);
#4354 = CARTESIAN_POINT('',(47.6000001,5.,2.4));
#4355 = SURFACE_CURVE('',#4356,(#4360,#4367),.PCURVE_S1.);
#4356 = LINE('',#4357,#4358);
#4357 = CARTESIAN_POINT('',(47.6000001,5.,2.4));
#4358 = VECTOR('',#4359,1.);
#4359 = DIRECTION('',(0.,0.,1.));
#4360 = PCURVE('',#3499,#4361);
#4361 = DEFINITIONAL_REPRESENTATION('',(#4362),#4366);
#4362 = LINE('',#4363,#4364);
#4363 = CARTESIAN_POINT('',(-0.,0.));
#4364 = VECTOR('',#4365,1.);
#4365 = DIRECTION('',(-0.,1.));
#4366 = ( GEOMETRIC_REPRESENTATION_CONTEXT(2) 
PARAMETRIC_REPRESENTATION_CONTEXT() REPRESENTATION_CONTEXT('2D SPACE',''
  ) );
#4367 = PCURVE('',#3664,#4368);
#4368 = DEFINITIONAL_REPRESENTATION('',(#4369),#4373);
#4369 = LINE('',#4370,#4371);
#4370 = CARTESIAN_POINT('',(0.,-2.6));
#4371 = VECTOR('',#4372,1.);
#4372 = DIRECTION('',(1.,0.));
#4373 = ( GEOMETRIC_REPRESENTATION_CONTEXT(2) 
PARAMETRIC_REPRESENTATION_CONTEXT() REPRESENTATION_CONTEXT('2D SPACE',''
  ) );
#4374 = ORIENTED_EDGE('',*,*,#4375,.T.);
#4375 = EDGE_CURVE('',#4353,#4255,#4376,.T.);
#4376 = SURFACE_CURVE('',#4377,(#4382,#4389),.PCURVE_S1.);
#4377 = CIRCLE('',#4378,2.6);
#4378 = AXIS2_PLACEMENT_3D('',#4379,#4380,#4381);
#4379 = CARTESIAN_POINT('',(45.0000001,5.,2.4));
#4380 = DIRECTION('',(-0.,-0.,-1.));
#4381 = DIRECTION('',(0.,-1.,0.));
#4382 = PCURVE('',#3499,#4383);
#4383 = DEFINITIONAL_REPRESENTATION('',(#4384),#4388);
#4384 = LINE('',#4385,#4386);
#4385 = CARTESIAN_POINT('',(4.712388980385,-0.));
#4386 = VECTOR('',#4387,1.);
#4387 = DIRECTION('',(-1.,0.));
#4388 = ( GEOMETRIC_REPRESENTATION_CONTEXT(2) 
PARAMETRIC_REPRESENTATION_CONTEXT() REPRESENTATION_CONTEXT('2D SPACE',''
  ) );
#4389 = PCURVE('',#4015,#4390);
#4390 = DEFINITIONAL_REPRESENTATION('',(#4391),#4399);
#4391 = ( BOUNDED_CURVE() B_SPLINE_CURVE(2,(#4392,#4393,#4394,#4395,
#4396,#4397,#4398),.UNSPECIFIED.,.T.,.F.) B_SPLINE_CURVE_WITH_KNOTS((1,2
    ,2,2,2,1),(-2.094395102393,0.,2.094395102393,4.188790204786,
6.28318530718,8.377580409573),.UNSPECIFIED.) CURVE() 
GEOMETRIC_REPRESENTATION_ITEM() RATIONAL_B_SPLINE_CURVE((1.,0.5,1.,0.5,
1.,0.5,1.)) REPRESENTATION_ITEM('') );
#4392 = CARTESIAN_POINT('',(5.,-49.6));
#4393 = CARTESIAN_POINT('',(0.496667900321,-49.6));
#4394 = CARTESIAN_POINT('',(2.74833395016,-45.7));
#4395 = CARTESIAN_POINT('',(5.,-41.8));
#4396 = CARTESIAN_POINT('',(7.25166604984,-45.7));
#4397 = CARTESIAN_POINT('',(9.503332099679,-49.6));
#4398 = CARTESIAN_POINT('',(5.,-49.6));
#4399 = ( GEOMETRIC_REPRESENTATION_CONTEXT(2) 
PARAMETRIC_REPRESENTATION_CONTEXT() REPRESENTATION_CONTEXT('2D SPACE',''
  ) );
#4400 = ORIENTED_EDGE('',*,*,#4254,.T.);
#4401 = ORIENTED_EDGE('',*,*,#3484,.F.);
#4402 = ADVANCED_FACE('',(#4403),#3555,.F.);
#4403 = FACE_BOUND('',#4404,.F.);
#4404 = EDGE_LOOP('',(#4405,#4428,#4450,#4451));
#4405 = ORIENTED_EDGE('',*,*,#4406,.F.);
#4406 = EDGE_CURVE('',#4407,#3515,#4409,.T.);
#4407 = VERTEX_POINT('',#4408);
#4408 = CARTESIAN_POINT('',(47.6000001,99.,2.4));
#4409 = SURFACE_CURVE('',#4410,(#4414,#4421),.PCURVE_S1.);
#4410 = LINE('',#4411,#4412);
#4411 = CARTESIAN_POINT('',(47.6000001,99.,2.4));
#4412 = VECTOR('',#4413,1.);
#4413 = DIRECTION('',(0.,0.,1.));
#4414 = PCURVE('',#3555,#4415);
#4415 = DEFINITIONAL_REPRESENTATION('',(#4416),#4420);
#4416 = LINE('',#4417,#4418);
#4417 = CARTESIAN_POINT('',(0.,0.));
#4418 = VECTOR('',#4419,1.);
#4419 = DIRECTION('',(0.,1.));
#4420 = ( GEOMETRIC_REPRESENTATION_CONTEXT(2) 
PARAMETRIC_REPRESENTATION_CONTEXT() REPRESENTATION_CONTEXT('2D SPACE',''
  ) );
#4421 = PCURVE('',#3775,#4422);
#4422 = DEFINITIONAL_REPRESENTATION('',(#4423),#4427);
#4423 = LINE('',#4424,#4425);
#4424 = CARTESIAN_POINT('',(0.,-20.6));
#4425 = VECTOR('',#4426,1.);
#4426 = DIRECTION('',(1.,0.));
#4427 = ( GEOMETRIC_REPRESENTATION_CONTEXT(2) 
PARAMETRIC_REPRESENTATION_CONTEXT() REPRESENTATION_CONTEXT('2D SPACE',''
  ) );
#4428 = ORIENTED_EDGE('',*,*,#4429,.T.);
#4429 = EDGE_CURVE('',#4407,#4304,#4430,.T.);
#4430 = SURFACE_CURVE('',#4431,(#4436,#4443),.PCURVE_S1.);
#4431 = CIRCLE('',#4432,2.6);
#4432 = AXIS2_PLACEMENT_3D('',#4433,#4434,#4435);
#4433 = CARTESIAN_POINT('',(45.0000001,99.,2.4));
#4434 = DIRECTION('',(0.,0.,1.));
#4435 = DIRECTION('',(0.,-1.,0.));
#4436 = PCURVE('',#3555,#4437);
#4437 = DEFINITIONAL_REPRESENTATION('',(#4438),#4442);
#4438 = LINE('',#4439,#4440);
#4439 = CARTESIAN_POINT('',(-1.570796326795,0.));
#4440 = VECTOR('',#4441,1.);
#4441 = DIRECTION('',(1.,0.));
#4442 = ( GEOMETRIC_REPRESENTATION_CONTEXT(2) 
PARAMETRIC_REPRESENTATION_CONTEXT() REPRESENTATION_CONTEXT('2D SPACE',''
  ) );
#4443 = PCURVE('',#4015,#4444);
#4444 = DEFINITIONAL_REPRESENTATION('',(#4445),#4449);
#4445 = CIRCLE('',#4446,2.6);
#4446 = AXIS2_PLACEMENT_2D('',#4447,#4448);
#4447 = CARTESIAN_POINT('',(5.,47.));
#4448 = DIRECTION('',(0.,-1.));
#4449 = ( GEOMETRIC_REPRESENTATION_CONTEXT(2) 
PARAMETRIC_REPRESENTATION_CONTEXT() REPRESENTATION_CONTEXT('2D SPACE',''
  ) );
#4450 = ORIENTED_EDGE('',*,*,#4303,.T.);
#4451 = ORIENTED_EDGE('',*,*,#3540,.F.);
#4452 = ADVANCED_FACE('',(#4453),#3664,.F.);
#4453 = FACE_BOUND('',#4454,.F.);
#4454 = EDGE_LOOP('',(#4455,#4478,#4479,#4480));
#4455 = ORIENTED_EDGE('',*,*,#4456,.F.);
#4456 = EDGE_CURVE('',#3571,#4457,#4459,.T.);
#4457 = VERTEX_POINT('',#4458);
#4458 = CARTESIAN_POINT('',(47.600000100001,15.176094720957,2.4));
#4459 = SURFACE_CURVE('',#4460,(#4464,#4471),.PCURVE_S1.);
#4460 = LINE('',#4461,#4462);
#4461 = CARTESIAN_POINT('',(47.6000001,15.176094720956,2.4));
#4462 = VECTOR('',#4463,1.);
#4463 = DIRECTION('',(-0.,-0.,-1.));
#4464 = PCURVE('',#3664,#4465);
#4465 = DEFINITIONAL_REPRESENTATION('',(#4466),#4470);
#4466 = LINE('',#4467,#4468);
#4467 = CARTESIAN_POINT('',(0.,-12.77609472095));
#4468 = VECTOR('',#4469,1.);
#4469 = DIRECTION('',(-1.,0.));
#4470 = ( GEOMETRIC_REPRESENTATION_CONTEXT(2) 
PARAMETRIC_REPRESENTATION_CONTEXT() REPRESENTATION_CONTEXT('2D SPACE',''
  ) );
#4471 = PCURVE('',#3810,#4472);
#4472 = DEFINITIONAL_REPRESENTATION('',(#4473),#4477);
#4473 = LINE('',#4474,#4475);
#4474 = CARTESIAN_POINT('',(-4.915918917836,0.));
#4475 = VECTOR('',#4476,1.);
#4476 = DIRECTION('',(-0.,1.));
#4477 = ( GEOMETRIC_REPRESENTATION_CONTEXT(2) 
PARAMETRIC_REPRESENTATION_CONTEXT() REPRESENTATION_CONTEXT('2D SPACE',''
  ) );
#4478 = ORIENTED_EDGE('',*,*,#3650,.T.);
#4479 = ORIENTED_EDGE('',*,*,#4352,.F.);
#4480 = ORIENTED_EDGE('',*,*,#4481,.T.);
#4481 = EDGE_CURVE('',#4353,#4457,#4482,.T.);
#4482 = SURFACE_CURVE('',#4483,(#4487,#4494),.PCURVE_S1.);
#4483 = LINE('',#4484,#4485);
#4484 = CARTESIAN_POINT('',(47.6000001,2.4,2.4));
#4485 = VECTOR('',#4486,1.);
#4486 = DIRECTION('',(0.,1.,0.));
#4487 = PCURVE('',#3664,#4488);
#4488 = DEFINITIONAL_REPRESENTATION('',(#4489),#4493);
#4489 = LINE('',#4490,#4491);
#4490 = CARTESIAN_POINT('',(0.,0.));
#4491 = VECTOR('',#4492,1.);
#4492 = DIRECTION('',(0.,-1.));
#4493 = ( GEOMETRIC_REPRESENTATION_CONTEXT(2) 
PARAMETRIC_REPRESENTATION_CONTEXT() REPRESENTATION_CONTEXT('2D SPACE',''
  ) );
#4494 = PCURVE('',#4015,#4495);
#4495 = DEFINITIONAL_REPRESENTATION('',(#4496),#4500);
#4496 = LINE('',#4497,#4498);
#4497 = CARTESIAN_POINT('',(7.6,-49.6));
#4498 = VECTOR('',#4499,1.);
#4499 = DIRECTION('',(0.,1.));
#4500 = ( GEOMETRIC_REPRESENTATION_CONTEXT(2) 
PARAMETRIC_REPRESENTATION_CONTEXT() REPRESENTATION_CONTEXT('2D SPACE',''
  ) );
#4501 = ADVANCED_FACE('',(#4502),#3775,.F.);
#4502 = FACE_BOUND('',#4503,.F.);
#4503 = EDGE_LOOP('',(#4504,#4505,#4506,#4529));
#4504 = ORIENTED_EDGE('',*,*,#4406,.T.);
#4505 = ORIENTED_EDGE('',*,*,#3761,.F.);
#4506 = ORIENTED_EDGE('',*,*,#4507,.T.);
#4507 = EDGE_CURVE('',#3682,#4508,#4510,.T.);
#4508 = VERTEX_POINT('',#4509);
#4509 = CARTESIAN_POINT('',(47.6000001,88.823905279044,2.4));
#4510 = SURFACE_CURVE('',#4511,(#4515,#4522),.PCURVE_S1.);
#4511 = LINE('',#4512,#4513);
#4512 = CARTESIAN_POINT('',(47.6000001,88.823905279044,2.4));
#4513 = VECTOR('',#4514,1.);
#4514 = DIRECTION('',(-0.,-0.,-1.));
#4515 = PCURVE('',#3775,#4516);
#4516 = DEFINITIONAL_REPRESENTATION('',(#4517),#4521);
#4517 = LINE('',#4518,#4519);
#4518 = CARTESIAN_POINT('',(0.,-10.42390527904));
#4519 = VECTOR('',#4520,1.);
#4520 = DIRECTION('',(-1.,0.));
#4521 = ( GEOMETRIC_REPRESENTATION_CONTEXT(2) 
PARAMETRIC_REPRESENTATION_CONTEXT() REPRESENTATION_CONTEXT('2D SPACE',''
  ) );
#4522 = PCURVE('',#3810,#4523);
#4523 = DEFINITIONAL_REPRESENTATION('',(#4524),#4528);
#4524 = LINE('',#4525,#4526);
#4525 = CARTESIAN_POINT('',(-7.650451696523,0.));
#4526 = VECTOR('',#4527,1.);
#4527 = DIRECTION('',(-0.,1.));
#4528 = ( GEOMETRIC_REPRESENTATION_CONTEXT(2) 
PARAMETRIC_REPRESENTATION_CONTEXT() REPRESENTATION_CONTEXT('2D SPACE',''
  ) );
#4529 = ORIENTED_EDGE('',*,*,#4530,.T.);
#4530 = EDGE_CURVE('',#4508,#4407,#4531,.T.);
#4531 = SURFACE_CURVE('',#4532,(#4536,#4543),.PCURVE_S1.);
#4532 = LINE('',#4533,#4534);
#4533 = CARTESIAN_POINT('',(47.6000001,78.4,2.4));
#4534 = VECTOR('',#4535,1.);
#4535 = DIRECTION('',(0.,1.,0.));
#4536 = PCURVE('',#3775,#4537);
#4537 = DEFINITIONAL_REPRESENTATION('',(#4538),#4542);
#4538 = LINE('',#4539,#4540);
#4539 = CARTESIAN_POINT('',(0.,0.));
#4540 = VECTOR('',#4541,1.);
#4541 = DIRECTION('',(0.,-1.));
#4542 = ( GEOMETRIC_REPRESENTATION_CONTEXT(2) 
PARAMETRIC_REPRESENTATION_CONTEXT() REPRESENTATION_CONTEXT('2D SPACE',''
  ) );
#4543 = PCURVE('',#4015,#4544);
#4544 = DEFINITIONAL_REPRESENTATION('',(#4545),#4549);
#4545 = LINE('',#4546,#4547);
#4546 = CARTESIAN_POINT('',(7.6,26.4));
#4547 = VECTOR('',#4548,1.);
#4548 = DIRECTION('',(0.,1.));
#4549 = ( GEOMETRIC_REPRESENTATION_CONTEXT(2) 
PARAMETRIC_REPRESENTATION_CONTEXT() REPRESENTATION_CONTEXT('2D SPACE',''
  ) );
#4550 = ADVANCED_FACE('',(#4551),#3810,.F.);
#4551 = FACE_BOUND('',#4552,.T.);
#4552 = EDGE_LOOP('',(#4553,#4554,#4576,#4577));
#4553 = ORIENTED_EDGE('',*,*,#4507,.T.);
#4554 = ORIENTED_EDGE('',*,*,#4555,.F.);
#4555 = EDGE_CURVE('',#4457,#4508,#4556,.T.);
#4556 = SURFACE_CURVE('',#4557,(#4562,#4569),.PCURVE_S1.);
#4557 = CIRCLE('',#4558,37.6);
#4558 = AXIS2_PLACEMENT_3D('',#4559,#4560,#4561);
#4559 = CARTESIAN_POINT('',(40.0000001,52.,2.4));
#4560 = DIRECTION('',(0.,0.,1.));
#4561 = DIRECTION('',(0.202127659575,-0.979359182953,0.));
#4562 = PCURVE('',#3810,#4563);
#4563 = DEFINITIONAL_REPRESENTATION('',(#4564),#4568);
#4564 = LINE('',#4565,#4566);
#4565 = CARTESIAN_POINT('',(-4.915918917836,0.));
#4566 = VECTOR('',#4567,1.);
#4567 = DIRECTION('',(-1.,0.));
#4568 = ( GEOMETRIC_REPRESENTATION_CONTEXT(2) 
PARAMETRIC_REPRESENTATION_CONTEXT() REPRESENTATION_CONTEXT('2D SPACE',''
  ) );
#4569 = PCURVE('',#4015,#4570);
#4570 = DEFINITIONAL_REPRESENTATION('',(#4571),#4575);
#4571 = CIRCLE('',#4572,37.6);
#4572 = AXIS2_PLACEMENT_2D('',#4573,#4574);
#4573 = CARTESIAN_POINT('',(0.,0.));
#4574 = DIRECTION('',(0.202127659575,-0.979359182953));
#4575 = ( GEOMETRIC_REPRESENTATION_CONTEXT(2) 
PARAMETRIC_REPRESENTATION_CONTEXT() REPRESENTATION_CONTEXT('2D SPACE',''
  ) );
#4576 = ORIENTED_EDGE('',*,*,#4456,.F.);
#4577 = ORIENTED_EDGE('',*,*,#3795,.F.);
#4578 = ADVANCED_FACE('',(#4579,#4593,#4624,#4854,#4885,#4916,#4947),
  #4015,.T.);
#4579 = FACE_BOUND('',#4580,.T.);
#4580 = EDGE_LOOP('',(#4581,#4582,#4583,#4584,#4585,#4586,#4587,#4588,
    #4589,#4590,#4591,#4592));
#4581 = ORIENTED_EDGE('',*,*,#4481,.T.);
#4582 = ORIENTED_EDGE('',*,*,#4555,.T.);
#4583 = ORIENTED_EDGE('',*,*,#4530,.T.);
#4584 = ORIENTED_EDGE('',*,*,#4429,.T.);
#4585 = ORIENTED_EDGE('',*,*,#4326,.F.);
#4586 = ORIENTED_EDGE('',*,*,#4201,.F.);
#4587 = ORIENTED_EDGE('',*,*,#4126,.F.);
#4588 = ORIENTED_EDGE('',*,*,#3998,.T.);
#4589 = ORIENTED_EDGE('',*,*,#4077,.F.);
#4590 = ORIENTED_EDGE('',*,*,#4151,.T.);
#4591 = ORIENTED_EDGE('',*,*,#4277,.T.);
#4592 = ORIENTED_EDGE('',*,*,#4375,.F.);
#4593 = FACE_BOUND('',#4594,.T.);
#4594 = EDGE_LOOP('',(#4595));
#4595 = ORIENTED_EDGE('',*,*,#4596,.F.);
#4596 = EDGE_CURVE('',#4597,#4597,#4599,.T.);
#4597 = VERTEX_POINT('',#4598);
#4598 = CARTESIAN_POINT('',(28.650757695082,37.150757595083,2.4));
#4599 = SURFACE_CURVE('',#4600,(#4605,#4612),.PCURVE_S1.);
#4600 = CIRCLE('',#4601,3.5);
#4601 = AXIS2_PLACEMENT_3D('',#4602,#4603,#4604);
#4602 = CARTESIAN_POINT('',(25.150757695082,37.150757595083,2.4));
#4603 = DIRECTION('',(0.,0.,1.));
#4604 = DIRECTION('',(1.,0.,0.));
#4605 = PCURVE('',#4015,#4606);
#4606 = DEFINITIONAL_REPRESENTATION('',(#4607),#4611);
#4607 = CIRCLE('',#4608,3.5);
#4608 = AXIS2_PLACEMENT_2D('',#4609,#4610);
#4609 = CARTESIAN_POINT('',(-14.84924240491,-14.84924240491));
#4610 = DIRECTION('',(1.,0.));
#4611 = ( GEOMETRIC_REPRESENTATION_CONTEXT(2) 
PARAMETRIC_REPRESENTATION_CONTEXT() REPRESENTATION_CONTEXT('2D SPACE',''
  ) );
#4612 = PCURVE('',#4613,#4618);
#4613 = CYLINDRICAL_SURFACE('',#4614,3.5);
#4614 = AXIS2_PLACEMENT_3D('',#4615,#4616,#4617);
#4615 = CARTESIAN_POINT('',(25.150757695082,37.150757595083,2.4));
#4616 = DIRECTION('',(-0.,-0.,-1.));
#4617 = DIRECTION('',(1.,0.,0.));
#4618 = DEFINITIONAL_REPRESENTATION('',(#4619),#4623);
#4619 = LINE('',#4620,#4621);
#4620 = CARTESIAN_POINT('',(-0.,0.));
#4621 = VECTOR('',#4622,1.);
#4622 = DIRECTION('',(-1.,0.));
#4623 = ( GEOMETRIC_REPRESENTATION_CONTEXT(2) 
PARAMETRIC_REPRESENTATION_CONTEXT() REPRESENTATION_CONTEXT('2D SPACE',''
  ) );
#4624 = FACE_BOUND('',#4625,.T.);
#4625 = EDGE_LOOP('',(#4626,#4657,#4685,#4714,#4742,#4771,#4799,#4828));
#4626 = ORIENTED_EDGE('',*,*,#4627,.F.);
#4627 = EDGE_CURVE('',#4628,#4630,#4632,.T.);
#4628 = VERTEX_POINT('',#4629);
#4629 = CARTESIAN_POINT('',(34.5000001,5.,2.4));
#4630 = VERTEX_POINT('',#4631);
#4631 = CARTESIAN_POINT('',(36.5000001,3.,2.4));
#4632 = SURFACE_CURVE('',#4633,(#4638,#4645),.PCURVE_S1.);
#4633 = CIRCLE('',#4634,2.);
#4634 = AXIS2_PLACEMENT_3D('',#4635,#4636,#4637);
#4635 = CARTESIAN_POINT('',(36.5000001,5.,2.4));
#4636 = DIRECTION('',(0.,0.,1.));
#4637 = DIRECTION('',(-1.,-0.,0.));
#4638 = PCURVE('',#4015,#4639);
#4639 = DEFINITIONAL_REPRESENTATION('',(#4640),#4644);
#4640 = CIRCLE('',#4641,2.);
#4641 = AXIS2_PLACEMENT_2D('',#4642,#4643);
#4642 = CARTESIAN_POINT('',(-3.5,-47.));
#4643 = DIRECTION('',(-1.,0.));
#4644 = ( GEOMETRIC_REPRESENTATION_CONTEXT(2) 
PARAMETRIC_REPRESENTATION_CONTEXT() REPRESENTATION_CONTEXT('2D SPACE',''
  ) );
#4645 = PCURVE('',#4646,#4651);
#4646 = CYLINDRICAL_SURFACE('',#4647,2.);
#4647 = AXIS2_PLACEMENT_3D('',#4648,#4649,#4650);
#4648 = CARTESIAN_POINT('',(36.5000001,5.,1.7763568394E-15));
#4649 = DIRECTION('',(0.,0.,1.));
#4650 = DIRECTION('',(-1.,-0.,0.));
#4651 = DEFINITIONAL_REPRESENTATION('',(#4652),#4656);
#4652 = LINE('',#4653,#4654);
#4653 = CARTESIAN_POINT('',(0.,2.4));
#4654 = VECTOR('',#4655,1.);
#4655 = DIRECTION('',(1.,0.));
#4656 = ( GEOMETRIC_REPRESENTATION_CONTEXT(2) 
PARAMETRIC_REPRESENTATION_CONTEXT() REPRESENTATION_CONTEXT('2D SPACE',''
  ) );
#4657 = ORIENTED_EDGE('',*,*,#4658,.T.);
#4658 = EDGE_CURVE('',#4628,#4659,#4661,.T.);
#4659 = VERTEX_POINT('',#4660);
#4660 = CARTESIAN_POINT('',(34.5000001,17.,2.4));
#4661 = SURFACE_CURVE('',#4662,(#4666,#4673),.PCURVE_S1.);
#4662 = LINE('',#4663,#4664);
#4663 = CARTESIAN_POINT('',(34.5000001,27.5,2.4));
#4664 = VECTOR('',#4665,1.);
#4665 = DIRECTION('',(0.,1.,0.));
#4666 = PCURVE('',#4015,#4667);
#4667 = DEFINITIONAL_REPRESENTATION('',(#4668),#4672);
#4668 = LINE('',#4669,#4670);
#4669 = CARTESIAN_POINT('',(-5.5,-24.5));
#4670 = VECTOR('',#4671,1.);
#4671 = DIRECTION('',(0.,1.));
#4672 = ( GEOMETRIC_REPRESENTATION_CONTEXT(2) 
PARAMETRIC_REPRESENTATION_CONTEXT() REPRESENTATION_CONTEXT('2D SPACE',''
  ) );
#4673 = PCURVE('',#4674,#4679);
#4674 = PLANE('',#4675);
#4675 = AXIS2_PLACEMENT_3D('',#4676,#4677,#4678);
#4676 = CARTESIAN_POINT('',(34.5000001,3.,1.7763568394E-15));
#4677 = DIRECTION('',(1.,0.,0.));
#4678 = DIRECTION('',(0.,0.,1.));
#4679 = DEFINITIONAL_REPRESENTATION('',(#4680),#4684);
#4680 = LINE('',#4681,#4682);
#4681 = CARTESIAN_POINT('',(2.4,-24.5));
#4682 = VECTOR('',#4683,1.);
#4683 = DIRECTION('',(0.,-1.));
#4684 = ( GEOMETRIC_REPRESENTATION_CONTEXT(2) 
PARAMETRIC_REPRESENTATION_CONTEXT() REPRESENTATION_CONTEXT('2D SPACE',''
  ) );
#4685 = ORIENTED_EDGE('',*,*,#4686,.F.);
#4686 = EDGE_CURVE('',#4687,#4659,#4689,.T.);
#4687 = VERTEX_POINT('',#4688);
#4688 = CARTESIAN_POINT('',(36.5000001,19.,2.4));
#4689 = SURFACE_CURVE('',#4690,(#4695,#4702),.PCURVE_S1.);
#4690 = CIRCLE('',#4691,2.);
#4691 = AXIS2_PLACEMENT_3D('',#4692,#4693,#4694);
#4692 = CARTESIAN_POINT('',(36.5000001,17.,2.4));
#4693 = DIRECTION('',(0.,0.,1.));
#4694 = DIRECTION('',(-1.,-0.,0.));
#4695 = PCURVE('',#4015,#4696);
#4696 = DEFINITIONAL_REPRESENTATION('',(#4697),#4701);
#4697 = CIRCLE('',#4698,2.);
#4698 = AXIS2_PLACEMENT_2D('',#4699,#4700);
#4699 = CARTESIAN_POINT('',(-3.5,-35.));
#4700 = DIRECTION('',(-1.,0.));
#4701 = ( GEOMETRIC_REPRESENTATION_CONTEXT(2) 
PARAMETRIC_REPRESENTATION_CONTEXT() REPRESENTATION_CONTEXT('2D SPACE',''
  ) );
#4702 = PCURVE('',#4703,#4708);
#4703 = CYLINDRICAL_SURFACE('',#4704,2.);
#4704 = AXIS2_PLACEMENT_3D('',#4705,#4706,#4707);
#4705 = CARTESIAN_POINT('',(36.5000001,17.,1.7763568394E-15));
#4706 = DIRECTION('',(0.,0.,1.));
#4707 = DIRECTION('',(-1.,-0.,0.));
#4708 = DEFINITIONAL_REPRESENTATION('',(#4709),#4713);
#4709 = LINE('',#4710,#4711);
#4710 = CARTESIAN_POINT('',(-6.28318530718,2.4));
#4711 = VECTOR('',#4712,1.);
#4712 = DIRECTION('',(1.,-0.));
#4713 = ( GEOMETRIC_REPRESENTATION_CONTEXT(2) 
PARAMETRIC_REPRESENTATION_CONTEXT() REPRESENTATION_CONTEXT('2D SPACE',''
  ) );
#4714 = ORIENTED_EDGE('',*,*,#4715,.F.);
#4715 = EDGE_CURVE('',#4716,#4687,#4718,.T.);
#4716 = VERTEX_POINT('',#4717);
#4717 = CARTESIAN_POINT('',(43.5000001,19.,2.4));
#4718 = SURFACE_CURVE('',#4719,(#4723,#4730),.PCURVE_S1.);
#4719 = LINE('',#4720,#4721);
#4720 = CARTESIAN_POINT('',(37.2500001,19.,2.4));
#4721 = VECTOR('',#4722,1.);
#4722 = DIRECTION('',(-1.,0.,0.));
#4723 = PCURVE('',#4015,#4724);
#4724 = DEFINITIONAL_REPRESENTATION('',(#4725),#4729);
#4725 = LINE('',#4726,#4727);
#4726 = CARTESIAN_POINT('',(-2.75,-33.));
#4727 = VECTOR('',#4728,1.);
#4728 = DIRECTION('',(-1.,0.));
#4729 = ( GEOMETRIC_REPRESENTATION_CONTEXT(2) 
PARAMETRIC_REPRESENTATION_CONTEXT() REPRESENTATION_CONTEXT('2D SPACE',''
  ) );
#4730 = PCURVE('',#4731,#4736);
#4731 = PLANE('',#4732);
#4732 = AXIS2_PLACEMENT_3D('',#4733,#4734,#4735);
#4733 = CARTESIAN_POINT('',(34.5000001,19.,1.7763568394E-15));
#4734 = DIRECTION('',(0.,1.,0.));
#4735 = DIRECTION('',(0.,0.,1.));
#4736 = DEFINITIONAL_REPRESENTATION('',(#4737),#4741);
#4737 = LINE('',#4738,#4739);
#4738 = CARTESIAN_POINT('',(2.4,2.75));
#4739 = VECTOR('',#4740,1.);
#4740 = DIRECTION('',(0.,-1.));
#4741 = ( GEOMETRIC_REPRESENTATION_CONTEXT(2) 
PARAMETRIC_REPRESENTATION_CONTEXT() REPRESENTATION_CONTEXT('2D SPACE',''
  ) );
#4742 = ORIENTED_EDGE('',*,*,#4743,.F.);
#4743 = EDGE_CURVE('',#4744,#4716,#4746,.T.);
#4744 = VERTEX_POINT('',#4745);
#4745 = CARTESIAN_POINT('',(45.5000001,17.,2.4));
#4746 = SURFACE_CURVE('',#4747,(#4752,#4759),.PCURVE_S1.);
#4747 = CIRCLE('',#4748,2.);
#4748 = AXIS2_PLACEMENT_3D('',#4749,#4750,#4751);
#4749 = CARTESIAN_POINT('',(43.5000001,17.,2.4));
#4750 = DIRECTION('',(0.,0.,1.));
#4751 = DIRECTION('',(1.,0.,-0.));
#4752 = PCURVE('',#4015,#4753);
#4753 = DEFINITIONAL_REPRESENTATION('',(#4754),#4758);
#4754 = CIRCLE('',#4755,2.);
#4755 = AXIS2_PLACEMENT_2D('',#4756,#4757);
#4756 = CARTESIAN_POINT('',(3.5,-35.));
#4757 = DIRECTION('',(1.,0.));
#4758 = ( GEOMETRIC_REPRESENTATION_CONTEXT(2) 
PARAMETRIC_REPRESENTATION_CONTEXT() REPRESENTATION_CONTEXT('2D SPACE',''
  ) );
#4759 = PCURVE('',#4760,#4765);
#4760 = CYLINDRICAL_SURFACE('',#4761,2.);
#4761 = AXIS2_PLACEMENT_3D('',#4762,#4763,#4764);
#4762 = CARTESIAN_POINT('',(43.5000001,17.,1.7763568394E-15));
#4763 = DIRECTION('',(0.,0.,1.));
#4764 = DIRECTION('',(1.,0.,-0.));
#4765 = DEFINITIONAL_REPRESENTATION('',(#4766),#4770);
#4766 = LINE('',#4767,#4768);
#4767 = CARTESIAN_POINT('',(0.,2.4));
#4768 = VECTOR('',#4769,1.);
#4769 = DIRECTION('',(1.,0.));
#4770 = ( GEOMETRIC_REPRESENTATION_CONTEXT(2) 
PARAMETRIC_REPRESENTATION_CONTEXT() REPRESENTATION_CONTEXT('2D SPACE',''
  ) );
#4771 = ORIENTED_EDGE('',*,*,#4772,.F.);
#4772 = EDGE_CURVE('',#4773,#4744,#4775,.T.);
#4773 = VERTEX_POINT('',#4774);
#4774 = CARTESIAN_POINT('',(45.5000001,5.,2.4));
#4775 = SURFACE_CURVE('',#4776,(#4780,#4787),.PCURVE_S1.);
#4776 = LINE('',#4777,#4778);
#4777 = CARTESIAN_POINT('',(45.5000001,27.5,2.4));
#4778 = VECTOR('',#4779,1.);
#4779 = DIRECTION('',(0.,1.,0.));
#4780 = PCURVE('',#4015,#4781);
#4781 = DEFINITIONAL_REPRESENTATION('',(#4782),#4786);
#4782 = LINE('',#4783,#4784);
#4783 = CARTESIAN_POINT('',(5.5,-24.5));
#4784 = VECTOR('',#4785,1.);
#4785 = DIRECTION('',(0.,1.));
#4786 = ( GEOMETRIC_REPRESENTATION_CONTEXT(2) 
PARAMETRIC_REPRESENTATION_CONTEXT() REPRESENTATION_CONTEXT('2D SPACE',''
  ) );
#4787 = PCURVE('',#4788,#4793);
#4788 = PLANE('',#4789);
#4789 = AXIS2_PLACEMENT_3D('',#4790,#4791,#4792);
#4790 = CARTESIAN_POINT('',(45.5000001,3.,1.7763568394E-15));
#4791 = DIRECTION('',(1.,0.,0.));
#4792 = DIRECTION('',(0.,0.,1.));
#4793 = DEFINITIONAL_REPRESENTATION('',(#4794),#4798);
#4794 = LINE('',#4795,#4796);
#4795 = CARTESIAN_POINT('',(2.4,-24.5));
#4796 = VECTOR('',#4797,1.);
#4797 = DIRECTION('',(0.,-1.));
#4798 = ( GEOMETRIC_REPRESENTATION_CONTEXT(2) 
PARAMETRIC_REPRESENTATION_CONTEXT() REPRESENTATION_CONTEXT('2D SPACE',''
  ) );
#4799 = ORIENTED_EDGE('',*,*,#4800,.F.);
#4800 = EDGE_CURVE('',#4801,#4773,#4803,.T.);
#4801 = VERTEX_POINT('',#4802);
#4802 = CARTESIAN_POINT('',(43.5000001,3.,2.4));
#4803 = SURFACE_CURVE('',#4804,(#4809,#4816),.PCURVE_S1.);
#4804 = CIRCLE('',#4805,2.);
#4805 = AXIS2_PLACEMENT_3D('',#4806,#4807,#4808);
#4806 = CARTESIAN_POINT('',(43.5000001,5.,2.4));
#4807 = DIRECTION('',(0.,0.,1.));
#4808 = DIRECTION('',(1.,0.,-0.));
#4809 = PCURVE('',#4015,#4810);
#4810 = DEFINITIONAL_REPRESENTATION('',(#4811),#4815);
#4811 = CIRCLE('',#4812,2.);
#4812 = AXIS2_PLACEMENT_2D('',#4813,#4814);
#4813 = CARTESIAN_POINT('',(3.5,-47.));
#4814 = DIRECTION('',(1.,0.));
#4815 = ( GEOMETRIC_REPRESENTATION_CONTEXT(2) 
PARAMETRIC_REPRESENTATION_CONTEXT() REPRESENTATION_CONTEXT('2D SPACE',''
  ) );
#4816 = PCURVE('',#4817,#4822);
#4817 = CYLINDRICAL_SURFACE('',#4818,2.);
#4818 = AXIS2_PLACEMENT_3D('',#4819,#4820,#4821);
#4819 = CARTESIAN_POINT('',(43.5000001,5.,1.7763568394E-15));
#4820 = DIRECTION('',(0.,0.,1.));
#4821 = DIRECTION('',(1.,0.,-0.));
#4822 = DEFINITIONAL_REPRESENTATION('',(#4823),#4827);
#4823 = LINE('',#4824,#4825);
#4824 = CARTESIAN_POINT('',(-6.28318530718,2.4));
#4825 = VECTOR('',#4826,1.);
#4826 = DIRECTION('',(1.,-0.));
#4827 = ( GEOMETRIC_REPRESENTATION_CONTEXT(2) 
PARAMETRIC_REPRESENTATION_CONTEXT() REPRESENTATION_CONTEXT('2D SPACE',''
  ) );
#4828 = ORIENTED_EDGE('',*,*,#4829,.T.);
#4829 = EDGE_CURVE('',#4801,#4630,#4830,.T.);
#4830 = SURFACE_CURVE('',#4831,(#4835,#4842),.PCURVE_S1.);
#4831 = LINE('',#4832,#4833);
#4832 = CARTESIAN_POINT('',(37.2500001,3.,2.4));
#4833 = VECTOR('',#4834,1.);
#4834 = DIRECTION('',(-1.,0.,0.));
#4835 = PCURVE('',#4015,#4836);
#4836 = DEFINITIONAL_REPRESENTATION('',(#4837),#4841);
#4837 = LINE('',#4838,#4839);
#4838 = CARTESIAN_POINT('',(-2.75,-49.));
#4839 = VECTOR('',#4840,1.);
#4840 = DIRECTION('',(-1.,0.));
#4841 = ( GEOMETRIC_REPRESENTATION_CONTEXT(2) 
PARAMETRIC_REPRESENTATION_CONTEXT() REPRESENTATION_CONTEXT('2D SPACE',''
  ) );
#4842 = PCURVE('',#4843,#4848);
#4843 = PLANE('',#4844);
#4844 = AXIS2_PLACEMENT_3D('',#4845,#4846,#4847);
#4845 = CARTESIAN_POINT('',(34.5000001,3.,1.7763568394E-15));
#4846 = DIRECTION('',(0.,1.,0.));
#4847 = DIRECTION('',(0.,0.,1.));
#4848 = DEFINITIONAL_REPRESENTATION('',(#4849),#4853);
#4849 = LINE('',#4850,#4851);
#4850 = CARTESIAN_POINT('',(2.4,2.75));
#4851 = VECTOR('',#4852,1.);
#4852 = DIRECTION('',(0.,-1.));
#4853 = ( GEOMETRIC_REPRESENTATION_CONTEXT(2) 
PARAMETRIC_REPRESENTATION_CONTEXT() REPRESENTATION_CONTEXT('2D SPACE',''
  ) );
#4854 = FACE_BOUND('',#4855,.T.);
#4855 = EDGE_LOOP('',(#4856));
#4856 = ORIENTED_EDGE('',*,*,#4857,.F.);
#4857 = EDGE_CURVE('',#4858,#4858,#4860,.T.);
#4858 = VERTEX_POINT('',#4859);
#4859 = CARTESIAN_POINT('',(58.349242504917,37.150757595082,2.4));
#4860 = SURFACE_CURVE('',#4861,(#4866,#4873),.PCURVE_S1.);
#4861 = CIRCLE('',#4862,3.5);
#4862 = AXIS2_PLACEMENT_3D('',#4863,#4864,#4865);
#4863 = CARTESIAN_POINT('',(54.849242504917,37.150757595082,2.4));
#4864 = DIRECTION('',(0.,0.,1.));
#4865 = DIRECTION('',(1.,0.,0.));
#4866 = PCURVE('',#4015,#4867);
#4867 = DEFINITIONAL_REPRESENTATION('',(#4868),#4872);
#4868 = CIRCLE('',#4869,3.5);
#4869 = AXIS2_PLACEMENT_2D('',#4870,#4871);
#4870 = CARTESIAN_POINT('',(14.849242404918,-14.84924240491));
#4871 = DIRECTION('',(1.,0.));
#4872 = ( GEOMETRIC_REPRESENTATION_CONTEXT(2) 
PARAMETRIC_REPRESENTATION_CONTEXT() REPRESENTATION_CONTEXT('2D SPACE',''
  ) );
#4873 = PCURVE('',#4874,#4879);
#4874 = CYLINDRICAL_SURFACE('',#4875,3.5);
#4875 = AXIS2_PLACEMENT_3D('',#4876,#4877,#4878);
#4876 = CARTESIAN_POINT('',(54.849242504917,37.150757595082,2.4));
#4877 = DIRECTION('',(-0.,-0.,-1.));
#4878 = DIRECTION('',(1.,0.,0.));
#4879 = DEFINITIONAL_REPRESENTATION('',(#4880),#4884);
#4880 = LINE('',#4881,#4882);
#4881 = CARTESIAN_POINT('',(-0.,0.));
#4882 = VECTOR('',#4883,1.);
#4883 = DIRECTION('',(-1.,0.));
#4884 = ( GEOMETRIC_REPRESENTATION_CONTEXT(2) 
PARAMETRIC_REPRESENTATION_CONTEXT() REPRESENTATION_CONTEXT('2D SPACE',''
  ) );
#4885 = FACE_BOUND('',#4886,.T.);
#4886 = EDGE_LOOP('',(#4887));
#4887 = ORIENTED_EDGE('',*,*,#4888,.F.);
#4888 = EDGE_CURVE('',#4889,#4889,#4891,.T.);
#4889 = VERTEX_POINT('',#4890);
#4890 = CARTESIAN_POINT('',(28.650757695082,66.849242404918,2.4));
#4891 = SURFACE_CURVE('',#4892,(#4897,#4904),.PCURVE_S1.);
#4892 = CIRCLE('',#4893,3.5);
#4893 = AXIS2_PLACEMENT_3D('',#4894,#4895,#4896);
#4894 = CARTESIAN_POINT('',(25.150757695082,66.849242404918,2.4));
#4895 = DIRECTION('',(0.,0.,1.));
#4896 = DIRECTION('',(1.,0.,0.));
#4897 = PCURVE('',#4015,#4898);
#4898 = DEFINITIONAL_REPRESENTATION('',(#4899),#4903);
#4899 = CIRCLE('',#4900,3.5);
#4900 = AXIS2_PLACEMENT_2D('',#4901,#4902);
#4901 = CARTESIAN_POINT('',(-14.84924240491,14.849242404918));
#4902 = DIRECTION('',(1.,0.));
#4903 = ( GEOMETRIC_REPRESENTATION_CONTEXT(2) 
PARAMETRIC_REPRESENTATION_CONTEXT() REPRESENTATION_CONTEXT('2D SPACE',''
  ) );
#4904 = PCURVE('',#4905,#4910);
#4905 = CYLINDRICAL_SURFACE('',#4906,3.5);
#4906 = AXIS2_PLACEMENT_3D('',#4907,#4908,#4909);
#4907 = CARTESIAN_POINT('',(25.150757695082,66.849242404918,2.4));
#4908 = DIRECTION('',(-0.,-0.,-1.));
#4909 = DIRECTION('',(1.,0.,0.));
#4910 = DEFINITIONAL_REPRESENTATION('',(#4911),#4915);
#4911 = LINE('',#4912,#4913);
#4912 = CARTESIAN_POINT('',(-0.,0.));
#4913 = VECTOR('',#4914,1.);
#4914 = DIRECTION('',(-1.,0.));
#4915 = ( GEOMETRIC_REPRESENTATION_CONTEXT(2) 
PARAMETRIC_REPRESENTATION_CONTEXT() REPRESENTATION_CONTEXT('2D SPACE',''
  ) );
#4916 = FACE_BOUND('',#4917,.T.);
#4917 = EDGE_LOOP('',(#4918));
#4918 = ORIENTED_EDGE('',*,*,#4919,.F.);
#4919 = EDGE_CURVE('',#4920,#4920,#4922,.T.);
#4920 = VERTEX_POINT('',#4921);
#4921 = CARTESIAN_POINT('',(58.349242504917,66.849242404918,2.4));
#4922 = SURFACE_CURVE('',#4923,(#4928,#4935),.PCURVE_S1.);
#4923 = CIRCLE('',#4924,3.5);
#4924 = AXIS2_PLACEMENT_3D('',#4925,#4926,#4927);
#4925 = CARTESIAN_POINT('',(54.849242504917,66.849242404918,2.4));
#4926 = DIRECTION('',(0.,0.,1.));
#4927 = DIRECTION('',(1.,0.,0.));
#4928 = PCURVE('',#4015,#4929);
#4929 = DEFINITIONAL_REPRESENTATION('',(#4930),#4934);
#4930 = CIRCLE('',#4931,3.5);
#4931 = AXIS2_PLACEMENT_2D('',#4932,#4933);
#4932 = CARTESIAN_POINT('',(14.849242404918,14.849242404918));
#4933 = DIRECTION('',(1.,0.));
#4934 = ( GEOMETRIC_REPRESENTATION_CONTEXT(2) 
PARAMETRIC_REPRESENTATION_CONTEXT() REPRESENTATION_CONTEXT('2D SPACE',''
  ) );
#4935 = PCURVE('',#4936,#4941);
#4936 = CYLINDRICAL_SURFACE('',#4937,3.5);
#4937 = AXIS2_PLACEMENT_3D('',#4938,#4939,#4940);
#4938 = CARTESIAN_POINT('',(54.849242504917,66.849242404918,2.4));
#4939 = DIRECTION('',(-0.,-0.,-1.));
#4940 = DIRECTION('',(1.,0.,0.));
#4941 = DEFINITIONAL_REPRESENTATION('',(#4942),#4946);
#4942 = LINE('',#4943,#4944);
#4943 = CARTESIAN_POINT('',(-0.,0.));
#4944 = VECTOR('',#4945,1.);
#4945 = DIRECTION('',(-1.,0.));
#4946 = ( GEOMETRIC_REPRESENTATION_CONTEXT(2) 
PARAMETRIC_REPRESENTATION_CONTEXT() REPRESENTATION_CONTEXT('2D SPACE',''
  ) );
#4947 = FACE_BOUND('',#4948,.T.);
#4948 = EDGE_LOOP('',(#4949,#4980,#5008,#5037,#5065,#5094,#5122,#5151));
#4949 = ORIENTED_EDGE('',*,*,#4950,.F.);
#4950 = EDGE_CURVE('',#4951,#4953,#4955,.T.);
#4951 = VERTEX_POINT('',#4952);
#4952 = CARTESIAN_POINT('',(34.5000001,87.,2.4));
#4953 = VERTEX_POINT('',#4954);
#4954 = CARTESIAN_POINT('',(36.5000001,85.,2.4));
#4955 = SURFACE_CURVE('',#4956,(#4961,#4968),.PCURVE_S1.);
#4956 = CIRCLE('',#4957,2.);
#4957 = AXIS2_PLACEMENT_3D('',#4958,#4959,#4960);
#4958 = CARTESIAN_POINT('',(36.5000001,87.,2.4));
#4959 = DIRECTION('',(0.,0.,1.));
#4960 = DIRECTION('',(-1.,-0.,0.));
#4961 = PCURVE('',#4015,#4962);
#4962 = DEFINITIONAL_REPRESENTATION('',(#4963),#4967);
#4963 = CIRCLE('',#4964,2.);
#4964 = AXIS2_PLACEMENT_2D('',#4965,#4966);
#4965 = CARTESIAN_POINT('',(-3.5,35.));
#4966 = DIRECTION('',(-1.,0.));
#4967 = ( GEOMETRIC_REPRESENTATION_CONTEXT(2) 
PARAMETRIC_REPRESENTATION_CONTEXT() REPRESENTATION_CONTEXT('2D SPACE',''
  ) );
#4968 = PCURVE('',#4969,#4974);
#4969 = CYLINDRICAL_SURFACE('',#4970,2.);
#4970 = AXIS2_PLACEMENT_3D('',#4971,#4972,#4973);
#4971 = CARTESIAN_POINT('',(36.5000001,87.,1.7763568394E-15));
#4972 = DIRECTION('',(0.,0.,1.));
#4973 = DIRECTION('',(-1.,-0.,0.));
#4974 = DEFINITIONAL_REPRESENTATION('',(#4975),#4979);
#4975 = LINE('',#4976,#4977);
#4976 = CARTESIAN_POINT('',(0.,2.4));
#4977 = VECTOR('',#4978,1.);
#4978 = DIRECTION('',(1.,0.));
#4979 = ( GEOMETRIC_REPRESENTATION_CONTEXT(2) 
PARAMETRIC_REPRESENTATION_CONTEXT() REPRESENTATION_CONTEXT('2D SPACE',''
  ) );
#4980 = ORIENTED_EDGE('',*,*,#4981,.T.);
#4981 = EDGE_CURVE('',#4951,#4982,#4984,.T.);
#4982 = VERTEX_POINT('',#4983);
#4983 = CARTESIAN_POINT('',(34.5000001,99.,2.4));
#4984 = SURFACE_CURVE('',#4985,(#4989,#4996),.PCURVE_S1.);
#4985 = LINE('',#4986,#4987);
#4986 = CARTESIAN_POINT('',(34.5000001,68.5,2.4));
#4987 = VECTOR('',#4988,1.);
#4988 = DIRECTION('',(0.,1.,0.));
#4989 = PCURVE('',#4015,#4990);
#4990 = DEFINITIONAL_REPRESENTATION('',(#4991),#4995);
#4991 = LINE('',#4992,#4993);
#4992 = CARTESIAN_POINT('',(-5.5,16.5));
#4993 = VECTOR('',#4994,1.);
#4994 = DIRECTION('',(0.,1.));
#4995 = ( GEOMETRIC_REPRESENTATION_CONTEXT(2) 
PARAMETRIC_REPRESENTATION_CONTEXT() REPRESENTATION_CONTEXT('2D SPACE',''
  ) );
#4996 = PCURVE('',#4997,#5002);
#4997 = PLANE('',#4998);
#4998 = AXIS2_PLACEMENT_3D('',#4999,#5000,#5001);
#4999 = CARTESIAN_POINT('',(34.5000001,85.,1.7763568394E-15));
#5000 = DIRECTION('',(1.,0.,0.));
#5001 = DIRECTION('',(0.,0.,1.));
#5002 = DEFINITIONAL_REPRESENTATION('',(#5003),#5007);
#5003 = LINE('',#5004,#5005);
#5004 = CARTESIAN_POINT('',(2.4,16.5));
#5005 = VECTOR('',#5006,1.);
#5006 = DIRECTION('',(0.,-1.));
#5007 = ( GEOMETRIC_REPRESENTATION_CONTEXT(2) 
PARAMETRIC_REPRESENTATION_CONTEXT() REPRESENTATION_CONTEXT('2D SPACE',''
  ) );
#5008 = ORIENTED_EDGE('',*,*,#5009,.F.);
#5009 = EDGE_CURVE('',#5010,#4982,#5012,.T.);
#5010 = VERTEX_POINT('',#5011);
#5011 = CARTESIAN_POINT('',(36.5000001,101.,2.4));
#5012 = SURFACE_CURVE('',#5013,(#5018,#5025),.PCURVE_S1.);
#5013 = CIRCLE('',#5014,2.);
#5014 = AXIS2_PLACEMENT_3D('',#5015,#5016,#5017);
#5015 = CARTESIAN_POINT('',(36.5000001,99.,2.4));
#5016 = DIRECTION('',(0.,0.,1.));
#5017 = DIRECTION('',(-1.,-0.,0.));
#5018 = PCURVE('',#4015,#5019);
#5019 = DEFINITIONAL_REPRESENTATION('',(#5020),#5024);
#5020 = CIRCLE('',#5021,2.);
#5021 = AXIS2_PLACEMENT_2D('',#5022,#5023);
#5022 = CARTESIAN_POINT('',(-3.5,47.));
#5023 = DIRECTION('',(-1.,0.));
#5024 = ( GEOMETRIC_REPRESENTATION_CONTEXT(2) 
PARAMETRIC_REPRESENTATION_CONTEXT() REPRESENTATION_CONTEXT('2D SPACE',''
  ) );
#5025 = PCURVE('',#5026,#5031);
#5026 = CYLINDRICAL_SURFACE('',#5027,2.);
#5027 = AXIS2_PLACEMENT_3D('',#5028,#5029,#5030);
#5028 = CARTESIAN_POINT('',(36.5000001,99.,1.7763568394E-15));
#5029 = DIRECTION('',(0.,0.,1.));
#5030 = DIRECTION('',(-1.,-0.,0.));
#5031 = DEFINITIONAL_REPRESENTATION('',(#5032),#5036);
#5032 = LINE('',#5033,#5034);
#5033 = CARTESIAN_POINT('',(-6.28318530718,2.4));
#5034 = VECTOR('',#5035,1.);
#5035 = DIRECTION('',(1.,-0.));
#5036 = ( GEOMETRIC_REPRESENTATION_CONTEXT(2) 
PARAMETRIC_REPRESENTATION_CONTEXT() REPRESENTATION_CONTEXT('2D SPACE',''
  ) );
#5037 = ORIENTED_EDGE('',*,*,#5038,.F.);
#5038 = EDGE_CURVE('',#5039,#5010,#5041,.T.);
#5039 = VERTEX_POINT('',#5040);
#5040 = CARTESIAN_POINT('',(43.5000001,101.,2.4));
#5041 = SURFACE_CURVE('',#5042,(#5046,#5053),.PCURVE_S1.);
#5042 = LINE('',#5043,#5044);
#5043 = CARTESIAN_POINT('',(37.2500001,101.,2.4));
#5044 = VECTOR('',#5045,1.);
#5045 = DIRECTION('',(-1.,0.,0.));
#5046 = PCURVE('',#4015,#5047);
#5047 = DEFINITIONAL_REPRESENTATION('',(#5048),#5052);
#5048 = LINE('',#5049,#5050);
#5049 = CARTESIAN_POINT('',(-2.75,49.));
#5050 = VECTOR('',#5051,1.);
#5051 = DIRECTION('',(-1.,0.));
#5052 = ( GEOMETRIC_REPRESENTATION_CONTEXT(2) 
PARAMETRIC_REPRESENTATION_CONTEXT() REPRESENTATION_CONTEXT('2D SPACE',''
  ) );
#5053 = PCURVE('',#5054,#5059);
#5054 = PLANE('',#5055);
#5055 = AXIS2_PLACEMENT_3D('',#5056,#5057,#5058);
#5056 = CARTESIAN_POINT('',(34.5000001,101.,1.7763568394E-15));
#5057 = DIRECTION('',(0.,1.,0.));
#5058 = DIRECTION('',(0.,0.,1.));
#5059 = DEFINITIONAL_REPRESENTATION('',(#5060),#5064);
#5060 = LINE('',#5061,#5062);
#5061 = CARTESIAN_POINT('',(2.4,2.75));
#5062 = VECTOR('',#5063,1.);
#5063 = DIRECTION('',(0.,-1.));
#5064 = ( GEOMETRIC_REPRESENTATION_CONTEXT(2) 
PARAMETRIC_REPRESENTATION_CONTEXT() REPRESENTATION_CONTEXT('2D SPACE',''
  ) );
#5065 = ORIENTED_EDGE('',*,*,#5066,.F.);
#5066 = EDGE_CURVE('',#5067,#5039,#5069,.T.);
#5067 = VERTEX_POINT('',#5068);
#5068 = CARTESIAN_POINT('',(45.5000001,99.,2.4));
#5069 = SURFACE_CURVE('',#5070,(#5075,#5082),.PCURVE_S1.);
#5070 = CIRCLE('',#5071,2.);
#5071 = AXIS2_PLACEMENT_3D('',#5072,#5073,#5074);
#5072 = CARTESIAN_POINT('',(43.5000001,99.,2.4));
#5073 = DIRECTION('',(0.,0.,1.));
#5074 = DIRECTION('',(1.,0.,-0.));
#5075 = PCURVE('',#4015,#5076);
#5076 = DEFINITIONAL_REPRESENTATION('',(#5077),#5081);
#5077 = CIRCLE('',#5078,2.);
#5078 = AXIS2_PLACEMENT_2D('',#5079,#5080);
#5079 = CARTESIAN_POINT('',(3.5,47.));
#5080 = DIRECTION('',(1.,0.));
#5081 = ( GEOMETRIC_REPRESENTATION_CONTEXT(2) 
PARAMETRIC_REPRESENTATION_CONTEXT() REPRESENTATION_CONTEXT('2D SPACE',''
  ) );
#5082 = PCURVE('',#5083,#5088);
#5083 = CYLINDRICAL_SURFACE('',#5084,2.);
#5084 = AXIS2_PLACEMENT_3D('',#5085,#5086,#5087);
#5085 = CARTESIAN_POINT('',(43.5000001,99.,1.7763568394E-15));
#5086 = DIRECTION('',(0.,0.,1.));
#5087 = DIRECTION('',(1.,0.,-0.));
#5088 = DEFINITIONAL_REPRESENTATION('',(#5089),#5093);
#5089 = LINE('',#5090,#5091);
#5090 = CARTESIAN_POINT('',(0.,2.4));
#5091 = VECTOR('',#5092,1.);
#5092 = DIRECTION('',(1.,0.));
#5093 = ( GEOMETRIC_REPRESENTATION_CONTEXT(2) 
PARAMETRIC_REPRESENTATION_CONTEXT() REPRESENTATION_CONTEXT('2D SPACE',''
  ) );
#5094 = ORIENTED_EDGE('',*,*,#5095,.F.);
#5095 = EDGE_CURVE('',#5096,#5067,#5098,.T.);
#5096 = VERTEX_POINT('',#5097);
#5097 = CARTESIAN_POINT('',(45.5000001,87.,2.4));
#5098 = SURFACE_CURVE('',#5099,(#5103,#5110),.PCURVE_S1.);
#5099 = LINE('',#5100,#5101);
#5100 = CARTESIAN_POINT('',(45.5000001,68.5,2.4));
#5101 = VECTOR('',#5102,1.);
#5102 = DIRECTION('',(0.,1.,0.));
#5103 = PCURVE('',#4015,#5104);
#5104 = DEFINITIONAL_REPRESENTATION('',(#5105),#5109);
#5105 = LINE('',#5106,#5107);
#5106 = CARTESIAN_POINT('',(5.5,16.5));
#5107 = VECTOR('',#5108,1.);
#5108 = DIRECTION('',(0.,1.));
#5109 = ( GEOMETRIC_REPRESENTATION_CONTEXT(2) 
PARAMETRIC_REPRESENTATION_CONTEXT() REPRESENTATION_CONTEXT('2D SPACE',''
  ) );
#5110 = PCURVE('',#5111,#5116);
#5111 = PLANE('',#5112);
#5112 = AXIS2_PLACEMENT_3D('',#5113,#5114,#5115);
#5113 = CARTESIAN_POINT('',(45.5000001,85.,1.7763568394E-15));
#5114 = DIRECTION('',(1.,0.,0.));
#5115 = DIRECTION('',(0.,0.,1.));
#5116 = DEFINITIONAL_REPRESENTATION('',(#5117),#5121);
#5117 = LINE('',#5118,#5119);
#5118 = CARTESIAN_POINT('',(2.4,16.5));
#5119 = VECTOR('',#5120,1.);
#5120 = DIRECTION('',(0.,-1.));
#5121 = ( GEOMETRIC_REPRESENTATION_CONTEXT(2) 
PARAMETRIC_REPRESENTATION_CONTEXT() REPRESENTATION_CONTEXT('2D SPACE',''
  ) );
#5122 = ORIENTED_EDGE('',*,*,#5123,.F.);
#5123 = EDGE_CURVE('',#5124,#5096,#5126,.T.);
#5124 = VERTEX_POINT('',#5125);
#5125 = CARTESIAN_POINT('',(43.5000001,85.,2.4));
#5126 = SURFACE_CURVE('',#5127,(#5132,#5139),.PCURVE_S1.);
#5127 = CIRCLE('',#5128,2.);
#5128 = AXIS2_PLACEMENT_3D('',#5129,#5130,#5131);
#5129 = CARTESIAN_POINT('',(43.5000001,87.,2.4));
#5130 = DIRECTION('',(0.,0.,1.));
#5131 = DIRECTION('',(1.,0.,-0.));
#5132 = PCURVE('',#4015,#5133);
#5133 = DEFINITIONAL_REPRESENTATION('',(#5134),#5138);
#5134 = CIRCLE('',#5135,2.);
#5135 = AXIS2_PLACEMENT_2D('',#5136,#5137);
#5136 = CARTESIAN_POINT('',(3.5,35.));
#5137 = DIRECTION('',(1.,0.));
#5138 = ( GEOMETRIC_REPRESENTATION_CONTEXT(2) 
PARAMETRIC_REPRESENTATION_CONTEXT() REPRESENTATION_CONTEXT('2D SPACE',''
  ) );
#5139 = PCURVE('',#5140,#5145);
#5140 = CYLINDRICAL_SURFACE('',#5141,2.);
#5141 = AXIS2_PLACEMENT_3D('',#5142,#5143,#5144);
#5142 = CARTESIAN_POINT('',(43.5000001,87.,1.7763568394E-15));
#5143 = DIRECTION('',(0.,0.,1.));
#5144 = DIRECTION('',(1.,0.,-0.));
#5145 = DEFINITIONAL_REPRESENTATION('',(#5146),#5150);
#5146 = LINE('',#5147,#5148);
#5147 = CARTESIAN_POINT('',(-6.28318530718,2.4));
#5148 = VECTOR('',#5149,1.);
#5149 = DIRECTION('',(1.,-0.));
#5150 = ( GEOMETRIC_REPRESENTATION_CONTEXT(2) 
PARAMETRIC_REPRESENTATION_CONTEXT() REPRESENTATION_CONTEXT('2D SPACE',''
  ) );
#5151 = ORIENTED_EDGE('',*,*,#5152,.T.);
#5152 = EDGE_CURVE('',#5124,#4953,#5153,.T.);
#5153 = SURFACE_CURVE('',#5154,(#5158,#5165),.PCURVE_S1.);
#5154 = LINE('',#5155,#5156);
#5155 = CARTESIAN_POINT('',(37.2500001,85.,2.4));
#5156 = VECTOR('',#5157,1.);
#5157 = DIRECTION('',(-1.,0.,0.));
#5158 = PCURVE('',#4015,#5159);
#5159 = DEFINITIONAL_REPRESENTATION('',(#5160),#5164);
#5160 = LINE('',#5161,#5162);
#5161 = CARTESIAN_POINT('',(-2.75,33.));
#5162 = VECTOR('',#5163,1.);
#5163 = DIRECTION('',(-1.,0.));
#5164 = ( GEOMETRIC_REPRESENTATION_CONTEXT(2) 
PARAMETRIC_REPRESENTATION_CONTEXT() REPRESENTATION_CONTEXT('2D SPACE',''
  ) );
#5165 = PCURVE('',#5166,#5171);
#5166 = PLANE('',#5167);
#5167 = AXIS2_PLACEMENT_3D('',#5168,#5169,#5170);
#5168 = CARTESIAN_POINT('',(34.5000001,85.,1.7763568394E-15));
#5169 = DIRECTION('',(0.,1.,0.));
#5170 = DIRECTION('',(0.,0.,1.));
#5171 = DEFINITIONAL_REPRESENTATION('',(#5172),#5176);
#5172 = LINE('',#5173,#5174);
#5173 = CARTESIAN_POINT('',(2.4,2.75));
#5174 = VECTOR('',#5175,1.);
#5175 = DIRECTION('',(0.,-1.));
#5176 = ( GEOMETRIC_REPRESENTATION_CONTEXT(2) 
PARAMETRIC_REPRESENTATION_CONTEXT() REPRESENTATION_CONTEXT('2D SPACE',''
  ) );
#5177 = ADVANCED_FACE('',(#5178),#4613,.T.);
#5178 = FACE_BOUND('',#5179,.F.);
#5179 = EDGE_LOOP('',(#5180,#5203,#5230,#5231));
#5180 = ORIENTED_EDGE('',*,*,#5181,.T.);
#5181 = EDGE_CURVE('',#4597,#5182,#5184,.T.);
#5182 = VERTEX_POINT('',#5183);
#5183 = CARTESIAN_POINT('',(28.650757695082,37.150757595083,6.4));
#5184 = SEAM_CURVE('',#5185,(#5189,#5196),.PCURVE_S1.);
#5185 = LINE('',#5186,#5187);
#5186 = CARTESIAN_POINT('',(28.650757695082,37.150757595083,2.4));
#5187 = VECTOR('',#5188,1.);
#5188 = DIRECTION('',(0.,0.,1.));
#5189 = PCURVE('',#4613,#5190);
#5190 = DEFINITIONAL_REPRESENTATION('',(#5191),#5195);
#5191 = LINE('',#5192,#5193);
#5192 = CARTESIAN_POINT('',(-0.,0.));
#5193 = VECTOR('',#5194,1.);
#5194 = DIRECTION('',(-0.,-1.));
#5195 = ( GEOMETRIC_REPRESENTATION_CONTEXT(2) 
PARAMETRIC_REPRESENTATION_CONTEXT() REPRESENTATION_CONTEXT('2D SPACE',''
  ) );
#5196 = PCURVE('',#4613,#5197);
#5197 = DEFINITIONAL_REPRESENTATION('',(#5198),#5202);
#5198 = LINE('',#5199,#5200);
#5199 = CARTESIAN_POINT('',(-6.28318530718,0.));
#5200 = VECTOR('',#5201,1.);
#5201 = DIRECTION('',(-0.,-1.));
#5202 = ( GEOMETRIC_REPRESENTATION_CONTEXT(2) 
PARAMETRIC_REPRESENTATION_CONTEXT() REPRESENTATION_CONTEXT('2D SPACE',''
  ) );
#5203 = ORIENTED_EDGE('',*,*,#5204,.T.);
#5204 = EDGE_CURVE('',#5182,#5182,#5205,.T.);
#5205 = SURFACE_CURVE('',#5206,(#5211,#5218),.PCURVE_S1.);
#5206 = CIRCLE('',#5207,3.5);
#5207 = AXIS2_PLACEMENT_3D('',#5208,#5209,#5210);
#5208 = CARTESIAN_POINT('',(25.150757695082,37.150757595083,6.4));
#5209 = DIRECTION('',(0.,0.,1.));
#5210 = DIRECTION('',(1.,0.,0.));
#5211 = PCURVE('',#4613,#5212);
#5212 = DEFINITIONAL_REPRESENTATION('',(#5213),#5217);
#5213 = LINE('',#5214,#5215);
#5214 = CARTESIAN_POINT('',(-0.,-4.));
#5215 = VECTOR('',#5216,1.);
#5216 = DIRECTION('',(-1.,0.));
#5217 = ( GEOMETRIC_REPRESENTATION_CONTEXT(2) 
PARAMETRIC_REPRESENTATION_CONTEXT() REPRESENTATION_CONTEXT('2D SPACE',''
  ) );
#5218 = PCURVE('',#5219,#5224);
#5219 = PLANE('',#5220);
#5220 = AXIS2_PLACEMENT_3D('',#5221,#5222,#5223);
#5221 = CARTESIAN_POINT('',(25.150757695082,37.150757595083,6.4));
#5222 = DIRECTION('',(0.,0.,1.));
#5223 = DIRECTION('',(1.,0.,-0.));
#5224 = DEFINITIONAL_REPRESENTATION('',(#5225),#5229);
#5225 = CIRCLE('',#5226,3.5);
#5226 = AXIS2_PLACEMENT_2D('',#5227,#5228);
#5227 = CARTESIAN_POINT('',(0.,0.));
#5228 = DIRECTION('',(1.,0.));
#5229 = ( GEOMETRIC_REPRESENTATION_CONTEXT(2) 
PARAMETRIC_REPRESENTATION_CONTEXT() REPRESENTATION_CONTEXT('2D SPACE',''
  ) );
#5230 = ORIENTED_EDGE('',*,*,#5181,.F.);
#5231 = ORIENTED_EDGE('',*,*,#4596,.F.);
#5232 = ADVANCED_FACE('',(#5233),#4646,.T.);
#5233 = FACE_BOUND('',#5234,.T.);
#5234 = EDGE_LOOP('',(#5235,#5258,#5259,#5282));
#5235 = ORIENTED_EDGE('',*,*,#5236,.F.);
#5236 = EDGE_CURVE('',#4628,#5237,#5239,.T.);
#5237 = VERTEX_POINT('',#5238);
#5238 = CARTESIAN_POINT('',(34.5000001,5.,6.4));
#5239 = SURFACE_CURVE('',#5240,(#5244,#5251),.PCURVE_S1.);
#5240 = LINE('',#5241,#5242);
#5241 = CARTESIAN_POINT('',(34.5000001,5.,1.7763568394E-15));
#5242 = VECTOR('',#5243,1.);
#5243 = DIRECTION('',(0.,0.,1.));
#5244 = PCURVE('',#4646,#5245);
#5245 = DEFINITIONAL_REPRESENTATION('',(#5246),#5250);
#5246 = LINE('',#5247,#5248);
#5247 = CARTESIAN_POINT('',(0.,0.));
#5248 = VECTOR('',#5249,1.);
#5249 = DIRECTION('',(0.,1.));
#5250 = ( GEOMETRIC_REPRESENTATION_CONTEXT(2) 
PARAMETRIC_REPRESENTATION_CONTEXT() REPRESENTATION_CONTEXT('2D SPACE',''
  ) );
#5251 = PCURVE('',#4674,#5252);
#5252 = DEFINITIONAL_REPRESENTATION('',(#5253),#5257);
#5253 = LINE('',#5254,#5255);
#5254 = CARTESIAN_POINT('',(0.,-2.));
#5255 = VECTOR('',#5256,1.);
#5256 = DIRECTION('',(1.,0.));
#5257 = ( GEOMETRIC_REPRESENTATION_CONTEXT(2) 
PARAMETRIC_REPRESENTATION_CONTEXT() REPRESENTATION_CONTEXT('2D SPACE',''
  ) );
#5258 = ORIENTED_EDGE('',*,*,#4627,.T.);
#5259 = ORIENTED_EDGE('',*,*,#5260,.T.);
#5260 = EDGE_CURVE('',#4630,#5261,#5263,.T.);
#5261 = VERTEX_POINT('',#5262);
#5262 = CARTESIAN_POINT('',(36.5000001,3.,6.4));
#5263 = SURFACE_CURVE('',#5264,(#5268,#5275),.PCURVE_S1.);
#5264 = LINE('',#5265,#5266);
#5265 = CARTESIAN_POINT('',(36.5000001,3.,1.7763568394E-15));
#5266 = VECTOR('',#5267,1.);
#5267 = DIRECTION('',(0.,0.,1.));
#5268 = PCURVE('',#4646,#5269);
#5269 = DEFINITIONAL_REPRESENTATION('',(#5270),#5274);
#5270 = LINE('',#5271,#5272);
#5271 = CARTESIAN_POINT('',(1.570796326795,0.));
#5272 = VECTOR('',#5273,1.);
#5273 = DIRECTION('',(0.,1.));
#5274 = ( GEOMETRIC_REPRESENTATION_CONTEXT(2) 
PARAMETRIC_REPRESENTATION_CONTEXT() REPRESENTATION_CONTEXT('2D SPACE',''
  ) );
#5275 = PCURVE('',#4843,#5276);
#5276 = DEFINITIONAL_REPRESENTATION('',(#5277),#5281);
#5277 = LINE('',#5278,#5279);
#5278 = CARTESIAN_POINT('',(0.,2.));
#5279 = VECTOR('',#5280,1.);
#5280 = DIRECTION('',(1.,0.));
#5281 = ( GEOMETRIC_REPRESENTATION_CONTEXT(2) 
PARAMETRIC_REPRESENTATION_CONTEXT() REPRESENTATION_CONTEXT('2D SPACE',''
  ) );
#5282 = ORIENTED_EDGE('',*,*,#5283,.F.);
#5283 = EDGE_CURVE('',#5237,#5261,#5284,.T.);
#5284 = SURFACE_CURVE('',#5285,(#5290,#5297),.PCURVE_S1.);
#5285 = CIRCLE('',#5286,2.);
#5286 = AXIS2_PLACEMENT_3D('',#5287,#5288,#5289);
#5287 = CARTESIAN_POINT('',(36.5000001,5.,6.4));
#5288 = DIRECTION('',(0.,0.,1.));
#5289 = DIRECTION('',(0.,-1.,0.));
#5290 = PCURVE('',#4646,#5291);
#5291 = DEFINITIONAL_REPRESENTATION('',(#5292),#5296);
#5292 = LINE('',#5293,#5294);
#5293 = CARTESIAN_POINT('',(-4.712388980385,6.4));
#5294 = VECTOR('',#5295,1.);
#5295 = DIRECTION('',(1.,0.));
#5296 = ( GEOMETRIC_REPRESENTATION_CONTEXT(2) 
PARAMETRIC_REPRESENTATION_CONTEXT() REPRESENTATION_CONTEXT('2D SPACE',''
  ) );
#5297 = PCURVE('',#5298,#5303);
#5298 = PLANE('',#5299);
#5299 = AXIS2_PLACEMENT_3D('',#5300,#5301,#5302);
#5300 = CARTESIAN_POINT('',(34.5000001,3.,6.4));
#5301 = DIRECTION('',(0.,0.,1.));
#5302 = DIRECTION('',(1.,0.,0.));
#5303 = DEFINITIONAL_REPRESENTATION('',(#5304),#5308);
#5304 = CIRCLE('',#5305,2.);
#5305 = AXIS2_PLACEMENT_2D('',#5306,#5307);
#5306 = CARTESIAN_POINT('',(2.,2.));
#5307 = DIRECTION('',(0.,-1.));
#5308 = ( GEOMETRIC_REPRESENTATION_CONTEXT(2) 
PARAMETRIC_REPRESENTATION_CONTEXT() REPRESENTATION_CONTEXT('2D SPACE',''
  ) );
#5309 = ADVANCED_FACE('',(#5310),#4674,.F.);
#5310 = FACE_BOUND('',#5311,.F.);
#5311 = EDGE_LOOP('',(#5312,#5335,#5336,#5337));
#5312 = ORIENTED_EDGE('',*,*,#5313,.F.);
#5313 = EDGE_CURVE('',#5237,#5314,#5316,.T.);
#5314 = VERTEX_POINT('',#5315);
#5315 = CARTESIAN_POINT('',(34.5000001,17.,6.4));
#5316 = SURFACE_CURVE('',#5317,(#5321,#5328),.PCURVE_S1.);
#5317 = LINE('',#5318,#5319);
#5318 = CARTESIAN_POINT('',(34.5000001,3.,6.4));
#5319 = VECTOR('',#5320,1.);
#5320 = DIRECTION('',(0.,1.,0.));
#5321 = PCURVE('',#4674,#5322);
#5322 = DEFINITIONAL_REPRESENTATION('',(#5323),#5327);
#5323 = LINE('',#5324,#5325);
#5324 = CARTESIAN_POINT('',(6.4,0.));
#5325 = VECTOR('',#5326,1.);
#5326 = DIRECTION('',(0.,-1.));
#5327 = ( GEOMETRIC_REPRESENTATION_CONTEXT(2) 
PARAMETRIC_REPRESENTATION_CONTEXT() REPRESENTATION_CONTEXT('2D SPACE',''
  ) );
#5328 = PCURVE('',#5298,#5329);
#5329 = DEFINITIONAL_REPRESENTATION('',(#5330),#5334);
#5330 = LINE('',#5331,#5332);
#5331 = CARTESIAN_POINT('',(0.,0.));
#5332 = VECTOR('',#5333,1.);
#5333 = DIRECTION('',(0.,1.));
#5334 = ( GEOMETRIC_REPRESENTATION_CONTEXT(2) 
PARAMETRIC_REPRESENTATION_CONTEXT() REPRESENTATION_CONTEXT('2D SPACE',''
  ) );
#5335 = ORIENTED_EDGE('',*,*,#5236,.F.);
#5336 = ORIENTED_EDGE('',*,*,#4658,.T.);
#5337 = ORIENTED_EDGE('',*,*,#5338,.T.);
#5338 = EDGE_CURVE('',#4659,#5314,#5339,.T.);
#5339 = SURFACE_CURVE('',#5340,(#5344,#5351),.PCURVE_S1.);
#5340 = LINE('',#5341,#5342);
#5341 = CARTESIAN_POINT('',(34.5000001,17.,1.7763568394E-15));
#5342 = VECTOR('',#5343,1.);
#5343 = DIRECTION('',(0.,0.,1.));
#5344 = PCURVE('',#4674,#5345);
#5345 = DEFINITIONAL_REPRESENTATION('',(#5346),#5350);
#5346 = LINE('',#5347,#5348);
#5347 = CARTESIAN_POINT('',(0.,-14.));
#5348 = VECTOR('',#5349,1.);
#5349 = DIRECTION('',(1.,0.));
#5350 = ( GEOMETRIC_REPRESENTATION_CONTEXT(2) 
PARAMETRIC_REPRESENTATION_CONTEXT() REPRESENTATION_CONTEXT('2D SPACE',''
  ) );
#5351 = PCURVE('',#4703,#5352);
#5352 = DEFINITIONAL_REPRESENTATION('',(#5353),#5357);
#5353 = LINE('',#5354,#5355);
#5354 = CARTESIAN_POINT('',(-0.,0.));
#5355 = VECTOR('',#5356,1.);
#5356 = DIRECTION('',(-0.,1.));
#5357 = ( GEOMETRIC_REPRESENTATION_CONTEXT(2) 
PARAMETRIC_REPRESENTATION_CONTEXT() REPRESENTATION_CONTEXT('2D SPACE',''
  ) );
#5358 = ADVANCED_FACE('',(#5359),#4843,.F.);
#5359 = FACE_BOUND('',#5360,.F.);
#5360 = EDGE_LOOP('',(#5361,#5362,#5363,#5386));
#5361 = ORIENTED_EDGE('',*,*,#4829,.T.);
#5362 = ORIENTED_EDGE('',*,*,#5260,.T.);
#5363 = ORIENTED_EDGE('',*,*,#5364,.T.);
#5364 = EDGE_CURVE('',#5261,#5365,#5367,.T.);
#5365 = VERTEX_POINT('',#5366);
#5366 = CARTESIAN_POINT('',(43.5000001,3.,6.4));
#5367 = SURFACE_CURVE('',#5368,(#5372,#5379),.PCURVE_S1.);
#5368 = LINE('',#5369,#5370);
#5369 = CARTESIAN_POINT('',(34.5000001,3.,6.4));
#5370 = VECTOR('',#5371,1.);
#5371 = DIRECTION('',(1.,0.,0.));
#5372 = PCURVE('',#4843,#5373);
#5373 = DEFINITIONAL_REPRESENTATION('',(#5374),#5378);
#5374 = LINE('',#5375,#5376);
#5375 = CARTESIAN_POINT('',(6.4,0.));
#5376 = VECTOR('',#5377,1.);
#5377 = DIRECTION('',(0.,1.));
#5378 = ( GEOMETRIC_REPRESENTATION_CONTEXT(2) 
PARAMETRIC_REPRESENTATION_CONTEXT() REPRESENTATION_CONTEXT('2D SPACE',''
  ) );
#5379 = PCURVE('',#5298,#5380);
#5380 = DEFINITIONAL_REPRESENTATION('',(#5381),#5385);
#5381 = LINE('',#5382,#5383);
#5382 = CARTESIAN_POINT('',(0.,0.));
#5383 = VECTOR('',#5384,1.);
#5384 = DIRECTION('',(1.,0.));
#5385 = ( GEOMETRIC_REPRESENTATION_CONTEXT(2) 
PARAMETRIC_REPRESENTATION_CONTEXT() REPRESENTATION_CONTEXT('2D SPACE',''
  ) );
#5386 = ORIENTED_EDGE('',*,*,#5387,.F.);
#5387 = EDGE_CURVE('',#4801,#5365,#5388,.T.);
#5388 = SURFACE_CURVE('',#5389,(#5393,#5400),.PCURVE_S1.);
#5389 = LINE('',#5390,#5391);
#5390 = CARTESIAN_POINT('',(43.5000001,3.,1.7763568394E-15));
#5391 = VECTOR('',#5392,1.);
#5392 = DIRECTION('',(0.,0.,1.));
#5393 = PCURVE('',#4843,#5394);
#5394 = DEFINITIONAL_REPRESENTATION('',(#5395),#5399);
#5395 = LINE('',#5396,#5397);
#5396 = CARTESIAN_POINT('',(0.,9.));
#5397 = VECTOR('',#5398,1.);
#5398 = DIRECTION('',(1.,0.));
#5399 = ( GEOMETRIC_REPRESENTATION_CONTEXT(2) 
PARAMETRIC_REPRESENTATION_CONTEXT() REPRESENTATION_CONTEXT('2D SPACE',''
  ) );
#5400 = PCURVE('',#4817,#5401);
#5401 = DEFINITIONAL_REPRESENTATION('',(#5402),#5406);
#5402 = LINE('',#5403,#5404);
#5403 = CARTESIAN_POINT('',(-1.570796326795,0.));
#5404 = VECTOR('',#5405,1.);
#5405 = DIRECTION('',(-0.,1.));
#5406 = ( GEOMETRIC_REPRESENTATION_CONTEXT(2) 
PARAMETRIC_REPRESENTATION_CONTEXT() REPRESENTATION_CONTEXT('2D SPACE',''
  ) );
#5407 = ADVANCED_FACE('',(#5408),#4703,.T.);
#5408 = FACE_BOUND('',#5409,.F.);
#5409 = EDGE_LOOP('',(#5410,#5411,#5412,#5435));
#5410 = ORIENTED_EDGE('',*,*,#5338,.F.);
#5411 = ORIENTED_EDGE('',*,*,#4686,.F.);
#5412 = ORIENTED_EDGE('',*,*,#5413,.T.);
#5413 = EDGE_CURVE('',#4687,#5414,#5416,.T.);
#5414 = VERTEX_POINT('',#5415);
#5415 = CARTESIAN_POINT('',(36.5000001,19.,6.4));
#5416 = SURFACE_CURVE('',#5417,(#5421,#5428),.PCURVE_S1.);
#5417 = LINE('',#5418,#5419);
#5418 = CARTESIAN_POINT('',(36.5000001,19.,1.7763568394E-15));
#5419 = VECTOR('',#5420,1.);
#5420 = DIRECTION('',(0.,0.,1.));
#5421 = PCURVE('',#4703,#5422);
#5422 = DEFINITIONAL_REPRESENTATION('',(#5423),#5427);
#5423 = LINE('',#5424,#5425);
#5424 = CARTESIAN_POINT('',(-1.570796326795,0.));
#5425 = VECTOR('',#5426,1.);
#5426 = DIRECTION('',(-0.,1.));
#5427 = ( GEOMETRIC_REPRESENTATION_CONTEXT(2) 
PARAMETRIC_REPRESENTATION_CONTEXT() REPRESENTATION_CONTEXT('2D SPACE',''
  ) );
#5428 = PCURVE('',#4731,#5429);
#5429 = DEFINITIONAL_REPRESENTATION('',(#5430),#5434);
#5430 = LINE('',#5431,#5432);
#5431 = CARTESIAN_POINT('',(0.,2.));
#5432 = VECTOR('',#5433,1.);
#5433 = DIRECTION('',(1.,0.));
#5434 = ( GEOMETRIC_REPRESENTATION_CONTEXT(2) 
PARAMETRIC_REPRESENTATION_CONTEXT() REPRESENTATION_CONTEXT('2D SPACE',''
  ) );
#5435 = ORIENTED_EDGE('',*,*,#5436,.F.);
#5436 = EDGE_CURVE('',#5314,#5414,#5437,.T.);
#5437 = SURFACE_CURVE('',#5438,(#5443,#5450),.PCURVE_S1.);
#5438 = CIRCLE('',#5439,2.);
#5439 = AXIS2_PLACEMENT_3D('',#5440,#5441,#5442);
#5440 = CARTESIAN_POINT('',(36.5000001,17.,6.4));
#5441 = DIRECTION('',(-0.,-0.,-1.));
#5442 = DIRECTION('',(0.,-1.,0.));
#5443 = PCURVE('',#4703,#5444);
#5444 = DEFINITIONAL_REPRESENTATION('',(#5445),#5449);
#5445 = LINE('',#5446,#5447);
#5446 = CARTESIAN_POINT('',(1.570796326795,6.4));
#5447 = VECTOR('',#5448,1.);
#5448 = DIRECTION('',(-1.,0.));
#5449 = ( GEOMETRIC_REPRESENTATION_CONTEXT(2) 
PARAMETRIC_REPRESENTATION_CONTEXT() REPRESENTATION_CONTEXT('2D SPACE',''
  ) );
#5450 = PCURVE('',#5298,#5451);
#5451 = DEFINITIONAL_REPRESENTATION('',(#5452),#5460);
#5452 = ( BOUNDED_CURVE() B_SPLINE_CURVE(2,(#5453,#5454,#5455,#5456,
#5457,#5458,#5459),.UNSPECIFIED.,.T.,.F.) B_SPLINE_CURVE_WITH_KNOTS((1,2
    ,2,2,2,1),(-2.094395102393,0.,2.094395102393,4.188790204786,
6.28318530718,8.377580409573),.UNSPECIFIED.) CURVE() 
GEOMETRIC_REPRESENTATION_ITEM() RATIONAL_B_SPLINE_CURVE((1.,0.5,1.,0.5,
1.,0.5,1.)) REPRESENTATION_ITEM('') );
#5453 = CARTESIAN_POINT('',(2.,12.));
#5454 = CARTESIAN_POINT('',(-1.464101615138,12.));
#5455 = CARTESIAN_POINT('',(0.267949192431,15.));
#5456 = CARTESIAN_POINT('',(2.,18.));
#5457 = CARTESIAN_POINT('',(3.732050807569,15.));
#5458 = CARTESIAN_POINT('',(5.464101615138,12.));
#5459 = CARTESIAN_POINT('',(2.,12.));
#5460 = ( GEOMETRIC_REPRESENTATION_CONTEXT(2) 
PARAMETRIC_REPRESENTATION_CONTEXT() REPRESENTATION_CONTEXT('2D SPACE',''
  ) );
#5461 = ADVANCED_FACE('',(#5462),#4817,.T.);
#5462 = FACE_BOUND('',#5463,.F.);
#5463 = EDGE_LOOP('',(#5464,#5487,#5488,#5489));
#5464 = ORIENTED_EDGE('',*,*,#5465,.F.);
#5465 = EDGE_CURVE('',#4773,#5466,#5468,.T.);
#5466 = VERTEX_POINT('',#5467);
#5467 = CARTESIAN_POINT('',(45.5000001,5.,6.4));
#5468 = SURFACE_CURVE('',#5469,(#5473,#5480),.PCURVE_S1.);
#5469 = LINE('',#5470,#5471);
#5470 = CARTESIAN_POINT('',(45.5000001,5.,1.7763568394E-15));
#5471 = VECTOR('',#5472,1.);
#5472 = DIRECTION('',(0.,0.,1.));
#5473 = PCURVE('',#4817,#5474);
#5474 = DEFINITIONAL_REPRESENTATION('',(#5475),#5479);
#5475 = LINE('',#5476,#5477);
#5476 = CARTESIAN_POINT('',(-0.,0.));
#5477 = VECTOR('',#5478,1.);
#5478 = DIRECTION('',(-0.,1.));
#5479 = ( GEOMETRIC_REPRESENTATION_CONTEXT(2) 
PARAMETRIC_REPRESENTATION_CONTEXT() REPRESENTATION_CONTEXT('2D SPACE',''
  ) );
#5480 = PCURVE('',#4788,#5481);
#5481 = DEFINITIONAL_REPRESENTATION('',(#5482),#5486);
#5482 = LINE('',#5483,#5484);
#5483 = CARTESIAN_POINT('',(0.,-2.));
#5484 = VECTOR('',#5485,1.);
#5485 = DIRECTION('',(1.,0.));
#5486 = ( GEOMETRIC_REPRESENTATION_CONTEXT(2) 
PARAMETRIC_REPRESENTATION_CONTEXT() REPRESENTATION_CONTEXT('2D SPACE',''
  ) );
#5487 = ORIENTED_EDGE('',*,*,#4800,.F.);
#5488 = ORIENTED_EDGE('',*,*,#5387,.T.);
#5489 = ORIENTED_EDGE('',*,*,#5490,.F.);
#5490 = EDGE_CURVE('',#5466,#5365,#5491,.T.);
#5491 = SURFACE_CURVE('',#5492,(#5497,#5504),.PCURVE_S1.);
#5492 = CIRCLE('',#5493,2.);
#5493 = AXIS2_PLACEMENT_3D('',#5494,#5495,#5496);
#5494 = CARTESIAN_POINT('',(43.5000001,5.,6.4));
#5495 = DIRECTION('',(-0.,-0.,-1.));
#5496 = DIRECTION('',(0.,-1.,0.));
#5497 = PCURVE('',#4817,#5498);
#5498 = DEFINITIONAL_REPRESENTATION('',(#5499),#5503);
#5499 = LINE('',#5500,#5501);
#5500 = CARTESIAN_POINT('',(4.712388980385,6.4));
#5501 = VECTOR('',#5502,1.);
#5502 = DIRECTION('',(-1.,0.));
#5503 = ( GEOMETRIC_REPRESENTATION_CONTEXT(2) 
PARAMETRIC_REPRESENTATION_CONTEXT() REPRESENTATION_CONTEXT('2D SPACE',''
  ) );
#5504 = PCURVE('',#5298,#5505);
#5505 = DEFINITIONAL_REPRESENTATION('',(#5506),#5514);
#5506 = ( BOUNDED_CURVE() B_SPLINE_CURVE(2,(#5507,#5508,#5509,#5510,
#5511,#5512,#5513),.UNSPECIFIED.,.T.,.F.) B_SPLINE_CURVE_WITH_KNOTS((1,2
    ,2,2,2,1),(-2.094395102393,0.,2.094395102393,4.188790204786,
6.28318530718,8.377580409573),.UNSPECIFIED.) CURVE() 
GEOMETRIC_REPRESENTATION_ITEM() RATIONAL_B_SPLINE_CURVE((1.,0.5,1.,0.5,
1.,0.5,1.)) REPRESENTATION_ITEM('') );
#5507 = CARTESIAN_POINT('',(9.,0.));
#5508 = CARTESIAN_POINT('',(5.535898384862,0.));
#5509 = CARTESIAN_POINT('',(7.267949192431,3.));
#5510 = CARTESIAN_POINT('',(9.,6.));
#5511 = CARTESIAN_POINT('',(10.732050807569,3.));
#5512 = CARTESIAN_POINT('',(12.464101615138,3.10862446895E-15));
#5513 = CARTESIAN_POINT('',(9.,0.));
#5514 = ( GEOMETRIC_REPRESENTATION_CONTEXT(2) 
PARAMETRIC_REPRESENTATION_CONTEXT() REPRESENTATION_CONTEXT('2D SPACE',''
  ) );
#5515 = ADVANCED_FACE('',(#5516),#4731,.T.);
#5516 = FACE_BOUND('',#5517,.T.);
#5517 = EDGE_LOOP('',(#5518,#5519,#5520,#5543));
#5518 = ORIENTED_EDGE('',*,*,#4715,.T.);
#5519 = ORIENTED_EDGE('',*,*,#5413,.T.);
#5520 = ORIENTED_EDGE('',*,*,#5521,.T.);
#5521 = EDGE_CURVE('',#5414,#5522,#5524,.T.);
#5522 = VERTEX_POINT('',#5523);
#5523 = CARTESIAN_POINT('',(43.5000001,19.,6.4));
#5524 = SURFACE_CURVE('',#5525,(#5529,#5536),.PCURVE_S1.);
#5525 = LINE('',#5526,#5527);
#5526 = CARTESIAN_POINT('',(34.5000001,19.,6.4));
#5527 = VECTOR('',#5528,1.);
#5528 = DIRECTION('',(1.,0.,0.));
#5529 = PCURVE('',#4731,#5530);
#5530 = DEFINITIONAL_REPRESENTATION('',(#5531),#5535);
#5531 = LINE('',#5532,#5533);
#5532 = CARTESIAN_POINT('',(6.4,0.));
#5533 = VECTOR('',#5534,1.);
#5534 = DIRECTION('',(0.,1.));
#5535 = ( GEOMETRIC_REPRESENTATION_CONTEXT(2) 
PARAMETRIC_REPRESENTATION_CONTEXT() REPRESENTATION_CONTEXT('2D SPACE',''
  ) );
#5536 = PCURVE('',#5298,#5537);
#5537 = DEFINITIONAL_REPRESENTATION('',(#5538),#5542);
#5538 = LINE('',#5539,#5540);
#5539 = CARTESIAN_POINT('',(0.,16.));
#5540 = VECTOR('',#5541,1.);
#5541 = DIRECTION('',(1.,0.));
#5542 = ( GEOMETRIC_REPRESENTATION_CONTEXT(2) 
PARAMETRIC_REPRESENTATION_CONTEXT() REPRESENTATION_CONTEXT('2D SPACE',''
  ) );
#5543 = ORIENTED_EDGE('',*,*,#5544,.F.);
#5544 = EDGE_CURVE('',#4716,#5522,#5545,.T.);
#5545 = SURFACE_CURVE('',#5546,(#5550,#5557),.PCURVE_S1.);
#5546 = LINE('',#5547,#5548);
#5547 = CARTESIAN_POINT('',(43.5000001,19.,1.7763568394E-15));
#5548 = VECTOR('',#5549,1.);
#5549 = DIRECTION('',(0.,0.,1.));
#5550 = PCURVE('',#4731,#5551);
#5551 = DEFINITIONAL_REPRESENTATION('',(#5552),#5556);
#5552 = LINE('',#5553,#5554);
#5553 = CARTESIAN_POINT('',(0.,9.));
#5554 = VECTOR('',#5555,1.);
#5555 = DIRECTION('',(1.,0.));
#5556 = ( GEOMETRIC_REPRESENTATION_CONTEXT(2) 
PARAMETRIC_REPRESENTATION_CONTEXT() REPRESENTATION_CONTEXT('2D SPACE',''
  ) );
#5557 = PCURVE('',#4760,#5558);
#5558 = DEFINITIONAL_REPRESENTATION('',(#5559),#5563);
#5559 = LINE('',#5560,#5561);
#5560 = CARTESIAN_POINT('',(1.570796326795,0.));
#5561 = VECTOR('',#5562,1.);
#5562 = DIRECTION('',(0.,1.));
#5563 = ( GEOMETRIC_REPRESENTATION_CONTEXT(2) 
PARAMETRIC_REPRESENTATION_CONTEXT() REPRESENTATION_CONTEXT('2D SPACE',''
  ) );
#5564 = ADVANCED_FACE('',(#5565),#4788,.T.);
#5565 = FACE_BOUND('',#5566,.T.);
#5566 = EDGE_LOOP('',(#5567,#5590,#5591,#5592));
#5567 = ORIENTED_EDGE('',*,*,#5568,.F.);
#5568 = EDGE_CURVE('',#5466,#5569,#5571,.T.);
#5569 = VERTEX_POINT('',#5570);
#5570 = CARTESIAN_POINT('',(45.5000001,17.,6.4));
#5571 = SURFACE_CURVE('',#5572,(#5576,#5583),.PCURVE_S1.);
#5572 = LINE('',#5573,#5574);
#5573 = CARTESIAN_POINT('',(45.5000001,3.,6.4));
#5574 = VECTOR('',#5575,1.);
#5575 = DIRECTION('',(0.,1.,0.));
#5576 = PCURVE('',#4788,#5577);
#5577 = DEFINITIONAL_REPRESENTATION('',(#5578),#5582);
#5578 = LINE('',#5579,#5580);
#5579 = CARTESIAN_POINT('',(6.4,0.));
#5580 = VECTOR('',#5581,1.);
#5581 = DIRECTION('',(0.,-1.));
#5582 = ( GEOMETRIC_REPRESENTATION_CONTEXT(2) 
PARAMETRIC_REPRESENTATION_CONTEXT() REPRESENTATION_CONTEXT('2D SPACE',''
  ) );
#5583 = PCURVE('',#5298,#5584);
#5584 = DEFINITIONAL_REPRESENTATION('',(#5585),#5589);
#5585 = LINE('',#5586,#5587);
#5586 = CARTESIAN_POINT('',(11.,0.));
#5587 = VECTOR('',#5588,1.);
#5588 = DIRECTION('',(0.,1.));
#5589 = ( GEOMETRIC_REPRESENTATION_CONTEXT(2) 
PARAMETRIC_REPRESENTATION_CONTEXT() REPRESENTATION_CONTEXT('2D SPACE',''
  ) );
#5590 = ORIENTED_EDGE('',*,*,#5465,.F.);
#5591 = ORIENTED_EDGE('',*,*,#4772,.T.);
#5592 = ORIENTED_EDGE('',*,*,#5593,.T.);
#5593 = EDGE_CURVE('',#4744,#5569,#5594,.T.);
#5594 = SURFACE_CURVE('',#5595,(#5599,#5606),.PCURVE_S1.);
#5595 = LINE('',#5596,#5597);
#5596 = CARTESIAN_POINT('',(45.5000001,17.,1.7763568394E-15));
#5597 = VECTOR('',#5598,1.);
#5598 = DIRECTION('',(0.,0.,1.));
#5599 = PCURVE('',#4788,#5600);
#5600 = DEFINITIONAL_REPRESENTATION('',(#5601),#5605);
#5601 = LINE('',#5602,#5603);
#5602 = CARTESIAN_POINT('',(0.,-14.));
#5603 = VECTOR('',#5604,1.);
#5604 = DIRECTION('',(1.,0.));
#5605 = ( GEOMETRIC_REPRESENTATION_CONTEXT(2) 
PARAMETRIC_REPRESENTATION_CONTEXT() REPRESENTATION_CONTEXT('2D SPACE',''
  ) );
#5606 = PCURVE('',#4760,#5607);
#5607 = DEFINITIONAL_REPRESENTATION('',(#5608),#5612);
#5608 = LINE('',#5609,#5610);
#5609 = CARTESIAN_POINT('',(0.,0.));
#5610 = VECTOR('',#5611,1.);
#5611 = DIRECTION('',(0.,1.));
#5612 = ( GEOMETRIC_REPRESENTATION_CONTEXT(2) 
PARAMETRIC_REPRESENTATION_CONTEXT() REPRESENTATION_CONTEXT('2D SPACE',''
  ) );
#5613 = ADVANCED_FACE('',(#5614),#4760,.T.);
#5614 = FACE_BOUND('',#5615,.T.);
#5615 = EDGE_LOOP('',(#5616,#5617,#5618,#5619));
#5616 = ORIENTED_EDGE('',*,*,#5593,.F.);
#5617 = ORIENTED_EDGE('',*,*,#4743,.T.);
#5618 = ORIENTED_EDGE('',*,*,#5544,.T.);
#5619 = ORIENTED_EDGE('',*,*,#5620,.F.);
#5620 = EDGE_CURVE('',#5569,#5522,#5621,.T.);
#5621 = SURFACE_CURVE('',#5622,(#5627,#5634),.PCURVE_S1.);
#5622 = CIRCLE('',#5623,2.);
#5623 = AXIS2_PLACEMENT_3D('',#5624,#5625,#5626);
#5624 = CARTESIAN_POINT('',(43.5000001,17.,6.4));
#5625 = DIRECTION('',(0.,0.,1.));
#5626 = DIRECTION('',(0.,-1.,0.));
#5627 = PCURVE('',#4760,#5628);
#5628 = DEFINITIONAL_REPRESENTATION('',(#5629),#5633);
#5629 = LINE('',#5630,#5631);
#5630 = CARTESIAN_POINT('',(-1.570796326795,6.4));
#5631 = VECTOR('',#5632,1.);
#5632 = DIRECTION('',(1.,0.));
#5633 = ( GEOMETRIC_REPRESENTATION_CONTEXT(2) 
PARAMETRIC_REPRESENTATION_CONTEXT() REPRESENTATION_CONTEXT('2D SPACE',''
  ) );
#5634 = PCURVE('',#5298,#5635);
#5635 = DEFINITIONAL_REPRESENTATION('',(#5636),#5640);
#5636 = CIRCLE('',#5637,2.);
#5637 = AXIS2_PLACEMENT_2D('',#5638,#5639);
#5638 = CARTESIAN_POINT('',(9.,14.));
#5639 = DIRECTION('',(0.,-1.));
#5640 = ( GEOMETRIC_REPRESENTATION_CONTEXT(2) 
PARAMETRIC_REPRESENTATION_CONTEXT() REPRESENTATION_CONTEXT('2D SPACE',''
  ) );
#5641 = ADVANCED_FACE('',(#5642),#4874,.T.);
#5642 = FACE_BOUND('',#5643,.F.);
#5643 = EDGE_LOOP('',(#5644,#5667,#5694,#5695));
#5644 = ORIENTED_EDGE('',*,*,#5645,.T.);
#5645 = EDGE_CURVE('',#4858,#5646,#5648,.T.);
#5646 = VERTEX_POINT('',#5647);
#5647 = CARTESIAN_POINT('',(58.349242504917,37.150757595082,6.4));
#5648 = SEAM_CURVE('',#5649,(#5653,#5660),.PCURVE_S1.);
#5649 = LINE('',#5650,#5651);
#5650 = CARTESIAN_POINT('',(58.349242504917,37.150757595082,2.4));
#5651 = VECTOR('',#5652,1.);
#5652 = DIRECTION('',(0.,0.,1.));
#5653 = PCURVE('',#4874,#5654);
#5654 = DEFINITIONAL_REPRESENTATION('',(#5655),#5659);
#5655 = LINE('',#5656,#5657);
#5656 = CARTESIAN_POINT('',(-0.,0.));
#5657 = VECTOR('',#5658,1.);
#5658 = DIRECTION('',(-0.,-1.));
#5659 = ( GEOMETRIC_REPRESENTATION_CONTEXT(2) 
PARAMETRIC_REPRESENTATION_CONTEXT() REPRESENTATION_CONTEXT('2D SPACE',''
  ) );
#5660 = PCURVE('',#4874,#5661);
#5661 = DEFINITIONAL_REPRESENTATION('',(#5662),#5666);
#5662 = LINE('',#5663,#5664);
#5663 = CARTESIAN_POINT('',(-6.28318530718,0.));
#5664 = VECTOR('',#5665,1.);
#5665 = DIRECTION('',(-0.,-1.));
#5666 = ( GEOMETRIC_REPRESENTATION_CONTEXT(2) 
PARAMETRIC_REPRESENTATION_CONTEXT() REPRESENTATION_CONTEXT('2D SPACE',''
  ) );
#5667 = ORIENTED_EDGE('',*,*,#5668,.T.);
#5668 = EDGE_CURVE('',#5646,#5646,#5669,.T.);
#5669 = SURFACE_CURVE('',#5670,(#5675,#5682),.PCURVE_S1.);
#5670 = CIRCLE('',#5671,3.5);
#5671 = AXIS2_PLACEMENT_3D('',#5672,#5673,#5674);
#5672 = CARTESIAN_POINT('',(54.849242504917,37.150757595082,6.4));
#5673 = DIRECTION('',(0.,0.,1.));
#5674 = DIRECTION('',(1.,0.,0.));
#5675 = PCURVE('',#4874,#5676);
#5676 = DEFINITIONAL_REPRESENTATION('',(#5677),#5681);
#5677 = LINE('',#5678,#5679);
#5678 = CARTESIAN_POINT('',(-0.,-4.));
#5679 = VECTOR('',#5680,1.);
#5680 = DIRECTION('',(-1.,0.));
#5681 = ( GEOMETRIC_REPRESENTATION_CONTEXT(2) 
PARAMETRIC_REPRESENTATION_CONTEXT() REPRESENTATION_CONTEXT('2D SPACE',''
  ) );
#5682 = PCURVE('',#5683,#5688);
#5683 = PLANE('',#5684);
#5684 = AXIS2_PLACEMENT_3D('',#5685,#5686,#5687);
#5685 = CARTESIAN_POINT('',(54.849242504917,37.150757595082,6.4));
#5686 = DIRECTION('',(0.,0.,1.));
#5687 = DIRECTION('',(1.,0.,-0.));
#5688 = DEFINITIONAL_REPRESENTATION('',(#5689),#5693);
#5689 = CIRCLE('',#5690,3.5);
#5690 = AXIS2_PLACEMENT_2D('',#5691,#5692);
#5691 = CARTESIAN_POINT('',(0.,0.));
#5692 = DIRECTION('',(1.,0.));
#5693 = ( GEOMETRIC_REPRESENTATION_CONTEXT(2) 
PARAMETRIC_REPRESENTATION_CONTEXT() REPRESENTATION_CONTEXT('2D SPACE',''
  ) );
#5694 = ORIENTED_EDGE('',*,*,#5645,.F.);
#5695 = ORIENTED_EDGE('',*,*,#4857,.F.);
#5696 = ADVANCED_FACE('',(#5697),#4905,.T.);
#5697 = FACE_BOUND('',#5698,.F.);
#5698 = EDGE_LOOP('',(#5699,#5722,#5749,#5750));
#5699 = ORIENTED_EDGE('',*,*,#5700,.T.);
#5700 = EDGE_CURVE('',#4889,#5701,#5703,.T.);
#5701 = VERTEX_POINT('',#5702);
#5702 = CARTESIAN_POINT('',(28.650757695082,66.849242404918,6.4));
#5703 = SEAM_CURVE('',#5704,(#5708,#5715),.PCURVE_S1.);
#5704 = LINE('',#5705,#5706);
#5705 = CARTESIAN_POINT('',(28.650757695082,66.849242404918,2.4));
#5706 = VECTOR('',#5707,1.);
#5707 = DIRECTION('',(0.,0.,1.));
#5708 = PCURVE('',#4905,#5709);
#5709 = DEFINITIONAL_REPRESENTATION('',(#5710),#5714);
#5710 = LINE('',#5711,#5712);
#5711 = CARTESIAN_POINT('',(-0.,0.));
#5712 = VECTOR('',#5713,1.);
#5713 = DIRECTION('',(-0.,-1.));
#5714 = ( GEOMETRIC_REPRESENTATION_CONTEXT(2) 
PARAMETRIC_REPRESENTATION_CONTEXT() REPRESENTATION_CONTEXT('2D SPACE',''
  ) );
#5715 = PCURVE('',#4905,#5716);
#5716 = DEFINITIONAL_REPRESENTATION('',(#5717),#5721);
#5717 = LINE('',#5718,#5719);
#5718 = CARTESIAN_POINT('',(-6.28318530718,0.));
#5719 = VECTOR('',#5720,1.);
#5720 = DIRECTION('',(-0.,-1.));
#5721 = ( GEOMETRIC_REPRESENTATION_CONTEXT(2) 
PARAMETRIC_REPRESENTATION_CONTEXT() REPRESENTATION_CONTEXT('2D SPACE',''
  ) );
#5722 = ORIENTED_EDGE('',*,*,#5723,.T.);
#5723 = EDGE_CURVE('',#5701,#5701,#5724,.T.);
#5724 = SURFACE_CURVE('',#5725,(#5730,#5737),.PCURVE_S1.);
#5725 = CIRCLE('',#5726,3.5);
#5726 = AXIS2_PLACEMENT_3D('',#5727,#5728,#5729);
#5727 = CARTESIAN_POINT('',(25.150757695082,66.849242404918,6.4));
#5728 = DIRECTION('',(0.,0.,1.));
#5729 = DIRECTION('',(1.,0.,0.));
#5730 = PCURVE('',#4905,#5731);
#5731 = DEFINITIONAL_REPRESENTATION('',(#5732),#5736);
#5732 = LINE('',#5733,#5734);
#5733 = CARTESIAN_POINT('',(-0.,-4.));
#5734 = VECTOR('',#5735,1.);
#5735 = DIRECTION('',(-1.,0.));
#5736 = ( GEOMETRIC_REPRESENTATION_CONTEXT(2) 
PARAMETRIC_REPRESENTATION_CONTEXT() REPRESENTATION_CONTEXT('2D SPACE',''
  ) );
#5737 = PCURVE('',#5738,#5743);
#5738 = PLANE('',#5739);
#5739 = AXIS2_PLACEMENT_3D('',#5740,#5741,#5742);
#5740 = CARTESIAN_POINT('',(25.150757695082,66.849242404918,6.4));
#5741 = DIRECTION('',(0.,0.,1.));
#5742 = DIRECTION('',(1.,0.,-0.));
#5743 = DEFINITIONAL_REPRESENTATION('',(#5744),#5748);
#5744 = CIRCLE('',#5745,3.5);
#5745 = AXIS2_PLACEMENT_2D('',#5746,#5747);
#5746 = CARTESIAN_POINT('',(0.,0.));
#5747 = DIRECTION('',(1.,0.));
#5748 = ( GEOMETRIC_REPRESENTATION_CONTEXT(2) 
PARAMETRIC_REPRESENTATION_CONTEXT() REPRESENTATION_CONTEXT('2D SPACE',''
  ) );
#5749 = ORIENTED_EDGE('',*,*,#5700,.F.);
#5750 = ORIENTED_EDGE('',*,*,#4888,.F.);
#5751 = ADVANCED_FACE('',(#5752),#4936,.T.);
#5752 = FACE_BOUND('',#5753,.F.);
#5753 = EDGE_LOOP('',(#5754,#5777,#5804,#5805));
#5754 = ORIENTED_EDGE('',*,*,#5755,.T.);
#5755 = EDGE_CURVE('',#4920,#5756,#5758,.T.);
#5756 = VERTEX_POINT('',#5757);
#5757 = CARTESIAN_POINT('',(58.349242504917,66.849242404918,6.4));
#5758 = SEAM_CURVE('',#5759,(#5763,#5770),.PCURVE_S1.);
#5759 = LINE('',#5760,#5761);
#5760 = CARTESIAN_POINT('',(58.349242504917,66.849242404918,2.4));
#5761 = VECTOR('',#5762,1.);
#5762 = DIRECTION('',(0.,0.,1.));
#5763 = PCURVE('',#4936,#5764);
#5764 = DEFINITIONAL_REPRESENTATION('',(#5765),#5769);
#5765 = LINE('',#5766,#5767);
#5766 = CARTESIAN_POINT('',(-0.,0.));
#5767 = VECTOR('',#5768,1.);
#5768 = DIRECTION('',(-0.,-1.));
#5769 = ( GEOMETRIC_REPRESENTATION_CONTEXT(2) 
PARAMETRIC_REPRESENTATION_CONTEXT() REPRESENTATION_CONTEXT('2D SPACE',''
  ) );
#5770 = PCURVE('',#4936,#5771);
#5771 = DEFINITIONAL_REPRESENTATION('',(#5772),#5776);
#5772 = LINE('',#5773,#5774);
#5773 = CARTESIAN_POINT('',(-6.28318530718,0.));
#5774 = VECTOR('',#5775,1.);
#5775 = DIRECTION('',(-0.,-1.));
#5776 = ( GEOMETRIC_REPRESENTATION_CONTEXT(2) 
PARAMETRIC_REPRESENTATION_CONTEXT() REPRESENTATION_CONTEXT('2D SPACE',''
  ) );
#5777 = ORIENTED_EDGE('',*,*,#5778,.T.);
#5778 = EDGE_CURVE('',#5756,#5756,#5779,.T.);
#5779 = SURFACE_CURVE('',#5780,(#5785,#5792),.PCURVE_S1.);
#5780 = CIRCLE('',#5781,3.5);
#5781 = AXIS2_PLACEMENT_3D('',#5782,#5783,#5784);
#5782 = CARTESIAN_POINT('',(54.849242504917,66.849242404918,6.4));
#5783 = DIRECTION('',(0.,0.,1.));
#5784 = DIRECTION('',(1.,0.,0.));
#5785 = PCURVE('',#4936,#5786);
#5786 = DEFINITIONAL_REPRESENTATION('',(#5787),#5791);
#5787 = LINE('',#5788,#5789);
#5788 = CARTESIAN_POINT('',(-0.,-4.));
#5789 = VECTOR('',#5790,1.);
#5790 = DIRECTION('',(-1.,0.));
#5791 = ( GEOMETRIC_REPRESENTATION_CONTEXT(2) 
PARAMETRIC_REPRESENTATION_CONTEXT() REPRESENTATION_CONTEXT('2D SPACE',''
  ) );
#5792 = PCURVE('',#5793,#5798);
#5793 = PLANE('',#5794);
#5794 = AXIS2_PLACEMENT_3D('',#5795,#5796,#5797);
#5795 = CARTESIAN_POINT('',(54.849242504917,66.849242404918,6.4));
#5796 = DIRECTION('',(0.,0.,1.));
#5797 = DIRECTION('',(1.,0.,-0.));
#5798 = DEFINITIONAL_REPRESENTATION('',(#5799),#5803);
#5799 = CIRCLE('',#5800,3.5);
#5800 = AXIS2_PLACEMENT_2D('',#5801,#5802);
#5801 = CARTESIAN_POINT('',(0.,0.));
#5802 = DIRECTION('',(1.,0.));
#5803 = ( GEOMETRIC_REPRESENTATION_CONTEXT(2) 
PARAMETRIC_REPRESENTATION_CONTEXT() REPRESENTATION_CONTEXT('2D SPACE',''
  ) );
#5804 = ORIENTED_EDGE('',*,*,#5755,.F.);
#5805 = ORIENTED_EDGE('',*,*,#4919,.F.);
#5806 = ADVANCED_FACE('',(#5807),#4969,.T.);
#5807 = FACE_BOUND('',#5808,.T.);
#5808 = EDGE_LOOP('',(#5809,#5832,#5833,#5856));
#5809 = ORIENTED_EDGE('',*,*,#5810,.F.);
#5810 = EDGE_CURVE('',#4951,#5811,#5813,.T.);
#5811 = VERTEX_POINT('',#5812);
#5812 = CARTESIAN_POINT('',(34.5000001,87.,6.4));
#5813 = SURFACE_CURVE('',#5814,(#5818,#5825),.PCURVE_S1.);
#5814 = LINE('',#5815,#5816);
#5815 = CARTESIAN_POINT('',(34.5000001,87.,1.7763568394E-15));
#5816 = VECTOR('',#5817,1.);
#5817 = DIRECTION('',(0.,0.,1.));
#5818 = PCURVE('',#4969,#5819);
#5819 = DEFINITIONAL_REPRESENTATION('',(#5820),#5824);
#5820 = LINE('',#5821,#5822);
#5821 = CARTESIAN_POINT('',(0.,0.));
#5822 = VECTOR('',#5823,1.);
#5823 = DIRECTION('',(0.,1.));
#5824 = ( GEOMETRIC_REPRESENTATION_CONTEXT(2) 
PARAMETRIC_REPRESENTATION_CONTEXT() REPRESENTATION_CONTEXT('2D SPACE',''
  ) );
#5825 = PCURVE('',#4997,#5826);
#5826 = DEFINITIONAL_REPRESENTATION('',(#5827),#5831);
#5827 = LINE('',#5828,#5829);
#5828 = CARTESIAN_POINT('',(0.,-2.));
#5829 = VECTOR('',#5830,1.);
#5830 = DIRECTION('',(1.,0.));
#5831 = ( GEOMETRIC_REPRESENTATION_CONTEXT(2) 
PARAMETRIC_REPRESENTATION_CONTEXT() REPRESENTATION_CONTEXT('2D SPACE',''
  ) );
#5832 = ORIENTED_EDGE('',*,*,#4950,.T.);
#5833 = ORIENTED_EDGE('',*,*,#5834,.T.);
#5834 = EDGE_CURVE('',#4953,#5835,#5837,.T.);
#5835 = VERTEX_POINT('',#5836);
#5836 = CARTESIAN_POINT('',(36.5000001,85.,6.4));
#5837 = SURFACE_CURVE('',#5838,(#5842,#5849),.PCURVE_S1.);
#5838 = LINE('',#5839,#5840);
#5839 = CARTESIAN_POINT('',(36.5000001,85.,1.7763568394E-15));
#5840 = VECTOR('',#5841,1.);
#5841 = DIRECTION('',(0.,0.,1.));
#5842 = PCURVE('',#4969,#5843);
#5843 = DEFINITIONAL_REPRESENTATION('',(#5844),#5848);
#5844 = LINE('',#5845,#5846);
#5845 = CARTESIAN_POINT('',(1.570796326795,0.));
#5846 = VECTOR('',#5847,1.);
#5847 = DIRECTION('',(0.,1.));
#5848 = ( GEOMETRIC_REPRESENTATION_CONTEXT(2) 
PARAMETRIC_REPRESENTATION_CONTEXT() REPRESENTATION_CONTEXT('2D SPACE',''
  ) );
#5849 = PCURVE('',#5166,#5850);
#5850 = DEFINITIONAL_REPRESENTATION('',(#5851),#5855);
#5851 = LINE('',#5852,#5853);
#5852 = CARTESIAN_POINT('',(0.,2.));
#5853 = VECTOR('',#5854,1.);
#5854 = DIRECTION('',(1.,0.));
#5855 = ( GEOMETRIC_REPRESENTATION_CONTEXT(2) 
PARAMETRIC_REPRESENTATION_CONTEXT() REPRESENTATION_CONTEXT('2D SPACE',''
  ) );
#5856 = ORIENTED_EDGE('',*,*,#5857,.F.);
#5857 = EDGE_CURVE('',#5811,#5835,#5858,.T.);
#5858 = SURFACE_CURVE('',#5859,(#5864,#5871),.PCURVE_S1.);
#5859 = CIRCLE('',#5860,2.);
#5860 = AXIS2_PLACEMENT_3D('',#5861,#5862,#5863);
#5861 = CARTESIAN_POINT('',(36.5000001,87.,6.4));
#5862 = DIRECTION('',(0.,0.,1.));
#5863 = DIRECTION('',(0.,-1.,0.));
#5864 = PCURVE('',#4969,#5865);
#5865 = DEFINITIONAL_REPRESENTATION('',(#5866),#5870);
#5866 = LINE('',#5867,#5868);
#5867 = CARTESIAN_POINT('',(-4.712388980385,6.4));
#5868 = VECTOR('',#5869,1.);
#5869 = DIRECTION('',(1.,0.));
#5870 = ( GEOMETRIC_REPRESENTATION_CONTEXT(2) 
PARAMETRIC_REPRESENTATION_CONTEXT() REPRESENTATION_CONTEXT('2D SPACE',''
  ) );
#5871 = PCURVE('',#5872,#5877);
#5872 = PLANE('',#5873);
#5873 = AXIS2_PLACEMENT_3D('',#5874,#5875,#5876);
#5874 = CARTESIAN_POINT('',(34.5000001,85.,6.4));
#5875 = DIRECTION('',(0.,0.,1.));
#5876 = DIRECTION('',(1.,0.,0.));
#5877 = DEFINITIONAL_REPRESENTATION('',(#5878),#5882);
#5878 = CIRCLE('',#5879,2.);
#5879 = AXIS2_PLACEMENT_2D('',#5880,#5881);
#5880 = CARTESIAN_POINT('',(2.,2.));
#5881 = DIRECTION('',(0.,-1.));
#5882 = ( GEOMETRIC_REPRESENTATION_CONTEXT(2) 
PARAMETRIC_REPRESENTATION_CONTEXT() REPRESENTATION_CONTEXT('2D SPACE',''
  ) );
#5883 = ADVANCED_FACE('',(#5884),#5166,.F.);
#5884 = FACE_BOUND('',#5885,.F.);
#5885 = EDGE_LOOP('',(#5886,#5887,#5888,#5911));
#5886 = ORIENTED_EDGE('',*,*,#5152,.T.);
#5887 = ORIENTED_EDGE('',*,*,#5834,.T.);
#5888 = ORIENTED_EDGE('',*,*,#5889,.T.);
#5889 = EDGE_CURVE('',#5835,#5890,#5892,.T.);
#5890 = VERTEX_POINT('',#5891);
#5891 = CARTESIAN_POINT('',(43.5000001,85.,6.4));
#5892 = SURFACE_CURVE('',#5893,(#5897,#5904),.PCURVE_S1.);
#5893 = LINE('',#5894,#5895);
#5894 = CARTESIAN_POINT('',(34.5000001,85.,6.4));
#5895 = VECTOR('',#5896,1.);
#5896 = DIRECTION('',(1.,0.,0.));
#5897 = PCURVE('',#5166,#5898);
#5898 = DEFINITIONAL_REPRESENTATION('',(#5899),#5903);
#5899 = LINE('',#5900,#5901);
#5900 = CARTESIAN_POINT('',(6.4,0.));
#5901 = VECTOR('',#5902,1.);
#5902 = DIRECTION('',(0.,1.));
#5903 = ( GEOMETRIC_REPRESENTATION_CONTEXT(2) 
PARAMETRIC_REPRESENTATION_CONTEXT() REPRESENTATION_CONTEXT('2D SPACE',''
  ) );
#5904 = PCURVE('',#5872,#5905);
#5905 = DEFINITIONAL_REPRESENTATION('',(#5906),#5910);
#5906 = LINE('',#5907,#5908);
#5907 = CARTESIAN_POINT('',(0.,0.));
#5908 = VECTOR('',#5909,1.);
#5909 = DIRECTION('',(1.,0.));
#5910 = ( GEOMETRIC_REPRESENTATION_CONTEXT(2) 
PARAMETRIC_REPRESENTATION_CONTEXT() REPRESENTATION_CONTEXT('2D SPACE',''
  ) );
#5911 = ORIENTED_EDGE('',*,*,#5912,.F.);
#5912 = EDGE_CURVE('',#5124,#5890,#5913,.T.);
#5913 = SURFACE_CURVE('',#5914,(#5918,#5925),.PCURVE_S1.);
#5914 = LINE('',#5915,#5916);
#5915 = CARTESIAN_POINT('',(43.5000001,85.,1.7763568394E-15));
#5916 = VECTOR('',#5917,1.);
#5917 = DIRECTION('',(0.,0.,1.));
#5918 = PCURVE('',#5166,#5919);
#5919 = DEFINITIONAL_REPRESENTATION('',(#5920),#5924);
#5920 = LINE('',#5921,#5922);
#5921 = CARTESIAN_POINT('',(0.,9.));
#5922 = VECTOR('',#5923,1.);
#5923 = DIRECTION('',(1.,0.));
#5924 = ( GEOMETRIC_REPRESENTATION_CONTEXT(2) 
PARAMETRIC_REPRESENTATION_CONTEXT() REPRESENTATION_CONTEXT('2D SPACE',''
  ) );
#5925 = PCURVE('',#5140,#5926);
#5926 = DEFINITIONAL_REPRESENTATION('',(#5927),#5931);
#5927 = LINE('',#5928,#5929);
#5928 = CARTESIAN_POINT('',(-1.570796326795,0.));
#5929 = VECTOR('',#5930,1.);
#5930 = DIRECTION('',(-0.,1.));
#5931 = ( GEOMETRIC_REPRESENTATION_CONTEXT(2) 
PARAMETRIC_REPRESENTATION_CONTEXT() REPRESENTATION_CONTEXT('2D SPACE',''
  ) );
#5932 = ADVANCED_FACE('',(#5933),#5140,.T.);
#5933 = FACE_BOUND('',#5934,.F.);
#5934 = EDGE_LOOP('',(#5935,#5958,#5959,#5960));
#5935 = ORIENTED_EDGE('',*,*,#5936,.F.);
#5936 = EDGE_CURVE('',#5096,#5937,#5939,.T.);
#5937 = VERTEX_POINT('',#5938);
#5938 = CARTESIAN_POINT('',(45.5000001,87.,6.4));
#5939 = SURFACE_CURVE('',#5940,(#5944,#5951),.PCURVE_S1.);
#5940 = LINE('',#5941,#5942);
#5941 = CARTESIAN_POINT('',(45.5000001,87.,1.7763568394E-15));
#5942 = VECTOR('',#5943,1.);
#5943 = DIRECTION('',(0.,0.,1.));
#5944 = PCURVE('',#5140,#5945);
#5945 = DEFINITIONAL_REPRESENTATION('',(#5946),#5950);
#5946 = LINE('',#5947,#5948);
#5947 = CARTESIAN_POINT('',(-0.,0.));
#5948 = VECTOR('',#5949,1.);
#5949 = DIRECTION('',(-0.,1.));
#5950 = ( GEOMETRIC_REPRESENTATION_CONTEXT(2) 
PARAMETRIC_REPRESENTATION_CONTEXT() REPRESENTATION_CONTEXT('2D SPACE',''
  ) );
#5951 = PCURVE('',#5111,#5952);
#5952 = DEFINITIONAL_REPRESENTATION('',(#5953),#5957);
#5953 = LINE('',#5954,#5955);
#5954 = CARTESIAN_POINT('',(0.,-2.));
#5955 = VECTOR('',#5956,1.);
#5956 = DIRECTION('',(1.,0.));
#5957 = ( GEOMETRIC_REPRESENTATION_CONTEXT(2) 
PARAMETRIC_REPRESENTATION_CONTEXT() REPRESENTATION_CONTEXT('2D SPACE',''
  ) );
#5958 = ORIENTED_EDGE('',*,*,#5123,.F.);
#5959 = ORIENTED_EDGE('',*,*,#5912,.T.);
#5960 = ORIENTED_EDGE('',*,*,#5961,.F.);
#5961 = EDGE_CURVE('',#5937,#5890,#5962,.T.);
#5962 = SURFACE_CURVE('',#5963,(#5968,#5975),.PCURVE_S1.);
#5963 = CIRCLE('',#5964,2.);
#5964 = AXIS2_PLACEMENT_3D('',#5965,#5966,#5967);
#5965 = CARTESIAN_POINT('',(43.5000001,87.,6.4));
#5966 = DIRECTION('',(-0.,-0.,-1.));
#5967 = DIRECTION('',(0.,-1.,0.));
#5968 = PCURVE('',#5140,#5969);
#5969 = DEFINITIONAL_REPRESENTATION('',(#5970),#5974);
#5970 = LINE('',#5971,#5972);
#5971 = CARTESIAN_POINT('',(4.712388980385,6.4));
#5972 = VECTOR('',#5973,1.);
#5973 = DIRECTION('',(-1.,0.));
#5974 = ( GEOMETRIC_REPRESENTATION_CONTEXT(2) 
PARAMETRIC_REPRESENTATION_CONTEXT() REPRESENTATION_CONTEXT('2D SPACE',''
  ) );
#5975 = PCURVE('',#5872,#5976);
#5976 = DEFINITIONAL_REPRESENTATION('',(#5977),#5985);
#5977 = ( BOUNDED_CURVE() B_SPLINE_CURVE(2,(#5978,#5979,#5980,#5981,
#5982,#5983,#5984),.UNSPECIFIED.,.T.,.F.) B_SPLINE_CURVE_WITH_KNOTS((1,2
    ,2,2,2,1),(-2.094395102393,0.,2.094395102393,4.188790204786,
6.28318530718,8.377580409573),.UNSPECIFIED.) CURVE() 
GEOMETRIC_REPRESENTATION_ITEM() RATIONAL_B_SPLINE_CURVE((1.,0.5,1.,0.5,
1.,0.5,1.)) REPRESENTATION_ITEM('') );
#5978 = CARTESIAN_POINT('',(9.,0.));
#5979 = CARTESIAN_POINT('',(5.535898384862,0.));
#5980 = CARTESIAN_POINT('',(7.267949192431,3.));
#5981 = CARTESIAN_POINT('',(9.,6.));
#5982 = CARTESIAN_POINT('',(10.732050807569,3.));
#5983 = CARTESIAN_POINT('',(12.464101615138,3.10862446895E-15));
#5984 = CARTESIAN_POINT('',(9.,0.));
#5985 = ( GEOMETRIC_REPRESENTATION_CONTEXT(2) 
PARAMETRIC_REPRESENTATION_CONTEXT() REPRESENTATION_CONTEXT('2D SPACE',''
  ) );
#5986 = ADVANCED_FACE('',(#5987),#5111,.T.);
#5987 = FACE_BOUND('',#5988,.T.);
#5988 = EDGE_LOOP('',(#5989,#6012,#6013,#6014));
#5989 = ORIENTED_EDGE('',*,*,#5990,.F.);
#5990 = EDGE_CURVE('',#5937,#5991,#5993,.T.);
#5991 = VERTEX_POINT('',#5992);
#5992 = CARTESIAN_POINT('',(45.5000001,99.,6.4));
#5993 = SURFACE_CURVE('',#5994,(#5998,#6005),.PCURVE_S1.);
#5994 = LINE('',#5995,#5996);
#5995 = CARTESIAN_POINT('',(45.5000001,85.,6.4));
#5996 = VECTOR('',#5997,1.);
#5997 = DIRECTION('',(0.,1.,0.));
#5998 = PCURVE('',#5111,#5999);
#5999 = DEFINITIONAL_REPRESENTATION('',(#6000),#6004);
#6000 = LINE('',#6001,#6002);
#6001 = CARTESIAN_POINT('',(6.4,0.));
#6002 = VECTOR('',#6003,1.);
#6003 = DIRECTION('',(0.,-1.));
#6004 = ( GEOMETRIC_REPRESENTATION_CONTEXT(2) 
PARAMETRIC_REPRESENTATION_CONTEXT() REPRESENTATION_CONTEXT('2D SPACE',''
  ) );
#6005 = PCURVE('',#5872,#6006);
#6006 = DEFINITIONAL_REPRESENTATION('',(#6007),#6011);
#6007 = LINE('',#6008,#6009);
#6008 = CARTESIAN_POINT('',(11.,0.));
#6009 = VECTOR('',#6010,1.);
#6010 = DIRECTION('',(0.,1.));
#6011 = ( GEOMETRIC_REPRESENTATION_CONTEXT(2) 
PARAMETRIC_REPRESENTATION_CONTEXT() REPRESENTATION_CONTEXT('2D SPACE',''
  ) );
#6012 = ORIENTED_EDGE('',*,*,#5936,.F.);
#6013 = ORIENTED_EDGE('',*,*,#5095,.T.);
#6014 = ORIENTED_EDGE('',*,*,#6015,.T.);
#6015 = EDGE_CURVE('',#5067,#5991,#6016,.T.);
#6016 = SURFACE_CURVE('',#6017,(#6021,#6028),.PCURVE_S1.);
#6017 = LINE('',#6018,#6019);
#6018 = CARTESIAN_POINT('',(45.5000001,99.,1.7763568394E-15));
#6019 = VECTOR('',#6020,1.);
#6020 = DIRECTION('',(0.,0.,1.));
#6021 = PCURVE('',#5111,#6022);
#6022 = DEFINITIONAL_REPRESENTATION('',(#6023),#6027);
#6023 = LINE('',#6024,#6025);
#6024 = CARTESIAN_POINT('',(0.,-14.));
#6025 = VECTOR('',#6026,1.);
#6026 = DIRECTION('',(1.,0.));
#6027 = ( GEOMETRIC_REPRESENTATION_CONTEXT(2) 
PARAMETRIC_REPRESENTATION_CONTEXT() REPRESENTATION_CONTEXT('2D SPACE',''
  ) );
#6028 = PCURVE('',#5083,#6029);
#6029 = DEFINITIONAL_REPRESENTATION('',(#6030),#6034);
#6030 = LINE('',#6031,#6032);
#6031 = CARTESIAN_POINT('',(0.,0.));
#6032 = VECTOR('',#6033,1.);
#6033 = DIRECTION('',(0.,1.));
#6034 = ( GEOMETRIC_REPRESENTATION_CONTEXT(2) 
PARAMETRIC_REPRESENTATION_CONTEXT() REPRESENTATION_CONTEXT('2D SPACE',''
  ) );
#6035 = ADVANCED_FACE('',(#6036),#5083,.T.);
#6036 = FACE_BOUND('',#6037,.T.);
#6037 = EDGE_LOOP('',(#6038,#6039,#6040,#6063));
#6038 = ORIENTED_EDGE('',*,*,#6015,.F.);
#6039 = ORIENTED_EDGE('',*,*,#5066,.T.);
#6040 = ORIENTED_EDGE('',*,*,#6041,.T.);
#6041 = EDGE_CURVE('',#5039,#6042,#6044,.T.);
#6042 = VERTEX_POINT('',#6043);
#6043 = CARTESIAN_POINT('',(43.5000001,101.,6.4));
#6044 = SURFACE_CURVE('',#6045,(#6049,#6056),.PCURVE_S1.);
#6045 = LINE('',#6046,#6047);
#6046 = CARTESIAN_POINT('',(43.5000001,101.,1.7763568394E-15));
#6047 = VECTOR('',#6048,1.);
#6048 = DIRECTION('',(0.,0.,1.));
#6049 = PCURVE('',#5083,#6050);
#6050 = DEFINITIONAL_REPRESENTATION('',(#6051),#6055);
#6051 = LINE('',#6052,#6053);
#6052 = CARTESIAN_POINT('',(1.570796326795,0.));
#6053 = VECTOR('',#6054,1.);
#6054 = DIRECTION('',(0.,1.));
#6055 = ( GEOMETRIC_REPRESENTATION_CONTEXT(2) 
PARAMETRIC_REPRESENTATION_CONTEXT() REPRESENTATION_CONTEXT('2D SPACE',''
  ) );
#6056 = PCURVE('',#5054,#6057);
#6057 = DEFINITIONAL_REPRESENTATION('',(#6058),#6062);
#6058 = LINE('',#6059,#6060);
#6059 = CARTESIAN_POINT('',(0.,9.));
#6060 = VECTOR('',#6061,1.);
#6061 = DIRECTION('',(1.,0.));
#6062 = ( GEOMETRIC_REPRESENTATION_CONTEXT(2) 
PARAMETRIC_REPRESENTATION_CONTEXT() REPRESENTATION_CONTEXT('2D SPACE',''
  ) );
#6063 = ORIENTED_EDGE('',*,*,#6064,.F.);
#6064 = EDGE_CURVE('',#5991,#6042,#6065,.T.);
#6065 = SURFACE_CURVE('',#6066,(#6071,#6078),.PCURVE_S1.);
#6066 = CIRCLE('',#6067,2.);
#6067 = AXIS2_PLACEMENT_3D('',#6068,#6069,#6070);
#6068 = CARTESIAN_POINT('',(43.5000001,99.,6.4));
#6069 = DIRECTION('',(0.,0.,1.));
#6070 = DIRECTION('',(0.,-1.,0.));
#6071 = PCURVE('',#5083,#6072);
#6072 = DEFINITIONAL_REPRESENTATION('',(#6073),#6077);
#6073 = LINE('',#6074,#6075);
#6074 = CARTESIAN_POINT('',(-1.570796326795,6.4));
#6075 = VECTOR('',#6076,1.);
#6076 = DIRECTION('',(1.,0.));
#6077 = ( GEOMETRIC_REPRESENTATION_CONTEXT(2) 
PARAMETRIC_REPRESENTATION_CONTEXT() REPRESENTATION_CONTEXT('2D SPACE',''
  ) );
#6078 = PCURVE('',#5872,#6079);
#6079 = DEFINITIONAL_REPRESENTATION('',(#6080),#6084);
#6080 = CIRCLE('',#6081,2.);
#6081 = AXIS2_PLACEMENT_2D('',#6082,#6083);
#6082 = CARTESIAN_POINT('',(9.,14.));
#6083 = DIRECTION('',(0.,-1.));
#6084 = ( GEOMETRIC_REPRESENTATION_CONTEXT(2) 
PARAMETRIC_REPRESENTATION_CONTEXT() REPRESENTATION_CONTEXT('2D SPACE',''
  ) );
#6085 = ADVANCED_FACE('',(#6086),#5054,.T.);
#6086 = FACE_BOUND('',#6087,.T.);
#6087 = EDGE_LOOP('',(#6088,#6089,#6112,#6133));
#6088 = ORIENTED_EDGE('',*,*,#5038,.T.);
#6089 = ORIENTED_EDGE('',*,*,#6090,.T.);
#6090 = EDGE_CURVE('',#5010,#6091,#6093,.T.);
#6091 = VERTEX_POINT('',#6092);
#6092 = CARTESIAN_POINT('',(36.5000001,101.,6.4));
#6093 = SURFACE_CURVE('',#6094,(#6098,#6105),.PCURVE_S1.);
#6094 = LINE('',#6095,#6096);
#6095 = CARTESIAN_POINT('',(36.5000001,101.,1.7763568394E-15));
#6096 = VECTOR('',#6097,1.);
#6097 = DIRECTION('',(0.,0.,1.));
#6098 = PCURVE('',#5054,#6099);
#6099 = DEFINITIONAL_REPRESENTATION('',(#6100),#6104);
#6100 = LINE('',#6101,#6102);
#6101 = CARTESIAN_POINT('',(0.,2.));
#6102 = VECTOR('',#6103,1.);
#6103 = DIRECTION('',(1.,0.));
#6104 = ( GEOMETRIC_REPRESENTATION_CONTEXT(2) 
PARAMETRIC_REPRESENTATION_CONTEXT() REPRESENTATION_CONTEXT('2D SPACE',''
  ) );
#6105 = PCURVE('',#5026,#6106);
#6106 = DEFINITIONAL_REPRESENTATION('',(#6107),#6111);
#6107 = LINE('',#6108,#6109);
#6108 = CARTESIAN_POINT('',(-1.570796326795,0.));
#6109 = VECTOR('',#6110,1.);
#6110 = DIRECTION('',(-0.,1.));
#6111 = ( GEOMETRIC_REPRESENTATION_CONTEXT(2) 
PARAMETRIC_REPRESENTATION_CONTEXT() REPRESENTATION_CONTEXT('2D SPACE',''
  ) );
#6112 = ORIENTED_EDGE('',*,*,#6113,.T.);
#6113 = EDGE_CURVE('',#6091,#6042,#6114,.T.);
#6114 = SURFACE_CURVE('',#6115,(#6119,#6126),.PCURVE_S1.);
#6115 = LINE('',#6116,#6117);
#6116 = CARTESIAN_POINT('',(34.5000001,101.,6.4));
#6117 = VECTOR('',#6118,1.);
#6118 = DIRECTION('',(1.,0.,0.));
#6119 = PCURVE('',#5054,#6120);
#6120 = DEFINITIONAL_REPRESENTATION('',(#6121),#6125);
#6121 = LINE('',#6122,#6123);
#6122 = CARTESIAN_POINT('',(6.4,0.));
#6123 = VECTOR('',#6124,1.);
#6124 = DIRECTION('',(0.,1.));
#6125 = ( GEOMETRIC_REPRESENTATION_CONTEXT(2) 
PARAMETRIC_REPRESENTATION_CONTEXT() REPRESENTATION_CONTEXT('2D SPACE',''
  ) );
#6126 = PCURVE('',#5872,#6127);
#6127 = DEFINITIONAL_REPRESENTATION('',(#6128),#6132);
#6128 = LINE('',#6129,#6130);
#6129 = CARTESIAN_POINT('',(0.,16.));
#6130 = VECTOR('',#6131,1.);
#6131 = DIRECTION('',(1.,0.));
#6132 = ( GEOMETRIC_REPRESENTATION_CONTEXT(2) 
PARAMETRIC_REPRESENTATION_CONTEXT() REPRESENTATION_CONTEXT('2D SPACE',''
  ) );
#6133 = ORIENTED_EDGE('',*,*,#6041,.F.);
#6134 = ADVANCED_FACE('',(#6135),#5026,.T.);
#6135 = FACE_BOUND('',#6136,.F.);
#6136 = EDGE_LOOP('',(#6137,#6160,#6161,#6162));
#6137 = ORIENTED_EDGE('',*,*,#6138,.F.);
#6138 = EDGE_CURVE('',#4982,#6139,#6141,.T.);
#6139 = VERTEX_POINT('',#6140);
#6140 = CARTESIAN_POINT('',(34.5000001,99.,6.4));
#6141 = SURFACE_CURVE('',#6142,(#6146,#6153),.PCURVE_S1.);
#6142 = LINE('',#6143,#6144);
#6143 = CARTESIAN_POINT('',(34.5000001,99.,1.7763568394E-15));
#6144 = VECTOR('',#6145,1.);
#6145 = DIRECTION('',(0.,0.,1.));
#6146 = PCURVE('',#5026,#6147);
#6147 = DEFINITIONAL_REPRESENTATION('',(#6148),#6152);
#6148 = LINE('',#6149,#6150);
#6149 = CARTESIAN_POINT('',(-0.,0.));
#6150 = VECTOR('',#6151,1.);
#6151 = DIRECTION('',(-0.,1.));
#6152 = ( GEOMETRIC_REPRESENTATION_CONTEXT(2) 
PARAMETRIC_REPRESENTATION_CONTEXT() REPRESENTATION_CONTEXT('2D SPACE',''
  ) );
#6153 = PCURVE('',#4997,#6154);
#6154 = DEFINITIONAL_REPRESENTATION('',(#6155),#6159);
#6155 = LINE('',#6156,#6157);
#6156 = CARTESIAN_POINT('',(0.,-14.));
#6157 = VECTOR('',#6158,1.);
#6158 = DIRECTION('',(1.,0.));
#6159 = ( GEOMETRIC_REPRESENTATION_CONTEXT(2) 
PARAMETRIC_REPRESENTATION_CONTEXT() REPRESENTATION_CONTEXT('2D SPACE',''
  ) );
#6160 = ORIENTED_EDGE('',*,*,#5009,.F.);
#6161 = ORIENTED_EDGE('',*,*,#6090,.T.);
#6162 = ORIENTED_EDGE('',*,*,#6163,.F.);
#6163 = EDGE_CURVE('',#6139,#6091,#6164,.T.);
#6164 = SURFACE_CURVE('',#6165,(#6170,#6177),.PCURVE_S1.);
#6165 = CIRCLE('',#6166,2.);
#6166 = AXIS2_PLACEMENT_3D('',#6167,#6168,#6169);
#6167 = CARTESIAN_POINT('',(36.5000001,99.,6.4));
#6168 = DIRECTION('',(-0.,-0.,-1.));
#6169 = DIRECTION('',(0.,-1.,0.));
#6170 = PCURVE('',#5026,#6171);
#6171 = DEFINITIONAL_REPRESENTATION('',(#6172),#6176);
#6172 = LINE('',#6173,#6174);
#6173 = CARTESIAN_POINT('',(1.570796326795,6.4));
#6174 = VECTOR('',#6175,1.);
#6175 = DIRECTION('',(-1.,0.));
#6176 = ( GEOMETRIC_REPRESENTATION_CONTEXT(2) 
PARAMETRIC_REPRESENTATION_CONTEXT() REPRESENTATION_CONTEXT('2D SPACE',''
  ) );
#6177 = PCURVE('',#5872,#6178);
#6178 = DEFINITIONAL_REPRESENTATION('',(#6179),#6187);
#6179 = ( BOUNDED_CURVE() B_SPLINE_CURVE(2,(#6180,#6181,#6182,#6183,
#6184,#6185,#6186),.UNSPECIFIED.,.T.,.F.) B_SPLINE_CURVE_WITH_KNOTS((1,2
    ,2,2,2,1),(-2.094395102393,0.,2.094395102393,4.188790204786,
6.28318530718,8.377580409573),.UNSPECIFIED.) CURVE() 
GEOMETRIC_REPRESENTATION_ITEM() RATIONAL_B_SPLINE_CURVE((1.,0.5,1.,0.5,
1.,0.5,1.)) REPRESENTATION_ITEM('') );
#6180 = CARTESIAN_POINT('',(2.,12.));
#6181 = CARTESIAN_POINT('',(-1.464101615138,12.));
#6182 = CARTESIAN_POINT('',(0.267949192431,15.));
#6183 = CARTESIAN_POINT('',(2.,18.));
#6184 = CARTESIAN_POINT('',(3.732050807569,15.));
#6185 = CARTESIAN_POINT('',(5.464101615138,12.));
#6186 = CARTESIAN_POINT('',(2.,12.));
#6187 = ( GEOMETRIC_REPRESENTATION_CONTEXT(2) 
PARAMETRIC_REPRESENTATION_CONTEXT() REPRESENTATION_CONTEXT('2D SPACE',''
  ) );
#6188 = ADVANCED_FACE('',(#6189),#4997,.F.);
#6189 = FACE_BOUND('',#6190,.F.);
#6190 = EDGE_LOOP('',(#6191,#6212,#6213,#6214));
#6191 = ORIENTED_EDGE('',*,*,#6192,.F.);
#6192 = EDGE_CURVE('',#5811,#6139,#6193,.T.);
#6193 = SURFACE_CURVE('',#6194,(#6198,#6205),.PCURVE_S1.);
#6194 = LINE('',#6195,#6196);
#6195 = CARTESIAN_POINT('',(34.5000001,85.,6.4));
#6196 = VECTOR('',#6197,1.);
#6197 = DIRECTION('',(0.,1.,0.));
#6198 = PCURVE('',#4997,#6199);
#6199 = DEFINITIONAL_REPRESENTATION('',(#6200),#6204);
#6200 = LINE('',#6201,#6202);
#6201 = CARTESIAN_POINT('',(6.4,0.));
#6202 = VECTOR('',#6203,1.);
#6203 = DIRECTION('',(0.,-1.));
#6204 = ( GEOMETRIC_REPRESENTATION_CONTEXT(2) 
PARAMETRIC_REPRESENTATION_CONTEXT() REPRESENTATION_CONTEXT('2D SPACE',''
  ) );
#6205 = PCURVE('',#5872,#6206);
#6206 = DEFINITIONAL_REPRESENTATION('',(#6207),#6211);
#6207 = LINE('',#6208,#6209);
#6208 = CARTESIAN_POINT('',(0.,0.));
#6209 = VECTOR('',#6210,1.);
#6210 = DIRECTION('',(0.,1.));
#6211 = ( GEOMETRIC_REPRESENTATION_CONTEXT(2) 
PARAMETRIC_REPRESENTATION_CONTEXT() REPRESENTATION_CONTEXT('2D SPACE',''
  ) );
#6212 = ORIENTED_EDGE('',*,*,#5810,.F.);
#6213 = ORIENTED_EDGE('',*,*,#4981,.T.);
#6214 = ORIENTED_EDGE('',*,*,#6138,.T.);
#6215 = ADVANCED_FACE('',(#6216),#5219,.T.);
#6216 = FACE_BOUND('',#6217,.T.);
#6217 = EDGE_LOOP('',(#6218));
#6218 = ORIENTED_EDGE('',*,*,#5204,.T.);
#6219 = ADVANCED_FACE('',(#6220,#6230),#5298,.T.);
#6220 = FACE_BOUND('',#6221,.T.);
#6221 = EDGE_LOOP('',(#6222,#6223,#6224,#6225,#6226,#6227,#6228,#6229));
#6222 = ORIENTED_EDGE('',*,*,#5313,.F.);
#6223 = ORIENTED_EDGE('',*,*,#5283,.T.);
#6224 = ORIENTED_EDGE('',*,*,#5364,.T.);
#6225 = ORIENTED_EDGE('',*,*,#5490,.F.);
#6226 = ORIENTED_EDGE('',*,*,#5568,.T.);
#6227 = ORIENTED_EDGE('',*,*,#5620,.T.);
#6228 = ORIENTED_EDGE('',*,*,#5521,.F.);
#6229 = ORIENTED_EDGE('',*,*,#5436,.F.);
#6230 = FACE_BOUND('',#6231,.T.);
#6231 = EDGE_LOOP('',(#6232));
#6232 = ORIENTED_EDGE('',*,*,#6233,.T.);
#6233 = EDGE_CURVE('',#6234,#6234,#6236,.T.);
#6234 = VERTEX_POINT('',#6235);
#6235 = CARTESIAN_POINT('',(41.3000001,14.,6.4));
#6236 = SURFACE_CURVE('',#6237,(#6242,#6253),.PCURVE_S1.);
#6237 = CIRCLE('',#6238,1.3);
#6238 = AXIS2_PLACEMENT_3D('',#6239,#6240,#6241);
#6239 = CARTESIAN_POINT('',(40.0000001,14.,6.4));
#6240 = DIRECTION('',(0.,0.,-1.));
#6241 = DIRECTION('',(1.,0.,0.));
#6242 = PCURVE('',#5298,#6243);
#6243 = DEFINITIONAL_REPRESENTATION('',(#6244),#6252);
#6244 = ( BOUNDED_CURVE() B_SPLINE_CURVE(2,(#6245,#6246,#6247,#6248,
#6249,#6250,#6251),.UNSPECIFIED.,.T.,.F.) B_SPLINE_CURVE_WITH_KNOTS((1,2
    ,2,2,2,1),(-2.094395102393,0.,2.094395102393,4.188790204786,
6.28318530718,8.377580409573),.UNSPECIFIED.) CURVE() 
GEOMETRIC_REPRESENTATION_ITEM() RATIONAL_B_SPLINE_CURVE((1.,0.5,1.,0.5,
1.,0.5,1.)) REPRESENTATION_ITEM('') );
#6245 = CARTESIAN_POINT('',(6.8,11.));
#6246 = CARTESIAN_POINT('',(6.8,8.74833395016));
#6247 = CARTESIAN_POINT('',(4.85,9.87416697508));
#6248 = CARTESIAN_POINT('',(2.9,11.));
#6249 = CARTESIAN_POINT('',(4.85,12.12583302492));
#6250 = CARTESIAN_POINT('',(6.8,13.25166604984));
#6251 = CARTESIAN_POINT('',(6.8,11.));
#6252 = ( GEOMETRIC_REPRESENTATION_CONTEXT(2) 
PARAMETRIC_REPRESENTATION_CONTEXT() REPRESENTATION_CONTEXT('2D SPACE',''
  ) );
#6253 = PCURVE('',#6254,#6259);
#6254 = CYLINDRICAL_SURFACE('',#6255,1.3);
#6255 = AXIS2_PLACEMENT_3D('',#6256,#6257,#6258);
#6256 = CARTESIAN_POINT('',(40.0000001,14.,2.2));
#6257 = DIRECTION('',(-0.,-0.,-1.));
#6258 = DIRECTION('',(1.,0.,0.));
#6259 = DEFINITIONAL_REPRESENTATION('',(#6260),#6264);
#6260 = LINE('',#6261,#6262);
#6261 = CARTESIAN_POINT('',(-6.28318530718,-4.2));
#6262 = VECTOR('',#6263,1.);
#6263 = DIRECTION('',(1.,-0.));
#6264 = ( GEOMETRIC_REPRESENTATION_CONTEXT(2) 
PARAMETRIC_REPRESENTATION_CONTEXT() REPRESENTATION_CONTEXT('2D SPACE',''
  ) );
#6265 = ADVANCED_FACE('',(#6266),#5683,.T.);
#6266 = FACE_BOUND('',#6267,.T.);
#6267 = EDGE_LOOP('',(#6268));
#6268 = ORIENTED_EDGE('',*,*,#5668,.T.);
#6269 = ADVANCED_FACE('',(#6270),#5738,.T.);
#6270 = FACE_BOUND('',#6271,.T.);
#6271 = EDGE_LOOP('',(#6272));
#6272 = ORIENTED_EDGE('',*,*,#5723,.T.);
#6273 = ADVANCED_FACE('',(#6274),#5793,.T.);
#6274 = FACE_BOUND('',#6275,.T.);
#6275 = EDGE_LOOP('',(#6276));
#6276 = ORIENTED_EDGE('',*,*,#5778,.T.);
#6277 = ADVANCED_FACE('',(#6278,#6288),#5872,.T.);
#6278 = FACE_BOUND('',#6279,.T.);
#6279 = EDGE_LOOP('',(#6280,#6281,#6282,#6283,#6284,#6285,#6286,#6287));
#6280 = ORIENTED_EDGE('',*,*,#6192,.F.);
#6281 = ORIENTED_EDGE('',*,*,#5857,.T.);
#6282 = ORIENTED_EDGE('',*,*,#5889,.T.);
#6283 = ORIENTED_EDGE('',*,*,#5961,.F.);
#6284 = ORIENTED_EDGE('',*,*,#5990,.T.);
#6285 = ORIENTED_EDGE('',*,*,#6064,.T.);
#6286 = ORIENTED_EDGE('',*,*,#6113,.F.);
#6287 = ORIENTED_EDGE('',*,*,#6163,.F.);
#6288 = FACE_BOUND('',#6289,.T.);
#6289 = EDGE_LOOP('',(#6290));
#6290 = ORIENTED_EDGE('',*,*,#6291,.T.);
#6291 = EDGE_CURVE('',#6292,#6292,#6294,.T.);
#6292 = VERTEX_POINT('',#6293);
#6293 = CARTESIAN_POINT('',(41.3000001,90.,6.4));
#6294 = SURFACE_CURVE('',#6295,(#6300,#6311),.PCURVE_S1.);
#6295 = CIRCLE('',#6296,1.3);
#6296 = AXIS2_PLACEMENT_3D('',#6297,#6298,#6299);
#6297 = CARTESIAN_POINT('',(40.0000001,90.,6.4));
#6298 = DIRECTION('',(0.,0.,-1.));
#6299 = DIRECTION('',(1.,0.,0.));
#6300 = PCURVE('',#5872,#6301);
#6301 = DEFINITIONAL_REPRESENTATION('',(#6302),#6310);
#6302 = ( BOUNDED_CURVE() B_SPLINE_CURVE(2,(#6303,#6304,#6305,#6306,
#6307,#6308,#6309),.UNSPECIFIED.,.T.,.F.) B_SPLINE_CURVE_WITH_KNOTS((1,2
    ,2,2,2,1),(-2.094395102393,0.,2.094395102393,4.188790204786,
6.28318530718,8.377580409573),.UNSPECIFIED.) CURVE() 
GEOMETRIC_REPRESENTATION_ITEM() RATIONAL_B_SPLINE_CURVE((1.,0.5,1.,0.5,
1.,0.5,1.)) REPRESENTATION_ITEM('') );
#6303 = CARTESIAN_POINT('',(6.8,5.));
#6304 = CARTESIAN_POINT('',(6.8,2.74833395016));
#6305 = CARTESIAN_POINT('',(4.85,3.87416697508));
#6306 = CARTESIAN_POINT('',(2.9,5.));
#6307 = CARTESIAN_POINT('',(4.85,6.12583302492));
#6308 = CARTESIAN_POINT('',(6.8,7.25166604984));
#6309 = CARTESIAN_POINT('',(6.8,5.));
#6310 = ( GEOMETRIC_REPRESENTATION_CONTEXT(2) 
PARAMETRIC_REPRESENTATION_CONTEXT() REPRESENTATION_CONTEXT('2D SPACE',''
  ) );
#6311 = PCURVE('',#6312,#6317);
#6312 = CYLINDRICAL_SURFACE('',#6313,1.3);
#6313 = AXIS2_PLACEMENT_3D('',#6314,#6315,#6316);
#6314 = CARTESIAN_POINT('',(40.0000001,90.,2.2));
#6315 = DIRECTION('',(-0.,-0.,-1.));
#6316 = DIRECTION('',(1.,0.,0.));
#6317 = DEFINITIONAL_REPRESENTATION('',(#6318),#6322);
#6318 = LINE('',#6319,#6320);
#6319 = CARTESIAN_POINT('',(-6.28318530718,-4.2));
#6320 = VECTOR('',#6321,1.);
#6321 = DIRECTION('',(1.,-0.));
#6322 = ( GEOMETRIC_REPRESENTATION_CONTEXT(2) 
PARAMETRIC_REPRESENTATION_CONTEXT() REPRESENTATION_CONTEXT('2D SPACE',''
  ) );
#6323 = ADVANCED_FACE('',(#6324),#6254,.F.);
#6324 = FACE_BOUND('',#6325,.T.);
#6325 = EDGE_LOOP('',(#6326,#6355,#6376,#6377));
#6326 = ORIENTED_EDGE('',*,*,#6327,.F.);
#6327 = EDGE_CURVE('',#6328,#6328,#6330,.T.);
#6328 = VERTEX_POINT('',#6329);
#6329 = CARTESIAN_POINT('',(41.3000001,14.,2.2));
#6330 = SURFACE_CURVE('',#6331,(#6336,#6343),.PCURVE_S1.);
#6331 = CIRCLE('',#6332,1.3);
#6332 = AXIS2_PLACEMENT_3D('',#6333,#6334,#6335);
#6333 = CARTESIAN_POINT('',(40.0000001,14.,2.2));
#6334 = DIRECTION('',(0.,0.,1.));
#6335 = DIRECTION('',(1.,0.,0.));
#6336 = PCURVE('',#6254,#6337);
#6337 = DEFINITIONAL_REPRESENTATION('',(#6338),#6342);
#6338 = LINE('',#6339,#6340);
#6339 = CARTESIAN_POINT('',(-0.,0.));
#6340 = VECTOR('',#6341,1.);
#6341 = DIRECTION('',(-1.,0.));
#6342 = ( GEOMETRIC_REPRESENTATION_CONTEXT(2) 
PARAMETRIC_REPRESENTATION_CONTEXT() REPRESENTATION_CONTEXT('2D SPACE',''
  ) );
#6343 = PCURVE('',#6344,#6349);
#6344 = PLANE('',#6345);
#6345 = AXIS2_PLACEMENT_3D('',#6346,#6347,#6348);
#6346 = CARTESIAN_POINT('',(40.0000001,14.,2.2));
#6347 = DIRECTION('',(0.,0.,1.));
#6348 = DIRECTION('',(1.,0.,-0.));
#6349 = DEFINITIONAL_REPRESENTATION('',(#6350),#6354);
#6350 = CIRCLE('',#6351,1.3);
#6351 = AXIS2_PLACEMENT_2D('',#6352,#6353);
#6352 = CARTESIAN_POINT('',(0.,0.));
#6353 = DIRECTION('',(1.,0.));
#6354 = ( GEOMETRIC_REPRESENTATION_CONTEXT(2) 
PARAMETRIC_REPRESENTATION_CONTEXT() REPRESENTATION_CONTEXT('2D SPACE',''
  ) );
#6355 = ORIENTED_EDGE('',*,*,#6356,.T.);
#6356 = EDGE_CURVE('',#6328,#6234,#6357,.T.);
#6357 = SEAM_CURVE('',#6358,(#6362,#6369),.PCURVE_S1.);
#6358 = LINE('',#6359,#6360);
#6359 = CARTESIAN_POINT('',(41.3000001,14.,2.2));
#6360 = VECTOR('',#6361,1.);
#6361 = DIRECTION('',(0.,0.,1.));
#6362 = PCURVE('',#6254,#6363);
#6363 = DEFINITIONAL_REPRESENTATION('',(#6364),#6368);
#6364 = LINE('',#6365,#6366);
#6365 = CARTESIAN_POINT('',(-6.28318530718,0.));
#6366 = VECTOR('',#6367,1.);
#6367 = DIRECTION('',(-0.,-1.));
#6368 = ( GEOMETRIC_REPRESENTATION_CONTEXT(2) 
PARAMETRIC_REPRESENTATION_CONTEXT() REPRESENTATION_CONTEXT('2D SPACE',''
  ) );
#6369 = PCURVE('',#6254,#6370);
#6370 = DEFINITIONAL_REPRESENTATION('',(#6371),#6375);
#6371 = LINE('',#6372,#6373);
#6372 = CARTESIAN_POINT('',(-0.,0.));
#6373 = VECTOR('',#6374,1.);
#6374 = DIRECTION('',(-0.,-1.));
#6375 = ( GEOMETRIC_REPRESENTATION_CONTEXT(2) 
PARAMETRIC_REPRESENTATION_CONTEXT() REPRESENTATION_CONTEXT('2D SPACE',''
  ) );
#6376 = ORIENTED_EDGE('',*,*,#6233,.F.);
#6377 = ORIENTED_EDGE('',*,*,#6356,.F.);
#6378 = ADVANCED_FACE('',(#6379),#6312,.F.);
#6379 = FACE_BOUND('',#6380,.T.);
#6380 = EDGE_LOOP('',(#6381,#6410,#6431,#6432));
#6381 = ORIENTED_EDGE('',*,*,#6382,.F.);
#6382 = EDGE_CURVE('',#6383,#6383,#6385,.T.);
#6383 = VERTEX_POINT('',#6384);
#6384 = CARTESIAN_POINT('',(41.3000001,90.,2.2));
#6385 = SURFACE_CURVE('',#6386,(#6391,#6398),.PCURVE_S1.);
#6386 = CIRCLE('',#6387,1.3);
#6387 = AXIS2_PLACEMENT_3D('',#6388,#6389,#6390);
#6388 = CARTESIAN_POINT('',(40.0000001,90.,2.2));
#6389 = DIRECTION('',(0.,0.,1.));
#6390 = DIRECTION('',(1.,0.,0.));
#6391 = PCURVE('',#6312,#6392);
#6392 = DEFINITIONAL_REPRESENTATION('',(#6393),#6397);
#6393 = LINE('',#6394,#6395);
#6394 = CARTESIAN_POINT('',(-0.,0.));
#6395 = VECTOR('',#6396,1.);
#6396 = DIRECTION('',(-1.,0.));
#6397 = ( GEOMETRIC_REPRESENTATION_CONTEXT(2) 
PARAMETRIC_REPRESENTATION_CONTEXT() REPRESENTATION_CONTEXT('2D SPACE',''
  ) );
#6398 = PCURVE('',#6399,#6404);
#6399 = PLANE('',#6400);
#6400 = AXIS2_PLACEMENT_3D('',#6401,#6402,#6403);
#6401 = CARTESIAN_POINT('',(40.0000001,90.,2.2));
#6402 = DIRECTION('',(0.,0.,1.));
#6403 = DIRECTION('',(1.,0.,-0.));
#6404 = DEFINITIONAL_REPRESENTATION('',(#6405),#6409);
#6405 = CIRCLE('',#6406,1.3);
#6406 = AXIS2_PLACEMENT_2D('',#6407,#6408);
#6407 = CARTESIAN_POINT('',(0.,0.));
#6408 = DIRECTION('',(1.,0.));
#6409 = ( GEOMETRIC_REPRESENTATION_CONTEXT(2) 
PARAMETRIC_REPRESENTATION_CONTEXT() REPRESENTATION_CONTEXT('2D SPACE',''
  ) );
#6410 = ORIENTED_EDGE('',*,*,#6411,.T.);
#6411 = EDGE_CURVE('',#6383,#6292,#6412,.T.);
#6412 = SEAM_CURVE('',#6413,(#6417,#6424),.PCURVE_S1.);
#6413 = LINE('',#6414,#6415);
#6414 = CARTESIAN_POINT('',(41.3000001,90.,2.2));
#6415 = VECTOR('',#6416,1.);
#6416 = DIRECTION('',(0.,0.,1.));
#6417 = PCURVE('',#6312,#6418);
#6418 = DEFINITIONAL_REPRESENTATION('',(#6419),#6423);
#6419 = LINE('',#6420,#6421);
#6420 = CARTESIAN_POINT('',(-6.28318530718,0.));
#6421 = VECTOR('',#6422,1.);
#6422 = DIRECTION('',(-0.,-1.));
#6423 = ( GEOMETRIC_REPRESENTATION_CONTEXT(2) 
PARAMETRIC_REPRESENTATION_CONTEXT() REPRESENTATION_CONTEXT('2D SPACE',''
  ) );
#6424 = PCURVE('',#6312,#6425);
#6425 = DEFINITIONAL_REPRESENTATION('',(#6426),#6430);
#6426 = LINE('',#6427,#6428);
#6427 = CARTESIAN_POINT('',(-0.,0.));
#6428 = VECTOR('',#6429,1.);
#6429 = DIRECTION('',(-0.,-1.));
#6430 = ( GEOMETRIC_REPRESENTATION_CONTEXT(2) 
PARAMETRIC_REPRESENTATION_CONTEXT() REPRESENTATION_CONTEXT('2D SPACE',''
  ) );
#6431 = ORIENTED_EDGE('',*,*,#6291,.F.);
#6432 = ORIENTED_EDGE('',*,*,#6411,.F.);
#6433 = ADVANCED_FACE('',(#6434),#6344,.T.);
#6434 = FACE_BOUND('',#6435,.T.);
#6435 = EDGE_LOOP('',(#6436));
#6436 = ORIENTED_EDGE('',*,*,#6327,.T.);
#6437 = ADVANCED_FACE('',(#6438),#6399,.T.);
#6438 = FACE_BOUND('',#6439,.T.);
#6439 = EDGE_LOOP('',(#6440));
#6440 = ORIENTED_EDGE('',*,*,#6382,.T.);
#6441 = ( GEOMETRIC_REPRESENTATION_CONTEXT(3) 
GLOBAL_UNCERTAINTY_ASSIGNED_CONTEXT((#6445)) 
GLOBAL_UNIT_ASSIGNED_CONTEXT((#6442,#6443,#6444)) REPRESENTATION_CONTEXT
('Context #1','3D Context with UNIT and UNCERTAINTY') );
#6442 = ( LENGTH_UNIT() NAMED_UNIT(*) SI_UNIT(.MILLI.,.METRE.) );
#6443 = ( NAMED_UNIT(*) PLANE_ANGLE_UNIT() SI_UNIT($,.RADIAN.) );
#6444 = ( NAMED_UNIT(*) SI_UNIT($,.STERADIAN.) SOLID_ANGLE_UNIT() );
#6445 = UNCERTAINTY_MEASURE_WITH_UNIT(LENGTH_MEASURE(1.E-07),#6442,
  'distance_accuracy_value','confusion accuracy');
#6446 = PRODUCT_RELATED_PRODUCT_CATEGORY('part',$,(#7));
ENDSEC;
END-ISO-10303-21;
