ISO-10303-21;
HEADER;
FILE_DESCRIPTION(('Open CASCADE Model'),'2;1');
FILE_NAME('Open CASCADE Shape Model','2026-09-30T09:19:43',('Author'),(
    'Open CASCADE'),'Open CASCADE STEP processor 7.8','Open CASCADE 7.8'
  ,'Unknown');
FILE_SCHEMA(('AUTOMOTIVE_DESIGN { 1 0 10303 214 1 1 1 1 }'));
ENDSEC;
DATA;
#1 = APPLICATION_PROTOCOL_DEFINITION('international standard',
  'automotive_design',2000,#2);
#2 = APPLICATION_CONTEXT(
  'core data for automotive mechanical design processes');
#3 = SHAPE_DEFINITION_REPRESENTATION(#4,#10);
#4 = PRODUCT_DEFINITION_SHAPE('','',#5);
#5 = PRODUCT_DEFINITION('design','',#6,#9);
#6 = PRODUCT_DEFINITION_FORMATION('','',#7);
#7 = PRODUCT('Open CASCADE STEP translator 7.8 12',
  'Open CASCADE STEP translator 7.8 12','',(#8));
#8 = PRODUCT_CONTEXT('',#2,'mechanical');
#9 = PRODUCT_DEFINITION_CONTEXT('part definition',#2,'design');
#10 = ADVANCED_BREP_SHAPE_REPRESENTATION('',(#11,#15),#2775);
#11 = AXIS2_PLACEMENT_3D('',#12,#13,#14);
#12 = CARTESIAN_POINT('',(0.,0.,0.));
#13 = DIRECTION('',(0.,0.,1.));
#14 = DIRECTION('',(1.,0.,-0.));
#15 = MANIFOLD_SOLID_BREP('',#16);
#16 = CLOSED_SHELL('',(#17,#282,#432,#509,#563,#748,#797,#852,#907,#1334
    ,#1361,#1388,#1466,#1493,#1543,#1570,#1597,#1624,#1674,#1803,#1830,
    #1877,#1884,#1911,#2060,#2109,#2158,#2191,#2218,#2245,#2252,#2307,
    #2384,#2498,#2548,#2581,#2635,#2684,#2741,#2768));
#17 = ADVANCED_FACE('',(#18),#33,.T.);
#18 = FACE_BOUND('',#19,.F.);
#19 = EDGE_LOOP('',(#20,#56,#79,#106,#107,#131,#159,#191,#224,#256));
#20 = ORIENTED_EDGE('',*,*,#21,.F.);
#21 = EDGE_CURVE('',#22,#24,#26,.T.);
#22 = VERTEX_POINT('',#23);
#23 = CARTESIAN_POINT('',(73.3,36.65,0.400000000006));
#24 = VERTEX_POINT('',#25);
#25 = CARTESIAN_POINT('',(56.65,67.361927650345,0.400000000006));
#26 = SURFACE_CURVE('',#27,(#32,#44),.PCURVE_S1.);
#27 = CIRCLE('',#28,36.65);
#28 = AXIS2_PLACEMENT_3D('',#29,#30,#31);
#29 = CARTESIAN_POINT('',(36.65,36.65,0.400000000006));
#30 = DIRECTION('',(0.,0.,1.));
#31 = DIRECTION('',(1.,0.,-0.));
#32 = PCURVE('',#33,#38);
#33 = CYLINDRICAL_SURFACE('',#34,36.65);
#34 = AXIS2_PLACEMENT_3D('',#35,#36,#37);
#35 = CARTESIAN_POINT('',(36.65,36.65,5.911715561524E-12));
#36 = DIRECTION('',(-0.,-0.,-1.));
#37 = DIRECTION('',(1.,0.,0.));
#38 = DEFINITIONAL_REPRESENTATION('',(#39),#43);
#39 = LINE('',#40,#41);
#40 = CARTESIAN_POINT('',(-0.,-0.4));
#41 = VECTOR('',#42,1.);
#42 = DIRECTION('',(-1.,0.));
#43 = ( GEOMETRIC_REPRESENTATION_CONTEXT(2) 
PARAMETRIC_REPRESENTATION_CONTEXT() REPRESENTATION_CONTEXT('2D SPACE',''
  ) );
#44 = PCURVE('',#45,#50);
#45 = CONICAL_SURFACE('',#46,36.65,0.785398163397);
#46 = AXIS2_PLACEMENT_3D('',#47,#48,#49);
#47 = CARTESIAN_POINT('',(36.65,36.65,0.400000000006));
#48 = DIRECTION('',(0.,0.,1.));
#49 = DIRECTION('',(1.,0.,-0.));
#50 = DEFINITIONAL_REPRESENTATION('',(#51),#55);
#51 = LINE('',#52,#53);
#52 = CARTESIAN_POINT('',(6.28318530718,-0.));
#53 = VECTOR('',#54,1.);
#54 = DIRECTION('',(1.,-0.));
#55 = ( GEOMETRIC_REPRESENTATION_CONTEXT(2) 
PARAMETRIC_REPRESENTATION_CONTEXT() REPRESENTATION_CONTEXT('2D SPACE',''
  ) );
#56 = ORIENTED_EDGE('',*,*,#57,.T.);
#57 = EDGE_CURVE('',#22,#58,#60,.T.);
#58 = VERTEX_POINT('',#59);
#59 = CARTESIAN_POINT('',(73.3,36.65,6.200000000006));
#60 = SEAM_CURVE('',#61,(#65,#72),.PCURVE_S1.);
#61 = LINE('',#62,#63);
#62 = CARTESIAN_POINT('',(73.3,36.65,5.911715561524E-12));
#63 = VECTOR('',#64,1.);
#64 = DIRECTION('',(0.,0.,1.));
#65 = PCURVE('',#33,#66);
#66 = DEFINITIONAL_REPRESENTATION('',(#67),#71);
#67 = LINE('',#68,#69);
#68 = CARTESIAN_POINT('',(-6.28318530718,0.));
#69 = VECTOR('',#70,1.);
#70 = DIRECTION('',(-0.,-1.));
#71 = ( GEOMETRIC_REPRESENTATION_CONTEXT(2) 
PARAMETRIC_REPRESENTATION_CONTEXT() REPRESENTATION_CONTEXT('2D SPACE',''
  ) );
#72 = PCURVE('',#33,#73);
#73 = DEFINITIONAL_REPRESENTATION('',(#74),#78);
#74 = LINE('',#75,#76);
#75 = CARTESIAN_POINT('',(-0.,0.));
#76 = VECTOR('',#77,1.);
#77 = DIRECTION('',(-0.,-1.));
#78 = ( GEOMETRIC_REPRESENTATION_CONTEXT(2) 
PARAMETRIC_REPRESENTATION_CONTEXT() REPRESENTATION_CONTEXT('2D SPACE',''
  ) );
#79 = ORIENTED_EDGE('',*,*,#80,.T.);
#80 = EDGE_CURVE('',#58,#58,#81,.T.);
#81 = SURFACE_CURVE('',#82,(#87,#94),.PCURVE_S1.);
#82 = CIRCLE('',#83,36.65);
#83 = AXIS2_PLACEMENT_3D('',#84,#85,#86);
#84 = CARTESIAN_POINT('',(36.65,36.65,6.200000000006));
#85 = DIRECTION('',(0.,0.,1.));
#86 = DIRECTION('',(1.,0.,-0.));
#87 = PCURVE('',#33,#88);
#88 = DEFINITIONAL_REPRESENTATION('',(#89),#93);
#89 = LINE('',#90,#91);
#90 = CARTESIAN_POINT('',(-0.,-6.2));
#91 = VECTOR('',#92,1.);
#92 = DIRECTION('',(-1.,0.));
#93 = ( GEOMETRIC_REPRESENTATION_CONTEXT(2) 
PARAMETRIC_REPRESENTATION_CONTEXT() REPRESENTATION_CONTEXT('2D SPACE',''
  ) );
#94 = PCURVE('',#95,#100);
#95 = CONICAL_SURFACE('',#96,36.65,0.785398163397);
#96 = AXIS2_PLACEMENT_3D('',#97,#98,#99);
#97 = CARTESIAN_POINT('',(36.65,36.65,6.200000000006));
#98 = DIRECTION('',(-0.,-0.,-1.));
#99 = DIRECTION('',(1.,0.,0.));
#100 = DEFINITIONAL_REPRESENTATION('',(#101),#105);
#101 = LINE('',#102,#103);
#102 = CARTESIAN_POINT('',(-0.,-0.));
#103 = VECTOR('',#104,1.);
#104 = DIRECTION('',(-1.,-0.));
#105 = ( GEOMETRIC_REPRESENTATION_CONTEXT(2) 
PARAMETRIC_REPRESENTATION_CONTEXT() REPRESENTATION_CONTEXT('2D SPACE',''
  ) );
#106 = ORIENTED_EDGE('',*,*,#57,.F.);
#107 = ORIENTED_EDGE('',*,*,#108,.F.);
#108 = EDGE_CURVE('',#109,#22,#111,.T.);
#109 = VERTEX_POINT('',#110);
#110 = CARTESIAN_POINT('',(40.65,73.081065040704,0.400000000006));
#111 = SURFACE_CURVE('',#112,(#117,#124),.PCURVE_S1.);
#112 = CIRCLE('',#113,36.65);
#113 = AXIS2_PLACEMENT_3D('',#114,#115,#116);
#114 = CARTESIAN_POINT('',(36.65,36.65,0.400000000006));
#115 = DIRECTION('',(0.,0.,1.));
#116 = DIRECTION('',(1.,0.,-0.));
#117 = PCURVE('',#33,#118);
#118 = DEFINITIONAL_REPRESENTATION('',(#119),#123);
#119 = LINE('',#120,#121);
#120 = CARTESIAN_POINT('',(-0.,-0.4));
#121 = VECTOR('',#122,1.);
#122 = DIRECTION('',(-1.,0.));
#123 = ( GEOMETRIC_REPRESENTATION_CONTEXT(2) 
PARAMETRIC_REPRESENTATION_CONTEXT() REPRESENTATION_CONTEXT('2D SPACE',''
  ) );
#124 = PCURVE('',#45,#125);
#125 = DEFINITIONAL_REPRESENTATION('',(#126),#130);
#126 = LINE('',#127,#128);
#127 = CARTESIAN_POINT('',(0.,-0.));
#128 = VECTOR('',#129,1.);
#129 = DIRECTION('',(1.,-0.));
#130 = ( GEOMETRIC_REPRESENTATION_CONTEXT(2) 
PARAMETRIC_REPRESENTATION_CONTEXT() REPRESENTATION_CONTEXT('2D SPACE',''
  ) );
#131 = ORIENTED_EDGE('',*,*,#132,.F.);
#132 = EDGE_CURVE('',#133,#109,#135,.T.);
#133 = VERTEX_POINT('',#134);
#134 = CARTESIAN_POINT('',(40.65,73.081065040704,3.700000000006));
#135 = SURFACE_CURVE('',#136,(#140,#147),.PCURVE_S1.);
#136 = LINE('',#137,#138);
#137 = CARTESIAN_POINT('',(40.65,73.081065040704,5.911715561524E-12));
#138 = VECTOR('',#139,1.);
#139 = DIRECTION('',(-0.,-0.,-1.));
#140 = PCURVE('',#33,#141);
#141 = DEFINITIONAL_REPRESENTATION('',(#142),#146);
#142 = LINE('',#143,#144);
#143 = CARTESIAN_POINT('',(-1.461437964657,0.));
#144 = VECTOR('',#145,1.);
#145 = DIRECTION('',(-0.,1.));
#146 = ( GEOMETRIC_REPRESENTATION_CONTEXT(2) 
PARAMETRIC_REPRESENTATION_CONTEXT() REPRESENTATION_CONTEXT('2D SPACE',''
  ) );
#147 = PCURVE('',#148,#153);
#148 = PLANE('',#149);
#149 = AXIS2_PLACEMENT_3D('',#150,#151,#152);
#150 = CARTESIAN_POINT('',(40.65,60.65,5.911715561524E-12));
#151 = DIRECTION('',(1.,0.,0.));
#152 = DIRECTION('',(0.,0.,1.));
#153 = DEFINITIONAL_REPRESENTATION('',(#154),#158);
#154 = LINE('',#155,#156);
#155 = CARTESIAN_POINT('',(0.,-12.4310650407));
#156 = VECTOR('',#157,1.);
#157 = DIRECTION('',(-1.,0.));
#158 = ( GEOMETRIC_REPRESENTATION_CONTEXT(2) 
PARAMETRIC_REPRESENTATION_CONTEXT() REPRESENTATION_CONTEXT('2D SPACE',''
  ) );
#159 = ORIENTED_EDGE('',*,*,#160,.T.);
#160 = EDGE_CURVE('',#133,#161,#163,.T.);
#161 = VERTEX_POINT('',#162);
#162 = CARTESIAN_POINT('',(40.95,73.046874865845,4.000000000006));
#163 = SURFACE_CURVE('',#164,(#169,#179),.PCURVE_S1.);
#164 = ELLIPSE('',#165,51.830927060974,36.65);
#165 = AXIS2_PLACEMENT_3D('',#166,#167,#168);
#166 = CARTESIAN_POINT('',(36.65,36.65,-0.299999999994));
#167 = DIRECTION('',(0.707106781187,0.,-0.707106781187));
#168 = DIRECTION('',(-0.707106781187,0.,-0.707106781187));
#169 = PCURVE('',#33,#170);
#170 = DEFINITIONAL_REPRESENTATION('',(#171),#178);
#171 = B_SPLINE_CURVE_WITH_KNOTS('',5,(#172,#173,#174,#175,#176,#177),
  .UNSPECIFIED.,.F.,.F.,(6,6),(1.67933125302,1.689217525505),
  .PIECEWISE_BEZIER_KNOTS.);
#172 = CARTESIAN_POINT('',(-1.46226140057,-3.67));
#173 = CARTESIAN_POINT('',(-1.460284146073,-3.742039975328));
#174 = CARTESIAN_POINT('',(-1.458306891576,-3.814060549587));
#175 = CARTESIAN_POINT('',(-1.456329637079,-3.886061136022));
#176 = CARTESIAN_POINT('',(-1.454352382582,-3.958041148191));
#177 = CARTESIAN_POINT('',(-1.452375128085,-4.03));
#178 = ( GEOMETRIC_REPRESENTATION_CONTEXT(2) 
PARAMETRIC_REPRESENTATION_CONTEXT() REPRESENTATION_CONTEXT('2D SPACE',''
  ) );
#179 = PCURVE('',#180,#185);
#180 = PLANE('',#181);
#181 = AXIS2_PLACEMENT_3D('',#182,#183,#184);
#182 = CARTESIAN_POINT('',(40.8,62.65,3.850000000006));
#183 = DIRECTION('',(0.707106781187,0.,-0.707106781187));
#184 = DIRECTION('',(0.,1.,0.));
#185 = DEFINITIONAL_REPRESENTATION('',(#186),#190);
#186 = ELLIPSE('',#187,51.830927060974,36.65);
#187 = AXIS2_PLACEMENT_2D('',#188,#189);
#188 = CARTESIAN_POINT('',(-26.,-5.868986283848));
#189 = DIRECTION('',(0.,-1.));
#190 = ( GEOMETRIC_REPRESENTATION_CONTEXT(2) 
PARAMETRIC_REPRESENTATION_CONTEXT() REPRESENTATION_CONTEXT('2D SPACE',''
  ) );
#191 = ORIENTED_EDGE('',*,*,#192,.T.);
#192 = EDGE_CURVE('',#161,#193,#195,.T.);
#193 = VERTEX_POINT('',#194);
#194 = CARTESIAN_POINT('',(56.35,67.555218006026,4.000000000006));
#195 = SURFACE_CURVE('',#196,(#201,#208),.PCURVE_S1.);
#196 = CIRCLE('',#197,36.65);
#197 = AXIS2_PLACEMENT_3D('',#198,#199,#200);
#198 = CARTESIAN_POINT('',(36.65,36.65,4.000000000006));
#199 = DIRECTION('',(0.,0.,-1.));
#200 = DIRECTION('',(1.,0.,0.));
#201 = PCURVE('',#33,#202);
#202 = DEFINITIONAL_REPRESENTATION('',(#203),#207);
#203 = LINE('',#204,#205);
#204 = CARTESIAN_POINT('',(-6.28318530718,-4.));
#205 = VECTOR('',#206,1.);
#206 = DIRECTION('',(1.,-0.));
#207 = ( GEOMETRIC_REPRESENTATION_CONTEXT(2) 
PARAMETRIC_REPRESENTATION_CONTEXT() REPRESENTATION_CONTEXT('2D SPACE',''
  ) );
#208 = PCURVE('',#209,#214);
#209 = PLANE('',#210);
#210 = AXIS2_PLACEMENT_3D('',#211,#212,#213);
#211 = CARTESIAN_POINT('',(40.65,60.65,4.000000000006));
#212 = DIRECTION('',(0.,0.,1.));
#213 = DIRECTION('',(1.,0.,0.));
#214 = DEFINITIONAL_REPRESENTATION('',(#215),#223);
#215 = ( BOUNDED_CURVE() B_SPLINE_CURVE(2,(#216,#217,#218,#219,#220,#221
,#222),.UNSPECIFIED.,.T.,.F.) B_SPLINE_CURVE_WITH_KNOTS((1,2,2,2,2,1),(
    -2.094395102393,0.,2.094395102393,4.188790204786,6.28318530718,
8.377580409573),.UNSPECIFIED.) CURVE() GEOMETRIC_REPRESENTATION_ITEM() 
RATIONAL_B_SPLINE_CURVE((1.,0.5,1.,0.5,1.,0.5,1.)) REPRESENTATION_ITEM(
  '') );
#216 = CARTESIAN_POINT('',(32.65,-24.));
#217 = CARTESIAN_POINT('',(32.65,-87.47966209739));
#218 = CARTESIAN_POINT('',(-22.325,-55.7398310487));
#219 = CARTESIAN_POINT('',(-77.3,-24.));
#220 = CARTESIAN_POINT('',(-22.325,7.7398310487));
#221 = CARTESIAN_POINT('',(32.65,39.479662097399));
#222 = CARTESIAN_POINT('',(32.65,-24.));
#223 = ( GEOMETRIC_REPRESENTATION_CONTEXT(2) 
PARAMETRIC_REPRESENTATION_CONTEXT() REPRESENTATION_CONTEXT('2D SPACE',''
  ) );
#224 = ORIENTED_EDGE('',*,*,#225,.F.);
#225 = EDGE_CURVE('',#226,#193,#228,.T.);
#226 = VERTEX_POINT('',#227);
#227 = CARTESIAN_POINT('',(56.65,67.361927650345,3.700000000006));
#228 = SURFACE_CURVE('',#229,(#234,#244),.PCURVE_S1.);
#229 = ELLIPSE('',#230,51.830927060974,36.65);
#230 = AXIS2_PLACEMENT_3D('',#231,#232,#233);
#231 = CARTESIAN_POINT('',(36.65,36.65,23.700000000006));
#232 = DIRECTION('',(0.707106781187,0.,0.707106781187));
#233 = DIRECTION('',(0.707106781187,0.,-0.707106781187));
#234 = PCURVE('',#33,#235);
#235 = DEFINITIONAL_REPRESENTATION('',(#236),#243);
#236 = B_SPLINE_CURVE_WITH_KNOTS('',5,(#237,#238,#239,#240,#241,#242),
  .UNSPECIFIED.,.F.,.F.,(6,6),(0.992591874046,1.004276886612),
  .PIECEWISE_BEZIER_KNOTS.);
#237 = CARTESIAN_POINT('',(-0.992591874046,-3.67));
#238 = CARTESIAN_POINT('',(-0.994928876559,-3.741728146733));
#239 = CARTESIAN_POINT('',(-0.997265879073,-3.813593037793));
#240 = CARTESIAN_POINT('',(-0.999602881586,-3.885593857038));
#241 = CARTESIAN_POINT('',(-1.001939884099,-3.95772978521));
#242 = CARTESIAN_POINT('',(-1.004276886612,-4.03));
#243 = ( GEOMETRIC_REPRESENTATION_CONTEXT(2) 
PARAMETRIC_REPRESENTATION_CONTEXT() REPRESENTATION_CONTEXT('2D SPACE',''
  ) );
#244 = PCURVE('',#245,#250);
#245 = PLANE('',#246);
#246 = AXIS2_PLACEMENT_3D('',#247,#248,#249);
#247 = CARTESIAN_POINT('',(56.5,104.65,3.850000000006));
#248 = DIRECTION('',(0.707106781187,0.,0.707106781187));
#249 = DIRECTION('',(-0.,1.,-0.));
#250 = DEFINITIONAL_REPRESENTATION('',(#251),#255);
#251 = ELLIPSE('',#252,51.830927060974,36.65);
#252 = AXIS2_PLACEMENT_2D('',#253,#254);
#253 = CARTESIAN_POINT('',(-68.,28.072139213106));
#254 = DIRECTION('',(-0.,-1.));
#255 = ( GEOMETRIC_REPRESENTATION_CONTEXT(2) 
PARAMETRIC_REPRESENTATION_CONTEXT() REPRESENTATION_CONTEXT('2D SPACE',''
  ) );
#256 = ORIENTED_EDGE('',*,*,#257,.T.);
#257 = EDGE_CURVE('',#226,#24,#258,.T.);
#258 = SURFACE_CURVE('',#259,(#263,#270),.PCURVE_S1.);
#259 = LINE('',#260,#261);
#260 = CARTESIAN_POINT('',(56.65,67.361927650345,5.911715561524E-12));
#261 = VECTOR('',#262,1.);
#262 = DIRECTION('',(-0.,-0.,-1.));
#263 = PCURVE('',#33,#264);
#264 = DEFINITIONAL_REPRESENTATION('',(#265),#269);
#265 = LINE('',#266,#267);
#266 = CARTESIAN_POINT('',(-0.993569004266,0.));
#267 = VECTOR('',#268,1.);
#268 = DIRECTION('',(-0.,1.));
#269 = ( GEOMETRIC_REPRESENTATION_CONTEXT(2) 
PARAMETRIC_REPRESENTATION_CONTEXT() REPRESENTATION_CONTEXT('2D SPACE',''
  ) );
#270 = PCURVE('',#271,#276);
#271 = PLANE('',#272);
#272 = AXIS2_PLACEMENT_3D('',#273,#274,#275);
#273 = CARTESIAN_POINT('',(56.65,60.65,5.911715561524E-12));
#274 = DIRECTION('',(1.,0.,0.));
#275 = DIRECTION('',(0.,0.,1.));
#276 = DEFINITIONAL_REPRESENTATION('',(#277),#281);
#277 = LINE('',#278,#279);
#278 = CARTESIAN_POINT('',(0.,-6.711927650345));
#279 = VECTOR('',#280,1.);
#280 = DIRECTION('',(-1.,0.));
#281 = ( GEOMETRIC_REPRESENTATION_CONTEXT(2) 
PARAMETRIC_REPRESENTATION_CONTEXT() REPRESENTATION_CONTEXT('2D SPACE',''
  ) );
#282 = ADVANCED_FACE('',(#283),#45,.T.);
#283 = FACE_BOUND('',#284,.F.);
#284 = EDGE_LOOP('',(#285,#316,#348,#373,#374,#375,#402));
#285 = ORIENTED_EDGE('',*,*,#286,.F.);
#286 = EDGE_CURVE('',#287,#289,#291,.T.);
#287 = VERTEX_POINT('',#288);
#288 = CARTESIAN_POINT('',(40.950000000001,72.644062010281,
    5.911715561524E-12));
#289 = VERTEX_POINT('',#290);
#290 = CARTESIAN_POINT('',(56.350000000001,67.079796253014,
    5.911715561524E-12));
#291 = SURFACE_CURVE('',#292,(#297,#304),.PCURVE_S1.);
#292 = CIRCLE('',#293,36.25);
#293 = AXIS2_PLACEMENT_3D('',#294,#295,#296);
#294 = CARTESIAN_POINT('',(36.65,36.65,5.911715561524E-12));
#295 = DIRECTION('',(0.,-0.,1.));
#296 = DIRECTION('',(0.118620689655,0.992939641663,0.));
#297 = PCURVE('',#45,#298);
#298 = DEFINITIONAL_REPRESENTATION('',(#299),#303);
#299 = LINE('',#300,#301);
#300 = CARTESIAN_POINT('',(1.451895678144,-0.4));
#301 = VECTOR('',#302,1.);
#302 = DIRECTION('',(1.,-0.));
#303 = ( GEOMETRIC_REPRESENTATION_CONTEXT(2) 
PARAMETRIC_REPRESENTATION_CONTEXT() REPRESENTATION_CONTEXT('2D SPACE',''
  ) );
#304 = PCURVE('',#305,#310);
#305 = PLANE('',#306);
#306 = AXIS2_PLACEMENT_3D('',#307,#308,#309);
#307 = CARTESIAN_POINT('',(36.65,36.65,5.911715561524E-12));
#308 = DIRECTION('',(0.,0.,1.));
#309 = DIRECTION('',(1.,0.,-0.));
#310 = DEFINITIONAL_REPRESENTATION('',(#311),#315);
#311 = CIRCLE('',#312,36.25);
#312 = AXIS2_PLACEMENT_2D('',#313,#314);
#313 = CARTESIAN_POINT('',(0.,0.));
#314 = DIRECTION('',(0.118620689655,0.992939641663));
#315 = ( GEOMETRIC_REPRESENTATION_CONTEXT(2) 
PARAMETRIC_REPRESENTATION_CONTEXT() REPRESENTATION_CONTEXT('2D SPACE',''
  ) );
#316 = ORIENTED_EDGE('',*,*,#317,.T.);
#317 = EDGE_CURVE('',#287,#318,#320,.T.);
#318 = VERTEX_POINT('',#319);
#319 = CARTESIAN_POINT('',(40.65,72.980462424803,0.300000000006));
#320 = SURFACE_CURVE('',#321,(#326,#336),.PCURVE_S1.);
#321 = PARABOLA('',#322,14.336589988557);
#322 = AXIS2_PLACEMENT_3D('',#323,#324,#325);
#323 = CARTESIAN_POINT('',(56.925,36.65,-15.97499999999));
#324 = DIRECTION('',(-0.707106781187,0.,-0.707106781187));
#325 = DIRECTION('',(-0.707106781187,0.,0.707106781187));
#326 = PCURVE('',#45,#327);
#327 = DEFINITIONAL_REPRESENTATION('',(#328),#335);
#328 = B_SPLINE_CURVE_WITH_KNOTS('',5,(#329,#330,#331,#332,#333,#334),
  .UNSPECIFIED.,.F.,.F.,(6,6),(35.994062010282,36.363931305622),
  .PIECEWISE_BEZIER_KNOTS.);
#329 = CARTESIAN_POINT('',(1.451895678144,-0.4));
#330 = CARTESIAN_POINT('',(1.453936336325,-0.33433736941));
#331 = CARTESIAN_POINT('',(1.45597237399,-0.268506054115));
#332 = CARTESIAN_POINT('',(1.458003803209,-0.202506054115));
#333 = CARTESIAN_POINT('',(1.460030636107,-0.13633736941));
#334 = CARTESIAN_POINT('',(1.462052884851,-6.999999999999E-02));
#335 = ( GEOMETRIC_REPRESENTATION_CONTEXT(2) 
PARAMETRIC_REPRESENTATION_CONTEXT() REPRESENTATION_CONTEXT('2D SPACE',''
  ) );
#336 = PCURVE('',#337,#342);
#337 = PLANE('',#338);
#338 = AXIS2_PLACEMENT_3D('',#339,#340,#341);
#339 = CARTESIAN_POINT('',(40.8,62.65,0.150000000006));
#340 = DIRECTION('',(-0.707106781187,0.,-0.707106781187));
#341 = DIRECTION('',(0.,1.,0.));
#342 = DEFINITIONAL_REPRESENTATION('',(#343),#347);
#343 = PARABOLA('',#344,14.336589988557);
#344 = AXIS2_PLACEMENT_2D('',#345,#346);
#345 = CARTESIAN_POINT('',(-26.,22.804193693266));
#346 = DIRECTION('',(0.,-1.));
#347 = ( GEOMETRIC_REPRESENTATION_CONTEXT(2) 
PARAMETRIC_REPRESENTATION_CONTEXT() REPRESENTATION_CONTEXT('2D SPACE',''
  ) );
#348 = ORIENTED_EDGE('',*,*,#349,.F.);
#349 = EDGE_CURVE('',#109,#318,#350,.T.);
#350 = SURFACE_CURVE('',#351,(#356,#366),.PCURVE_S1.);
#351 = HYPERBOLA('',#352,4.,4.);
#352 = AXIS2_PLACEMENT_3D('',#353,#354,#355);
#353 = CARTESIAN_POINT('',(40.65,36.65,-36.24999999999));
#354 = DIRECTION('',(1.,0.,0.));
#355 = DIRECTION('',(0.,-0.,1.));
#356 = PCURVE('',#45,#357);
#357 = DEFINITIONAL_REPRESENTATION('',(#358),#365);
#358 = B_SPLINE_CURVE_WITH_KNOTS('',5,(#359,#360,#361,#362,#363,#364),
  .UNSPECIFIED.,.F.,.F.,(6,6),(-2.905274943911,-2.894234211861),
  .PIECEWISE_BEZIER_KNOTS.);
#359 = CARTESIAN_POINT('',(1.461437964657,-1.42108547152E-14));
#360 = CARTESIAN_POINT('',(1.461196966413,-8.044512548731E-02));
#361 = CARTESIAN_POINT('',(1.460955306943,-0.160666873322));
#362 = CARTESIAN_POINT('',(1.460712983859,-0.240666060677));
#363 = CARTESIAN_POINT('',(1.460469994756,-0.320443500187));
#364 = CARTESIAN_POINT('',(1.460226337221,-0.4));
#365 = ( GEOMETRIC_REPRESENTATION_CONTEXT(2) 
PARAMETRIC_REPRESENTATION_CONTEXT() REPRESENTATION_CONTEXT('2D SPACE',''
  ) );
#366 = PCURVE('',#148,#367);
#367 = DEFINITIONAL_REPRESENTATION('',(#368),#372);
#368 = HYPERBOLA('',#369,4.,4.);
#369 = AXIS2_PLACEMENT_2D('',#370,#371);
#370 = CARTESIAN_POINT('',(-36.25,24.));
#371 = DIRECTION('',(1.,0.));
#372 = ( GEOMETRIC_REPRESENTATION_CONTEXT(2) 
PARAMETRIC_REPRESENTATION_CONTEXT() REPRESENTATION_CONTEXT('2D SPACE',''
  ) );
#373 = ORIENTED_EDGE('',*,*,#108,.T.);
#374 = ORIENTED_EDGE('',*,*,#21,.T.);
#375 = ORIENTED_EDGE('',*,*,#376,.T.);
#376 = EDGE_CURVE('',#24,#377,#379,.T.);
#377 = VERTEX_POINT('',#378);
#378 = CARTESIAN_POINT('',(56.65,67.242523596461,0.300000000006));
#379 = SURFACE_CURVE('',#380,(#385,#395),.PCURVE_S1.);
#380 = HYPERBOLA('',#381,20.,20.);
#381 = AXIS2_PLACEMENT_3D('',#382,#383,#384);
#382 = CARTESIAN_POINT('',(56.65,36.65,-36.24999999999));
#383 = DIRECTION('',(1.,0.,0.));
#384 = DIRECTION('',(0.,-0.,1.));
#385 = PCURVE('',#45,#386);
#386 = DEFINITIONAL_REPRESENTATION('',(#387),#394);
#387 = B_SPLINE_CURVE_WITH_KNOTS('',5,(#388,#389,#390,#391,#392,#393),
  .UNSPECIFIED.,.F.,.F.,(6,6),(-1.214347713108,-1.20122101998),
  .PIECEWISE_BEZIER_KNOTS.);
#388 = CARTESIAN_POINT('',(7.276754311445,3.552713678801E-15));
#389 = CARTESIAN_POINT('',(7.275321657352,-8.062920992626E-02));
#390 = CARTESIAN_POINT('',(7.273885063499,-0.160942661645));
#391 = CARTESIAN_POINT('',(7.272444521566,-0.240941512924));
#392 = CARTESIAN_POINT('',(7.271000023323,-0.320626912465));
#393 = CARTESIAN_POINT('',(7.269551560633,-0.4));
#394 = ( GEOMETRIC_REPRESENTATION_CONTEXT(2) 
PARAMETRIC_REPRESENTATION_CONTEXT() REPRESENTATION_CONTEXT('2D SPACE',''
  ) );
#395 = PCURVE('',#271,#396);
#396 = DEFINITIONAL_REPRESENTATION('',(#397),#401);
#397 = HYPERBOLA('',#398,20.,20.);
#398 = AXIS2_PLACEMENT_2D('',#399,#400);
#399 = CARTESIAN_POINT('',(-36.25,24.));
#400 = DIRECTION('',(1.,0.));
#401 = ( GEOMETRIC_REPRESENTATION_CONTEXT(2) 
PARAMETRIC_REPRESENTATION_CONTEXT() REPRESENTATION_CONTEXT('2D SPACE',''
  ) );
#402 = ORIENTED_EDGE('',*,*,#403,.T.);
#403 = EDGE_CURVE('',#377,#289,#404,.T.);
#404 = SURFACE_CURVE('',#405,(#410,#420),.PCURVE_S1.);
#405 = PARABOLA('',#406,5.851308614319);
#406 = AXIS2_PLACEMENT_3D('',#407,#408,#409);
#407 = CARTESIAN_POINT('',(28.375,36.65,-27.97499999999));
#408 = DIRECTION('',(0.707106781187,-0.,-0.707106781187));
#409 = DIRECTION('',(0.707106781187,-0.,0.707106781187));
#410 = PCURVE('',#45,#411);
#411 = DEFINITIONAL_REPRESENTATION('',(#412),#419);
#412 = B_SPLINE_CURVE_WITH_KNOTS('',5,(#413,#414,#415,#416,#417,#418),
  .UNSPECIFIED.,.F.,.F.,(6,6),(-30.60874874933,-30.42979625301),
  .PIECEWISE_BEZIER_KNOTS.);
#413 = CARTESIAN_POINT('',(7.274527837175,-6.999999999961E-02));
#414 = CARTESIAN_POINT('',(7.275506254323,-0.136193498465));
#415 = CARTESIAN_POINT('',(7.276486884594,-0.202290247697));
#416 = CARTESIAN_POINT('',(7.277469737026,-0.268290247697));
#417 = CARTESIAN_POINT('',(7.278454820718,-0.334193498465));
#418 = CARTESIAN_POINT('',(7.279442144835,-0.4));
#419 = ( GEOMETRIC_REPRESENTATION_CONTEXT(2) 
PARAMETRIC_REPRESENTATION_CONTEXT() REPRESENTATION_CONTEXT('2D SPACE',''
  ) );
#420 = PCURVE('',#421,#426);
#421 = PLANE('',#422);
#422 = AXIS2_PLACEMENT_3D('',#423,#424,#425);
#423 = CARTESIAN_POINT('',(56.5,104.65,0.150000000006));
#424 = DIRECTION('',(-0.707106781187,0.,0.707106781187));
#425 = DIRECTION('',(0.,1.,-0.));
#426 = DEFINITIONAL_REPRESENTATION('',(#427),#431);
#427 = PARABOLA('',#428,5.851308614319);
#428 = AXIS2_PLACEMENT_2D('',#429,#430);
#429 = CARTESIAN_POINT('',(-68.,39.774756441743));
#430 = DIRECTION('',(-0.,-1.));
#431 = ( GEOMETRIC_REPRESENTATION_CONTEXT(2) 
PARAMETRIC_REPRESENTATION_CONTEXT() REPRESENTATION_CONTEXT('2D SPACE',''
  ) );
#432 = ADVANCED_FACE('',(#433),#271,.T.);
#433 = FACE_BOUND('',#434,.T.);
#434 = EDGE_LOOP('',(#435,#436,#459,#487,#508));
#435 = ORIENTED_EDGE('',*,*,#376,.T.);
#436 = ORIENTED_EDGE('',*,*,#437,.F.);
#437 = EDGE_CURVE('',#438,#377,#440,.T.);
#438 = VERTEX_POINT('',#439);
#439 = CARTESIAN_POINT('',(56.65,104.65,0.300000000006));
#440 = SURFACE_CURVE('',#441,(#445,#452),.PCURVE_S1.);
#441 = LINE('',#442,#443);
#442 = CARTESIAN_POINT('',(56.65,104.65,0.300000000006));
#443 = VECTOR('',#444,1.);
#444 = DIRECTION('',(-0.,-1.,-0.));
#445 = PCURVE('',#271,#446);
#446 = DEFINITIONAL_REPRESENTATION('',(#447),#451);
#447 = LINE('',#448,#449);
#448 = CARTESIAN_POINT('',(0.3,-44.));
#449 = VECTOR('',#450,1.);
#450 = DIRECTION('',(0.,1.));
#451 = ( GEOMETRIC_REPRESENTATION_CONTEXT(2) 
PARAMETRIC_REPRESENTATION_CONTEXT() REPRESENTATION_CONTEXT('2D SPACE',''
  ) );
#452 = PCURVE('',#421,#453);
#453 = DEFINITIONAL_REPRESENTATION('',(#454),#458);
#454 = LINE('',#455,#456);
#455 = CARTESIAN_POINT('',(-0.,-0.212132034356));
#456 = VECTOR('',#457,1.);
#457 = DIRECTION('',(-1.,0.));
#458 = ( GEOMETRIC_REPRESENTATION_CONTEXT(2) 
PARAMETRIC_REPRESENTATION_CONTEXT() REPRESENTATION_CONTEXT('2D SPACE',''
  ) );
#459 = ORIENTED_EDGE('',*,*,#460,.T.);
#460 = EDGE_CURVE('',#438,#461,#463,.T.);
#461 = VERTEX_POINT('',#462);
#462 = CARTESIAN_POINT('',(56.65,104.65,3.700000000006));
#463 = SURFACE_CURVE('',#464,(#468,#475),.PCURVE_S1.);
#464 = LINE('',#465,#466);
#465 = CARTESIAN_POINT('',(56.65,104.65,5.911715561524E-12));
#466 = VECTOR('',#467,1.);
#467 = DIRECTION('',(0.,0.,1.));
#468 = PCURVE('',#271,#469);
#469 = DEFINITIONAL_REPRESENTATION('',(#470),#474);
#470 = LINE('',#471,#472);
#471 = CARTESIAN_POINT('',(0.,-44.));
#472 = VECTOR('',#473,1.);
#473 = DIRECTION('',(1.,0.));
#474 = ( GEOMETRIC_REPRESENTATION_CONTEXT(2) 
PARAMETRIC_REPRESENTATION_CONTEXT() REPRESENTATION_CONTEXT('2D SPACE',''
  ) );
#475 = PCURVE('',#476,#481);
#476 = CYLINDRICAL_SURFACE('',#477,2.);
#477 = AXIS2_PLACEMENT_3D('',#478,#479,#480);
#478 = CARTESIAN_POINT('',(54.65,104.65,5.911715561524E-12));
#479 = DIRECTION('',(0.,0.,1.));
#480 = DIRECTION('',(1.,0.,-0.));
#481 = DEFINITIONAL_REPRESENTATION('',(#482),#486);
#482 = LINE('',#483,#484);
#483 = CARTESIAN_POINT('',(0.,0.));
#484 = VECTOR('',#485,1.);
#485 = DIRECTION('',(0.,1.));
#486 = ( GEOMETRIC_REPRESENTATION_CONTEXT(2) 
PARAMETRIC_REPRESENTATION_CONTEXT() REPRESENTATION_CONTEXT('2D SPACE',''
  ) );
#487 = ORIENTED_EDGE('',*,*,#488,.T.);
#488 = EDGE_CURVE('',#461,#226,#489,.T.);
#489 = SURFACE_CURVE('',#490,(#494,#501),.PCURVE_S1.);
#490 = LINE('',#491,#492);
#491 = CARTESIAN_POINT('',(56.65,104.65,3.700000000006));
#492 = VECTOR('',#493,1.);
#493 = DIRECTION('',(-0.,-1.,-0.));
#494 = PCURVE('',#271,#495);
#495 = DEFINITIONAL_REPRESENTATION('',(#496),#500);
#496 = LINE('',#497,#498);
#497 = CARTESIAN_POINT('',(3.7,-44.));
#498 = VECTOR('',#499,1.);
#499 = DIRECTION('',(0.,1.));
#500 = ( GEOMETRIC_REPRESENTATION_CONTEXT(2) 
PARAMETRIC_REPRESENTATION_CONTEXT() REPRESENTATION_CONTEXT('2D SPACE',''
  ) );
#501 = PCURVE('',#245,#502);
#502 = DEFINITIONAL_REPRESENTATION('',(#503),#507);
#503 = LINE('',#504,#505);
#504 = CARTESIAN_POINT('',(-0.,-0.212132034356));
#505 = VECTOR('',#506,1.);
#506 = DIRECTION('',(-1.,0.));
#507 = ( GEOMETRIC_REPRESENTATION_CONTEXT(2) 
PARAMETRIC_REPRESENTATION_CONTEXT() REPRESENTATION_CONTEXT('2D SPACE',''
  ) );
#508 = ORIENTED_EDGE('',*,*,#257,.T.);
#509 = ADVANCED_FACE('',(#510),#245,.T.);
#510 = FACE_BOUND('',#511,.F.);
#511 = EDGE_LOOP('',(#512,#540,#541,#542));
#512 = ORIENTED_EDGE('',*,*,#513,.F.);
#513 = EDGE_CURVE('',#461,#514,#516,.T.);
#514 = VERTEX_POINT('',#515);
#515 = CARTESIAN_POINT('',(56.35,104.65,4.000000000006));
#516 = SURFACE_CURVE('',#517,(#521,#528),.PCURVE_S1.);
#517 = LINE('',#518,#519);
#518 = CARTESIAN_POINT('',(56.65,104.65,3.700000000006));
#519 = VECTOR('',#520,1.);
#520 = DIRECTION('',(-0.707106781187,-4.329780281177E-17,0.707106781187)
  );
#521 = PCURVE('',#245,#522);
#522 = DEFINITIONAL_REPRESENTATION('',(#523),#527);
#523 = LINE('',#524,#525);
#524 = CARTESIAN_POINT('',(-0.,-0.212132034356));
#525 = VECTOR('',#526,1.);
#526 = DIRECTION('',(-4.329780281177E-17,1.));
#527 = ( GEOMETRIC_REPRESENTATION_CONTEXT(2) 
PARAMETRIC_REPRESENTATION_CONTEXT() REPRESENTATION_CONTEXT('2D SPACE',''
  ) );
#528 = PCURVE('',#529,#534);
#529 = CONICAL_SURFACE('',#530,2.,0.785398163397);
#530 = AXIS2_PLACEMENT_3D('',#531,#532,#533);
#531 = CARTESIAN_POINT('',(54.65,104.65,3.700000000006));
#532 = DIRECTION('',(-0.,-0.,-1.));
#533 = DIRECTION('',(0.,1.,-0.));
#534 = DEFINITIONAL_REPRESENTATION('',(#535),#539);
#535 = LINE('',#536,#537);
#536 = CARTESIAN_POINT('',(1.570796326795,-0.));
#537 = VECTOR('',#538,1.);
#538 = DIRECTION('',(0.,-1.));
#539 = ( GEOMETRIC_REPRESENTATION_CONTEXT(2) 
PARAMETRIC_REPRESENTATION_CONTEXT() REPRESENTATION_CONTEXT('2D SPACE',''
  ) );
#540 = ORIENTED_EDGE('',*,*,#488,.T.);
#541 = ORIENTED_EDGE('',*,*,#225,.T.);
#542 = ORIENTED_EDGE('',*,*,#543,.F.);
#543 = EDGE_CURVE('',#514,#193,#544,.T.);
#544 = SURFACE_CURVE('',#545,(#549,#556),.PCURVE_S1.);
#545 = LINE('',#546,#547);
#546 = CARTESIAN_POINT('',(56.35,104.65,4.000000000006));
#547 = VECTOR('',#548,1.);
#548 = DIRECTION('',(-0.,-1.,-0.));
#549 = PCURVE('',#245,#550);
#550 = DEFINITIONAL_REPRESENTATION('',(#551),#555);
#551 = LINE('',#552,#553);
#552 = CARTESIAN_POINT('',(-0.,0.212132034356));
#553 = VECTOR('',#554,1.);
#554 = DIRECTION('',(-1.,0.));
#555 = ( GEOMETRIC_REPRESENTATION_CONTEXT(2) 
PARAMETRIC_REPRESENTATION_CONTEXT() REPRESENTATION_CONTEXT('2D SPACE',''
  ) );
#556 = PCURVE('',#209,#557);
#557 = DEFINITIONAL_REPRESENTATION('',(#558),#562);
#558 = LINE('',#559,#560);
#559 = CARTESIAN_POINT('',(15.7,44.));
#560 = VECTOR('',#561,1.);
#561 = DIRECTION('',(0.,-1.));
#562 = ( GEOMETRIC_REPRESENTATION_CONTEXT(2) 
PARAMETRIC_REPRESENTATION_CONTEXT() REPRESENTATION_CONTEXT('2D SPACE',''
  ) );
#563 = ADVANCED_FACE('',(#564,#678,#713),#209,.T.);
#564 = FACE_BOUND('',#565,.T.);
#565 = EDGE_LOOP('',(#566,#589,#590,#591,#619,#647));
#566 = ORIENTED_EDGE('',*,*,#567,.F.);
#567 = EDGE_CURVE('',#161,#568,#570,.T.);
#568 = VERTEX_POINT('',#569);
#569 = CARTESIAN_POINT('',(40.95,104.65,4.000000000006));
#570 = SURFACE_CURVE('',#571,(#575,#582),.PCURVE_S1.);
#571 = LINE('',#572,#573);
#572 = CARTESIAN_POINT('',(40.95,62.65,4.000000000006));
#573 = VECTOR('',#574,1.);
#574 = DIRECTION('',(0.,1.,0.));
#575 = PCURVE('',#209,#576);
#576 = DEFINITIONAL_REPRESENTATION('',(#577),#581);
#577 = LINE('',#578,#579);
#578 = CARTESIAN_POINT('',(0.3,2.));
#579 = VECTOR('',#580,1.);
#580 = DIRECTION('',(0.,1.));
#581 = ( GEOMETRIC_REPRESENTATION_CONTEXT(2) 
PARAMETRIC_REPRESENTATION_CONTEXT() REPRESENTATION_CONTEXT('2D SPACE',''
  ) );
#582 = PCURVE('',#180,#583);
#583 = DEFINITIONAL_REPRESENTATION('',(#584),#588);
#584 = LINE('',#585,#586);
#585 = CARTESIAN_POINT('',(0.,0.212132034356));
#586 = VECTOR('',#587,1.);
#587 = DIRECTION('',(1.,0.));
#588 = ( GEOMETRIC_REPRESENTATION_CONTEXT(2) 
PARAMETRIC_REPRESENTATION_CONTEXT() REPRESENTATION_CONTEXT('2D SPACE',''
  ) );
#589 = ORIENTED_EDGE('',*,*,#192,.T.);
#590 = ORIENTED_EDGE('',*,*,#543,.F.);
#591 = ORIENTED_EDGE('',*,*,#592,.F.);
#592 = EDGE_CURVE('',#593,#514,#595,.T.);
#593 = VERTEX_POINT('',#594);
#594 = CARTESIAN_POINT('',(54.65,106.35,4.000000000006));
#595 = SURFACE_CURVE('',#596,(#601,#612),.PCURVE_S1.);
#596 = CIRCLE('',#597,1.7);
#597 = AXIS2_PLACEMENT_3D('',#598,#599,#600);
#598 = CARTESIAN_POINT('',(54.65,104.65,4.000000000006));
#599 = DIRECTION('',(0.,-0.,-1.));
#600 = DIRECTION('',(0.,1.,-0.));
#601 = PCURVE('',#209,#602);
#602 = DEFINITIONAL_REPRESENTATION('',(#603),#611);
#603 = ( BOUNDED_CURVE() B_SPLINE_CURVE(2,(#604,#605,#606,#607,#608,#609
,#610),.UNSPECIFIED.,.T.,.F.) B_SPLINE_CURVE_WITH_KNOTS((1,2,2,2,2,1),(
    -2.094395102393,0.,2.094395102393,4.188790204786,6.28318530718,
8.377580409573),.UNSPECIFIED.) CURVE() GEOMETRIC_REPRESENTATION_ITEM() 
RATIONAL_B_SPLINE_CURVE((1.,0.5,1.,0.5,1.,0.5,1.)) REPRESENTATION_ITEM(
  '') );
#604 = CARTESIAN_POINT('',(14.,45.7));
#605 = CARTESIAN_POINT('',(16.944486372867,45.7));
#606 = CARTESIAN_POINT('',(15.472243186434,43.15));
#607 = CARTESIAN_POINT('',(14.,40.6));
#608 = CARTESIAN_POINT('',(12.527756813566,43.15));
#609 = CARTESIAN_POINT('',(11.055513627133,45.7));
#610 = CARTESIAN_POINT('',(14.,45.7));
#611 = ( GEOMETRIC_REPRESENTATION_CONTEXT(2) 
PARAMETRIC_REPRESENTATION_CONTEXT() REPRESENTATION_CONTEXT('2D SPACE',''
  ) );
#612 = PCURVE('',#529,#613);
#613 = DEFINITIONAL_REPRESENTATION('',(#614),#618);
#614 = LINE('',#615,#616);
#615 = CARTESIAN_POINT('',(0.,-0.3));
#616 = VECTOR('',#617,1.);
#617 = DIRECTION('',(1.,-0.));
#618 = ( GEOMETRIC_REPRESENTATION_CONTEXT(2) 
PARAMETRIC_REPRESENTATION_CONTEXT() REPRESENTATION_CONTEXT('2D SPACE',''
  ) );
#619 = ORIENTED_EDGE('',*,*,#620,.F.);
#620 = EDGE_CURVE('',#621,#593,#623,.T.);
#621 = VERTEX_POINT('',#622);
#622 = CARTESIAN_POINT('',(42.65,106.35,4.000000000006));
#623 = SURFACE_CURVE('',#624,(#628,#635),.PCURVE_S1.);
#624 = LINE('',#625,#626);
#625 = CARTESIAN_POINT('',(42.65,106.35,4.000000000006));
#626 = VECTOR('',#627,1.);
#627 = DIRECTION('',(1.,0.,0.));
#628 = PCURVE('',#209,#629);
#629 = DEFINITIONAL_REPRESENTATION('',(#630),#634);
#630 = LINE('',#631,#632);
#631 = CARTESIAN_POINT('',(2.,45.7));
#632 = VECTOR('',#633,1.);
#633 = DIRECTION('',(1.,0.));
#634 = ( GEOMETRIC_REPRESENTATION_CONTEXT(2) 
PARAMETRIC_REPRESENTATION_CONTEXT() REPRESENTATION_CONTEXT('2D SPACE',''
  ) );
#635 = PCURVE('',#636,#641);
#636 = PLANE('',#637);
#637 = AXIS2_PLACEMENT_3D('',#638,#639,#640);
#638 = CARTESIAN_POINT('',(42.65,106.5,3.850000000006));
#639 = DIRECTION('',(3.472568050348E-18,0.707106781187,0.707106781187));
#640 = DIRECTION('',(-1.,2.455476416533E-18,2.455476416532E-18));
#641 = DEFINITIONAL_REPRESENTATION('',(#642),#646);
#642 = LINE('',#643,#644);
#643 = CARTESIAN_POINT('',(-8.714832998352E-33,0.212132034356));
#644 = VECTOR('',#645,1.);
#645 = DIRECTION('',(-1.,0.));
#646 = ( GEOMETRIC_REPRESENTATION_CONTEXT(2) 
PARAMETRIC_REPRESENTATION_CONTEXT() REPRESENTATION_CONTEXT('2D SPACE',''
  ) );
#647 = ORIENTED_EDGE('',*,*,#648,.F.);
#648 = EDGE_CURVE('',#568,#621,#649,.T.);
#649 = SURFACE_CURVE('',#650,(#655,#666),.PCURVE_S1.);
#650 = CIRCLE('',#651,1.7);
#651 = AXIS2_PLACEMENT_3D('',#652,#653,#654);
#652 = CARTESIAN_POINT('',(42.65,104.65,4.000000000006));
#653 = DIRECTION('',(-0.,0.,-1.));
#654 = DIRECTION('',(-1.,0.,0.));
#655 = PCURVE('',#209,#656);
#656 = DEFINITIONAL_REPRESENTATION('',(#657),#665);
#657 = ( BOUNDED_CURVE() B_SPLINE_CURVE(2,(#658,#659,#660,#661,#662,#663
,#664),.UNSPECIFIED.,.T.,.F.) B_SPLINE_CURVE_WITH_KNOTS((1,2,2,2,2,1),(
    -2.094395102393,0.,2.094395102393,4.188790204786,6.28318530718,
8.377580409573),.UNSPECIFIED.) CURVE() GEOMETRIC_REPRESENTATION_ITEM() 
RATIONAL_B_SPLINE_CURVE((1.,0.5,1.,0.5,1.,0.5,1.)) REPRESENTATION_ITEM(
  '') );
#658 = CARTESIAN_POINT('',(0.3,44.));
#659 = CARTESIAN_POINT('',(0.3,46.944486372867));
#660 = CARTESIAN_POINT('',(2.85,45.472243186434));
#661 = CARTESIAN_POINT('',(5.4,44.));
#662 = CARTESIAN_POINT('',(2.85,42.527756813566));
#663 = CARTESIAN_POINT('',(0.3,41.055513627133));
#664 = CARTESIAN_POINT('',(0.3,44.));
#665 = ( GEOMETRIC_REPRESENTATION_CONTEXT(2) 
PARAMETRIC_REPRESENTATION_CONTEXT() REPRESENTATION_CONTEXT('2D SPACE',''
  ) );
#666 = PCURVE('',#667,#672);
#667 = CONICAL_SURFACE('',#668,2.,0.785398163397);
#668 = AXIS2_PLACEMENT_3D('',#669,#670,#671);
#669 = CARTESIAN_POINT('',(42.65,104.65,3.700000000006));
#670 = DIRECTION('',(-0.,-0.,-1.));
#671 = DIRECTION('',(-1.,0.,0.));
#672 = DEFINITIONAL_REPRESENTATION('',(#673),#677);
#673 = LINE('',#674,#675);
#674 = CARTESIAN_POINT('',(0.,-0.3));
#675 = VECTOR('',#676,1.);
#676 = DIRECTION('',(1.,-0.));
#677 = ( GEOMETRIC_REPRESENTATION_CONTEXT(2) 
PARAMETRIC_REPRESENTATION_CONTEXT() REPRESENTATION_CONTEXT('2D SPACE',''
  ) );
#678 = FACE_BOUND('',#679,.T.);
#679 = EDGE_LOOP('',(#680));
#680 = ORIENTED_EDGE('',*,*,#681,.T.);
#681 = EDGE_CURVE('',#682,#682,#684,.T.);
#682 = VERTEX_POINT('',#683);
#683 = CARTESIAN_POINT('',(50.3,80.65,4.000000000006));
#684 = SURFACE_CURVE('',#685,(#690,#701),.PCURVE_S1.);
#685 = CIRCLE('',#686,1.65);
#686 = AXIS2_PLACEMENT_3D('',#687,#688,#689);
#687 = CARTESIAN_POINT('',(48.65,80.65,4.000000000006));
#688 = DIRECTION('',(0.,0.,-1.));
#689 = DIRECTION('',(1.,0.,0.));
#690 = PCURVE('',#209,#691);
#691 = DEFINITIONAL_REPRESENTATION('',(#692),#700);
#692 = ( BOUNDED_CURVE() B_SPLINE_CURVE(2,(#693,#694,#695,#696,#697,#698
,#699),.UNSPECIFIED.,.T.,.F.) B_SPLINE_CURVE_WITH_KNOTS((1,2,2,2,2,1),(
    -2.094395102393,0.,2.094395102393,4.188790204786,6.28318530718,
8.377580409573),.UNSPECIFIED.) CURVE() GEOMETRIC_REPRESENTATION_ITEM() 
RATIONAL_B_SPLINE_CURVE((1.,0.5,1.,0.5,1.,0.5,1.)) REPRESENTATION_ITEM(
  '') );
#693 = CARTESIAN_POINT('',(9.65,20.));
#694 = CARTESIAN_POINT('',(9.65,17.142116167511));
#695 = CARTESIAN_POINT('',(7.175,18.571058083756));
#696 = CARTESIAN_POINT('',(4.7,20.));
#697 = CARTESIAN_POINT('',(7.175,21.428941916244));
#698 = CARTESIAN_POINT('',(9.65,22.857883832489));
#699 = CARTESIAN_POINT('',(9.65,20.));
#700 = ( GEOMETRIC_REPRESENTATION_CONTEXT(2) 
PARAMETRIC_REPRESENTATION_CONTEXT() REPRESENTATION_CONTEXT('2D SPACE',''
  ) );
#701 = PCURVE('',#702,#707);
#702 = CYLINDRICAL_SURFACE('',#703,1.65);
#703 = AXIS2_PLACEMENT_3D('',#704,#705,#706);
#704 = CARTESIAN_POINT('',(48.65,80.65,-0.999999999994));
#705 = DIRECTION('',(-0.,-0.,-1.));
#706 = DIRECTION('',(1.,0.,0.));
#707 = DEFINITIONAL_REPRESENTATION('',(#708),#712);
#708 = LINE('',#709,#710);
#709 = CARTESIAN_POINT('',(-6.28318530718,-5.));
#710 = VECTOR('',#711,1.);
#711 = DIRECTION('',(1.,-0.));
#712 = ( GEOMETRIC_REPRESENTATION_CONTEXT(2) 
PARAMETRIC_REPRESENTATION_CONTEXT() REPRESENTATION_CONTEXT('2D SPACE',''
  ) );
#713 = FACE_BOUND('',#714,.T.);
#714 = EDGE_LOOP('',(#715));
#715 = ORIENTED_EDGE('',*,*,#716,.T.);
#716 = EDGE_CURVE('',#717,#717,#719,.T.);
#717 = VERTEX_POINT('',#718);
#718 = CARTESIAN_POINT('',(50.3,98.65,4.000000000006));
#719 = SURFACE_CURVE('',#720,(#725,#736),.PCURVE_S1.);
#720 = CIRCLE('',#721,1.65);
#721 = AXIS2_PLACEMENT_3D('',#722,#723,#724);
#722 = CARTESIAN_POINT('',(48.65,98.65,4.000000000006));
#723 = DIRECTION('',(0.,0.,-1.));
#724 = DIRECTION('',(1.,0.,0.));
#725 = PCURVE('',#209,#726);
#726 = DEFINITIONAL_REPRESENTATION('',(#727),#735);
#727 = ( BOUNDED_CURVE() B_SPLINE_CURVE(2,(#728,#729,#730,#731,#732,#733
,#734),.UNSPECIFIED.,.T.,.F.) B_SPLINE_CURVE_WITH_KNOTS((1,2,2,2,2,1),(
    -2.094395102393,0.,2.094395102393,4.188790204786,6.28318530718,
8.377580409573),.UNSPECIFIED.) CURVE() GEOMETRIC_REPRESENTATION_ITEM() 
RATIONAL_B_SPLINE_CURVE((1.,0.5,1.,0.5,1.,0.5,1.)) REPRESENTATION_ITEM(
  '') );
#728 = CARTESIAN_POINT('',(9.65,38.));
#729 = CARTESIAN_POINT('',(9.65,35.142116167511));
#730 = CARTESIAN_POINT('',(7.175,36.571058083756));
#731 = CARTESIAN_POINT('',(4.7,38.));
#732 = CARTESIAN_POINT('',(7.175,39.428941916244));
#733 = CARTESIAN_POINT('',(9.65,40.857883832489));
#734 = CARTESIAN_POINT('',(9.65,38.));
#735 = ( GEOMETRIC_REPRESENTATION_CONTEXT(2) 
PARAMETRIC_REPRESENTATION_CONTEXT() REPRESENTATION_CONTEXT('2D SPACE',''
  ) );
#736 = PCURVE('',#737,#742);
#737 = CYLINDRICAL_SURFACE('',#738,1.65);
#738 = AXIS2_PLACEMENT_3D('',#739,#740,#741);
#739 = CARTESIAN_POINT('',(48.65,98.65,-0.999999999994));
#740 = DIRECTION('',(-0.,-0.,-1.));
#741 = DIRECTION('',(1.,0.,0.));
#742 = DEFINITIONAL_REPRESENTATION('',(#743),#747);
#743 = LINE('',#744,#745);
#744 = CARTESIAN_POINT('',(-6.28318530718,-5.));
#745 = VECTOR('',#746,1.);
#746 = DIRECTION('',(1.,-0.));
#747 = ( GEOMETRIC_REPRESENTATION_CONTEXT(2) 
PARAMETRIC_REPRESENTATION_CONTEXT() REPRESENTATION_CONTEXT('2D SPACE',''
  ) );
#748 = ADVANCED_FACE('',(#749),#180,.F.);
#749 = FACE_BOUND('',#750,.F.);
#750 = EDGE_LOOP('',(#751,#752,#775,#796));
#751 = ORIENTED_EDGE('',*,*,#160,.F.);
#752 = ORIENTED_EDGE('',*,*,#753,.T.);
#753 = EDGE_CURVE('',#133,#754,#756,.T.);
#754 = VERTEX_POINT('',#755);
#755 = CARTESIAN_POINT('',(40.65,104.65,3.700000000006));
#756 = SURFACE_CURVE('',#757,(#761,#768),.PCURVE_S1.);
#757 = LINE('',#758,#759);
#758 = CARTESIAN_POINT('',(40.65,62.65,3.700000000006));
#759 = VECTOR('',#760,1.);
#760 = DIRECTION('',(0.,1.,0.));
#761 = PCURVE('',#180,#762);
#762 = DEFINITIONAL_REPRESENTATION('',(#763),#767);
#763 = LINE('',#764,#765);
#764 = CARTESIAN_POINT('',(0.,-0.212132034356));
#765 = VECTOR('',#766,1.);
#766 = DIRECTION('',(1.,0.));
#767 = ( GEOMETRIC_REPRESENTATION_CONTEXT(2) 
PARAMETRIC_REPRESENTATION_CONTEXT() REPRESENTATION_CONTEXT('2D SPACE',''
  ) );
#768 = PCURVE('',#148,#769);
#769 = DEFINITIONAL_REPRESENTATION('',(#770),#774);
#770 = LINE('',#771,#772);
#771 = CARTESIAN_POINT('',(3.7,-2.));
#772 = VECTOR('',#773,1.);
#773 = DIRECTION('',(0.,-1.));
#774 = ( GEOMETRIC_REPRESENTATION_CONTEXT(2) 
PARAMETRIC_REPRESENTATION_CONTEXT() REPRESENTATION_CONTEXT('2D SPACE',''
  ) );
#775 = ORIENTED_EDGE('',*,*,#776,.T.);
#776 = EDGE_CURVE('',#754,#568,#777,.T.);
#777 = SURFACE_CURVE('',#778,(#782,#789),.PCURVE_S1.);
#778 = LINE('',#779,#780);
#779 = CARTESIAN_POINT('',(40.8,104.65,3.850000000006));
#780 = VECTOR('',#781,1.);
#781 = DIRECTION('',(0.707106781187,-0.,0.707106781187));
#782 = PCURVE('',#180,#783);
#783 = DEFINITIONAL_REPRESENTATION('',(#784),#788);
#784 = LINE('',#785,#786);
#785 = CARTESIAN_POINT('',(42.,0.));
#786 = VECTOR('',#787,1.);
#787 = DIRECTION('',(0.,1.));
#788 = ( GEOMETRIC_REPRESENTATION_CONTEXT(2) 
PARAMETRIC_REPRESENTATION_CONTEXT() REPRESENTATION_CONTEXT('2D SPACE',''
  ) );
#789 = PCURVE('',#667,#790);
#790 = DEFINITIONAL_REPRESENTATION('',(#791),#795);
#791 = LINE('',#792,#793);
#792 = CARTESIAN_POINT('',(0.,-0.15));
#793 = VECTOR('',#794,1.);
#794 = DIRECTION('',(0.,-1.));
#795 = ( GEOMETRIC_REPRESENTATION_CONTEXT(2) 
PARAMETRIC_REPRESENTATION_CONTEXT() REPRESENTATION_CONTEXT('2D SPACE',''
  ) );
#796 = ORIENTED_EDGE('',*,*,#567,.F.);
#797 = ADVANCED_FACE('',(#798),#148,.F.);
#798 = FACE_BOUND('',#799,.F.);
#799 = EDGE_LOOP('',(#800,#801,#824,#850,#851));
#800 = ORIENTED_EDGE('',*,*,#349,.T.);
#801 = ORIENTED_EDGE('',*,*,#802,.T.);
#802 = EDGE_CURVE('',#318,#803,#805,.T.);
#803 = VERTEX_POINT('',#804);
#804 = CARTESIAN_POINT('',(40.65,104.65,0.300000000006));
#805 = SURFACE_CURVE('',#806,(#810,#817),.PCURVE_S1.);
#806 = LINE('',#807,#808);
#807 = CARTESIAN_POINT('',(40.65,62.65,0.300000000006));
#808 = VECTOR('',#809,1.);
#809 = DIRECTION('',(0.,1.,0.));
#810 = PCURVE('',#148,#811);
#811 = DEFINITIONAL_REPRESENTATION('',(#812),#816);
#812 = LINE('',#813,#814);
#813 = CARTESIAN_POINT('',(0.3,-2.));
#814 = VECTOR('',#815,1.);
#815 = DIRECTION('',(0.,-1.));
#816 = ( GEOMETRIC_REPRESENTATION_CONTEXT(2) 
PARAMETRIC_REPRESENTATION_CONTEXT() REPRESENTATION_CONTEXT('2D SPACE',''
  ) );
#817 = PCURVE('',#337,#818);
#818 = DEFINITIONAL_REPRESENTATION('',(#819),#823);
#819 = LINE('',#820,#821);
#820 = CARTESIAN_POINT('',(0.,-0.212132034356));
#821 = VECTOR('',#822,1.);
#822 = DIRECTION('',(1.,0.));
#823 = ( GEOMETRIC_REPRESENTATION_CONTEXT(2) 
PARAMETRIC_REPRESENTATION_CONTEXT() REPRESENTATION_CONTEXT('2D SPACE',''
  ) );
#824 = ORIENTED_EDGE('',*,*,#825,.T.);
#825 = EDGE_CURVE('',#803,#754,#826,.T.);
#826 = SURFACE_CURVE('',#827,(#831,#838),.PCURVE_S1.);
#827 = LINE('',#828,#829);
#828 = CARTESIAN_POINT('',(40.65,104.65,5.911715561524E-12));
#829 = VECTOR('',#830,1.);
#830 = DIRECTION('',(0.,0.,1.));
#831 = PCURVE('',#148,#832);
#832 = DEFINITIONAL_REPRESENTATION('',(#833),#837);
#833 = LINE('',#834,#835);
#834 = CARTESIAN_POINT('',(0.,-44.));
#835 = VECTOR('',#836,1.);
#836 = DIRECTION('',(1.,0.));
#837 = ( GEOMETRIC_REPRESENTATION_CONTEXT(2) 
PARAMETRIC_REPRESENTATION_CONTEXT() REPRESENTATION_CONTEXT('2D SPACE',''
  ) );
#838 = PCURVE('',#839,#844);
#839 = CYLINDRICAL_SURFACE('',#840,2.);
#840 = AXIS2_PLACEMENT_3D('',#841,#842,#843);
#841 = CARTESIAN_POINT('',(42.65,104.65,5.911715561524E-12));
#842 = DIRECTION('',(0.,0.,1.));
#843 = DIRECTION('',(-1.,-0.,0.));
#844 = DEFINITIONAL_REPRESENTATION('',(#845),#849);
#845 = LINE('',#846,#847);
#846 = CARTESIAN_POINT('',(-0.,0.));
#847 = VECTOR('',#848,1.);
#848 = DIRECTION('',(-0.,1.));
#849 = ( GEOMETRIC_REPRESENTATION_CONTEXT(2) 
PARAMETRIC_REPRESENTATION_CONTEXT() REPRESENTATION_CONTEXT('2D SPACE',''
  ) );
#850 = ORIENTED_EDGE('',*,*,#753,.F.);
#851 = ORIENTED_EDGE('',*,*,#132,.T.);
#852 = ADVANCED_FACE('',(#853),#95,.T.);
#853 = FACE_BOUND('',#854,.T.);
#854 = EDGE_LOOP('',(#855,#878,#879,#880));
#855 = ORIENTED_EDGE('',*,*,#856,.F.);
#856 = EDGE_CURVE('',#58,#857,#859,.T.);
#857 = VERTEX_POINT('',#858);
#858 = CARTESIAN_POINT('',(73.,36.65,6.500000000006));
#859 = SEAM_CURVE('',#860,(#864,#871),.PCURVE_S1.);
#860 = LINE('',#861,#862);
#861 = CARTESIAN_POINT('',(73.3,36.65,6.200000000006));
#862 = VECTOR('',#863,1.);
#863 = DIRECTION('',(-0.707106781187,0.,0.707106781187));
#864 = PCURVE('',#95,#865);
#865 = DEFINITIONAL_REPRESENTATION('',(#866),#870);
#866 = LINE('',#867,#868);
#867 = CARTESIAN_POINT('',(-0.,-0.));
#868 = VECTOR('',#869,1.);
#869 = DIRECTION('',(-0.,-1.));
#870 = ( GEOMETRIC_REPRESENTATION_CONTEXT(2) 
PARAMETRIC_REPRESENTATION_CONTEXT() REPRESENTATION_CONTEXT('2D SPACE',''
  ) );
#871 = PCURVE('',#95,#872);
#872 = DEFINITIONAL_REPRESENTATION('',(#873),#877);
#873 = LINE('',#874,#875);
#874 = CARTESIAN_POINT('',(-6.28318530718,-0.));
#875 = VECTOR('',#876,1.);
#876 = DIRECTION('',(-0.,-1.));
#877 = ( GEOMETRIC_REPRESENTATION_CONTEXT(2) 
PARAMETRIC_REPRESENTATION_CONTEXT() REPRESENTATION_CONTEXT('2D SPACE',''
  ) );
#878 = ORIENTED_EDGE('',*,*,#80,.T.);
#879 = ORIENTED_EDGE('',*,*,#856,.T.);
#880 = ORIENTED_EDGE('',*,*,#881,.F.);
#881 = EDGE_CURVE('',#857,#857,#882,.T.);
#882 = SURFACE_CURVE('',#883,(#888,#895),.PCURVE_S1.);
#883 = CIRCLE('',#884,36.35);
#884 = AXIS2_PLACEMENT_3D('',#885,#886,#887);
#885 = CARTESIAN_POINT('',(36.65,36.65,6.500000000006));
#886 = DIRECTION('',(0.,0.,1.));
#887 = DIRECTION('',(1.,0.,-0.));
#888 = PCURVE('',#95,#889);
#889 = DEFINITIONAL_REPRESENTATION('',(#890),#894);
#890 = LINE('',#891,#892);
#891 = CARTESIAN_POINT('',(-0.,-0.3));
#892 = VECTOR('',#893,1.);
#893 = DIRECTION('',(-1.,-0.));
#894 = ( GEOMETRIC_REPRESENTATION_CONTEXT(2) 
PARAMETRIC_REPRESENTATION_CONTEXT() REPRESENTATION_CONTEXT('2D SPACE',''
  ) );
#895 = PCURVE('',#896,#901);
#896 = PLANE('',#897);
#897 = AXIS2_PLACEMENT_3D('',#898,#899,#900);
#898 = CARTESIAN_POINT('',(36.65,36.65,6.500000000006));
#899 = DIRECTION('',(0.,0.,1.));
#900 = DIRECTION('',(1.,0.,-0.));
#901 = DEFINITIONAL_REPRESENTATION('',(#902),#906);
#902 = CIRCLE('',#903,36.35);
#903 = AXIS2_PLACEMENT_2D('',#904,#905);
#904 = CARTESIAN_POINT('',(0.,0.));
#905 = DIRECTION('',(1.,0.));
#906 = ( GEOMETRIC_REPRESENTATION_CONTEXT(2) 
PARAMETRIC_REPRESENTATION_CONTEXT() REPRESENTATION_CONTEXT('2D SPACE',''
  ) );
#907 = ADVANCED_FACE('',(#908,#1049,#1084,#1204,#1239,#1274,#1304),#305,
  .F.);
#908 = FACE_BOUND('',#909,.F.);
#909 = EDGE_LOOP('',(#910,#933,#966,#994,#1027,#1048));
#910 = ORIENTED_EDGE('',*,*,#911,.F.);
#911 = EDGE_CURVE('',#912,#289,#914,.T.);
#912 = VERTEX_POINT('',#913);
#913 = CARTESIAN_POINT('',(56.35,104.65,5.911715561524E-12));
#914 = SURFACE_CURVE('',#915,(#919,#926),.PCURVE_S1.);
#915 = LINE('',#916,#917);
#916 = CARTESIAN_POINT('',(56.35,104.65,5.911715561524E-12));
#917 = VECTOR('',#918,1.);
#918 = DIRECTION('',(-0.,-1.,-0.));
#919 = PCURVE('',#305,#920);
#920 = DEFINITIONAL_REPRESENTATION('',(#921),#925);
#921 = LINE('',#922,#923);
#922 = CARTESIAN_POINT('',(19.7,68.));
#923 = VECTOR('',#924,1.);
#924 = DIRECTION('',(0.,-1.));
#925 = ( GEOMETRIC_REPRESENTATION_CONTEXT(2) 
PARAMETRIC_REPRESENTATION_CONTEXT() REPRESENTATION_CONTEXT('2D SPACE',''
  ) );
#926 = PCURVE('',#421,#927);
#927 = DEFINITIONAL_REPRESENTATION('',(#928),#932);
#928 = LINE('',#929,#930);
#929 = CARTESIAN_POINT('',(-0.,0.212132034356));
#930 = VECTOR('',#931,1.);
#931 = DIRECTION('',(-1.,0.));
#932 = ( GEOMETRIC_REPRESENTATION_CONTEXT(2) 
PARAMETRIC_REPRESENTATION_CONTEXT() REPRESENTATION_CONTEXT('2D SPACE',''
  ) );
#933 = ORIENTED_EDGE('',*,*,#934,.F.);
#934 = EDGE_CURVE('',#935,#912,#937,.T.);
#935 = VERTEX_POINT('',#936);
#936 = CARTESIAN_POINT('',(54.65,106.35,5.940137270954E-12));
#937 = SURFACE_CURVE('',#938,(#943,#954),.PCURVE_S1.);
#938 = CIRCLE('',#939,1.7);
#939 = AXIS2_PLACEMENT_3D('',#940,#941,#942);
#940 = CARTESIAN_POINT('',(54.65,104.65,5.911715561524E-12));
#941 = DIRECTION('',(0.,-0.,-1.));
#942 = DIRECTION('',(0.,1.,-0.));
#943 = PCURVE('',#305,#944);
#944 = DEFINITIONAL_REPRESENTATION('',(#945),#953);
#945 = ( BOUNDED_CURVE() B_SPLINE_CURVE(2,(#946,#947,#948,#949,#950,#951
,#952),.UNSPECIFIED.,.T.,.F.) B_SPLINE_CURVE_WITH_KNOTS((1,2,2,2,2,1),(
    -2.094395102393,0.,2.094395102393,4.188790204786,6.28318530718,
8.377580409573),.UNSPECIFIED.) CURVE() GEOMETRIC_REPRESENTATION_ITEM() 
RATIONAL_B_SPLINE_CURVE((1.,0.5,1.,0.5,1.,0.5,1.)) REPRESENTATION_ITEM(
  '') );
#946 = CARTESIAN_POINT('',(18.,69.7));
#947 = CARTESIAN_POINT('',(20.944486372867,69.7));
#948 = CARTESIAN_POINT('',(19.472243186434,67.15));
#949 = CARTESIAN_POINT('',(18.,64.6));
#950 = CARTESIAN_POINT('',(16.527756813566,67.15));
#951 = CARTESIAN_POINT('',(15.055513627133,69.7));
#952 = CARTESIAN_POINT('',(18.,69.7));
#953 = ( GEOMETRIC_REPRESENTATION_CONTEXT(2) 
PARAMETRIC_REPRESENTATION_CONTEXT() REPRESENTATION_CONTEXT('2D SPACE',''
  ) );
#954 = PCURVE('',#955,#960);
#955 = CONICAL_SURFACE('',#956,2.,0.785398163397);
#956 = AXIS2_PLACEMENT_3D('',#957,#958,#959);
#957 = CARTESIAN_POINT('',(54.65,104.65,0.300000000006));
#958 = DIRECTION('',(0.,0.,1.));
#959 = DIRECTION('',(0.,1.,0.));
#960 = DEFINITIONAL_REPRESENTATION('',(#961),#965);
#961 = LINE('',#962,#963);
#962 = CARTESIAN_POINT('',(-0.,-0.3));
#963 = VECTOR('',#964,1.);
#964 = DIRECTION('',(-1.,-0.));
#965 = ( GEOMETRIC_REPRESENTATION_CONTEXT(2) 
PARAMETRIC_REPRESENTATION_CONTEXT() REPRESENTATION_CONTEXT('2D SPACE',''
  ) );
#966 = ORIENTED_EDGE('',*,*,#967,.F.);
#967 = EDGE_CURVE('',#968,#935,#970,.T.);
#968 = VERTEX_POINT('',#969);
#969 = CARTESIAN_POINT('',(42.65,106.35,5.911715561524E-12));
#970 = SURFACE_CURVE('',#971,(#975,#982),.PCURVE_S1.);
#971 = LINE('',#972,#973);
#972 = CARTESIAN_POINT('',(42.65,106.35,5.911715561524E-12));
#973 = VECTOR('',#974,1.);
#974 = DIRECTION('',(1.,0.,0.));
#975 = PCURVE('',#305,#976);
#976 = DEFINITIONAL_REPRESENTATION('',(#977),#981);
#977 = LINE('',#978,#979);
#978 = CARTESIAN_POINT('',(6.,69.7));
#979 = VECTOR('',#980,1.);
#980 = DIRECTION('',(1.,0.));
#981 = ( GEOMETRIC_REPRESENTATION_CONTEXT(2) 
PARAMETRIC_REPRESENTATION_CONTEXT() REPRESENTATION_CONTEXT('2D SPACE',''
  ) );
#982 = PCURVE('',#983,#988);
#983 = PLANE('',#984);
#984 = AXIS2_PLACEMENT_3D('',#985,#986,#987);
#985 = CARTESIAN_POINT('',(42.65,106.5,0.150000000006));
#986 = DIRECTION('',(-3.472568050348E-18,-0.707106781187,0.707106781187)
  );
#987 = DIRECTION('',(-1.,2.455476416533E-18,-2.455476416532E-18));
#988 = DEFINITIONAL_REPRESENTATION('',(#989),#993);
#989 = LINE('',#990,#991);
#990 = CARTESIAN_POINT('',(-8.714832998352E-33,0.212132034356));
#991 = VECTOR('',#992,1.);
#992 = DIRECTION('',(-1.,0.));
#993 = ( GEOMETRIC_REPRESENTATION_CONTEXT(2) 
PARAMETRIC_REPRESENTATION_CONTEXT() REPRESENTATION_CONTEXT('2D SPACE',''
  ) );
#994 = ORIENTED_EDGE('',*,*,#995,.F.);
#995 = EDGE_CURVE('',#996,#968,#998,.T.);
#996 = VERTEX_POINT('',#997);
#997 = CARTESIAN_POINT('',(40.95,104.65,5.911715561524E-12));
#998 = SURFACE_CURVE('',#999,(#1004,#1015),.PCURVE_S1.);
#999 = CIRCLE('',#1000,1.7);
#1000 = AXIS2_PLACEMENT_3D('',#1001,#1002,#1003);
#1001 = CARTESIAN_POINT('',(42.65,104.65,5.911715561524E-12));
#1002 = DIRECTION('',(-0.,0.,-1.));
#1003 = DIRECTION('',(-1.,0.,0.));
#1004 = PCURVE('',#305,#1005);
#1005 = DEFINITIONAL_REPRESENTATION('',(#1006),#1014);
#1006 = ( BOUNDED_CURVE() B_SPLINE_CURVE(2,(#1007,#1008,#1009,#1010,
#1011,#1012,#1013),.UNSPECIFIED.,.T.,.F.) B_SPLINE_CURVE_WITH_KNOTS((1,2
    ,2,2,2,1),(-2.094395102393,0.,2.094395102393,4.188790204786,
6.28318530718,8.377580409573),.UNSPECIFIED.) CURVE() 
GEOMETRIC_REPRESENTATION_ITEM() RATIONAL_B_SPLINE_CURVE((1.,0.5,1.,0.5,
1.,0.5,1.)) REPRESENTATION_ITEM('') );
#1007 = CARTESIAN_POINT('',(4.3,68.));
#1008 = CARTESIAN_POINT('',(4.3,70.944486372867));
#1009 = CARTESIAN_POINT('',(6.85,69.472243186434));
#1010 = CARTESIAN_POINT('',(9.4,68.));
#1011 = CARTESIAN_POINT('',(6.85,66.527756813566));
#1012 = CARTESIAN_POINT('',(4.3,65.055513627133));
#1013 = CARTESIAN_POINT('',(4.3,68.));
#1014 = ( GEOMETRIC_REPRESENTATION_CONTEXT(2) 
PARAMETRIC_REPRESENTATION_CONTEXT() REPRESENTATION_CONTEXT('2D SPACE',''
  ) );
#1015 = PCURVE('',#1016,#1021);
#1016 = CONICAL_SURFACE('',#1017,2.,0.785398163397);
#1017 = AXIS2_PLACEMENT_3D('',#1018,#1019,#1020);
#1018 = CARTESIAN_POINT('',(42.65,104.65,0.300000000006));
#1019 = DIRECTION('',(0.,0.,1.));
#1020 = DIRECTION('',(-1.,0.,0.));
#1021 = DEFINITIONAL_REPRESENTATION('',(#1022),#1026);
#1022 = LINE('',#1023,#1024);
#1023 = CARTESIAN_POINT('',(-0.,-0.3));
#1024 = VECTOR('',#1025,1.);
#1025 = DIRECTION('',(-1.,-0.));
#1026 = ( GEOMETRIC_REPRESENTATION_CONTEXT(2) 
PARAMETRIC_REPRESENTATION_CONTEXT() REPRESENTATION_CONTEXT('2D SPACE',''
  ) );
#1027 = ORIENTED_EDGE('',*,*,#1028,.F.);
#1028 = EDGE_CURVE('',#287,#996,#1029,.T.);
#1029 = SURFACE_CURVE('',#1030,(#1034,#1041),.PCURVE_S1.);
#1030 = LINE('',#1031,#1032);
#1031 = CARTESIAN_POINT('',(40.95,62.65,5.911715561524E-12));
#1032 = VECTOR('',#1033,1.);
#1033 = DIRECTION('',(0.,1.,0.));
#1034 = PCURVE('',#305,#1035);
#1035 = DEFINITIONAL_REPRESENTATION('',(#1036),#1040);
#1036 = LINE('',#1037,#1038);
#1037 = CARTESIAN_POINT('',(4.3,26.));
#1038 = VECTOR('',#1039,1.);
#1039 = DIRECTION('',(0.,1.));
#1040 = ( GEOMETRIC_REPRESENTATION_CONTEXT(2) 
PARAMETRIC_REPRESENTATION_CONTEXT() REPRESENTATION_CONTEXT('2D SPACE',''
  ) );
#1041 = PCURVE('',#337,#1042);
#1042 = DEFINITIONAL_REPRESENTATION('',(#1043),#1047);
#1043 = LINE('',#1044,#1045);
#1044 = CARTESIAN_POINT('',(0.,0.212132034356));
#1045 = VECTOR('',#1046,1.);
#1046 = DIRECTION('',(1.,0.));
#1047 = ( GEOMETRIC_REPRESENTATION_CONTEXT(2) 
PARAMETRIC_REPRESENTATION_CONTEXT() REPRESENTATION_CONTEXT('2D SPACE',''
  ) );
#1048 = ORIENTED_EDGE('',*,*,#286,.T.);
#1049 = FACE_BOUND('',#1050,.F.);
#1050 = EDGE_LOOP('',(#1051));
#1051 = ORIENTED_EDGE('',*,*,#1052,.T.);
#1052 = EDGE_CURVE('',#1053,#1053,#1055,.T.);
#1053 = VERTEX_POINT('',#1054);
#1054 = CARTESIAN_POINT('',(21.375,7.941257864546,5.911715561524E-12));
#1055 = SURFACE_CURVE('',#1056,(#1061,#1072),.PCURVE_S1.);
#1056 = CIRCLE('',#1057,1.3);
#1057 = AXIS2_PLACEMENT_3D('',#1058,#1059,#1060);
#1058 = CARTESIAN_POINT('',(20.075,7.941257864546,5.911715561524E-12));
#1059 = DIRECTION('',(0.,0.,-1.));
#1060 = DIRECTION('',(1.,0.,0.));
#1061 = PCURVE('',#305,#1062);
#1062 = DEFINITIONAL_REPRESENTATION('',(#1063),#1071);
#1063 = ( BOUNDED_CURVE() B_SPLINE_CURVE(2,(#1064,#1065,#1066,#1067,
#1068,#1069,#1070),.UNSPECIFIED.,.T.,.F.) B_SPLINE_CURVE_WITH_KNOTS((1,2
    ,2,2,2,1),(-2.094395102393,0.,2.094395102393,4.188790204786,
6.28318530718,8.377580409573),.UNSPECIFIED.) CURVE() 
GEOMETRIC_REPRESENTATION_ITEM() RATIONAL_B_SPLINE_CURVE((1.,0.5,1.,0.5,
1.,0.5,1.)) REPRESENTATION_ITEM('') );
#1064 = CARTESIAN_POINT('',(-15.275,-28.70874213545));
#1065 = CARTESIAN_POINT('',(-15.275,-30.96040818529));
#1066 = CARTESIAN_POINT('',(-17.225,-29.83457516037));
#1067 = CARTESIAN_POINT('',(-19.175,-28.70874213545));
#1068 = CARTESIAN_POINT('',(-17.225,-27.58290911053));
#1069 = CARTESIAN_POINT('',(-15.275,-26.45707608561));
#1070 = CARTESIAN_POINT('',(-15.275,-28.70874213545));
#1071 = ( GEOMETRIC_REPRESENTATION_CONTEXT(2) 
PARAMETRIC_REPRESENTATION_CONTEXT() REPRESENTATION_CONTEXT('2D SPACE',''
  ) );
#1072 = PCURVE('',#1073,#1078);
#1073 = CYLINDRICAL_SURFACE('',#1074,1.3);
#1074 = AXIS2_PLACEMENT_3D('',#1075,#1076,#1077);
#1075 = CARTESIAN_POINT('',(20.075,7.941257864546,-9.999999999408E-02));
#1076 = DIRECTION('',(-0.,-0.,-1.));
#1077 = DIRECTION('',(1.,0.,0.));
#1078 = DEFINITIONAL_REPRESENTATION('',(#1079),#1083);
#1079 = LINE('',#1080,#1081);
#1080 = CARTESIAN_POINT('',(-6.28318530718,-9.999999999999E-02));
#1081 = VECTOR('',#1082,1.);
#1082 = DIRECTION('',(1.,-0.));
#1083 = ( GEOMETRIC_REPRESENTATION_CONTEXT(2) 
PARAMETRIC_REPRESENTATION_CONTEXT() REPRESENTATION_CONTEXT('2D SPACE',''
  ) );
#1084 = FACE_BOUND('',#1085,.F.);
#1085 = EDGE_LOOP('',(#1086,#1117,#1145,#1178));
#1086 = ORIENTED_EDGE('',*,*,#1087,.F.);
#1087 = EDGE_CURVE('',#1088,#1090,#1092,.T.);
#1088 = VERTEX_POINT('',#1089);
#1089 = CARTESIAN_POINT('',(40.95,64.368450533895,5.911715561524E-12));
#1090 = VERTEX_POINT('',#1091);
#1091 = CARTESIAN_POINT('',(50.661156269201,60.95,5.911715561524E-12));
#1092 = SURFACE_CURVE('',#1093,(#1098,#1105),.PCURVE_S1.);
#1093 = CIRCLE('',#1094,28.05);
#1094 = AXIS2_PLACEMENT_3D('',#1095,#1096,#1097);
#1095 = CARTESIAN_POINT('',(36.65,36.65,5.911715561524E-12));
#1096 = DIRECTION('',(0.,-0.,1.));
#1097 = DIRECTION('',(0.153297682709,0.988180054684,0.));
#1098 = PCURVE('',#305,#1099);
#1099 = DEFINITIONAL_REPRESENTATION('',(#1100),#1104);
#1100 = CIRCLE('',#1101,28.05);
#1101 = AXIS2_PLACEMENT_2D('',#1102,#1103);
#1102 = CARTESIAN_POINT('',(0.,0.));
#1103 = DIRECTION('',(0.153297682709,0.988180054684));
#1104 = ( GEOMETRIC_REPRESENTATION_CONTEXT(2) 
PARAMETRIC_REPRESENTATION_CONTEXT() REPRESENTATION_CONTEXT('2D SPACE',''
  ) );
#1105 = PCURVE('',#1106,#1111);
#1106 = CONICAL_SURFACE('',#1107,27.65,0.785398163397);
#1107 = AXIS2_PLACEMENT_3D('',#1108,#1109,#1110);
#1108 = CARTESIAN_POINT('',(36.65,36.65,0.400000000006));
#1109 = DIRECTION('',(-0.,-0.,-1.));
#1110 = DIRECTION('',(1.,0.,0.));
#1111 = DEFINITIONAL_REPRESENTATION('',(#1112),#1116);
#1112 = LINE('',#1113,#1114);
#1113 = CARTESIAN_POINT('',(11.149478830543,0.4));
#1114 = VECTOR('',#1115,1.);
#1115 = DIRECTION('',(-1.,-0.));
#1116 = ( GEOMETRIC_REPRESENTATION_CONTEXT(2) 
PARAMETRIC_REPRESENTATION_CONTEXT() REPRESENTATION_CONTEXT('2D SPACE',''
  ) );
#1117 = ORIENTED_EDGE('',*,*,#1118,.F.);
#1118 = EDGE_CURVE('',#1119,#1088,#1121,.T.);
#1119 = VERTEX_POINT('',#1120);
#1120 = CARTESIAN_POINT('',(40.95,62.65,5.911715561524E-12));
#1121 = SURFACE_CURVE('',#1122,(#1126,#1133),.PCURVE_S1.);
#1122 = LINE('',#1123,#1124);
#1123 = CARTESIAN_POINT('',(40.95,62.65,5.911715561524E-12));
#1124 = VECTOR('',#1125,1.);
#1125 = DIRECTION('',(0.,1.,0.));
#1126 = PCURVE('',#305,#1127);
#1127 = DEFINITIONAL_REPRESENTATION('',(#1128),#1132);
#1128 = LINE('',#1129,#1130);
#1129 = CARTESIAN_POINT('',(4.3,26.));
#1130 = VECTOR('',#1131,1.);
#1131 = DIRECTION('',(0.,1.));
#1132 = ( GEOMETRIC_REPRESENTATION_CONTEXT(2) 
PARAMETRIC_REPRESENTATION_CONTEXT() REPRESENTATION_CONTEXT('2D SPACE',''
  ) );
#1133 = PCURVE('',#1134,#1139);
#1134 = PLANE('',#1135);
#1135 = AXIS2_PLACEMENT_3D('',#1136,#1137,#1138);
#1136 = CARTESIAN_POINT('',(40.8,62.65,0.150000000006));
#1137 = DIRECTION('',(-0.707106781187,0.,-0.707106781187));
#1138 = DIRECTION('',(0.,1.,0.));
#1139 = DEFINITIONAL_REPRESENTATION('',(#1140),#1144);
#1140 = LINE('',#1141,#1142);
#1141 = CARTESIAN_POINT('',(0.,0.212132034356));
#1142 = VECTOR('',#1143,1.);
#1143 = DIRECTION('',(1.,0.));
#1144 = ( GEOMETRIC_REPRESENTATION_CONTEXT(2) 
PARAMETRIC_REPRESENTATION_CONTEXT() REPRESENTATION_CONTEXT('2D SPACE',''
  ) );
#1145 = ORIENTED_EDGE('',*,*,#1146,.F.);
#1146 = EDGE_CURVE('',#1147,#1119,#1149,.T.);
#1147 = VERTEX_POINT('',#1148);
#1148 = CARTESIAN_POINT('',(42.65,60.95,5.911715561524E-12));
#1149 = SURFACE_CURVE('',#1150,(#1155,#1166),.PCURVE_S1.);
#1150 = CIRCLE('',#1151,1.7);
#1151 = AXIS2_PLACEMENT_3D('',#1152,#1153,#1154);
#1152 = CARTESIAN_POINT('',(42.65,62.65,5.911715561524E-12));
#1153 = DIRECTION('',(-0.,-0.,-1.));
#1154 = DIRECTION('',(0.,-1.,0.));
#1155 = PCURVE('',#305,#1156);
#1156 = DEFINITIONAL_REPRESENTATION('',(#1157),#1165);
#1157 = ( BOUNDED_CURVE() B_SPLINE_CURVE(2,(#1158,#1159,#1160,#1161,
#1162,#1163,#1164),.UNSPECIFIED.,.T.,.F.) B_SPLINE_CURVE_WITH_KNOTS((1,2
    ,2,2,2,1),(-2.094395102393,0.,2.094395102393,4.188790204786,
6.28318530718,8.377580409573),.UNSPECIFIED.) CURVE() 
GEOMETRIC_REPRESENTATION_ITEM() RATIONAL_B_SPLINE_CURVE((1.,0.5,1.,0.5,
1.,0.5,1.)) REPRESENTATION_ITEM('') );
#1158 = CARTESIAN_POINT('',(6.,24.3));
#1159 = CARTESIAN_POINT('',(3.055513627133,24.3));
#1160 = CARTESIAN_POINT('',(4.527756813566,26.85));
#1161 = CARTESIAN_POINT('',(6.,29.4));
#1162 = CARTESIAN_POINT('',(7.472243186434,26.85));
#1163 = CARTESIAN_POINT('',(8.944486372867,24.3));
#1164 = CARTESIAN_POINT('',(6.,24.3));
#1165 = ( GEOMETRIC_REPRESENTATION_CONTEXT(2) 
PARAMETRIC_REPRESENTATION_CONTEXT() REPRESENTATION_CONTEXT('2D SPACE',''
  ) );
#1166 = PCURVE('',#1167,#1172);
#1167 = CONICAL_SURFACE('',#1168,2.,0.785398163397);
#1168 = AXIS2_PLACEMENT_3D('',#1169,#1170,#1171);
#1169 = CARTESIAN_POINT('',(42.65,62.65,0.300000000006));
#1170 = DIRECTION('',(0.,0.,1.));
#1171 = DIRECTION('',(0.,-1.,0.));
#1172 = DEFINITIONAL_REPRESENTATION('',(#1173),#1177);
#1173 = LINE('',#1174,#1175);
#1174 = CARTESIAN_POINT('',(-0.,-0.3));
#1175 = VECTOR('',#1176,1.);
#1176 = DIRECTION('',(-1.,-0.));
#1177 = ( GEOMETRIC_REPRESENTATION_CONTEXT(2) 
PARAMETRIC_REPRESENTATION_CONTEXT() REPRESENTATION_CONTEXT('2D SPACE',''
  ) );
#1178 = ORIENTED_EDGE('',*,*,#1179,.F.);
#1179 = EDGE_CURVE('',#1090,#1147,#1180,.T.);
#1180 = SURFACE_CURVE('',#1181,(#1185,#1192),.PCURVE_S1.);
#1181 = LINE('',#1182,#1183);
#1182 = CARTESIAN_POINT('',(54.65,60.95,5.911715561524E-12));
#1183 = VECTOR('',#1184,1.);
#1184 = DIRECTION('',(-1.,-0.,-0.));
#1185 = PCURVE('',#305,#1186);
#1186 = DEFINITIONAL_REPRESENTATION('',(#1187),#1191);
#1187 = LINE('',#1188,#1189);
#1188 = CARTESIAN_POINT('',(18.,24.3));
#1189 = VECTOR('',#1190,1.);
#1190 = DIRECTION('',(-1.,0.));
#1191 = ( GEOMETRIC_REPRESENTATION_CONTEXT(2) 
PARAMETRIC_REPRESENTATION_CONTEXT() REPRESENTATION_CONTEXT('2D SPACE',''
  ) );
#1192 = PCURVE('',#1193,#1198);
#1193 = PLANE('',#1194);
#1194 = AXIS2_PLACEMENT_3D('',#1195,#1196,#1197);
#1195 = CARTESIAN_POINT('',(54.65,60.8,0.150000000006));
#1196 = DIRECTION('',(0.,-0.707106781187,-0.707106781187));
#1197 = DIRECTION('',(-1.,-0.,0.));
#1198 = DEFINITIONAL_REPRESENTATION('',(#1199),#1203);
#1199 = LINE('',#1200,#1201);
#1200 = CARTESIAN_POINT('',(-0.,0.212132034356));
#1201 = VECTOR('',#1202,1.);
#1202 = DIRECTION('',(1.,0.));
#1203 = ( GEOMETRIC_REPRESENTATION_CONTEXT(2) 
PARAMETRIC_REPRESENTATION_CONTEXT() REPRESENTATION_CONTEXT('2D SPACE',''
  ) );
#1204 = FACE_BOUND('',#1205,.F.);
#1205 = EDGE_LOOP('',(#1206));
#1206 = ORIENTED_EDGE('',*,*,#1207,.T.);
#1207 = EDGE_CURVE('',#1208,#1208,#1210,.T.);
#1208 = VERTEX_POINT('',#1209);
#1209 = CARTESIAN_POINT('',(71.1,36.65,5.911715561524E-12));
#1210 = SURFACE_CURVE('',#1211,(#1216,#1227),.PCURVE_S1.);
#1211 = CIRCLE('',#1212,1.3);
#1212 = AXIS2_PLACEMENT_3D('',#1213,#1214,#1215);
#1213 = CARTESIAN_POINT('',(69.8,36.65,5.911715561524E-12));
#1214 = DIRECTION('',(0.,0.,-1.));
#1215 = DIRECTION('',(1.,0.,0.));
#1216 = PCURVE('',#305,#1217);
#1217 = DEFINITIONAL_REPRESENTATION('',(#1218),#1226);
#1218 = ( BOUNDED_CURVE() B_SPLINE_CURVE(2,(#1219,#1220,#1221,#1222,
#1223,#1224,#1225),.UNSPECIFIED.,.T.,.F.) B_SPLINE_CURVE_WITH_KNOTS((1,2
    ,2,2,2,1),(-2.094395102393,0.,2.094395102393,4.188790204786,
6.28318530718,8.377580409573),.UNSPECIFIED.) CURVE() 
GEOMETRIC_REPRESENTATION_ITEM() RATIONAL_B_SPLINE_CURVE((1.,0.5,1.,0.5,
1.,0.5,1.)) REPRESENTATION_ITEM('') );
#1219 = CARTESIAN_POINT('',(34.45,0.));
#1220 = CARTESIAN_POINT('',(34.45,-2.25166604984));
#1221 = CARTESIAN_POINT('',(32.5,-1.12583302492));
#1222 = CARTESIAN_POINT('',(30.55,-3.184081677783E-16));
#1223 = CARTESIAN_POINT('',(32.5,1.12583302492));
#1224 = CARTESIAN_POINT('',(34.45,2.25166604984));
#1225 = CARTESIAN_POINT('',(34.45,0.));
#1226 = ( GEOMETRIC_REPRESENTATION_CONTEXT(2) 
PARAMETRIC_REPRESENTATION_CONTEXT() REPRESENTATION_CONTEXT('2D SPACE',''
  ) );
#1227 = PCURVE('',#1228,#1233);
#1228 = CYLINDRICAL_SURFACE('',#1229,1.3);
#1229 = AXIS2_PLACEMENT_3D('',#1230,#1231,#1232);
#1230 = CARTESIAN_POINT('',(69.8,36.65,-9.999999999408E-02));
#1231 = DIRECTION('',(-0.,-0.,-1.));
#1232 = DIRECTION('',(1.,0.,0.));
#1233 = DEFINITIONAL_REPRESENTATION('',(#1234),#1238);
#1234 = LINE('',#1235,#1236);
#1235 = CARTESIAN_POINT('',(-6.28318530718,-9.999999999999E-02));
#1236 = VECTOR('',#1237,1.);
#1237 = DIRECTION('',(1.,-0.));
#1238 = ( GEOMETRIC_REPRESENTATION_CONTEXT(2) 
PARAMETRIC_REPRESENTATION_CONTEXT() REPRESENTATION_CONTEXT('2D SPACE',''
  ) );
#1239 = FACE_BOUND('',#1240,.F.);
#1240 = EDGE_LOOP('',(#1241));
#1241 = ORIENTED_EDGE('',*,*,#1242,.T.);
#1242 = EDGE_CURVE('',#1243,#1243,#1245,.T.);
#1243 = VERTEX_POINT('',#1244);
#1244 = CARTESIAN_POINT('',(21.375,65.358742135454,5.911715561524E-12));
#1245 = SURFACE_CURVE('',#1246,(#1251,#1262),.PCURVE_S1.);
#1246 = CIRCLE('',#1247,1.3);
#1247 = AXIS2_PLACEMENT_3D('',#1248,#1249,#1250);
#1248 = CARTESIAN_POINT('',(20.075,65.358742135454,5.911715561524E-12));
#1249 = DIRECTION('',(0.,0.,-1.));
#1250 = DIRECTION('',(1.,0.,0.));
#1251 = PCURVE('',#305,#1252);
#1252 = DEFINITIONAL_REPRESENTATION('',(#1253),#1261);
#1253 = ( BOUNDED_CURVE() B_SPLINE_CURVE(2,(#1254,#1255,#1256,#1257,
#1258,#1259,#1260),.UNSPECIFIED.,.T.,.F.) B_SPLINE_CURVE_WITH_KNOTS((1,2
    ,2,2,2,1),(-2.094395102393,0.,2.094395102393,4.188790204786,
6.28318530718,8.377580409573),.UNSPECIFIED.) CURVE() 
GEOMETRIC_REPRESENTATION_ITEM() RATIONAL_B_SPLINE_CURVE((1.,0.5,1.,0.5,
1.,0.5,1.)) REPRESENTATION_ITEM('') );
#1254 = CARTESIAN_POINT('',(-15.275,28.708742135454));
#1255 = CARTESIAN_POINT('',(-15.275,26.457076085615));
#1256 = CARTESIAN_POINT('',(-17.225,27.582909110534));
#1257 = CARTESIAN_POINT('',(-19.175,28.708742135454));
#1258 = CARTESIAN_POINT('',(-17.225,29.834575160374));
#1259 = CARTESIAN_POINT('',(-15.275,30.960408185294));
#1260 = CARTESIAN_POINT('',(-15.275,28.708742135454));
#1261 = ( GEOMETRIC_REPRESENTATION_CONTEXT(2) 
PARAMETRIC_REPRESENTATION_CONTEXT() REPRESENTATION_CONTEXT('2D SPACE',''
  ) );
#1262 = PCURVE('',#1263,#1268);
#1263 = CYLINDRICAL_SURFACE('',#1264,1.3);
#1264 = AXIS2_PLACEMENT_3D('',#1265,#1266,#1267);
#1265 = CARTESIAN_POINT('',(20.075,65.358742135454,-9.999999999408E-02)
  );
#1266 = DIRECTION('',(-0.,-0.,-1.));
#1267 = DIRECTION('',(1.,0.,0.));
#1268 = DEFINITIONAL_REPRESENTATION('',(#1269),#1273);
#1269 = LINE('',#1270,#1271);
#1270 = CARTESIAN_POINT('',(-6.28318530718,-9.999999999999E-02));
#1271 = VECTOR('',#1272,1.);
#1272 = DIRECTION('',(1.,-0.));
#1273 = ( GEOMETRIC_REPRESENTATION_CONTEXT(2) 
PARAMETRIC_REPRESENTATION_CONTEXT() REPRESENTATION_CONTEXT('2D SPACE',''
  ) );
#1274 = FACE_BOUND('',#1275,.F.);
#1275 = EDGE_LOOP('',(#1276));
#1276 = ORIENTED_EDGE('',*,*,#1277,.T.);
#1277 = EDGE_CURVE('',#1278,#1278,#1280,.T.);
#1278 = VERTEX_POINT('',#1279);
#1279 = CARTESIAN_POINT('',(50.3,80.65,5.911715561524E-12));
#1280 = SURFACE_CURVE('',#1281,(#1286,#1297),.PCURVE_S1.);
#1281 = CIRCLE('',#1282,1.65);
#1282 = AXIS2_PLACEMENT_3D('',#1283,#1284,#1285);
#1283 = CARTESIAN_POINT('',(48.65,80.65,5.911715561524E-12));
#1284 = DIRECTION('',(0.,0.,-1.));
#1285 = DIRECTION('',(1.,0.,0.));
#1286 = PCURVE('',#305,#1287);
#1287 = DEFINITIONAL_REPRESENTATION('',(#1288),#1296);
#1288 = ( BOUNDED_CURVE() B_SPLINE_CURVE(2,(#1289,#1290,#1291,#1292,
#1293,#1294,#1295),.UNSPECIFIED.,.T.,.F.) B_SPLINE_CURVE_WITH_KNOTS((1,2
    ,2,2,2,1),(-2.094395102393,0.,2.094395102393,4.188790204786,
6.28318530718,8.377580409573),.UNSPECIFIED.) CURVE() 
GEOMETRIC_REPRESENTATION_ITEM() RATIONAL_B_SPLINE_CURVE((1.,0.5,1.,0.5,
1.,0.5,1.)) REPRESENTATION_ITEM('') );
#1289 = CARTESIAN_POINT('',(13.65,44.));
#1290 = CARTESIAN_POINT('',(13.65,41.142116167511));
#1291 = CARTESIAN_POINT('',(11.175,42.571058083756));
#1292 = CARTESIAN_POINT('',(8.7,44.));
#1293 = CARTESIAN_POINT('',(11.175,45.428941916244));
#1294 = CARTESIAN_POINT('',(13.65,46.857883832489));
#1295 = CARTESIAN_POINT('',(13.65,44.));
#1296 = ( GEOMETRIC_REPRESENTATION_CONTEXT(2) 
PARAMETRIC_REPRESENTATION_CONTEXT() REPRESENTATION_CONTEXT('2D SPACE',''
  ) );
#1297 = PCURVE('',#702,#1298);
#1298 = DEFINITIONAL_REPRESENTATION('',(#1299),#1303);
#1299 = LINE('',#1300,#1301);
#1300 = CARTESIAN_POINT('',(-6.28318530718,-1.));
#1301 = VECTOR('',#1302,1.);
#1302 = DIRECTION('',(1.,-0.));
#1303 = ( GEOMETRIC_REPRESENTATION_CONTEXT(2) 
PARAMETRIC_REPRESENTATION_CONTEXT() REPRESENTATION_CONTEXT('2D SPACE',''
  ) );
#1304 = FACE_BOUND('',#1305,.F.);
#1305 = EDGE_LOOP('',(#1306));
#1306 = ORIENTED_EDGE('',*,*,#1307,.T.);
#1307 = EDGE_CURVE('',#1308,#1308,#1310,.T.);
#1308 = VERTEX_POINT('',#1309);
#1309 = CARTESIAN_POINT('',(50.3,98.65,5.911715561524E-12));
#1310 = SURFACE_CURVE('',#1311,(#1316,#1327),.PCURVE_S1.);
#1311 = CIRCLE('',#1312,1.65);
#1312 = AXIS2_PLACEMENT_3D('',#1313,#1314,#1315);
#1313 = CARTESIAN_POINT('',(48.65,98.65,5.911715561524E-12));
#1314 = DIRECTION('',(0.,0.,-1.));
#1315 = DIRECTION('',(1.,0.,0.));
#1316 = PCURVE('',#305,#1317);
#1317 = DEFINITIONAL_REPRESENTATION('',(#1318),#1326);
#1318 = ( BOUNDED_CURVE() B_SPLINE_CURVE(2,(#1319,#1320,#1321,#1322,
#1323,#1324,#1325),.UNSPECIFIED.,.T.,.F.) B_SPLINE_CURVE_WITH_KNOTS((1,2
    ,2,2,2,1),(-2.094395102393,0.,2.094395102393,4.188790204786,
6.28318530718,8.377580409573),.UNSPECIFIED.) CURVE() 
GEOMETRIC_REPRESENTATION_ITEM() RATIONAL_B_SPLINE_CURVE((1.,0.5,1.,0.5,
1.,0.5,1.)) REPRESENTATION_ITEM('') );
#1319 = CARTESIAN_POINT('',(13.65,62.));
#1320 = CARTESIAN_POINT('',(13.65,59.142116167511));
#1321 = CARTESIAN_POINT('',(11.175,60.571058083756));
#1322 = CARTESIAN_POINT('',(8.7,62.));
#1323 = CARTESIAN_POINT('',(11.175,63.428941916244));
#1324 = CARTESIAN_POINT('',(13.65,64.857883832489));
#1325 = CARTESIAN_POINT('',(13.65,62.));
#1326 = ( GEOMETRIC_REPRESENTATION_CONTEXT(2) 
PARAMETRIC_REPRESENTATION_CONTEXT() REPRESENTATION_CONTEXT('2D SPACE',''
  ) );
#1327 = PCURVE('',#737,#1328);
#1328 = DEFINITIONAL_REPRESENTATION('',(#1329),#1333);
#1329 = LINE('',#1330,#1331);
#1330 = CARTESIAN_POINT('',(-6.28318530718,-1.));
#1331 = VECTOR('',#1332,1.);
#1332 = DIRECTION('',(1.,-0.));
#1333 = ( GEOMETRIC_REPRESENTATION_CONTEXT(2) 
PARAMETRIC_REPRESENTATION_CONTEXT() REPRESENTATION_CONTEXT('2D SPACE',''
  ) );
#1334 = ADVANCED_FACE('',(#1335),#337,.T.);
#1335 = FACE_BOUND('',#1336,.T.);
#1336 = EDGE_LOOP('',(#1337,#1338,#1339,#1360));
#1337 = ORIENTED_EDGE('',*,*,#317,.T.);
#1338 = ORIENTED_EDGE('',*,*,#802,.T.);
#1339 = ORIENTED_EDGE('',*,*,#1340,.T.);
#1340 = EDGE_CURVE('',#803,#996,#1341,.T.);
#1341 = SURFACE_CURVE('',#1342,(#1346,#1353),.PCURVE_S1.);
#1342 = LINE('',#1343,#1344);
#1343 = CARTESIAN_POINT('',(40.8,104.65,0.150000000006));
#1344 = VECTOR('',#1345,1.);
#1345 = DIRECTION('',(0.707106781187,0.,-0.707106781187));
#1346 = PCURVE('',#337,#1347);
#1347 = DEFINITIONAL_REPRESENTATION('',(#1348),#1352);
#1348 = LINE('',#1349,#1350);
#1349 = CARTESIAN_POINT('',(42.,0.));
#1350 = VECTOR('',#1351,1.);
#1351 = DIRECTION('',(0.,1.));
#1352 = ( GEOMETRIC_REPRESENTATION_CONTEXT(2) 
PARAMETRIC_REPRESENTATION_CONTEXT() REPRESENTATION_CONTEXT('2D SPACE',''
  ) );
#1353 = PCURVE('',#1016,#1354);
#1354 = DEFINITIONAL_REPRESENTATION('',(#1355),#1359);
#1355 = LINE('',#1356,#1357);
#1356 = CARTESIAN_POINT('',(-0.,-0.15));
#1357 = VECTOR('',#1358,1.);
#1358 = DIRECTION('',(-0.,-1.));
#1359 = ( GEOMETRIC_REPRESENTATION_CONTEXT(2) 
PARAMETRIC_REPRESENTATION_CONTEXT() REPRESENTATION_CONTEXT('2D SPACE',''
  ) );
#1360 = ORIENTED_EDGE('',*,*,#1028,.F.);
#1361 = ADVANCED_FACE('',(#1362),#421,.F.);
#1362 = FACE_BOUND('',#1363,.T.);
#1363 = EDGE_LOOP('',(#1364,#1385,#1386,#1387));
#1364 = ORIENTED_EDGE('',*,*,#1365,.F.);
#1365 = EDGE_CURVE('',#438,#912,#1366,.T.);
#1366 = SURFACE_CURVE('',#1367,(#1371,#1378),.PCURVE_S1.);
#1367 = LINE('',#1368,#1369);
#1368 = CARTESIAN_POINT('',(56.65,104.65,0.300000000006));
#1369 = VECTOR('',#1370,1.);
#1370 = DIRECTION('',(-0.707106781187,-4.329780281177E-17,
    -0.707106781187));
#1371 = PCURVE('',#421,#1372);
#1372 = DEFINITIONAL_REPRESENTATION('',(#1373),#1377);
#1373 = LINE('',#1374,#1375);
#1374 = CARTESIAN_POINT('',(-0.,-0.212132034356));
#1375 = VECTOR('',#1376,1.);
#1376 = DIRECTION('',(-4.329780281177E-17,1.));
#1377 = ( GEOMETRIC_REPRESENTATION_CONTEXT(2) 
PARAMETRIC_REPRESENTATION_CONTEXT() REPRESENTATION_CONTEXT('2D SPACE',''
  ) );
#1378 = PCURVE('',#955,#1379);
#1379 = DEFINITIONAL_REPRESENTATION('',(#1380),#1384);
#1380 = LINE('',#1381,#1382);
#1381 = CARTESIAN_POINT('',(-1.570796326795,-0.));
#1382 = VECTOR('',#1383,1.);
#1383 = DIRECTION('',(-0.,-1.));
#1384 = ( GEOMETRIC_REPRESENTATION_CONTEXT(2) 
PARAMETRIC_REPRESENTATION_CONTEXT() REPRESENTATION_CONTEXT('2D SPACE',''
  ) );
#1385 = ORIENTED_EDGE('',*,*,#437,.T.);
#1386 = ORIENTED_EDGE('',*,*,#403,.T.);
#1387 = ORIENTED_EDGE('',*,*,#911,.F.);
#1388 = ADVANCED_FACE('',(#1389),#476,.T.);
#1389 = FACE_BOUND('',#1390,.T.);
#1390 = EDGE_LOOP('',(#1391,#1392,#1416,#1444));
#1391 = ORIENTED_EDGE('',*,*,#460,.F.);
#1392 = ORIENTED_EDGE('',*,*,#1393,.F.);
#1393 = EDGE_CURVE('',#1394,#438,#1396,.T.);
#1394 = VERTEX_POINT('',#1395);
#1395 = CARTESIAN_POINT('',(54.65,106.65,0.300000000006));
#1396 = SURFACE_CURVE('',#1397,(#1402,#1409),.PCURVE_S1.);
#1397 = CIRCLE('',#1398,2.);
#1398 = AXIS2_PLACEMENT_3D('',#1399,#1400,#1401);
#1399 = CARTESIAN_POINT('',(54.65,104.65,0.300000000006));
#1400 = DIRECTION('',(0.,-0.,-1.));
#1401 = DIRECTION('',(0.,1.,-0.));
#1402 = PCURVE('',#476,#1403);
#1403 = DEFINITIONAL_REPRESENTATION('',(#1404),#1408);
#1404 = LINE('',#1405,#1406);
#1405 = CARTESIAN_POINT('',(1.570796326795,0.3));
#1406 = VECTOR('',#1407,1.);
#1407 = DIRECTION('',(-1.,-0.));
#1408 = ( GEOMETRIC_REPRESENTATION_CONTEXT(2) 
PARAMETRIC_REPRESENTATION_CONTEXT() REPRESENTATION_CONTEXT('2D SPACE',''
  ) );
#1409 = PCURVE('',#955,#1410);
#1410 = DEFINITIONAL_REPRESENTATION('',(#1411),#1415);
#1411 = LINE('',#1412,#1413);
#1412 = CARTESIAN_POINT('',(-0.,-0.));
#1413 = VECTOR('',#1414,1.);
#1414 = DIRECTION('',(-1.,-0.));
#1415 = ( GEOMETRIC_REPRESENTATION_CONTEXT(2) 
PARAMETRIC_REPRESENTATION_CONTEXT() REPRESENTATION_CONTEXT('2D SPACE',''
  ) );
#1416 = ORIENTED_EDGE('',*,*,#1417,.T.);
#1417 = EDGE_CURVE('',#1394,#1418,#1420,.T.);
#1418 = VERTEX_POINT('',#1419);
#1419 = CARTESIAN_POINT('',(54.65,106.65,3.700000000006));
#1420 = SURFACE_CURVE('',#1421,(#1425,#1432),.PCURVE_S1.);
#1421 = LINE('',#1422,#1423);
#1422 = CARTESIAN_POINT('',(54.65,106.65,5.911715561524E-12));
#1423 = VECTOR('',#1424,1.);
#1424 = DIRECTION('',(0.,0.,1.));
#1425 = PCURVE('',#476,#1426);
#1426 = DEFINITIONAL_REPRESENTATION('',(#1427),#1431);
#1427 = LINE('',#1428,#1429);
#1428 = CARTESIAN_POINT('',(1.570796326795,0.));
#1429 = VECTOR('',#1430,1.);
#1430 = DIRECTION('',(0.,1.));
#1431 = ( GEOMETRIC_REPRESENTATION_CONTEXT(2) 
PARAMETRIC_REPRESENTATION_CONTEXT() REPRESENTATION_CONTEXT('2D SPACE',''
  ) );
#1432 = PCURVE('',#1433,#1438);
#1433 = PLANE('',#1434);
#1434 = AXIS2_PLACEMENT_3D('',#1435,#1436,#1437);
#1435 = CARTESIAN_POINT('',(40.65,106.65,5.911715561524E-12));
#1436 = DIRECTION('',(0.,1.,0.));
#1437 = DIRECTION('',(0.,0.,1.));
#1438 = DEFINITIONAL_REPRESENTATION('',(#1439),#1443);
#1439 = LINE('',#1440,#1441);
#1440 = CARTESIAN_POINT('',(0.,14.));
#1441 = VECTOR('',#1442,1.);
#1442 = DIRECTION('',(1.,0.));
#1443 = ( GEOMETRIC_REPRESENTATION_CONTEXT(2) 
PARAMETRIC_REPRESENTATION_CONTEXT() REPRESENTATION_CONTEXT('2D SPACE',''
  ) );
#1444 = ORIENTED_EDGE('',*,*,#1445,.T.);
#1445 = EDGE_CURVE('',#1418,#461,#1446,.T.);
#1446 = SURFACE_CURVE('',#1447,(#1452,#1459),.PCURVE_S1.);
#1447 = CIRCLE('',#1448,2.);
#1448 = AXIS2_PLACEMENT_3D('',#1449,#1450,#1451);
#1449 = CARTESIAN_POINT('',(54.65,104.65,3.700000000006));
#1450 = DIRECTION('',(0.,-0.,-1.));
#1451 = DIRECTION('',(0.,1.,-0.));
#1452 = PCURVE('',#476,#1453);
#1453 = DEFINITIONAL_REPRESENTATION('',(#1454),#1458);
#1454 = LINE('',#1455,#1456);
#1455 = CARTESIAN_POINT('',(1.570796326795,3.7));
#1456 = VECTOR('',#1457,1.);
#1457 = DIRECTION('',(-1.,-0.));
#1458 = ( GEOMETRIC_REPRESENTATION_CONTEXT(2) 
PARAMETRIC_REPRESENTATION_CONTEXT() REPRESENTATION_CONTEXT('2D SPACE',''
  ) );
#1459 = PCURVE('',#529,#1460);
#1460 = DEFINITIONAL_REPRESENTATION('',(#1461),#1465);
#1461 = LINE('',#1462,#1463);
#1462 = CARTESIAN_POINT('',(0.,-0.));
#1463 = VECTOR('',#1464,1.);
#1464 = DIRECTION('',(1.,-0.));
#1465 = ( GEOMETRIC_REPRESENTATION_CONTEXT(2) 
PARAMETRIC_REPRESENTATION_CONTEXT() REPRESENTATION_CONTEXT('2D SPACE',''
  ) );
#1466 = ADVANCED_FACE('',(#1467),#529,.T.);
#1467 = FACE_BOUND('',#1468,.F.);
#1468 = EDGE_LOOP('',(#1469,#1490,#1491,#1492));
#1469 = ORIENTED_EDGE('',*,*,#1470,.F.);
#1470 = EDGE_CURVE('',#1418,#593,#1471,.T.);
#1471 = SURFACE_CURVE('',#1472,(#1476,#1483),.PCURVE_S1.);
#1472 = LINE('',#1473,#1474);
#1473 = CARTESIAN_POINT('',(54.65,106.5,3.850000000006));
#1474 = VECTOR('',#1475,1.);
#1475 = DIRECTION('',(-0.,-0.707106781187,0.707106781187));
#1476 = PCURVE('',#529,#1477);
#1477 = DEFINITIONAL_REPRESENTATION('',(#1478),#1482);
#1478 = LINE('',#1479,#1480);
#1479 = CARTESIAN_POINT('',(0.,-0.15));
#1480 = VECTOR('',#1481,1.);
#1481 = DIRECTION('',(0.,-1.));
#1482 = ( GEOMETRIC_REPRESENTATION_CONTEXT(2) 
PARAMETRIC_REPRESENTATION_CONTEXT() REPRESENTATION_CONTEXT('2D SPACE',''
  ) );
#1483 = PCURVE('',#636,#1484);
#1484 = DEFINITIONAL_REPRESENTATION('',(#1485),#1489);
#1485 = LINE('',#1486,#1487);
#1486 = CARTESIAN_POINT('',(-12.,0.));
#1487 = VECTOR('',#1488,1.);
#1488 = DIRECTION('',(-0.,1.));
#1489 = ( GEOMETRIC_REPRESENTATION_CONTEXT(2) 
PARAMETRIC_REPRESENTATION_CONTEXT() REPRESENTATION_CONTEXT('2D SPACE',''
  ) );
#1490 = ORIENTED_EDGE('',*,*,#1445,.T.);
#1491 = ORIENTED_EDGE('',*,*,#513,.T.);
#1492 = ORIENTED_EDGE('',*,*,#592,.F.);
#1493 = ADVANCED_FACE('',(#1494),#667,.T.);
#1494 = FACE_BOUND('',#1495,.F.);
#1495 = EDGE_LOOP('',(#1496,#1497,#1521,#1542));
#1496 = ORIENTED_EDGE('',*,*,#776,.F.);
#1497 = ORIENTED_EDGE('',*,*,#1498,.T.);
#1498 = EDGE_CURVE('',#754,#1499,#1501,.T.);
#1499 = VERTEX_POINT('',#1500);
#1500 = CARTESIAN_POINT('',(42.65,106.65,3.700000000006));
#1501 = SURFACE_CURVE('',#1502,(#1507,#1514),.PCURVE_S1.);
#1502 = CIRCLE('',#1503,2.);
#1503 = AXIS2_PLACEMENT_3D('',#1504,#1505,#1506);
#1504 = CARTESIAN_POINT('',(42.65,104.65,3.700000000006));
#1505 = DIRECTION('',(-0.,0.,-1.));
#1506 = DIRECTION('',(-1.,0.,0.));
#1507 = PCURVE('',#667,#1508);
#1508 = DEFINITIONAL_REPRESENTATION('',(#1509),#1513);
#1509 = LINE('',#1510,#1511);
#1510 = CARTESIAN_POINT('',(0.,-0.));
#1511 = VECTOR('',#1512,1.);
#1512 = DIRECTION('',(1.,-0.));
#1513 = ( GEOMETRIC_REPRESENTATION_CONTEXT(2) 
PARAMETRIC_REPRESENTATION_CONTEXT() REPRESENTATION_CONTEXT('2D SPACE',''
  ) );
#1514 = PCURVE('',#839,#1515);
#1515 = DEFINITIONAL_REPRESENTATION('',(#1516),#1520);
#1516 = LINE('',#1517,#1518);
#1517 = CARTESIAN_POINT('',(-0.,3.7));
#1518 = VECTOR('',#1519,1.);
#1519 = DIRECTION('',(-1.,0.));
#1520 = ( GEOMETRIC_REPRESENTATION_CONTEXT(2) 
PARAMETRIC_REPRESENTATION_CONTEXT() REPRESENTATION_CONTEXT('2D SPACE',''
  ) );
#1521 = ORIENTED_EDGE('',*,*,#1522,.T.);
#1522 = EDGE_CURVE('',#1499,#621,#1523,.T.);
#1523 = SURFACE_CURVE('',#1524,(#1528,#1535),.PCURVE_S1.);
#1524 = LINE('',#1525,#1526);
#1525 = CARTESIAN_POINT('',(42.65,106.65,3.700000000006));
#1526 = VECTOR('',#1527,1.);
#1527 = DIRECTION('',(4.329780281177E-17,-0.707106781187,0.707106781187)
  );
#1528 = PCURVE('',#667,#1529);
#1529 = DEFINITIONAL_REPRESENTATION('',(#1530),#1534);
#1530 = LINE('',#1531,#1532);
#1531 = CARTESIAN_POINT('',(1.570796326795,-0.));
#1532 = VECTOR('',#1533,1.);
#1533 = DIRECTION('',(0.,-1.));
#1534 = ( GEOMETRIC_REPRESENTATION_CONTEXT(2) 
PARAMETRIC_REPRESENTATION_CONTEXT() REPRESENTATION_CONTEXT('2D SPACE',''
  ) );
#1535 = PCURVE('',#636,#1536);
#1536 = DEFINITIONAL_REPRESENTATION('',(#1537),#1541);
#1537 = LINE('',#1538,#1539);
#1538 = CARTESIAN_POINT('',(8.714832998352E-33,-0.212132034356));
#1539 = VECTOR('',#1540,1.);
#1540 = DIRECTION('',(-4.329780281177E-17,1.));
#1541 = ( GEOMETRIC_REPRESENTATION_CONTEXT(2) 
PARAMETRIC_REPRESENTATION_CONTEXT() REPRESENTATION_CONTEXT('2D SPACE',''
  ) );
#1542 = ORIENTED_EDGE('',*,*,#648,.F.);
#1543 = ADVANCED_FACE('',(#1544),#636,.T.);
#1544 = FACE_BOUND('',#1545,.F.);
#1545 = EDGE_LOOP('',(#1546,#1547,#1568,#1569));
#1546 = ORIENTED_EDGE('',*,*,#1522,.F.);
#1547 = ORIENTED_EDGE('',*,*,#1548,.T.);
#1548 = EDGE_CURVE('',#1499,#1418,#1549,.T.);
#1549 = SURFACE_CURVE('',#1550,(#1554,#1561),.PCURVE_S1.);
#1550 = LINE('',#1551,#1552);
#1551 = CARTESIAN_POINT('',(42.65,106.65,3.700000000006));
#1552 = VECTOR('',#1553,1.);
#1553 = DIRECTION('',(1.,0.,0.));
#1554 = PCURVE('',#636,#1555);
#1555 = DEFINITIONAL_REPRESENTATION('',(#1556),#1560);
#1556 = LINE('',#1557,#1558);
#1557 = CARTESIAN_POINT('',(8.714832998352E-33,-0.212132034356));
#1558 = VECTOR('',#1559,1.);
#1559 = DIRECTION('',(-1.,0.));
#1560 = ( GEOMETRIC_REPRESENTATION_CONTEXT(2) 
PARAMETRIC_REPRESENTATION_CONTEXT() REPRESENTATION_CONTEXT('2D SPACE',''
  ) );
#1561 = PCURVE('',#1433,#1562);
#1562 = DEFINITIONAL_REPRESENTATION('',(#1563),#1567);
#1563 = LINE('',#1564,#1565);
#1564 = CARTESIAN_POINT('',(3.7,2.));
#1565 = VECTOR('',#1566,1.);
#1566 = DIRECTION('',(0.,1.));
#1567 = ( GEOMETRIC_REPRESENTATION_CONTEXT(2) 
PARAMETRIC_REPRESENTATION_CONTEXT() REPRESENTATION_CONTEXT('2D SPACE',''
  ) );
#1568 = ORIENTED_EDGE('',*,*,#1470,.T.);
#1569 = ORIENTED_EDGE('',*,*,#620,.F.);
#1570 = ADVANCED_FACE('',(#1571),#702,.F.);
#1571 = FACE_BOUND('',#1572,.T.);
#1572 = EDGE_LOOP('',(#1573,#1574,#1595,#1596));
#1573 = ORIENTED_EDGE('',*,*,#1277,.T.);
#1574 = ORIENTED_EDGE('',*,*,#1575,.T.);
#1575 = EDGE_CURVE('',#1278,#682,#1576,.T.);
#1576 = SEAM_CURVE('',#1577,(#1581,#1588),.PCURVE_S1.);
#1577 = LINE('',#1578,#1579);
#1578 = CARTESIAN_POINT('',(50.3,80.65,-0.999999999994));
#1579 = VECTOR('',#1580,1.);
#1580 = DIRECTION('',(0.,0.,1.));
#1581 = PCURVE('',#702,#1582);
#1582 = DEFINITIONAL_REPRESENTATION('',(#1583),#1587);
#1583 = LINE('',#1584,#1585);
#1584 = CARTESIAN_POINT('',(-6.28318530718,0.));
#1585 = VECTOR('',#1586,1.);
#1586 = DIRECTION('',(-0.,-1.));
#1587 = ( GEOMETRIC_REPRESENTATION_CONTEXT(2) 
PARAMETRIC_REPRESENTATION_CONTEXT() REPRESENTATION_CONTEXT('2D SPACE',''
  ) );
#1588 = PCURVE('',#702,#1589);
#1589 = DEFINITIONAL_REPRESENTATION('',(#1590),#1594);
#1590 = LINE('',#1591,#1592);
#1591 = CARTESIAN_POINT('',(-0.,0.));
#1592 = VECTOR('',#1593,1.);
#1593 = DIRECTION('',(-0.,-1.));
#1594 = ( GEOMETRIC_REPRESENTATION_CONTEXT(2) 
PARAMETRIC_REPRESENTATION_CONTEXT() REPRESENTATION_CONTEXT('2D SPACE',''
  ) );
#1595 = ORIENTED_EDGE('',*,*,#681,.F.);
#1596 = ORIENTED_EDGE('',*,*,#1575,.F.);
#1597 = ADVANCED_FACE('',(#1598),#737,.F.);
#1598 = FACE_BOUND('',#1599,.T.);
#1599 = EDGE_LOOP('',(#1600,#1601,#1622,#1623));
#1600 = ORIENTED_EDGE('',*,*,#1307,.T.);
#1601 = ORIENTED_EDGE('',*,*,#1602,.T.);
#1602 = EDGE_CURVE('',#1308,#717,#1603,.T.);
#1603 = SEAM_CURVE('',#1604,(#1608,#1615),.PCURVE_S1.);
#1604 = LINE('',#1605,#1606);
#1605 = CARTESIAN_POINT('',(50.3,98.65,-0.999999999994));
#1606 = VECTOR('',#1607,1.);
#1607 = DIRECTION('',(0.,0.,1.));
#1608 = PCURVE('',#737,#1609);
#1609 = DEFINITIONAL_REPRESENTATION('',(#1610),#1614);
#1610 = LINE('',#1611,#1612);
#1611 = CARTESIAN_POINT('',(-6.28318530718,0.));
#1612 = VECTOR('',#1613,1.);
#1613 = DIRECTION('',(-0.,-1.));
#1614 = ( GEOMETRIC_REPRESENTATION_CONTEXT(2) 
PARAMETRIC_REPRESENTATION_CONTEXT() REPRESENTATION_CONTEXT('2D SPACE',''
  ) );
#1615 = PCURVE('',#737,#1616);
#1616 = DEFINITIONAL_REPRESENTATION('',(#1617),#1621);
#1617 = LINE('',#1618,#1619);
#1618 = CARTESIAN_POINT('',(-0.,0.));
#1619 = VECTOR('',#1620,1.);
#1620 = DIRECTION('',(-0.,-1.));
#1621 = ( GEOMETRIC_REPRESENTATION_CONTEXT(2) 
PARAMETRIC_REPRESENTATION_CONTEXT() REPRESENTATION_CONTEXT('2D SPACE',''
  ) );
#1622 = ORIENTED_EDGE('',*,*,#716,.F.);
#1623 = ORIENTED_EDGE('',*,*,#1602,.F.);
#1624 = ADVANCED_FACE('',(#1625),#839,.T.);
#1625 = FACE_BOUND('',#1626,.F.);
#1626 = EDGE_LOOP('',(#1627,#1628,#1652,#1673));
#1627 = ORIENTED_EDGE('',*,*,#825,.F.);
#1628 = ORIENTED_EDGE('',*,*,#1629,.T.);
#1629 = EDGE_CURVE('',#803,#1630,#1632,.T.);
#1630 = VERTEX_POINT('',#1631);
#1631 = CARTESIAN_POINT('',(42.65,106.65,0.300000000006));
#1632 = SURFACE_CURVE('',#1633,(#1638,#1645),.PCURVE_S1.);
#1633 = CIRCLE('',#1634,2.);
#1634 = AXIS2_PLACEMENT_3D('',#1635,#1636,#1637);
#1635 = CARTESIAN_POINT('',(42.65,104.65,0.300000000006));
#1636 = DIRECTION('',(-0.,0.,-1.));
#1637 = DIRECTION('',(-1.,0.,0.));
#1638 = PCURVE('',#839,#1639);
#1639 = DEFINITIONAL_REPRESENTATION('',(#1640),#1644);
#1640 = LINE('',#1641,#1642);
#1641 = CARTESIAN_POINT('',(-0.,0.3));
#1642 = VECTOR('',#1643,1.);
#1643 = DIRECTION('',(-1.,0.));
#1644 = ( GEOMETRIC_REPRESENTATION_CONTEXT(2) 
PARAMETRIC_REPRESENTATION_CONTEXT() REPRESENTATION_CONTEXT('2D SPACE',''
  ) );
#1645 = PCURVE('',#1016,#1646);
#1646 = DEFINITIONAL_REPRESENTATION('',(#1647),#1651);
#1647 = LINE('',#1648,#1649);
#1648 = CARTESIAN_POINT('',(-0.,-0.));
#1649 = VECTOR('',#1650,1.);
#1650 = DIRECTION('',(-1.,-0.));
#1651 = ( GEOMETRIC_REPRESENTATION_CONTEXT(2) 
PARAMETRIC_REPRESENTATION_CONTEXT() REPRESENTATION_CONTEXT('2D SPACE',''
  ) );
#1652 = ORIENTED_EDGE('',*,*,#1653,.T.);
#1653 = EDGE_CURVE('',#1630,#1499,#1654,.T.);
#1654 = SURFACE_CURVE('',#1655,(#1659,#1666),.PCURVE_S1.);
#1655 = LINE('',#1656,#1657);
#1656 = CARTESIAN_POINT('',(42.65,106.65,5.911715561524E-12));
#1657 = VECTOR('',#1658,1.);
#1658 = DIRECTION('',(0.,0.,1.));
#1659 = PCURVE('',#839,#1660);
#1660 = DEFINITIONAL_REPRESENTATION('',(#1661),#1665);
#1661 = LINE('',#1662,#1663);
#1662 = CARTESIAN_POINT('',(-1.570796326795,0.));
#1663 = VECTOR('',#1664,1.);
#1664 = DIRECTION('',(-0.,1.));
#1665 = ( GEOMETRIC_REPRESENTATION_CONTEXT(2) 
PARAMETRIC_REPRESENTATION_CONTEXT() REPRESENTATION_CONTEXT('2D SPACE',''
  ) );
#1666 = PCURVE('',#1433,#1667);
#1667 = DEFINITIONAL_REPRESENTATION('',(#1668),#1672);
#1668 = LINE('',#1669,#1670);
#1669 = CARTESIAN_POINT('',(0.,2.));
#1670 = VECTOR('',#1671,1.);
#1671 = DIRECTION('',(1.,0.));
#1672 = ( GEOMETRIC_REPRESENTATION_CONTEXT(2) 
PARAMETRIC_REPRESENTATION_CONTEXT() REPRESENTATION_CONTEXT('2D SPACE',''
  ) );
#1673 = ORIENTED_EDGE('',*,*,#1498,.F.);
#1674 = ADVANCED_FACE('',(#1675,#1678,#1708,#1743,#1773),#896,.T.);
#1675 = FACE_BOUND('',#1676,.T.);
#1676 = EDGE_LOOP('',(#1677));
#1677 = ORIENTED_EDGE('',*,*,#881,.T.);
#1678 = FACE_BOUND('',#1679,.T.);
#1679 = EDGE_LOOP('',(#1680));
#1680 = ORIENTED_EDGE('',*,*,#1681,.T.);
#1681 = EDGE_CURVE('',#1682,#1682,#1684,.T.);
#1682 = VERTEX_POINT('',#1683);
#1683 = CARTESIAN_POINT('',(21.375,7.941257864546,6.500000000006));
#1684 = SURFACE_CURVE('',#1685,(#1690,#1701),.PCURVE_S1.);
#1685 = CIRCLE('',#1686,1.3);
#1686 = AXIS2_PLACEMENT_3D('',#1687,#1688,#1689);
#1687 = CARTESIAN_POINT('',(20.075,7.941257864546,6.500000000006));
#1688 = DIRECTION('',(0.,0.,-1.));
#1689 = DIRECTION('',(1.,0.,0.));
#1690 = PCURVE('',#896,#1691);
#1691 = DEFINITIONAL_REPRESENTATION('',(#1692),#1700);
#1692 = ( BOUNDED_CURVE() B_SPLINE_CURVE(2,(#1693,#1694,#1695,#1696,
#1697,#1698,#1699),.UNSPECIFIED.,.T.,.F.) B_SPLINE_CURVE_WITH_KNOTS((1,2
    ,2,2,2,1),(-2.094395102393,0.,2.094395102393,4.188790204786,
6.28318530718,8.377580409573),.UNSPECIFIED.) CURVE() 
GEOMETRIC_REPRESENTATION_ITEM() RATIONAL_B_SPLINE_CURVE((1.,0.5,1.,0.5,
1.,0.5,1.)) REPRESENTATION_ITEM('') );
#1693 = CARTESIAN_POINT('',(-15.275,-28.70874213545));
#1694 = CARTESIAN_POINT('',(-15.275,-30.96040818529));
#1695 = CARTESIAN_POINT('',(-17.225,-29.83457516037));
#1696 = CARTESIAN_POINT('',(-19.175,-28.70874213545));
#1697 = CARTESIAN_POINT('',(-17.225,-27.58290911053));
#1698 = CARTESIAN_POINT('',(-15.275,-26.45707608561));
#1699 = CARTESIAN_POINT('',(-15.275,-28.70874213545));
#1700 = ( GEOMETRIC_REPRESENTATION_CONTEXT(2) 
PARAMETRIC_REPRESENTATION_CONTEXT() REPRESENTATION_CONTEXT('2D SPACE',''
  ) );
#1701 = PCURVE('',#1073,#1702);
#1702 = DEFINITIONAL_REPRESENTATION('',(#1703),#1707);
#1703 = LINE('',#1704,#1705);
#1704 = CARTESIAN_POINT('',(-6.28318530718,-6.6));
#1705 = VECTOR('',#1706,1.);
#1706 = DIRECTION('',(1.,-0.));
#1707 = ( GEOMETRIC_REPRESENTATION_CONTEXT(2) 
PARAMETRIC_REPRESENTATION_CONTEXT() REPRESENTATION_CONTEXT('2D SPACE',''
  ) );
#1708 = FACE_BOUND('',#1709,.T.);
#1709 = EDGE_LOOP('',(#1710));
#1710 = ORIENTED_EDGE('',*,*,#1711,.T.);
#1711 = EDGE_CURVE('',#1712,#1712,#1714,.T.);
#1712 = VERTEX_POINT('',#1713);
#1713 = CARTESIAN_POINT('',(66.7,36.65,6.500000000006));
#1714 = SURFACE_CURVE('',#1715,(#1720,#1731),.PCURVE_S1.);
#1715 = CIRCLE('',#1716,30.05);
#1716 = AXIS2_PLACEMENT_3D('',#1717,#1718,#1719);
#1717 = CARTESIAN_POINT('',(36.65,36.65,6.500000000006));
#1718 = DIRECTION('',(0.,-0.,-1.));
#1719 = DIRECTION('',(1.,0.,-0.));
#1720 = PCURVE('',#896,#1721);
#1721 = DEFINITIONAL_REPRESENTATION('',(#1722),#1730);
#1722 = ( BOUNDED_CURVE() B_SPLINE_CURVE(2,(#1723,#1724,#1725,#1726,
#1727,#1728,#1729),.UNSPECIFIED.,.T.,.F.) B_SPLINE_CURVE_WITH_KNOTS((1,2
    ,2,2,2,1),(-2.094395102393,0.,2.094395102393,4.188790204786,
6.28318530718,8.377580409573),.UNSPECIFIED.) CURVE() 
GEOMETRIC_REPRESENTATION_ITEM() RATIONAL_B_SPLINE_CURVE((1.,0.5,1.,0.5,
1.,0.5,1.)) REPRESENTATION_ITEM('') );
#1723 = CARTESIAN_POINT('',(30.05,0.));
#1724 = CARTESIAN_POINT('',(30.05,-52.04812676744));
#1725 = CARTESIAN_POINT('',(-15.025,-26.02406338372));
#1726 = CARTESIAN_POINT('',(-60.1,-7.360127262876E-15));
#1727 = CARTESIAN_POINT('',(-15.025,26.024063383722));
#1728 = CARTESIAN_POINT('',(30.05,52.048126767445));
#1729 = CARTESIAN_POINT('',(30.05,0.));
#1730 = ( GEOMETRIC_REPRESENTATION_CONTEXT(2) 
PARAMETRIC_REPRESENTATION_CONTEXT() REPRESENTATION_CONTEXT('2D SPACE',''
  ) );
#1731 = PCURVE('',#1732,#1737);
#1732 = CONICAL_SURFACE('',#1733,29.75,0.785398163397);
#1733 = AXIS2_PLACEMENT_3D('',#1734,#1735,#1736);
#1734 = CARTESIAN_POINT('',(36.65,36.65,6.200000000006));
#1735 = DIRECTION('',(0.,0.,1.));
#1736 = DIRECTION('',(1.,0.,-0.));
#1737 = DEFINITIONAL_REPRESENTATION('',(#1738),#1742);
#1738 = LINE('',#1739,#1740);
#1739 = CARTESIAN_POINT('',(0.,0.3));
#1740 = VECTOR('',#1741,1.);
#1741 = DIRECTION('',(-1.,-0.));
#1742 = ( GEOMETRIC_REPRESENTATION_CONTEXT(2) 
PARAMETRIC_REPRESENTATION_CONTEXT() REPRESENTATION_CONTEXT('2D SPACE',''
  ) );
#1743 = FACE_BOUND('',#1744,.T.);
#1744 = EDGE_LOOP('',(#1745));
#1745 = ORIENTED_EDGE('',*,*,#1746,.T.);
#1746 = EDGE_CURVE('',#1747,#1747,#1749,.T.);
#1747 = VERTEX_POINT('',#1748);
#1748 = CARTESIAN_POINT('',(21.375,65.358742135454,6.500000000006));
#1749 = SURFACE_CURVE('',#1750,(#1755,#1766),.PCURVE_S1.);
#1750 = CIRCLE('',#1751,1.3);
#1751 = AXIS2_PLACEMENT_3D('',#1752,#1753,#1754);
#1752 = CARTESIAN_POINT('',(20.075,65.358742135454,6.500000000006));
#1753 = DIRECTION('',(0.,0.,-1.));
#1754 = DIRECTION('',(1.,0.,0.));
#1755 = PCURVE('',#896,#1756);
#1756 = DEFINITIONAL_REPRESENTATION('',(#1757),#1765);
#1757 = ( BOUNDED_CURVE() B_SPLINE_CURVE(2,(#1758,#1759,#1760,#1761,
#1762,#1763,#1764),.UNSPECIFIED.,.T.,.F.) B_SPLINE_CURVE_WITH_KNOTS((1,2
    ,2,2,2,1),(-2.094395102393,0.,2.094395102393,4.188790204786,
6.28318530718,8.377580409573),.UNSPECIFIED.) CURVE() 
GEOMETRIC_REPRESENTATION_ITEM() RATIONAL_B_SPLINE_CURVE((1.,0.5,1.,0.5,
1.,0.5,1.)) REPRESENTATION_ITEM('') );
#1758 = CARTESIAN_POINT('',(-15.275,28.708742135454));
#1759 = CARTESIAN_POINT('',(-15.275,26.457076085615));
#1760 = CARTESIAN_POINT('',(-17.225,27.582909110534));
#1761 = CARTESIAN_POINT('',(-19.175,28.708742135454));
#1762 = CARTESIAN_POINT('',(-17.225,29.834575160374));
#1763 = CARTESIAN_POINT('',(-15.275,30.960408185294));
#1764 = CARTESIAN_POINT('',(-15.275,28.708742135454));
#1765 = ( GEOMETRIC_REPRESENTATION_CONTEXT(2) 
PARAMETRIC_REPRESENTATION_CONTEXT() REPRESENTATION_CONTEXT('2D SPACE',''
  ) );
#1766 = PCURVE('',#1263,#1767);
#1767 = DEFINITIONAL_REPRESENTATION('',(#1768),#1772);
#1768 = LINE('',#1769,#1770);
#1769 = CARTESIAN_POINT('',(-6.28318530718,-6.6));
#1770 = VECTOR('',#1771,1.);
#1771 = DIRECTION('',(1.,-0.));
#1772 = ( GEOMETRIC_REPRESENTATION_CONTEXT(2) 
PARAMETRIC_REPRESENTATION_CONTEXT() REPRESENTATION_CONTEXT('2D SPACE',''
  ) );
#1773 = FACE_BOUND('',#1774,.T.);
#1774 = EDGE_LOOP('',(#1775));
#1775 = ORIENTED_EDGE('',*,*,#1776,.T.);
#1776 = EDGE_CURVE('',#1777,#1777,#1779,.T.);
#1777 = VERTEX_POINT('',#1778);
#1778 = CARTESIAN_POINT('',(71.1,36.65,6.500000000006));
#1779 = SURFACE_CURVE('',#1780,(#1785,#1796),.PCURVE_S1.);
#1780 = CIRCLE('',#1781,1.3);
#1781 = AXIS2_PLACEMENT_3D('',#1782,#1783,#1784);
#1782 = CARTESIAN_POINT('',(69.8,36.65,6.500000000006));
#1783 = DIRECTION('',(0.,0.,-1.));
#1784 = DIRECTION('',(1.,0.,0.));
#1785 = PCURVE('',#896,#1786);
#1786 = DEFINITIONAL_REPRESENTATION('',(#1787),#1795);
#1787 = ( BOUNDED_CURVE() B_SPLINE_CURVE(2,(#1788,#1789,#1790,#1791,
#1792,#1793,#1794),.UNSPECIFIED.,.T.,.F.) B_SPLINE_CURVE_WITH_KNOTS((1,2
    ,2,2,2,1),(-2.094395102393,0.,2.094395102393,4.188790204786,
6.28318530718,8.377580409573),.UNSPECIFIED.) CURVE() 
GEOMETRIC_REPRESENTATION_ITEM() RATIONAL_B_SPLINE_CURVE((1.,0.5,1.,0.5,
1.,0.5,1.)) REPRESENTATION_ITEM('') );
#1788 = CARTESIAN_POINT('',(34.45,0.));
#1789 = CARTESIAN_POINT('',(34.45,-2.25166604984));
#1790 = CARTESIAN_POINT('',(32.5,-1.12583302492));
#1791 = CARTESIAN_POINT('',(30.55,-3.184081677783E-16));
#1792 = CARTESIAN_POINT('',(32.5,1.12583302492));
#1793 = CARTESIAN_POINT('',(34.45,2.25166604984));
#1794 = CARTESIAN_POINT('',(34.45,0.));
#1795 = ( GEOMETRIC_REPRESENTATION_CONTEXT(2) 
PARAMETRIC_REPRESENTATION_CONTEXT() REPRESENTATION_CONTEXT('2D SPACE',''
  ) );
#1796 = PCURVE('',#1228,#1797);
#1797 = DEFINITIONAL_REPRESENTATION('',(#1798),#1802);
#1798 = LINE('',#1799,#1800);
#1799 = CARTESIAN_POINT('',(-6.28318530718,-6.6));
#1800 = VECTOR('',#1801,1.);
#1801 = DIRECTION('',(1.,-0.));
#1802 = ( GEOMETRIC_REPRESENTATION_CONTEXT(2) 
PARAMETRIC_REPRESENTATION_CONTEXT() REPRESENTATION_CONTEXT('2D SPACE',''
  ) );
#1803 = ADVANCED_FACE('',(#1804),#955,.T.);
#1804 = FACE_BOUND('',#1805,.T.);
#1805 = EDGE_LOOP('',(#1806,#1827,#1828,#1829));
#1806 = ORIENTED_EDGE('',*,*,#1807,.F.);
#1807 = EDGE_CURVE('',#1394,#935,#1808,.T.);
#1808 = SURFACE_CURVE('',#1809,(#1813,#1820),.PCURVE_S1.);
#1809 = LINE('',#1810,#1811);
#1810 = CARTESIAN_POINT('',(54.65,106.5,0.150000000006));
#1811 = VECTOR('',#1812,1.);
#1812 = DIRECTION('',(-0.,-0.707106781187,-0.707106781187));
#1813 = PCURVE('',#955,#1814);
#1814 = DEFINITIONAL_REPRESENTATION('',(#1815),#1819);
#1815 = LINE('',#1816,#1817);
#1816 = CARTESIAN_POINT('',(-0.,-0.15));
#1817 = VECTOR('',#1818,1.);
#1818 = DIRECTION('',(-0.,-1.));
#1819 = ( GEOMETRIC_REPRESENTATION_CONTEXT(2) 
PARAMETRIC_REPRESENTATION_CONTEXT() REPRESENTATION_CONTEXT('2D SPACE',''
  ) );
#1820 = PCURVE('',#983,#1821);
#1821 = DEFINITIONAL_REPRESENTATION('',(#1822),#1826);
#1822 = LINE('',#1823,#1824);
#1823 = CARTESIAN_POINT('',(-12.,-1.962615573355E-17));
#1824 = VECTOR('',#1825,1.);
#1825 = DIRECTION('',(-0.,1.));
#1826 = ( GEOMETRIC_REPRESENTATION_CONTEXT(2) 
PARAMETRIC_REPRESENTATION_CONTEXT() REPRESENTATION_CONTEXT('2D SPACE',''
  ) );
#1827 = ORIENTED_EDGE('',*,*,#1393,.T.);
#1828 = ORIENTED_EDGE('',*,*,#1365,.T.);
#1829 = ORIENTED_EDGE('',*,*,#934,.F.);
#1830 = ADVANCED_FACE('',(#1831),#983,.F.);
#1831 = FACE_BOUND('',#1832,.T.);
#1832 = EDGE_LOOP('',(#1833,#1854,#1875,#1876));
#1833 = ORIENTED_EDGE('',*,*,#1834,.F.);
#1834 = EDGE_CURVE('',#1630,#968,#1835,.T.);
#1835 = SURFACE_CURVE('',#1836,(#1840,#1847),.PCURVE_S1.);
#1836 = LINE('',#1837,#1838);
#1837 = CARTESIAN_POINT('',(42.65,106.65,0.300000000006));
#1838 = VECTOR('',#1839,1.);
#1839 = DIRECTION('',(4.329780281177E-17,-0.707106781187,-0.707106781187
    ));
#1840 = PCURVE('',#983,#1841);
#1841 = DEFINITIONAL_REPRESENTATION('',(#1842),#1846);
#1842 = LINE('',#1843,#1844);
#1843 = CARTESIAN_POINT('',(8.714832998352E-33,-0.212132034356));
#1844 = VECTOR('',#1845,1.);
#1845 = DIRECTION('',(-4.329780281177E-17,1.));
#1846 = ( GEOMETRIC_REPRESENTATION_CONTEXT(2) 
PARAMETRIC_REPRESENTATION_CONTEXT() REPRESENTATION_CONTEXT('2D SPACE',''
  ) );
#1847 = PCURVE('',#1016,#1848);
#1848 = DEFINITIONAL_REPRESENTATION('',(#1849),#1853);
#1849 = LINE('',#1850,#1851);
#1850 = CARTESIAN_POINT('',(-1.570796326795,-0.));
#1851 = VECTOR('',#1852,1.);
#1852 = DIRECTION('',(-0.,-1.));
#1853 = ( GEOMETRIC_REPRESENTATION_CONTEXT(2) 
PARAMETRIC_REPRESENTATION_CONTEXT() REPRESENTATION_CONTEXT('2D SPACE',''
  ) );
#1854 = ORIENTED_EDGE('',*,*,#1855,.T.);
#1855 = EDGE_CURVE('',#1630,#1394,#1856,.T.);
#1856 = SURFACE_CURVE('',#1857,(#1861,#1868),.PCURVE_S1.);
#1857 = LINE('',#1858,#1859);
#1858 = CARTESIAN_POINT('',(42.65,106.65,0.300000000006));
#1859 = VECTOR('',#1860,1.);
#1860 = DIRECTION('',(1.,0.,0.));
#1861 = PCURVE('',#983,#1862);
#1862 = DEFINITIONAL_REPRESENTATION('',(#1863),#1867);
#1863 = LINE('',#1864,#1865);
#1864 = CARTESIAN_POINT('',(8.714832998352E-33,-0.212132034356));
#1865 = VECTOR('',#1866,1.);
#1866 = DIRECTION('',(-1.,0.));
#1867 = ( GEOMETRIC_REPRESENTATION_CONTEXT(2) 
PARAMETRIC_REPRESENTATION_CONTEXT() REPRESENTATION_CONTEXT('2D SPACE',''
  ) );
#1868 = PCURVE('',#1433,#1869);
#1869 = DEFINITIONAL_REPRESENTATION('',(#1870),#1874);
#1870 = LINE('',#1871,#1872);
#1871 = CARTESIAN_POINT('',(0.3,2.));
#1872 = VECTOR('',#1873,1.);
#1873 = DIRECTION('',(0.,1.));
#1874 = ( GEOMETRIC_REPRESENTATION_CONTEXT(2) 
PARAMETRIC_REPRESENTATION_CONTEXT() REPRESENTATION_CONTEXT('2D SPACE',''
  ) );
#1875 = ORIENTED_EDGE('',*,*,#1807,.T.);
#1876 = ORIENTED_EDGE('',*,*,#967,.F.);
#1877 = ADVANCED_FACE('',(#1878),#1016,.T.);
#1878 = FACE_BOUND('',#1879,.T.);
#1879 = EDGE_LOOP('',(#1880,#1881,#1882,#1883));
#1880 = ORIENTED_EDGE('',*,*,#1340,.F.);
#1881 = ORIENTED_EDGE('',*,*,#1629,.T.);
#1882 = ORIENTED_EDGE('',*,*,#1834,.T.);
#1883 = ORIENTED_EDGE('',*,*,#995,.F.);
#1884 = ADVANCED_FACE('',(#1885),#1073,.F.);
#1885 = FACE_BOUND('',#1886,.T.);
#1886 = EDGE_LOOP('',(#1887,#1888,#1909,#1910));
#1887 = ORIENTED_EDGE('',*,*,#1052,.T.);
#1888 = ORIENTED_EDGE('',*,*,#1889,.T.);
#1889 = EDGE_CURVE('',#1053,#1682,#1890,.T.);
#1890 = SEAM_CURVE('',#1891,(#1895,#1902),.PCURVE_S1.);
#1891 = LINE('',#1892,#1893);
#1892 = CARTESIAN_POINT('',(21.375,7.941257864546,-9.999999999408E-02));
#1893 = VECTOR('',#1894,1.);
#1894 = DIRECTION('',(0.,0.,1.));
#1895 = PCURVE('',#1073,#1896);
#1896 = DEFINITIONAL_REPRESENTATION('',(#1897),#1901);
#1897 = LINE('',#1898,#1899);
#1898 = CARTESIAN_POINT('',(-6.28318530718,0.));
#1899 = VECTOR('',#1900,1.);
#1900 = DIRECTION('',(-0.,-1.));
#1901 = ( GEOMETRIC_REPRESENTATION_CONTEXT(2) 
PARAMETRIC_REPRESENTATION_CONTEXT() REPRESENTATION_CONTEXT('2D SPACE',''
  ) );
#1902 = PCURVE('',#1073,#1903);
#1903 = DEFINITIONAL_REPRESENTATION('',(#1904),#1908);
#1904 = LINE('',#1905,#1906);
#1905 = CARTESIAN_POINT('',(-0.,0.));
#1906 = VECTOR('',#1907,1.);
#1907 = DIRECTION('',(-0.,-1.));
#1908 = ( GEOMETRIC_REPRESENTATION_CONTEXT(2) 
PARAMETRIC_REPRESENTATION_CONTEXT() REPRESENTATION_CONTEXT('2D SPACE',''
  ) );
#1909 = ORIENTED_EDGE('',*,*,#1681,.F.);
#1910 = ORIENTED_EDGE('',*,*,#1889,.F.);
#1911 = ADVANCED_FACE('',(#1912),#1106,.F.);
#1912 = FACE_BOUND('',#1913,.T.);
#1913 = EDGE_LOOP('',(#1914,#1915,#1942,#1974,#2003,#2035));
#1914 = ORIENTED_EDGE('',*,*,#1087,.F.);
#1915 = ORIENTED_EDGE('',*,*,#1916,.T.);
#1916 = EDGE_CURVE('',#1088,#1917,#1919,.T.);
#1917 = VERTEX_POINT('',#1918);
#1918 = CARTESIAN_POINT('',(40.65,64.110198469785,0.300000000006));
#1919 = SURFACE_CURVE('',#1920,(#1925,#1935),.PCURVE_S1.);
#1920 = PARABOLA('',#1921,8.39689302659);
#1921 = AXIS2_PLACEMENT_3D('',#1922,#1923,#1924);
#1922 = CARTESIAN_POINT('',(24.775,36.65,16.175000000006));
#1923 = DIRECTION('',(-0.707106781187,0.,-0.707106781187));
#1924 = DIRECTION('',(0.707106781187,0.,-0.707106781187));
#1925 = PCURVE('',#1106,#1926);
#1926 = DEFINITIONAL_REPRESENTATION('',(#1927),#1934);
#1927 = B_SPLINE_CURVE_WITH_KNOTS('',5,(#1928,#1929,#1930,#1931,#1932,
    #1933),.UNSPECIFIED.,.F.,.F.,(6,6),(-27.71845053389,-27.4342395557),
  .PIECEWISE_BEZIER_KNOTS.);
#1928 = CARTESIAN_POINT('',(11.149478830543,0.4));
#1929 = CARTESIAN_POINT('',(11.147452370806,0.333659891031));
#1930 = CARTESIAN_POINT('',(11.145419920179,0.267489836547));
#1931 = CARTESIAN_POINT('',(11.143381451909,0.201489836546));
#1932 = CARTESIAN_POINT('',(11.14133693913,0.135659891031));
#1933 = CARTESIAN_POINT('',(11.139286354872,6.999999999979E-02));
#1934 = ( GEOMETRIC_REPRESENTATION_CONTEXT(2) 
PARAMETRIC_REPRESENTATION_CONTEXT() REPRESENTATION_CONTEXT('2D SPACE',''
  ) );
#1935 = PCURVE('',#1134,#1936);
#1936 = DEFINITIONAL_REPRESENTATION('',(#1937),#1941);
#1937 = PARABOLA('',#1938,8.39689302659);
#1938 = AXIS2_PLACEMENT_2D('',#1939,#1940);
#1939 = CARTESIAN_POINT('',(-26.,-22.66277233702));
#1940 = DIRECTION('',(0.,1.));
#1941 = ( GEOMETRIC_REPRESENTATION_CONTEXT(2) 
PARAMETRIC_REPRESENTATION_CONTEXT() REPRESENTATION_CONTEXT('2D SPACE',''
  ) );
#1942 = ORIENTED_EDGE('',*,*,#1943,.F.);
#1943 = EDGE_CURVE('',#1944,#1917,#1946,.T.);
#1944 = VERTEX_POINT('',#1945);
#1945 = CARTESIAN_POINT('',(40.65,64.009139240846,0.400000000006));
#1946 = SURFACE_CURVE('',#1947,(#1952,#1962),.PCURVE_S1.);
#1947 = HYPERBOLA('',#1948,4.,4.);
#1948 = AXIS2_PLACEMENT_3D('',#1949,#1950,#1951);
#1949 = CARTESIAN_POINT('',(40.65,36.65,28.050000000006));
#1950 = DIRECTION('',(1.,0.,0.));
#1951 = DIRECTION('',(0.,0.,-1.));
#1952 = PCURVE('',#1106,#1953);
#1953 = DEFINITIONAL_REPRESENTATION('',(#1954),#1961);
#1954 = B_SPLINE_CURVE_WITH_KNOTS('',5,(#1955,#1956,#1957,#1958,#1959,
    #1960),.UNSPECIFIED.,.F.,.F.,(6,6),(2.621204978324,2.635718370986),
  .PIECEWISE_BEZIER_KNOTS.);
#1955 = CARTESIAN_POINT('',(11.140749156274,-1.59872115546E-14));
#1956 = CARTESIAN_POINT('',(11.140329238945,7.941478614126E-02));
#1957 = CARTESIAN_POINT('',(11.139910829196,0.159120780101));
#1958 = CARTESIAN_POINT('',(11.139493919963,0.239119375863));
#1959 = CARTESIAN_POINT('',(11.13907850423,0.319411977637));
#1960 = CARTESIAN_POINT('',(11.138664575028,0.4));
#1961 = ( GEOMETRIC_REPRESENTATION_CONTEXT(2) 
PARAMETRIC_REPRESENTATION_CONTEXT() REPRESENTATION_CONTEXT('2D SPACE',''
  ) );
#1962 = PCURVE('',#1963,#1968);
#1963 = PLANE('',#1964);
#1964 = AXIS2_PLACEMENT_3D('',#1965,#1966,#1967);
#1965 = CARTESIAN_POINT('',(40.65,60.65,5.911715561524E-12));
#1966 = DIRECTION('',(1.,0.,0.));
#1967 = DIRECTION('',(0.,0.,1.));
#1968 = DEFINITIONAL_REPRESENTATION('',(#1969),#1973);
#1969 = HYPERBOLA('',#1970,4.,4.);
#1970 = AXIS2_PLACEMENT_2D('',#1971,#1972);
#1971 = CARTESIAN_POINT('',(28.05,24.));
#1972 = DIRECTION('',(-1.,0.));
#1973 = ( GEOMETRIC_REPRESENTATION_CONTEXT(2) 
PARAMETRIC_REPRESENTATION_CONTEXT() REPRESENTATION_CONTEXT('2D SPACE',''
  ) );
#1974 = ORIENTED_EDGE('',*,*,#1975,.T.);
#1975 = EDGE_CURVE('',#1944,#1976,#1978,.T.);
#1976 = VERTEX_POINT('',#1977);
#1977 = CARTESIAN_POINT('',(50.380349594967,60.65,0.400000000006));
#1978 = SURFACE_CURVE('',#1979,(#1984,#1991),.PCURVE_S1.);
#1979 = CIRCLE('',#1980,27.65);
#1980 = AXIS2_PLACEMENT_3D('',#1981,#1982,#1983);
#1981 = CARTESIAN_POINT('',(36.65,36.65,0.400000000006));
#1982 = DIRECTION('',(0.,-0.,1.));
#1983 = DIRECTION('',(0.144665461121,0.989480623539,0.));
#1984 = PCURVE('',#1106,#1985);
#1985 = DEFINITIONAL_REPRESENTATION('',(#1986),#1990);
#1986 = LINE('',#1987,#1988);
#1987 = CARTESIAN_POINT('',(11.140749156274,-0.));
#1988 = VECTOR('',#1989,1.);
#1989 = DIRECTION('',(-1.,-0.));
#1990 = ( GEOMETRIC_REPRESENTATION_CONTEXT(2) 
PARAMETRIC_REPRESENTATION_CONTEXT() REPRESENTATION_CONTEXT('2D SPACE',''
  ) );
#1991 = PCURVE('',#1992,#1997);
#1992 = CYLINDRICAL_SURFACE('',#1993,27.65);
#1993 = AXIS2_PLACEMENT_3D('',#1994,#1995,#1996);
#1994 = CARTESIAN_POINT('',(36.65,36.65,-0.999999999994));
#1995 = DIRECTION('',(-0.,-0.,-1.));
#1996 = DIRECTION('',(1.,0.,0.));
#1997 = DEFINITIONAL_REPRESENTATION('',(#1998),#2002);
#1998 = LINE('',#1999,#2000);
#1999 = CARTESIAN_POINT('',(-1.425621458085,-1.4));
#2000 = VECTOR('',#2001,1.);
#2001 = DIRECTION('',(-1.,0.));
#2002 = ( GEOMETRIC_REPRESENTATION_CONTEXT(2) 
PARAMETRIC_REPRESENTATION_CONTEXT() REPRESENTATION_CONTEXT('2D SPACE',''
  ) );
#2003 = ORIENTED_EDGE('',*,*,#2004,.F.);
#2004 = EDGE_CURVE('',#2005,#1976,#2007,.T.);
#2005 = VERTEX_POINT('',#2006);
#2006 = CARTESIAN_POINT('',(50.580631715755,60.65,0.300000000006));
#2007 = SURFACE_CURVE('',#2008,(#2013,#2023),.PCURVE_S1.);
#2008 = HYPERBOLA('',#2009,24.,24.);
#2009 = AXIS2_PLACEMENT_3D('',#2010,#2011,#2012);
#2010 = CARTESIAN_POINT('',(36.65,60.65,28.050000000006));
#2011 = DIRECTION('',(0.,1.,0.));
#2012 = DIRECTION('',(0.,0.,-1.));
#2013 = PCURVE('',#1106,#2014);
#2014 = DEFINITIONAL_REPRESENTATION('',(#2015),#2022);
#2015 = B_SPLINE_CURVE_WITH_KNOTS('',5,(#2016,#2017,#2018,#2019,#2020,
    #2021),.UNSPECIFIED.,.F.,.F.,(6,6),(-0.573073379926,-0.544752290338)
  ,.PIECEWISE_BEZIER_KNOTS.);
#2016 = CARTESIAN_POINT('',(5.256447536559,0.4));
#2017 = CARTESIAN_POINT('',(5.251601146897,0.317760997879));
#2018 = CARTESIAN_POINT('',(5.246736995994,0.236646918729));
#2019 = CARTESIAN_POINT('',(5.241855234205,0.156652265671));
#2020 = CARTESIAN_POINT('',(5.236956019942,7.77716921907E-02));
#2021 = CARTESIAN_POINT('',(5.232039519761,7.105427357601E-15));
#2022 = ( GEOMETRIC_REPRESENTATION_CONTEXT(2) 
PARAMETRIC_REPRESENTATION_CONTEXT() REPRESENTATION_CONTEXT('2D SPACE',''
  ) );
#2023 = PCURVE('',#2024,#2029);
#2024 = PLANE('',#2025);
#2025 = AXIS2_PLACEMENT_3D('',#2026,#2027,#2028);
#2026 = CARTESIAN_POINT('',(40.65,60.65,5.911715561524E-12));
#2027 = DIRECTION('',(0.,1.,0.));
#2028 = DIRECTION('',(0.,0.,1.));
#2029 = DEFINITIONAL_REPRESENTATION('',(#2030),#2034);
#2030 = HYPERBOLA('',#2031,24.,24.);
#2031 = AXIS2_PLACEMENT_2D('',#2032,#2033);
#2032 = CARTESIAN_POINT('',(28.05,-4.));
#2033 = DIRECTION('',(-1.,0.));
#2034 = ( GEOMETRIC_REPRESENTATION_CONTEXT(2) 
PARAMETRIC_REPRESENTATION_CONTEXT() REPRESENTATION_CONTEXT('2D SPACE',''
  ) );
#2035 = ORIENTED_EDGE('',*,*,#2036,.T.);
#2036 = EDGE_CURVE('',#2005,#1090,#2037,.T.);
#2037 = SURFACE_CURVE('',#2038,(#2043,#2053),.PCURVE_S1.);
#2038 = PARABOLA('',#2039,1.325825214724);
#2039 = AXIS2_PLACEMENT_3D('',#2040,#2041,#2042);
#2040 = CARTESIAN_POINT('',(36.65,34.775,26.175000000006));
#2041 = DIRECTION('',(0.,-0.707106781187,-0.707106781187));
#2042 = DIRECTION('',(-0.,0.707106781187,-0.707106781187));
#2043 = PCURVE('',#1106,#2044);
#2044 = DEFINITIONAL_REPRESENTATION('',(#2045),#2052);
#2045 = B_SPLINE_CURVE_WITH_KNOTS('',5,(#2046,#2047,#2048,#2049,#2050,
    #2051),.UNSPECIFIED.,.F.,.F.,(6,6),(13.922553645075,14.011156269202)
  ,.PIECEWISE_BEZIER_KNOTS.);
#2046 = CARTESIAN_POINT('',(5.23859544805,7.00000000046E-02));
#2047 = CARTESIAN_POINT('',(5.237956179478,0.135790655338));
#2048 = CARTESIAN_POINT('',(5.237318807456,0.201685983005));
#2049 = CARTESIAN_POINT('',(5.236683321003,0.267685983005));
#2050 = CARTESIAN_POINT('',(5.236049709262,0.333790655339));
#2051 = CARTESIAN_POINT('',(5.235417961497,0.400000000006));
#2052 = ( GEOMETRIC_REPRESENTATION_CONTEXT(2) 
PARAMETRIC_REPRESENTATION_CONTEXT() REPRESENTATION_CONTEXT('2D SPACE',''
  ) );
#2053 = PCURVE('',#1193,#2054);
#2054 = DEFINITIONAL_REPRESENTATION('',(#2055),#2059);
#2055 = PARABOLA('',#2056,1.325825214724);
#2056 = AXIS2_PLACEMENT_2D('',#2057,#2058);
#2057 = CARTESIAN_POINT('',(18.,-36.80490796076));
#2058 = DIRECTION('',(0.,1.));
#2059 = ( GEOMETRIC_REPRESENTATION_CONTEXT(2) 
PARAMETRIC_REPRESENTATION_CONTEXT() REPRESENTATION_CONTEXT('2D SPACE',''
  ) );
#2060 = ADVANCED_FACE('',(#2061),#1134,.T.);
#2061 = FACE_BOUND('',#2062,.T.);
#2062 = EDGE_LOOP('',(#2063,#2086,#2107,#2108));
#2063 = ORIENTED_EDGE('',*,*,#2064,.F.);
#2064 = EDGE_CURVE('',#2065,#1119,#2067,.T.);
#2065 = VERTEX_POINT('',#2066);
#2066 = CARTESIAN_POINT('',(40.65,62.65,0.300000000006));
#2067 = SURFACE_CURVE('',#2068,(#2072,#2079),.PCURVE_S1.);
#2068 = LINE('',#2069,#2070);
#2069 = CARTESIAN_POINT('',(40.8,62.65,0.150000000006));
#2070 = VECTOR('',#2071,1.);
#2071 = DIRECTION('',(0.707106781187,0.,-0.707106781187));
#2072 = PCURVE('',#1134,#2073);
#2073 = DEFINITIONAL_REPRESENTATION('',(#2074),#2078);
#2074 = LINE('',#2075,#2076);
#2075 = CARTESIAN_POINT('',(0.,0.));
#2076 = VECTOR('',#2077,1.);
#2077 = DIRECTION('',(0.,1.));
#2078 = ( GEOMETRIC_REPRESENTATION_CONTEXT(2) 
PARAMETRIC_REPRESENTATION_CONTEXT() REPRESENTATION_CONTEXT('2D SPACE',''
  ) );
#2079 = PCURVE('',#1167,#2080);
#2080 = DEFINITIONAL_REPRESENTATION('',(#2081),#2085);
#2081 = LINE('',#2082,#2083);
#2082 = CARTESIAN_POINT('',(-1.570796326795,-0.15));
#2083 = VECTOR('',#2084,1.);
#2084 = DIRECTION('',(-0.,-1.));
#2085 = ( GEOMETRIC_REPRESENTATION_CONTEXT(2) 
PARAMETRIC_REPRESENTATION_CONTEXT() REPRESENTATION_CONTEXT('2D SPACE',''
  ) );
#2086 = ORIENTED_EDGE('',*,*,#2087,.T.);
#2087 = EDGE_CURVE('',#2065,#1917,#2088,.T.);
#2088 = SURFACE_CURVE('',#2089,(#2093,#2100),.PCURVE_S1.);
#2089 = LINE('',#2090,#2091);
#2090 = CARTESIAN_POINT('',(40.65,62.65,0.300000000006));
#2091 = VECTOR('',#2092,1.);
#2092 = DIRECTION('',(0.,1.,0.));
#2093 = PCURVE('',#1134,#2094);
#2094 = DEFINITIONAL_REPRESENTATION('',(#2095),#2099);
#2095 = LINE('',#2096,#2097);
#2096 = CARTESIAN_POINT('',(0.,-0.212132034356));
#2097 = VECTOR('',#2098,1.);
#2098 = DIRECTION('',(1.,0.));
#2099 = ( GEOMETRIC_REPRESENTATION_CONTEXT(2) 
PARAMETRIC_REPRESENTATION_CONTEXT() REPRESENTATION_CONTEXT('2D SPACE',''
  ) );
#2100 = PCURVE('',#1963,#2101);
#2101 = DEFINITIONAL_REPRESENTATION('',(#2102),#2106);
#2102 = LINE('',#2103,#2104);
#2103 = CARTESIAN_POINT('',(0.3,-2.));
#2104 = VECTOR('',#2105,1.);
#2105 = DIRECTION('',(0.,-1.));
#2106 = ( GEOMETRIC_REPRESENTATION_CONTEXT(2) 
PARAMETRIC_REPRESENTATION_CONTEXT() REPRESENTATION_CONTEXT('2D SPACE',''
  ) );
#2107 = ORIENTED_EDGE('',*,*,#1916,.F.);
#2108 = ORIENTED_EDGE('',*,*,#1118,.F.);
#2109 = ADVANCED_FACE('',(#2110),#1193,.T.);
#2110 = FACE_BOUND('',#2111,.T.);
#2111 = EDGE_LOOP('',(#2112,#2113,#2136,#2157));
#2112 = ORIENTED_EDGE('',*,*,#2036,.F.);
#2113 = ORIENTED_EDGE('',*,*,#2114,.T.);
#2114 = EDGE_CURVE('',#2005,#2115,#2117,.T.);
#2115 = VERTEX_POINT('',#2116);
#2116 = CARTESIAN_POINT('',(42.65,60.65,0.300000000006));
#2117 = SURFACE_CURVE('',#2118,(#2122,#2129),.PCURVE_S1.);
#2118 = LINE('',#2119,#2120);
#2119 = CARTESIAN_POINT('',(54.65,60.65,0.300000000006));
#2120 = VECTOR('',#2121,1.);
#2121 = DIRECTION('',(-1.,-0.,-0.));
#2122 = PCURVE('',#1193,#2123);
#2123 = DEFINITIONAL_REPRESENTATION('',(#2124),#2128);
#2124 = LINE('',#2125,#2126);
#2125 = CARTESIAN_POINT('',(0.,-0.212132034356));
#2126 = VECTOR('',#2127,1.);
#2127 = DIRECTION('',(1.,0.));
#2128 = ( GEOMETRIC_REPRESENTATION_CONTEXT(2) 
PARAMETRIC_REPRESENTATION_CONTEXT() REPRESENTATION_CONTEXT('2D SPACE',''
  ) );
#2129 = PCURVE('',#2024,#2130);
#2130 = DEFINITIONAL_REPRESENTATION('',(#2131),#2135);
#2131 = LINE('',#2132,#2133);
#2132 = CARTESIAN_POINT('',(0.3,14.));
#2133 = VECTOR('',#2134,1.);
#2134 = DIRECTION('',(0.,-1.));
#2135 = ( GEOMETRIC_REPRESENTATION_CONTEXT(2) 
PARAMETRIC_REPRESENTATION_CONTEXT() REPRESENTATION_CONTEXT('2D SPACE',''
  ) );
#2136 = ORIENTED_EDGE('',*,*,#2137,.T.);
#2137 = EDGE_CURVE('',#2115,#1147,#2138,.T.);
#2138 = SURFACE_CURVE('',#2139,(#2143,#2150),.PCURVE_S1.);
#2139 = LINE('',#2140,#2141);
#2140 = CARTESIAN_POINT('',(42.65,60.8,0.150000000006));
#2141 = VECTOR('',#2142,1.);
#2142 = DIRECTION('',(-0.,0.707106781187,-0.707106781187));
#2143 = PCURVE('',#1193,#2144);
#2144 = DEFINITIONAL_REPRESENTATION('',(#2145),#2149);
#2145 = LINE('',#2146,#2147);
#2146 = CARTESIAN_POINT('',(12.,0.));
#2147 = VECTOR('',#2148,1.);
#2148 = DIRECTION('',(0.,1.));
#2149 = ( GEOMETRIC_REPRESENTATION_CONTEXT(2) 
PARAMETRIC_REPRESENTATION_CONTEXT() REPRESENTATION_CONTEXT('2D SPACE',''
  ) );
#2150 = PCURVE('',#1167,#2151);
#2151 = DEFINITIONAL_REPRESENTATION('',(#2152),#2156);
#2152 = LINE('',#2153,#2154);
#2153 = CARTESIAN_POINT('',(-0.,-0.15));
#2154 = VECTOR('',#2155,1.);
#2155 = DIRECTION('',(-0.,-1.));
#2156 = ( GEOMETRIC_REPRESENTATION_CONTEXT(2) 
PARAMETRIC_REPRESENTATION_CONTEXT() REPRESENTATION_CONTEXT('2D SPACE',''
  ) );
#2157 = ORIENTED_EDGE('',*,*,#1179,.F.);
#2158 = ADVANCED_FACE('',(#2159),#1167,.T.);
#2159 = FACE_BOUND('',#2160,.T.);
#2160 = EDGE_LOOP('',(#2161,#2162,#2189,#2190));
#2161 = ORIENTED_EDGE('',*,*,#2137,.F.);
#2162 = ORIENTED_EDGE('',*,*,#2163,.T.);
#2163 = EDGE_CURVE('',#2115,#2065,#2164,.T.);
#2164 = SURFACE_CURVE('',#2165,(#2170,#2177),.PCURVE_S1.);
#2165 = CIRCLE('',#2166,2.);
#2166 = AXIS2_PLACEMENT_3D('',#2167,#2168,#2169);
#2167 = CARTESIAN_POINT('',(42.65,62.65,0.300000000006));
#2168 = DIRECTION('',(-0.,-0.,-1.));
#2169 = DIRECTION('',(0.,-1.,0.));
#2170 = PCURVE('',#1167,#2171);
#2171 = DEFINITIONAL_REPRESENTATION('',(#2172),#2176);
#2172 = LINE('',#2173,#2174);
#2173 = CARTESIAN_POINT('',(-0.,-0.));
#2174 = VECTOR('',#2175,1.);
#2175 = DIRECTION('',(-1.,-0.));
#2176 = ( GEOMETRIC_REPRESENTATION_CONTEXT(2) 
PARAMETRIC_REPRESENTATION_CONTEXT() REPRESENTATION_CONTEXT('2D SPACE',''
  ) );
#2177 = PCURVE('',#2178,#2183);
#2178 = CYLINDRICAL_SURFACE('',#2179,2.);
#2179 = AXIS2_PLACEMENT_3D('',#2180,#2181,#2182);
#2180 = CARTESIAN_POINT('',(42.65,62.65,5.911715561524E-12));
#2181 = DIRECTION('',(0.,0.,1.));
#2182 = DIRECTION('',(-1.,-0.,0.));
#2183 = DEFINITIONAL_REPRESENTATION('',(#2184),#2188);
#2184 = LINE('',#2185,#2186);
#2185 = CARTESIAN_POINT('',(1.570796326795,0.3));
#2186 = VECTOR('',#2187,1.);
#2187 = DIRECTION('',(-1.,-0.));
#2188 = ( GEOMETRIC_REPRESENTATION_CONTEXT(2) 
PARAMETRIC_REPRESENTATION_CONTEXT() REPRESENTATION_CONTEXT('2D SPACE',''
  ) );
#2189 = ORIENTED_EDGE('',*,*,#2064,.T.);
#2190 = ORIENTED_EDGE('',*,*,#1146,.F.);
#2191 = ADVANCED_FACE('',(#2192),#1228,.F.);
#2192 = FACE_BOUND('',#2193,.T.);
#2193 = EDGE_LOOP('',(#2194,#2195,#2216,#2217));
#2194 = ORIENTED_EDGE('',*,*,#1207,.T.);
#2195 = ORIENTED_EDGE('',*,*,#2196,.T.);
#2196 = EDGE_CURVE('',#1208,#1777,#2197,.T.);
#2197 = SEAM_CURVE('',#2198,(#2202,#2209),.PCURVE_S1.);
#2198 = LINE('',#2199,#2200);
#2199 = CARTESIAN_POINT('',(71.1,36.65,-9.999999999408E-02));
#2200 = VECTOR('',#2201,1.);
#2201 = DIRECTION('',(0.,0.,1.));
#2202 = PCURVE('',#1228,#2203);
#2203 = DEFINITIONAL_REPRESENTATION('',(#2204),#2208);
#2204 = LINE('',#2205,#2206);
#2205 = CARTESIAN_POINT('',(-6.28318530718,0.));
#2206 = VECTOR('',#2207,1.);
#2207 = DIRECTION('',(-0.,-1.));
#2208 = ( GEOMETRIC_REPRESENTATION_CONTEXT(2) 
PARAMETRIC_REPRESENTATION_CONTEXT() REPRESENTATION_CONTEXT('2D SPACE',''
  ) );
#2209 = PCURVE('',#1228,#2210);
#2210 = DEFINITIONAL_REPRESENTATION('',(#2211),#2215);
#2211 = LINE('',#2212,#2213);
#2212 = CARTESIAN_POINT('',(-0.,0.));
#2213 = VECTOR('',#2214,1.);
#2214 = DIRECTION('',(-0.,-1.));
#2215 = ( GEOMETRIC_REPRESENTATION_CONTEXT(2) 
PARAMETRIC_REPRESENTATION_CONTEXT() REPRESENTATION_CONTEXT('2D SPACE',''
  ) );
#2216 = ORIENTED_EDGE('',*,*,#1776,.F.);
#2217 = ORIENTED_EDGE('',*,*,#2196,.F.);
#2218 = ADVANCED_FACE('',(#2219),#1263,.F.);
#2219 = FACE_BOUND('',#2220,.T.);
#2220 = EDGE_LOOP('',(#2221,#2222,#2243,#2244));
#2221 = ORIENTED_EDGE('',*,*,#1242,.T.);
#2222 = ORIENTED_EDGE('',*,*,#2223,.T.);
#2223 = EDGE_CURVE('',#1243,#1747,#2224,.T.);
#2224 = SEAM_CURVE('',#2225,(#2229,#2236),.PCURVE_S1.);
#2225 = LINE('',#2226,#2227);
#2226 = CARTESIAN_POINT('',(21.375,65.358742135454,-9.999999999408E-02)
  );
#2227 = VECTOR('',#2228,1.);
#2228 = DIRECTION('',(0.,0.,1.));
#2229 = PCURVE('',#1263,#2230);
#2230 = DEFINITIONAL_REPRESENTATION('',(#2231),#2235);
#2231 = LINE('',#2232,#2233);
#2232 = CARTESIAN_POINT('',(-6.28318530718,0.));
#2233 = VECTOR('',#2234,1.);
#2234 = DIRECTION('',(-0.,-1.));
#2235 = ( GEOMETRIC_REPRESENTATION_CONTEXT(2) 
PARAMETRIC_REPRESENTATION_CONTEXT() REPRESENTATION_CONTEXT('2D SPACE',''
  ) );
#2236 = PCURVE('',#1263,#2237);
#2237 = DEFINITIONAL_REPRESENTATION('',(#2238),#2242);
#2238 = LINE('',#2239,#2240);
#2239 = CARTESIAN_POINT('',(-0.,0.));
#2240 = VECTOR('',#2241,1.);
#2241 = DIRECTION('',(-0.,-1.));
#2242 = ( GEOMETRIC_REPRESENTATION_CONTEXT(2) 
PARAMETRIC_REPRESENTATION_CONTEXT() REPRESENTATION_CONTEXT('2D SPACE',''
  ) );
#2243 = ORIENTED_EDGE('',*,*,#1746,.F.);
#2244 = ORIENTED_EDGE('',*,*,#2223,.F.);
#2245 = ADVANCED_FACE('',(#2246),#1433,.T.);
#2246 = FACE_BOUND('',#2247,.T.);
#2247 = EDGE_LOOP('',(#2248,#2249,#2250,#2251));
#2248 = ORIENTED_EDGE('',*,*,#1653,.T.);
#2249 = ORIENTED_EDGE('',*,*,#1548,.T.);
#2250 = ORIENTED_EDGE('',*,*,#1417,.F.);
#2251 = ORIENTED_EDGE('',*,*,#1855,.F.);
#2252 = ADVANCED_FACE('',(#2253),#1732,.F.);
#2253 = FACE_BOUND('',#2254,.F.);
#2254 = EDGE_LOOP('',(#2255,#2278,#2279,#2280));
#2255 = ORIENTED_EDGE('',*,*,#2256,.F.);
#2256 = EDGE_CURVE('',#1712,#2257,#2259,.T.);
#2257 = VERTEX_POINT('',#2258);
#2258 = CARTESIAN_POINT('',(66.4,36.65,6.200000000006));
#2259 = SEAM_CURVE('',#2260,(#2264,#2271),.PCURVE_S1.);
#2260 = LINE('',#2261,#2262);
#2261 = CARTESIAN_POINT('',(66.4,36.65,6.200000000006));
#2262 = VECTOR('',#2263,1.);
#2263 = DIRECTION('',(-0.707106781187,0.,-0.707106781187));
#2264 = PCURVE('',#1732,#2265);
#2265 = DEFINITIONAL_REPRESENTATION('',(#2266),#2270);
#2266 = LINE('',#2267,#2268);
#2267 = CARTESIAN_POINT('',(-0.,-0.));
#2268 = VECTOR('',#2269,1.);
#2269 = DIRECTION('',(-0.,-1.));
#2270 = ( GEOMETRIC_REPRESENTATION_CONTEXT(2) 
PARAMETRIC_REPRESENTATION_CONTEXT() REPRESENTATION_CONTEXT('2D SPACE',''
  ) );
#2271 = PCURVE('',#1732,#2272);
#2272 = DEFINITIONAL_REPRESENTATION('',(#2273),#2277);
#2273 = LINE('',#2274,#2275);
#2274 = CARTESIAN_POINT('',(-6.28318530718,-0.));
#2275 = VECTOR('',#2276,1.);
#2276 = DIRECTION('',(-0.,-1.));
#2277 = ( GEOMETRIC_REPRESENTATION_CONTEXT(2) 
PARAMETRIC_REPRESENTATION_CONTEXT() REPRESENTATION_CONTEXT('2D SPACE',''
  ) );
#2278 = ORIENTED_EDGE('',*,*,#1711,.T.);
#2279 = ORIENTED_EDGE('',*,*,#2256,.T.);
#2280 = ORIENTED_EDGE('',*,*,#2281,.F.);
#2281 = EDGE_CURVE('',#2257,#2257,#2282,.T.);
#2282 = SURFACE_CURVE('',#2283,(#2288,#2295),.PCURVE_S1.);
#2283 = CIRCLE('',#2284,29.75);
#2284 = AXIS2_PLACEMENT_3D('',#2285,#2286,#2287);
#2285 = CARTESIAN_POINT('',(36.65,36.65,6.200000000006));
#2286 = DIRECTION('',(0.,-0.,-1.));
#2287 = DIRECTION('',(1.,0.,-0.));
#2288 = PCURVE('',#1732,#2289);
#2289 = DEFINITIONAL_REPRESENTATION('',(#2290),#2294);
#2290 = LINE('',#2291,#2292);
#2291 = CARTESIAN_POINT('',(-0.,-0.));
#2292 = VECTOR('',#2293,1.);
#2293 = DIRECTION('',(-1.,-0.));
#2294 = ( GEOMETRIC_REPRESENTATION_CONTEXT(2) 
PARAMETRIC_REPRESENTATION_CONTEXT() REPRESENTATION_CONTEXT('2D SPACE',''
  ) );
#2295 = PCURVE('',#2296,#2301);
#2296 = CYLINDRICAL_SURFACE('',#2297,29.75);
#2297 = AXIS2_PLACEMENT_3D('',#2298,#2299,#2300);
#2298 = CARTESIAN_POINT('',(36.65,36.65,4.000000000006));
#2299 = DIRECTION('',(-0.,-0.,-1.));
#2300 = DIRECTION('',(1.,0.,0.));
#2301 = DEFINITIONAL_REPRESENTATION('',(#2302),#2306);
#2302 = LINE('',#2303,#2304);
#2303 = CARTESIAN_POINT('',(-6.28318530718,-2.2));
#2304 = VECTOR('',#2305,1.);
#2305 = DIRECTION('',(1.,-0.));
#2306 = ( GEOMETRIC_REPRESENTATION_CONTEXT(2) 
PARAMETRIC_REPRESENTATION_CONTEXT() REPRESENTATION_CONTEXT('2D SPACE',''
  ) );
#2307 = ADVANCED_FACE('',(#2308),#1963,.F.);
#2308 = FACE_BOUND('',#2309,.F.);
#2309 = EDGE_LOOP('',(#2310,#2333,#2334,#2335,#2358));
#2310 = ORIENTED_EDGE('',*,*,#2311,.F.);
#2311 = EDGE_CURVE('',#2065,#2312,#2314,.T.);
#2312 = VERTEX_POINT('',#2313);
#2313 = CARTESIAN_POINT('',(40.65,62.65,3.700000000006));
#2314 = SURFACE_CURVE('',#2315,(#2319,#2326),.PCURVE_S1.);
#2315 = LINE('',#2316,#2317);
#2316 = CARTESIAN_POINT('',(40.65,62.65,5.911715561524E-12));
#2317 = VECTOR('',#2318,1.);
#2318 = DIRECTION('',(0.,0.,1.));
#2319 = PCURVE('',#1963,#2320);
#2320 = DEFINITIONAL_REPRESENTATION('',(#2321),#2325);
#2321 = LINE('',#2322,#2323);
#2322 = CARTESIAN_POINT('',(0.,-2.));
#2323 = VECTOR('',#2324,1.);
#2324 = DIRECTION('',(1.,0.));
#2325 = ( GEOMETRIC_REPRESENTATION_CONTEXT(2) 
PARAMETRIC_REPRESENTATION_CONTEXT() REPRESENTATION_CONTEXT('2D SPACE',''
  ) );
#2326 = PCURVE('',#2178,#2327);
#2327 = DEFINITIONAL_REPRESENTATION('',(#2328),#2332);
#2328 = LINE('',#2329,#2330);
#2329 = CARTESIAN_POINT('',(0.,0.));
#2330 = VECTOR('',#2331,1.);
#2331 = DIRECTION('',(0.,1.));
#2332 = ( GEOMETRIC_REPRESENTATION_CONTEXT(2) 
PARAMETRIC_REPRESENTATION_CONTEXT() REPRESENTATION_CONTEXT('2D SPACE',''
  ) );
#2333 = ORIENTED_EDGE('',*,*,#2087,.T.);
#2334 = ORIENTED_EDGE('',*,*,#1943,.F.);
#2335 = ORIENTED_EDGE('',*,*,#2336,.F.);
#2336 = EDGE_CURVE('',#2337,#1944,#2339,.T.);
#2337 = VERTEX_POINT('',#2338);
#2338 = CARTESIAN_POINT('',(40.65,64.009139240846,3.700000000006));
#2339 = SURFACE_CURVE('',#2340,(#2344,#2351),.PCURVE_S1.);
#2340 = LINE('',#2341,#2342);
#2341 = CARTESIAN_POINT('',(40.65,64.009139240846,-0.999999999994));
#2342 = VECTOR('',#2343,1.);
#2343 = DIRECTION('',(-0.,-0.,-1.));
#2344 = PCURVE('',#1963,#2345);
#2345 = DEFINITIONAL_REPRESENTATION('',(#2346),#2350);
#2346 = LINE('',#2347,#2348);
#2347 = CARTESIAN_POINT('',(-1.,-3.359139240846));
#2348 = VECTOR('',#2349,1.);
#2349 = DIRECTION('',(-1.,0.));
#2350 = ( GEOMETRIC_REPRESENTATION_CONTEXT(2) 
PARAMETRIC_REPRESENTATION_CONTEXT() REPRESENTATION_CONTEXT('2D SPACE',''
  ) );
#2351 = PCURVE('',#1992,#2352);
#2352 = DEFINITIONAL_REPRESENTATION('',(#2353),#2357);
#2353 = LINE('',#2354,#2355);
#2354 = CARTESIAN_POINT('',(-1.425621458085,0.));
#2355 = VECTOR('',#2356,1.);
#2356 = DIRECTION('',(-0.,1.));
#2357 = ( GEOMETRIC_REPRESENTATION_CONTEXT(2) 
PARAMETRIC_REPRESENTATION_CONTEXT() REPRESENTATION_CONTEXT('2D SPACE',''
  ) );
#2358 = ORIENTED_EDGE('',*,*,#2359,.F.);
#2359 = EDGE_CURVE('',#2312,#2337,#2360,.T.);
#2360 = SURFACE_CURVE('',#2361,(#2365,#2372),.PCURVE_S1.);
#2361 = LINE('',#2362,#2363);
#2362 = CARTESIAN_POINT('',(40.65,62.65,3.700000000006));
#2363 = VECTOR('',#2364,1.);
#2364 = DIRECTION('',(0.,1.,0.));
#2365 = PCURVE('',#1963,#2366);
#2366 = DEFINITIONAL_REPRESENTATION('',(#2367),#2371);
#2367 = LINE('',#2368,#2369);
#2368 = CARTESIAN_POINT('',(3.7,-2.));
#2369 = VECTOR('',#2370,1.);
#2370 = DIRECTION('',(0.,-1.));
#2371 = ( GEOMETRIC_REPRESENTATION_CONTEXT(2) 
PARAMETRIC_REPRESENTATION_CONTEXT() REPRESENTATION_CONTEXT('2D SPACE',''
  ) );
#2372 = PCURVE('',#2373,#2378);
#2373 = PLANE('',#2374);
#2374 = AXIS2_PLACEMENT_3D('',#2375,#2376,#2377);
#2375 = CARTESIAN_POINT('',(40.8,62.65,3.850000000006));
#2376 = DIRECTION('',(0.707106781187,0.,-0.707106781187));
#2377 = DIRECTION('',(0.,1.,0.));
#2378 = DEFINITIONAL_REPRESENTATION('',(#2379),#2383);
#2379 = LINE('',#2380,#2381);
#2380 = CARTESIAN_POINT('',(0.,-0.212132034356));
#2381 = VECTOR('',#2382,1.);
#2382 = DIRECTION('',(1.,0.));
#2383 = ( GEOMETRIC_REPRESENTATION_CONTEXT(2) 
PARAMETRIC_REPRESENTATION_CONTEXT() REPRESENTATION_CONTEXT('2D SPACE',''
  ) );
#2384 = ADVANCED_FACE('',(#2385),#1992,.F.);
#2385 = FACE_BOUND('',#2386,.T.);
#2386 = EDGE_LOOP('',(#2387,#2388,#2389,#2416,#2445,#2477));
#2387 = ORIENTED_EDGE('',*,*,#1975,.F.);
#2388 = ORIENTED_EDGE('',*,*,#2336,.F.);
#2389 = ORIENTED_EDGE('',*,*,#2390,.T.);
#2390 = EDGE_CURVE('',#2337,#2391,#2393,.T.);
#2391 = VERTEX_POINT('',#2392);
#2392 = CARTESIAN_POINT('',(40.95,63.963595515787,4.000000000006));
#2393 = SURFACE_CURVE('',#2394,(#2399,#2409),.PCURVE_S1.);
#2394 = ELLIPSE('',#2395,39.103004999616,27.65);
#2395 = AXIS2_PLACEMENT_3D('',#2396,#2397,#2398);
#2396 = CARTESIAN_POINT('',(36.65,36.65,-0.299999999994));
#2397 = DIRECTION('',(0.707106781187,0.,-0.707106781187));
#2398 = DIRECTION('',(-0.707106781187,0.,-0.707106781187));
#2399 = PCURVE('',#1992,#2400);
#2400 = DEFINITIONAL_REPRESENTATION('',(#2401),#2408);
#2401 = B_SPLINE_CURVE_WITH_KNOTS('',5,(#2402,#2403,#2404,#2405,#2406,
    #2407),.UNSPECIFIED.,.F.,.F.,(6,6),(1.71487475744,1.72694549891),
  .PIECEWISE_BEZIER_KNOTS.);
#2402 = CARTESIAN_POINT('',(-1.426717896149,-4.67));
#2403 = CARTESIAN_POINT('',(-1.424303747855,-4.736059567475));
#2404 = CARTESIAN_POINT('',(-1.421889599561,-4.802090212944));
#2405 = CARTESIAN_POINT('',(-1.419475451268,-4.868091134318));
#2406 = CARTESIAN_POINT('',(-1.417061302974,-4.934061530212));
#2407 = CARTESIAN_POINT('',(-1.41464715468,-5.0000006));
#2408 = ( GEOMETRIC_REPRESENTATION_CONTEXT(2) 
PARAMETRIC_REPRESENTATION_CONTEXT() REPRESENTATION_CONTEXT('2D SPACE',''
  ) );
#2409 = PCURVE('',#2373,#2410);
#2410 = DEFINITIONAL_REPRESENTATION('',(#2411),#2415);
#2411 = ELLIPSE('',#2412,39.103004999616,27.65);
#2412 = AXIS2_PLACEMENT_2D('',#2413,#2414);
#2413 = CARTESIAN_POINT('',(-26.,-5.868986283848));
#2414 = DIRECTION('',(0.,-1.));
#2415 = ( GEOMETRIC_REPRESENTATION_CONTEXT(2) 
PARAMETRIC_REPRESENTATION_CONTEXT() REPRESENTATION_CONTEXT('2D SPACE',''
  ) );
#2416 = ORIENTED_EDGE('',*,*,#2417,.T.);
#2417 = EDGE_CURVE('',#2391,#2418,#2420,.T.);
#2418 = VERTEX_POINT('',#2419);
#2419 = CARTESIAN_POINT('',(49.842137810074,60.95,4.000000000006));
#2420 = SURFACE_CURVE('',#2421,(#2426,#2433),.PCURVE_S1.);
#2421 = CIRCLE('',#2422,27.65);
#2422 = AXIS2_PLACEMENT_3D('',#2423,#2424,#2425);
#2423 = CARTESIAN_POINT('',(36.65,36.65,4.000000000006));
#2424 = DIRECTION('',(0.,-0.,1.));
#2425 = DIRECTION('',(0.155515370705,0.987833472542,0.));
#2426 = PCURVE('',#1992,#2427);
#2427 = DEFINITIONAL_REPRESENTATION('',(#2428),#2432);
#2428 = LINE('',#2429,#2430);
#2429 = CARTESIAN_POINT('',(-1.414647176647,-5.));
#2430 = VECTOR('',#2431,1.);
#2431 = DIRECTION('',(-1.,-0.));
#2432 = ( GEOMETRIC_REPRESENTATION_CONTEXT(2) 
PARAMETRIC_REPRESENTATION_CONTEXT() REPRESENTATION_CONTEXT('2D SPACE',''
  ) );
#2433 = PCURVE('',#2434,#2439);
#2434 = PLANE('',#2435);
#2435 = AXIS2_PLACEMENT_3D('',#2436,#2437,#2438);
#2436 = CARTESIAN_POINT('',(36.65,36.65,4.000000000006));
#2437 = DIRECTION('',(0.,0.,1.));
#2438 = DIRECTION('',(1.,0.,-0.));
#2439 = DEFINITIONAL_REPRESENTATION('',(#2440),#2444);
#2440 = CIRCLE('',#2441,27.65);
#2441 = AXIS2_PLACEMENT_2D('',#2442,#2443);
#2442 = CARTESIAN_POINT('',(0.,0.));
#2443 = DIRECTION('',(0.155515370705,0.987833472542));
#2444 = ( GEOMETRIC_REPRESENTATION_CONTEXT(2) 
PARAMETRIC_REPRESENTATION_CONTEXT() REPRESENTATION_CONTEXT('2D SPACE',''
  ) );
#2445 = ORIENTED_EDGE('',*,*,#2446,.T.);
#2446 = EDGE_CURVE('',#2418,#2447,#2449,.T.);
#2447 = VERTEX_POINT('',#2448);
#2448 = CARTESIAN_POINT('',(50.380349594966,60.65,3.700000000006));
#2449 = SURFACE_CURVE('',#2450,(#2455,#2465),.PCURVE_S1.);
#2450 = ELLIPSE('',#2451,39.103004999617,27.65);
#2451 = AXIS2_PLACEMENT_3D('',#2452,#2453,#2454);
#2452 = CARTESIAN_POINT('',(36.65,36.65,-20.29999999999));
#2453 = DIRECTION('',(0.,0.707106781187,-0.707106781187));
#2454 = DIRECTION('',(0.,-0.707106781187,-0.707106781187));
#2455 = PCURVE('',#1992,#2456);
#2456 = DEFINITIONAL_REPRESENTATION('',(#2457),#2464);
#2457 = B_SPLINE_CURVE_WITH_KNOTS('',5,(#2458,#2459,#2460,#2461,#2462,
    #2463),.UNSPECIFIED.,.F.,.F.,(6,6),(3.638957867559,3.663423978941),
  .PIECEWISE_BEZIER_KNOTS.);
#2458 = CARTESIAN_POINT('',(-7.356616420006,-5.0000006));
#2459 = CARTESIAN_POINT('',(-7.351723197729,-4.935448542803));
#2460 = CARTESIAN_POINT('',(-7.346829975453,-4.870169198001));
#2461 = CARTESIAN_POINT('',(-7.341936753176,-4.804165785615));
#2462 = CARTESIAN_POINT('',(-7.3370435309,-4.737441598229));
#2463 = CARTESIAN_POINT('',(-7.332150308624,-4.67));
#2464 = ( GEOMETRIC_REPRESENTATION_CONTEXT(2) 
PARAMETRIC_REPRESENTATION_CONTEXT() REPRESENTATION_CONTEXT('2D SPACE',''
  ) );
#2465 = PCURVE('',#2466,#2471);
#2466 = PLANE('',#2467);
#2467 = AXIS2_PLACEMENT_3D('',#2468,#2469,#2470);
#2468 = CARTESIAN_POINT('',(54.65,60.8,3.850000000006));
#2469 = DIRECTION('',(0.,0.707106781187,-0.707106781187));
#2470 = DIRECTION('',(-1.,0.,-0.));
#2471 = DEFINITIONAL_REPRESENTATION('',(#2472),#2476);
#2472 = ELLIPSE('',#2473,39.103004999617,27.65);
#2473 = AXIS2_PLACEMENT_2D('',#2474,#2475);
#2474 = CARTESIAN_POINT('',(18.,-34.15325753131));
#2475 = DIRECTION('',(0.,-1.));
#2476 = ( GEOMETRIC_REPRESENTATION_CONTEXT(2) 
PARAMETRIC_REPRESENTATION_CONTEXT() REPRESENTATION_CONTEXT('2D SPACE',''
  ) );
#2477 = ORIENTED_EDGE('',*,*,#2478,.T.);
#2478 = EDGE_CURVE('',#2447,#1976,#2479,.T.);
#2479 = SURFACE_CURVE('',#2480,(#2484,#2491),.PCURVE_S1.);
#2480 = LINE('',#2481,#2482);
#2481 = CARTESIAN_POINT('',(50.380349594967,60.65,-0.999999999994));
#2482 = VECTOR('',#2483,1.);
#2483 = DIRECTION('',(-0.,-0.,-1.));
#2484 = PCURVE('',#1992,#2485);
#2485 = DEFINITIONAL_REPRESENTATION('',(#2486),#2490);
#2486 = LINE('',#2487,#2488);
#2487 = CARTESIAN_POINT('',(-7.334331094599,0.));
#2488 = VECTOR('',#2489,1.);
#2489 = DIRECTION('',(-0.,1.));
#2490 = ( GEOMETRIC_REPRESENTATION_CONTEXT(2) 
PARAMETRIC_REPRESENTATION_CONTEXT() REPRESENTATION_CONTEXT('2D SPACE',''
  ) );
#2491 = PCURVE('',#2024,#2492);
#2492 = DEFINITIONAL_REPRESENTATION('',(#2493),#2497);
#2493 = LINE('',#2494,#2495);
#2494 = CARTESIAN_POINT('',(-1.,9.730349594967));
#2495 = VECTOR('',#2496,1.);
#2496 = DIRECTION('',(-1.,0.));
#2497 = ( GEOMETRIC_REPRESENTATION_CONTEXT(2) 
PARAMETRIC_REPRESENTATION_CONTEXT() REPRESENTATION_CONTEXT('2D SPACE',''
  ) );
#2498 = ADVANCED_FACE('',(#2499),#2024,.F.);
#2499 = FACE_BOUND('',#2500,.F.);
#2500 = EDGE_LOOP('',(#2501,#2502,#2525,#2546,#2547));
#2501 = ORIENTED_EDGE('',*,*,#2114,.T.);
#2502 = ORIENTED_EDGE('',*,*,#2503,.T.);
#2503 = EDGE_CURVE('',#2115,#2504,#2506,.T.);
#2504 = VERTEX_POINT('',#2505);
#2505 = CARTESIAN_POINT('',(42.65,60.65,3.700000000006));
#2506 = SURFACE_CURVE('',#2507,(#2511,#2518),.PCURVE_S1.);
#2507 = LINE('',#2508,#2509);
#2508 = CARTESIAN_POINT('',(42.65,60.65,5.911715561524E-12));
#2509 = VECTOR('',#2510,1.);
#2510 = DIRECTION('',(0.,0.,1.));
#2511 = PCURVE('',#2024,#2512);
#2512 = DEFINITIONAL_REPRESENTATION('',(#2513),#2517);
#2513 = LINE('',#2514,#2515);
#2514 = CARTESIAN_POINT('',(0.,2.));
#2515 = VECTOR('',#2516,1.);
#2516 = DIRECTION('',(1.,0.));
#2517 = ( GEOMETRIC_REPRESENTATION_CONTEXT(2) 
PARAMETRIC_REPRESENTATION_CONTEXT() REPRESENTATION_CONTEXT('2D SPACE',''
  ) );
#2518 = PCURVE('',#2178,#2519);
#2519 = DEFINITIONAL_REPRESENTATION('',(#2520),#2524);
#2520 = LINE('',#2521,#2522);
#2521 = CARTESIAN_POINT('',(1.570796326795,0.));
#2522 = VECTOR('',#2523,1.);
#2523 = DIRECTION('',(0.,1.));
#2524 = ( GEOMETRIC_REPRESENTATION_CONTEXT(2) 
PARAMETRIC_REPRESENTATION_CONTEXT() REPRESENTATION_CONTEXT('2D SPACE',''
  ) );
#2525 = ORIENTED_EDGE('',*,*,#2526,.F.);
#2526 = EDGE_CURVE('',#2447,#2504,#2527,.T.);
#2527 = SURFACE_CURVE('',#2528,(#2532,#2539),.PCURVE_S1.);
#2528 = LINE('',#2529,#2530);
#2529 = CARTESIAN_POINT('',(54.65,60.65,3.700000000006));
#2530 = VECTOR('',#2531,1.);
#2531 = DIRECTION('',(-1.,-0.,-0.));
#2532 = PCURVE('',#2024,#2533);
#2533 = DEFINITIONAL_REPRESENTATION('',(#2534),#2538);
#2534 = LINE('',#2535,#2536);
#2535 = CARTESIAN_POINT('',(3.7,14.));
#2536 = VECTOR('',#2537,1.);
#2537 = DIRECTION('',(0.,-1.));
#2538 = ( GEOMETRIC_REPRESENTATION_CONTEXT(2) 
PARAMETRIC_REPRESENTATION_CONTEXT() REPRESENTATION_CONTEXT('2D SPACE',''
  ) );
#2539 = PCURVE('',#2466,#2540);
#2540 = DEFINITIONAL_REPRESENTATION('',(#2541),#2545);
#2541 = LINE('',#2542,#2543);
#2542 = CARTESIAN_POINT('',(0.,-0.212132034356));
#2543 = VECTOR('',#2544,1.);
#2544 = DIRECTION('',(1.,0.));
#2545 = ( GEOMETRIC_REPRESENTATION_CONTEXT(2) 
PARAMETRIC_REPRESENTATION_CONTEXT() REPRESENTATION_CONTEXT('2D SPACE',''
  ) );
#2546 = ORIENTED_EDGE('',*,*,#2478,.T.);
#2547 = ORIENTED_EDGE('',*,*,#2004,.F.);
#2548 = ADVANCED_FACE('',(#2549),#2178,.T.);
#2549 = FACE_BOUND('',#2550,.T.);
#2550 = EDGE_LOOP('',(#2551,#2552,#2553,#2554));
#2551 = ORIENTED_EDGE('',*,*,#2311,.F.);
#2552 = ORIENTED_EDGE('',*,*,#2163,.F.);
#2553 = ORIENTED_EDGE('',*,*,#2503,.T.);
#2554 = ORIENTED_EDGE('',*,*,#2555,.T.);
#2555 = EDGE_CURVE('',#2504,#2312,#2556,.T.);
#2556 = SURFACE_CURVE('',#2557,(#2562,#2569),.PCURVE_S1.);
#2557 = CIRCLE('',#2558,2.);
#2558 = AXIS2_PLACEMENT_3D('',#2559,#2560,#2561);
#2559 = CARTESIAN_POINT('',(42.65,62.65,3.700000000006));
#2560 = DIRECTION('',(-0.,-0.,-1.));
#2561 = DIRECTION('',(0.,-1.,0.));
#2562 = PCURVE('',#2178,#2563);
#2563 = DEFINITIONAL_REPRESENTATION('',(#2564),#2568);
#2564 = LINE('',#2565,#2566);
#2565 = CARTESIAN_POINT('',(1.570796326795,3.7));
#2566 = VECTOR('',#2567,1.);
#2567 = DIRECTION('',(-1.,-0.));
#2568 = ( GEOMETRIC_REPRESENTATION_CONTEXT(2) 
PARAMETRIC_REPRESENTATION_CONTEXT() REPRESENTATION_CONTEXT('2D SPACE',''
  ) );
#2569 = PCURVE('',#2570,#2575);
#2570 = CONICAL_SURFACE('',#2571,2.,0.785398163397);
#2571 = AXIS2_PLACEMENT_3D('',#2572,#2573,#2574);
#2572 = CARTESIAN_POINT('',(42.65,62.65,3.700000000006));
#2573 = DIRECTION('',(-0.,-0.,-1.));
#2574 = DIRECTION('',(0.,-1.,0.));
#2575 = DEFINITIONAL_REPRESENTATION('',(#2576),#2580);
#2576 = LINE('',#2577,#2578);
#2577 = CARTESIAN_POINT('',(0.,-0.));
#2578 = VECTOR('',#2579,1.);
#2579 = DIRECTION('',(1.,-0.));
#2580 = ( GEOMETRIC_REPRESENTATION_CONTEXT(2) 
PARAMETRIC_REPRESENTATION_CONTEXT() REPRESENTATION_CONTEXT('2D SPACE',''
  ) );
#2581 = ADVANCED_FACE('',(#2582),#2296,.F.);
#2582 = FACE_BOUND('',#2583,.T.);
#2583 = EDGE_LOOP('',(#2584,#2585,#2608,#2634));
#2584 = ORIENTED_EDGE('',*,*,#2281,.F.);
#2585 = ORIENTED_EDGE('',*,*,#2586,.F.);
#2586 = EDGE_CURVE('',#2587,#2257,#2589,.T.);
#2587 = VERTEX_POINT('',#2588);
#2588 = CARTESIAN_POINT('',(66.4,36.65,4.000000000006));
#2589 = SEAM_CURVE('',#2590,(#2594,#2601),.PCURVE_S1.);
#2590 = LINE('',#2591,#2592);
#2591 = CARTESIAN_POINT('',(66.4,36.65,4.000000000006));
#2592 = VECTOR('',#2593,1.);
#2593 = DIRECTION('',(0.,0.,1.));
#2594 = PCURVE('',#2296,#2595);
#2595 = DEFINITIONAL_REPRESENTATION('',(#2596),#2600);
#2596 = LINE('',#2597,#2598);
#2597 = CARTESIAN_POINT('',(-6.28318530718,0.));
#2598 = VECTOR('',#2599,1.);
#2599 = DIRECTION('',(-0.,-1.));
#2600 = ( GEOMETRIC_REPRESENTATION_CONTEXT(2) 
PARAMETRIC_REPRESENTATION_CONTEXT() REPRESENTATION_CONTEXT('2D SPACE',''
  ) );
#2601 = PCURVE('',#2296,#2602);
#2602 = DEFINITIONAL_REPRESENTATION('',(#2603),#2607);
#2603 = LINE('',#2604,#2605);
#2604 = CARTESIAN_POINT('',(-0.,0.));
#2605 = VECTOR('',#2606,1.);
#2606 = DIRECTION('',(-0.,-1.));
#2607 = ( GEOMETRIC_REPRESENTATION_CONTEXT(2) 
PARAMETRIC_REPRESENTATION_CONTEXT() REPRESENTATION_CONTEXT('2D SPACE',''
  ) );
#2608 = ORIENTED_EDGE('',*,*,#2609,.T.);
#2609 = EDGE_CURVE('',#2587,#2587,#2610,.T.);
#2610 = SURFACE_CURVE('',#2611,(#2616,#2623),.PCURVE_S1.);
#2611 = CIRCLE('',#2612,29.75);
#2612 = AXIS2_PLACEMENT_3D('',#2613,#2614,#2615);
#2613 = CARTESIAN_POINT('',(36.65,36.65,4.000000000006));
#2614 = DIRECTION('',(-0.,0.,-1.));
#2615 = DIRECTION('',(1.,-2.150746230328E-16,-0.));
#2616 = PCURVE('',#2296,#2617);
#2617 = DEFINITIONAL_REPRESENTATION('',(#2618),#2622);
#2618 = LINE('',#2619,#2620);
#2619 = CARTESIAN_POINT('',(-6.28318530718,0.));
#2620 = VECTOR('',#2621,1.);
#2621 = DIRECTION('',(1.,-0.));
#2622 = ( GEOMETRIC_REPRESENTATION_CONTEXT(2) 
PARAMETRIC_REPRESENTATION_CONTEXT() REPRESENTATION_CONTEXT('2D SPACE',''
  ) );
#2623 = PCURVE('',#2434,#2624);
#2624 = DEFINITIONAL_REPRESENTATION('',(#2625),#2633);
#2625 = ( BOUNDED_CURVE() B_SPLINE_CURVE(2,(#2626,#2627,#2628,#2629,
#2630,#2631,#2632),.UNSPECIFIED.,.T.,.F.) B_SPLINE_CURVE_WITH_KNOTS((1,2
    ,2,2,2,1),(-2.094395102393,0.,2.094395102393,4.188790204786,
6.28318530718,8.377580409573),.UNSPECIFIED.) CURVE() 
GEOMETRIC_REPRESENTATION_ITEM() RATIONAL_B_SPLINE_CURVE((1.,0.5,1.,0.5,
1.,0.5,1.)) REPRESENTATION_ITEM('') );
#2626 = CARTESIAN_POINT('',(29.75,-6.398470035227E-15));
#2627 = CARTESIAN_POINT('',(29.75,-51.52851152517));
#2628 = CARTESIAN_POINT('',(-14.875,-25.76425576258));
#2629 = CARTESIAN_POINT('',(-59.5,5.510291615527E-15));
#2630 = CARTESIAN_POINT('',(-14.875,25.764255762587));
#2631 = CARTESIAN_POINT('',(29.75,51.528511525174));
#2632 = CARTESIAN_POINT('',(29.75,-6.398470035227E-15));
#2633 = ( GEOMETRIC_REPRESENTATION_CONTEXT(2) 
PARAMETRIC_REPRESENTATION_CONTEXT() REPRESENTATION_CONTEXT('2D SPACE',''
  ) );
#2634 = ORIENTED_EDGE('',*,*,#2586,.T.);
#2635 = ADVANCED_FACE('',(#2636),#2373,.F.);
#2636 = FACE_BOUND('',#2637,.F.);
#2637 = EDGE_LOOP('',(#2638,#2661,#2662,#2663));
#2638 = ORIENTED_EDGE('',*,*,#2639,.F.);
#2639 = EDGE_CURVE('',#2312,#2640,#2642,.T.);
#2640 = VERTEX_POINT('',#2641);
#2641 = CARTESIAN_POINT('',(40.95,62.65,4.000000000006));
#2642 = SURFACE_CURVE('',#2643,(#2647,#2654),.PCURVE_S1.);
#2643 = LINE('',#2644,#2645);
#2644 = CARTESIAN_POINT('',(40.8,62.65,3.850000000006));
#2645 = VECTOR('',#2646,1.);
#2646 = DIRECTION('',(0.707106781187,-0.,0.707106781187));
#2647 = PCURVE('',#2373,#2648);
#2648 = DEFINITIONAL_REPRESENTATION('',(#2649),#2653);
#2649 = LINE('',#2650,#2651);
#2650 = CARTESIAN_POINT('',(0.,0.));
#2651 = VECTOR('',#2652,1.);
#2652 = DIRECTION('',(0.,1.));
#2653 = ( GEOMETRIC_REPRESENTATION_CONTEXT(2) 
PARAMETRIC_REPRESENTATION_CONTEXT() REPRESENTATION_CONTEXT('2D SPACE',''
  ) );
#2654 = PCURVE('',#2570,#2655);
#2655 = DEFINITIONAL_REPRESENTATION('',(#2656),#2660);
#2656 = LINE('',#2657,#2658);
#2657 = CARTESIAN_POINT('',(1.570796326795,-0.15));
#2658 = VECTOR('',#2659,1.);
#2659 = DIRECTION('',(0.,-1.));
#2660 = ( GEOMETRIC_REPRESENTATION_CONTEXT(2) 
PARAMETRIC_REPRESENTATION_CONTEXT() REPRESENTATION_CONTEXT('2D SPACE',''
  ) );
#2661 = ORIENTED_EDGE('',*,*,#2359,.T.);
#2662 = ORIENTED_EDGE('',*,*,#2390,.T.);
#2663 = ORIENTED_EDGE('',*,*,#2664,.F.);
#2664 = EDGE_CURVE('',#2640,#2391,#2665,.T.);
#2665 = SURFACE_CURVE('',#2666,(#2670,#2677),.PCURVE_S1.);
#2666 = LINE('',#2667,#2668);
#2667 = CARTESIAN_POINT('',(40.95,62.65,4.000000000006));
#2668 = VECTOR('',#2669,1.);
#2669 = DIRECTION('',(0.,1.,0.));
#2670 = PCURVE('',#2373,#2671);
#2671 = DEFINITIONAL_REPRESENTATION('',(#2672),#2676);
#2672 = LINE('',#2673,#2674);
#2673 = CARTESIAN_POINT('',(0.,0.212132034356));
#2674 = VECTOR('',#2675,1.);
#2675 = DIRECTION('',(1.,0.));
#2676 = ( GEOMETRIC_REPRESENTATION_CONTEXT(2) 
PARAMETRIC_REPRESENTATION_CONTEXT() REPRESENTATION_CONTEXT('2D SPACE',''
  ) );
#2677 = PCURVE('',#2434,#2678);
#2678 = DEFINITIONAL_REPRESENTATION('',(#2679),#2683);
#2679 = LINE('',#2680,#2681);
#2680 = CARTESIAN_POINT('',(4.3,26.));
#2681 = VECTOR('',#2682,1.);
#2682 = DIRECTION('',(0.,1.));
#2683 = ( GEOMETRIC_REPRESENTATION_CONTEXT(2) 
PARAMETRIC_REPRESENTATION_CONTEXT() REPRESENTATION_CONTEXT('2D SPACE',''
  ) );
#2684 = ADVANCED_FACE('',(#2685,#2688),#2434,.T.);
#2685 = FACE_BOUND('',#2686,.T.);
#2686 = EDGE_LOOP('',(#2687));
#2687 = ORIENTED_EDGE('',*,*,#2609,.F.);
#2688 = FACE_BOUND('',#2689,.T.);
#2689 = EDGE_LOOP('',(#2690,#2691,#2692,#2720));
#2690 = ORIENTED_EDGE('',*,*,#2417,.F.);
#2691 = ORIENTED_EDGE('',*,*,#2664,.F.);
#2692 = ORIENTED_EDGE('',*,*,#2693,.F.);
#2693 = EDGE_CURVE('',#2694,#2640,#2696,.T.);
#2694 = VERTEX_POINT('',#2695);
#2695 = CARTESIAN_POINT('',(42.65,60.95,4.000000000006));
#2696 = SURFACE_CURVE('',#2697,(#2702,#2713),.PCURVE_S1.);
#2697 = CIRCLE('',#2698,1.7);
#2698 = AXIS2_PLACEMENT_3D('',#2699,#2700,#2701);
#2699 = CARTESIAN_POINT('',(42.65,62.65,4.000000000006));
#2700 = DIRECTION('',(-0.,-0.,-1.));
#2701 = DIRECTION('',(0.,-1.,0.));
#2702 = PCURVE('',#2434,#2703);
#2703 = DEFINITIONAL_REPRESENTATION('',(#2704),#2712);
#2704 = ( BOUNDED_CURVE() B_SPLINE_CURVE(2,(#2705,#2706,#2707,#2708,
#2709,#2710,#2711),.UNSPECIFIED.,.T.,.F.) B_SPLINE_CURVE_WITH_KNOTS((1,2
    ,2,2,2,1),(-2.094395102393,0.,2.094395102393,4.188790204786,
6.28318530718,8.377580409573),.UNSPECIFIED.) CURVE() 
GEOMETRIC_REPRESENTATION_ITEM() RATIONAL_B_SPLINE_CURVE((1.,0.5,1.,0.5,
1.,0.5,1.)) REPRESENTATION_ITEM('') );
#2705 = CARTESIAN_POINT('',(6.,24.3));
#2706 = CARTESIAN_POINT('',(3.055513627133,24.3));
#2707 = CARTESIAN_POINT('',(4.527756813566,26.85));
#2708 = CARTESIAN_POINT('',(6.,29.4));
#2709 = CARTESIAN_POINT('',(7.472243186434,26.85));
#2710 = CARTESIAN_POINT('',(8.944486372867,24.3));
#2711 = CARTESIAN_POINT('',(6.,24.3));
#2712 = ( GEOMETRIC_REPRESENTATION_CONTEXT(2) 
PARAMETRIC_REPRESENTATION_CONTEXT() REPRESENTATION_CONTEXT('2D SPACE',''
  ) );
#2713 = PCURVE('',#2570,#2714);
#2714 = DEFINITIONAL_REPRESENTATION('',(#2715),#2719);
#2715 = LINE('',#2716,#2717);
#2716 = CARTESIAN_POINT('',(0.,-0.3));
#2717 = VECTOR('',#2718,1.);
#2718 = DIRECTION('',(1.,-0.));
#2719 = ( GEOMETRIC_REPRESENTATION_CONTEXT(2) 
PARAMETRIC_REPRESENTATION_CONTEXT() REPRESENTATION_CONTEXT('2D SPACE',''
  ) );
#2720 = ORIENTED_EDGE('',*,*,#2721,.F.);
#2721 = EDGE_CURVE('',#2418,#2694,#2722,.T.);
#2722 = SURFACE_CURVE('',#2723,(#2727,#2734),.PCURVE_S1.);
#2723 = LINE('',#2724,#2725);
#2724 = CARTESIAN_POINT('',(54.65,60.95,4.000000000006));
#2725 = VECTOR('',#2726,1.);
#2726 = DIRECTION('',(-1.,-0.,-0.));
#2727 = PCURVE('',#2434,#2728);
#2728 = DEFINITIONAL_REPRESENTATION('',(#2729),#2733);
#2729 = LINE('',#2730,#2731);
#2730 = CARTESIAN_POINT('',(18.,24.3));
#2731 = VECTOR('',#2732,1.);
#2732 = DIRECTION('',(-1.,0.));
#2733 = ( GEOMETRIC_REPRESENTATION_CONTEXT(2) 
PARAMETRIC_REPRESENTATION_CONTEXT() REPRESENTATION_CONTEXT('2D SPACE',''
  ) );
#2734 = PCURVE('',#2466,#2735);
#2735 = DEFINITIONAL_REPRESENTATION('',(#2736),#2740);
#2736 = LINE('',#2737,#2738);
#2737 = CARTESIAN_POINT('',(0.,0.212132034356));
#2738 = VECTOR('',#2739,1.);
#2739 = DIRECTION('',(1.,0.));
#2740 = ( GEOMETRIC_REPRESENTATION_CONTEXT(2) 
PARAMETRIC_REPRESENTATION_CONTEXT() REPRESENTATION_CONTEXT('2D SPACE',''
  ) );
#2741 = ADVANCED_FACE('',(#2742),#2466,.F.);
#2742 = FACE_BOUND('',#2743,.F.);
#2743 = EDGE_LOOP('',(#2744,#2745,#2746,#2767));
#2744 = ORIENTED_EDGE('',*,*,#2446,.T.);
#2745 = ORIENTED_EDGE('',*,*,#2526,.T.);
#2746 = ORIENTED_EDGE('',*,*,#2747,.T.);
#2747 = EDGE_CURVE('',#2504,#2694,#2748,.T.);
#2748 = SURFACE_CURVE('',#2749,(#2753,#2760),.PCURVE_S1.);
#2749 = LINE('',#2750,#2751);
#2750 = CARTESIAN_POINT('',(42.65,60.8,3.850000000006));
#2751 = VECTOR('',#2752,1.);
#2752 = DIRECTION('',(0.,0.707106781187,0.707106781187));
#2753 = PCURVE('',#2466,#2754);
#2754 = DEFINITIONAL_REPRESENTATION('',(#2755),#2759);
#2755 = LINE('',#2756,#2757);
#2756 = CARTESIAN_POINT('',(12.,0.));
#2757 = VECTOR('',#2758,1.);
#2758 = DIRECTION('',(0.,1.));
#2759 = ( GEOMETRIC_REPRESENTATION_CONTEXT(2) 
PARAMETRIC_REPRESENTATION_CONTEXT() REPRESENTATION_CONTEXT('2D SPACE',''
  ) );
#2760 = PCURVE('',#2570,#2761);
#2761 = DEFINITIONAL_REPRESENTATION('',(#2762),#2766);
#2762 = LINE('',#2763,#2764);
#2763 = CARTESIAN_POINT('',(0.,-0.15));
#2764 = VECTOR('',#2765,1.);
#2765 = DIRECTION('',(0.,-1.));
#2766 = ( GEOMETRIC_REPRESENTATION_CONTEXT(2) 
PARAMETRIC_REPRESENTATION_CONTEXT() REPRESENTATION_CONTEXT('2D SPACE',''
  ) );
#2767 = ORIENTED_EDGE('',*,*,#2721,.F.);
#2768 = ADVANCED_FACE('',(#2769),#2570,.T.);
#2769 = FACE_BOUND('',#2770,.F.);
#2770 = EDGE_LOOP('',(#2771,#2772,#2773,#2774));
#2771 = ORIENTED_EDGE('',*,*,#2747,.F.);
#2772 = ORIENTED_EDGE('',*,*,#2555,.T.);
#2773 = ORIENTED_EDGE('',*,*,#2639,.T.);
#2774 = ORIENTED_EDGE('',*,*,#2693,.F.);
#2775 = ( GEOMETRIC_REPRESENTATION_CONTEXT(3) 
GLOBAL_UNCERTAINTY_ASSIGNED_CONTEXT((#2779)) 
GLOBAL_UNIT_ASSIGNED_CONTEXT((#2776,#2777,#2778)) REPRESENTATION_CONTEXT
('Context #1','3D Context with UNIT and UNCERTAINTY') );
#2776 = ( LENGTH_UNIT() NAMED_UNIT(*) SI_UNIT(.MILLI.,.METRE.) );
#2777 = ( NAMED_UNIT(*) PLANE_ANGLE_UNIT() SI_UNIT($,.RADIAN.) );
#2778 = ( NAMED_UNIT(*) SI_UNIT($,.STERADIAN.) SOLID_ANGLE_UNIT() );
#2779 = UNCERTAINTY_MEASURE_WITH_UNIT(LENGTH_MEASURE(2.E-07),#2776,
  'distance_accuracy_value','confusion accuracy');
#2780 = PRODUCT_RELATED_PRODUCT_CATEGORY('part',$,(#7));
ENDSEC;
END-ISO-10303-21;
