ISO-10303-21;
HEADER;
FILE_DESCRIPTION(('Open CASCADE Model'),'2;1');
FILE_NAME('Open CASCADE Shape Model','2026-09-30T09:19:40',('Author'),(
    'Open CASCADE'),'Open CASCADE STEP processor 7.8','Open CASCADE 7.8'
  ,'Unknown');
FILE_SCHEMA(('AUTOMOTIVE_DESIGN { 1 0 10303 214 1 1 1 1 }'));
ENDSEC;
DATA;
#1 = APPLICATION_PROTOCOL_DEFINITION('international standard',
  'automotive_design',2000,#2);
#2 = APPLICATION_CONTEXT(
  'core data for automotive mechanical design processes');
#3 = SHAPE_DEFINITION_REPRESENTATION(#4,#10);
#4 = PRODUCT_DEFINITION_SHAPE('','',#5);
#5 = PRODUCT_DEFINITION('design','',#6,#9);
#6 = PRODUCT_DEFINITION_FORMATION('','',#7);
#7 = PRODUCT('Open CASCADE STEP translator 7.8 1',
  'Open CASCADE STEP translator 7.8 1','',(#8));
#8 = PRODUCT_CONTEXT('',#2,'mechanical');
#9 = PRODUCT_DEFINITION_CONTEXT('part definition',#2,'design');
#10 = ADVANCED_BREP_SHAPE_REPRESENTATION('',(#11,#15),#13504);
#11 = AXIS2_PLACEMENT_3D('',#12,#13,#14);
#12 = CARTESIAN_POINT('',(0.,0.,0.));
#13 = DIRECTION('',(0.,0.,1.));
#14 = DIRECTION('',(1.,0.,-0.));
#15 = MANIFOLD_SOLID_BREP('',#16);
#16 = CLOSED_SHELL('',(#17,#137,#225,#302,#379,#457,#514,#571,#647,#928,
    #953,#5958,#5983,#6059,#6084,#6109,#6187,#6212,#6237,#6285,#6312,
    #6339,#6366,#6393,#6418,#6443,#6491,#6518,#6594,#6643,#6692,#6719,
    #6795,#6844,#6893,#6942,#6991,#7040,#7089,#7138,#7187,#7236,#7285,
    #7334,#7383,#7432,#7481,#7530,#7579,#7628,#7677,#7726,#7753,#7829,
    #7878,#7927,#7976,#8025,#8074,#8123,#8172,#8221,#8270,#8319,#8368,
    #8417,#8466,#8515,#8564,#8613,#8662,#8711,#8760,#8809,#8836,#8912,
    #8961,#9010,#9059,#9108,#9157,#9206,#9255,#9304,#9353,#9402,#9451,
    #9500,#9549,#9598,#9647,#9696,#9745,#9794,#9843,#9870,#9946,#9995,
    #10044,#10071,#10147,#10196,#10245,#10294,#10343,#10392,#10441,
    #10490,#10539,#10588,#10637,#10686,#10735,#10784,#10811,#10887,
    #10936,#10985,#11012,#11088,#11137,#11186,#11235,#11284,#11333,
    #11382,#11431,#11480,#11529,#11578,#11627,#11676,#11725,#11774,
    #11823,#11872,#11921,#11970,#12019,#12046,#12122,#12171,#12220,
    #12269,#12318,#12367,#12416,#12443,#12470,#12477,#12484,#12508,
    #12533,#12557,#12564,#12854,#12861,#12885,#12896,#12993,#13063,
    #13127,#13191,#13246,#13316,#13386,#13456,#13492));
#17 = ADVANCED_FACE('',(#18),#32,.F.);
#18 = FACE_BOUND('',#19,.F.);
#19 = EDGE_LOOP('',(#20,#55,#83,#111));
#20 = ORIENTED_EDGE('',*,*,#21,.F.);
#21 = EDGE_CURVE('',#22,#24,#26,.T.);
#22 = VERTEX_POINT('',#23);
#23 = CARTESIAN_POINT('',(-2.775557561563E-17,2.,0.3));
#24 = VERTEX_POINT('',#25);
#25 = CARTESIAN_POINT('',(-3.608224830032E-16,2.,3.7));
#26 = SURFACE_CURVE('',#27,(#31,#43),.PCURVE_S1.);
#27 = LINE('',#28,#29);
#28 = CARTESIAN_POINT('',(-4.440892098501E-16,2.,0.));
#29 = VECTOR('',#30,1.);
#30 = DIRECTION('',(0.,0.,1.));
#31 = PCURVE('',#32,#37);
#32 = PLANE('',#33);
#33 = AXIS2_PLACEMENT_3D('',#34,#35,#36);
#34 = CARTESIAN_POINT('',(0.,0.,0.));
#35 = DIRECTION('',(1.,0.,0.));
#36 = DIRECTION('',(0.,0.,1.));
#37 = DEFINITIONAL_REPRESENTATION('',(#38),#42);
#38 = LINE('',#39,#40);
#39 = CARTESIAN_POINT('',(0.,-2.));
#40 = VECTOR('',#41,1.);
#41 = DIRECTION('',(1.,0.));
#42 = ( GEOMETRIC_REPRESENTATION_CONTEXT(2) 
PARAMETRIC_REPRESENTATION_CONTEXT() REPRESENTATION_CONTEXT('2D SPACE',''
  ) );
#43 = PCURVE('',#44,#49);
#44 = CYLINDRICAL_SURFACE('',#45,2.);
#45 = AXIS2_PLACEMENT_3D('',#46,#47,#48);
#46 = CARTESIAN_POINT('',(2.,2.,0.));
#47 = DIRECTION('',(0.,0.,1.));
#48 = DIRECTION('',(-1.,-0.,0.));
#49 = DEFINITIONAL_REPRESENTATION('',(#50),#54);
#50 = LINE('',#51,#52);
#51 = CARTESIAN_POINT('',(0.,0.));
#52 = VECTOR('',#53,1.);
#53 = DIRECTION('',(0.,1.));
#54 = ( GEOMETRIC_REPRESENTATION_CONTEXT(2) 
PARAMETRIC_REPRESENTATION_CONTEXT() REPRESENTATION_CONTEXT('2D SPACE',''
  ) );
#55 = ORIENTED_EDGE('',*,*,#56,.T.);
#56 = EDGE_CURVE('',#22,#57,#59,.T.);
#57 = VERTEX_POINT('',#58);
#58 = CARTESIAN_POINT('',(-2.775557561563E-17,16.,0.3));
#59 = SURFACE_CURVE('',#60,(#64,#71),.PCURVE_S1.);
#60 = LINE('',#61,#62);
#61 = CARTESIAN_POINT('',(0.,2.,0.3));
#62 = VECTOR('',#63,1.);
#63 = DIRECTION('',(0.,1.,0.));
#64 = PCURVE('',#32,#65);
#65 = DEFINITIONAL_REPRESENTATION('',(#66),#70);
#66 = LINE('',#67,#68);
#67 = CARTESIAN_POINT('',(0.3,-2.));
#68 = VECTOR('',#69,1.);
#69 = DIRECTION('',(0.,-1.));
#70 = ( GEOMETRIC_REPRESENTATION_CONTEXT(2) 
PARAMETRIC_REPRESENTATION_CONTEXT() REPRESENTATION_CONTEXT('2D SPACE',''
  ) );
#71 = PCURVE('',#72,#77);
#72 = PLANE('',#73);
#73 = AXIS2_PLACEMENT_3D('',#74,#75,#76);
#74 = CARTESIAN_POINT('',(0.15,2.,0.15));
#75 = DIRECTION('',(-0.707106781187,0.,-0.707106781187));
#76 = DIRECTION('',(0.,1.,0.));
#77 = DEFINITIONAL_REPRESENTATION('',(#78),#82);
#78 = LINE('',#79,#80);
#79 = CARTESIAN_POINT('',(0.,-0.212132034356));
#80 = VECTOR('',#81,1.);
#81 = DIRECTION('',(1.,0.));
#82 = ( GEOMETRIC_REPRESENTATION_CONTEXT(2) 
PARAMETRIC_REPRESENTATION_CONTEXT() REPRESENTATION_CONTEXT('2D SPACE',''
  ) );
#83 = ORIENTED_EDGE('',*,*,#84,.T.);
#84 = EDGE_CURVE('',#57,#85,#87,.T.);
#85 = VERTEX_POINT('',#86);
#86 = CARTESIAN_POINT('',(-3.608224830032E-16,16.,3.7));
#87 = SURFACE_CURVE('',#88,(#92,#99),.PCURVE_S1.);
#88 = LINE('',#89,#90);
#89 = CARTESIAN_POINT('',(-4.440892098501E-16,16.,0.));
#90 = VECTOR('',#91,1.);
#91 = DIRECTION('',(0.,0.,1.));
#92 = PCURVE('',#32,#93);
#93 = DEFINITIONAL_REPRESENTATION('',(#94),#98);
#94 = LINE('',#95,#96);
#95 = CARTESIAN_POINT('',(0.,-16.));
#96 = VECTOR('',#97,1.);
#97 = DIRECTION('',(1.,0.));
#98 = ( GEOMETRIC_REPRESENTATION_CONTEXT(2) 
PARAMETRIC_REPRESENTATION_CONTEXT() REPRESENTATION_CONTEXT('2D SPACE',''
  ) );
#99 = PCURVE('',#100,#105);
#100 = CYLINDRICAL_SURFACE('',#101,2.);
#101 = AXIS2_PLACEMENT_3D('',#102,#103,#104);
#102 = CARTESIAN_POINT('',(2.,16.,0.));
#103 = DIRECTION('',(0.,0.,1.));
#104 = DIRECTION('',(-1.,-0.,0.));
#105 = DEFINITIONAL_REPRESENTATION('',(#106),#110);
#106 = LINE('',#107,#108);
#107 = CARTESIAN_POINT('',(-0.,0.));
#108 = VECTOR('',#109,1.);
#109 = DIRECTION('',(-0.,1.));
#110 = ( GEOMETRIC_REPRESENTATION_CONTEXT(2) 
PARAMETRIC_REPRESENTATION_CONTEXT() REPRESENTATION_CONTEXT('2D SPACE',''
  ) );
#111 = ORIENTED_EDGE('',*,*,#112,.F.);
#112 = EDGE_CURVE('',#24,#85,#113,.T.);
#113 = SURFACE_CURVE('',#114,(#118,#125),.PCURVE_S1.);
#114 = LINE('',#115,#116);
#115 = CARTESIAN_POINT('',(0.,2.,3.7));
#116 = VECTOR('',#117,1.);
#117 = DIRECTION('',(0.,1.,0.));
#118 = PCURVE('',#32,#119);
#119 = DEFINITIONAL_REPRESENTATION('',(#120),#124);
#120 = LINE('',#121,#122);
#121 = CARTESIAN_POINT('',(3.7,-2.));
#122 = VECTOR('',#123,1.);
#123 = DIRECTION('',(0.,-1.));
#124 = ( GEOMETRIC_REPRESENTATION_CONTEXT(2) 
PARAMETRIC_REPRESENTATION_CONTEXT() REPRESENTATION_CONTEXT('2D SPACE',''
  ) );
#125 = PCURVE('',#126,#131);
#126 = PLANE('',#127);
#127 = AXIS2_PLACEMENT_3D('',#128,#129,#130);
#128 = CARTESIAN_POINT('',(0.15,2.,3.85));
#129 = DIRECTION('',(0.707106781187,0.,-0.707106781187));
#130 = DIRECTION('',(0.,1.,0.));
#131 = DEFINITIONAL_REPRESENTATION('',(#132),#136);
#132 = LINE('',#133,#134);
#133 = CARTESIAN_POINT('',(0.,-0.212132034356));
#134 = VECTOR('',#135,1.);
#135 = DIRECTION('',(1.,0.));
#136 = ( GEOMETRIC_REPRESENTATION_CONTEXT(2) 
PARAMETRIC_REPRESENTATION_CONTEXT() REPRESENTATION_CONTEXT('2D SPACE',''
  ) );
#137 = ADVANCED_FACE('',(#138),#44,.T.);
#138 = FACE_BOUND('',#139,.T.);
#139 = EDGE_LOOP('',(#140,#141,#170,#198));
#140 = ORIENTED_EDGE('',*,*,#21,.F.);
#141 = ORIENTED_EDGE('',*,*,#142,.F.);
#142 = EDGE_CURVE('',#143,#22,#145,.T.);
#143 = VERTEX_POINT('',#144);
#144 = CARTESIAN_POINT('',(2.,-2.775557561563E-17,0.3));
#145 = SURFACE_CURVE('',#146,(#151,#158),.PCURVE_S1.);
#146 = CIRCLE('',#147,2.);
#147 = AXIS2_PLACEMENT_3D('',#148,#149,#150);
#148 = CARTESIAN_POINT('',(2.,2.,0.3));
#149 = DIRECTION('',(-0.,0.,-1.));
#150 = DIRECTION('',(-2.22044604925E-16,-1.,0.));
#151 = PCURVE('',#44,#152);
#152 = DEFINITIONAL_REPRESENTATION('',(#153),#157);
#153 = LINE('',#154,#155);
#154 = CARTESIAN_POINT('',(1.570796326795,0.3));
#155 = VECTOR('',#156,1.);
#156 = DIRECTION('',(-1.,-0.));
#157 = ( GEOMETRIC_REPRESENTATION_CONTEXT(2) 
PARAMETRIC_REPRESENTATION_CONTEXT() REPRESENTATION_CONTEXT('2D SPACE',''
  ) );
#158 = PCURVE('',#159,#164);
#159 = CONICAL_SURFACE('',#160,2.,0.785398163397);
#160 = AXIS2_PLACEMENT_3D('',#161,#162,#163);
#161 = CARTESIAN_POINT('',(2.,2.,0.3));
#162 = DIRECTION('',(0.,0.,1.));
#163 = DIRECTION('',(-2.22044604925E-16,-1.,0.));
#164 = DEFINITIONAL_REPRESENTATION('',(#165),#169);
#165 = LINE('',#166,#167);
#166 = CARTESIAN_POINT('',(-0.,-0.));
#167 = VECTOR('',#168,1.);
#168 = DIRECTION('',(-1.,-0.));
#169 = ( GEOMETRIC_REPRESENTATION_CONTEXT(2) 
PARAMETRIC_REPRESENTATION_CONTEXT() REPRESENTATION_CONTEXT('2D SPACE',''
  ) );
#170 = ORIENTED_EDGE('',*,*,#171,.T.);
#171 = EDGE_CURVE('',#143,#172,#174,.T.);
#172 = VERTEX_POINT('',#173);
#173 = CARTESIAN_POINT('',(2.,-3.608224830032E-16,3.7));
#174 = SURFACE_CURVE('',#175,(#179,#186),.PCURVE_S1.);
#175 = LINE('',#176,#177);
#176 = CARTESIAN_POINT('',(2.,-4.440892098501E-16,0.));
#177 = VECTOR('',#178,1.);
#178 = DIRECTION('',(0.,0.,1.));
#179 = PCURVE('',#44,#180);
#180 = DEFINITIONAL_REPRESENTATION('',(#181),#185);
#181 = LINE('',#182,#183);
#182 = CARTESIAN_POINT('',(1.570796326795,0.));
#183 = VECTOR('',#184,1.);
#184 = DIRECTION('',(0.,1.));
#185 = ( GEOMETRIC_REPRESENTATION_CONTEXT(2) 
PARAMETRIC_REPRESENTATION_CONTEXT() REPRESENTATION_CONTEXT('2D SPACE',''
  ) );
#186 = PCURVE('',#187,#192);
#187 = PLANE('',#188);
#188 = AXIS2_PLACEMENT_3D('',#189,#190,#191);
#189 = CARTESIAN_POINT('',(0.,0.,0.));
#190 = DIRECTION('',(0.,1.,0.));
#191 = DIRECTION('',(0.,0.,1.));
#192 = DEFINITIONAL_REPRESENTATION('',(#193),#197);
#193 = LINE('',#194,#195);
#194 = CARTESIAN_POINT('',(0.,2.));
#195 = VECTOR('',#196,1.);
#196 = DIRECTION('',(1.,0.));
#197 = ( GEOMETRIC_REPRESENTATION_CONTEXT(2) 
PARAMETRIC_REPRESENTATION_CONTEXT() REPRESENTATION_CONTEXT('2D SPACE',''
  ) );
#198 = ORIENTED_EDGE('',*,*,#199,.T.);
#199 = EDGE_CURVE('',#172,#24,#200,.T.);
#200 = SURFACE_CURVE('',#201,(#206,#213),.PCURVE_S1.);
#201 = CIRCLE('',#202,2.);
#202 = AXIS2_PLACEMENT_3D('',#203,#204,#205);
#203 = CARTESIAN_POINT('',(2.,2.,3.7));
#204 = DIRECTION('',(-0.,0.,-1.));
#205 = DIRECTION('',(-2.22044604925E-16,-1.,0.));
#206 = PCURVE('',#44,#207);
#207 = DEFINITIONAL_REPRESENTATION('',(#208),#212);
#208 = LINE('',#209,#210);
#209 = CARTESIAN_POINT('',(1.570796326795,3.7));
#210 = VECTOR('',#211,1.);
#211 = DIRECTION('',(-1.,-0.));
#212 = ( GEOMETRIC_REPRESENTATION_CONTEXT(2) 
PARAMETRIC_REPRESENTATION_CONTEXT() REPRESENTATION_CONTEXT('2D SPACE',''
  ) );
#213 = PCURVE('',#214,#219);
#214 = CONICAL_SURFACE('',#215,2.,0.785398163397);
#215 = AXIS2_PLACEMENT_3D('',#216,#217,#218);
#216 = CARTESIAN_POINT('',(2.,2.,3.7));
#217 = DIRECTION('',(-0.,-0.,-1.));
#218 = DIRECTION('',(-2.22044604925E-16,-1.,0.));
#219 = DEFINITIONAL_REPRESENTATION('',(#220),#224);
#220 = LINE('',#221,#222);
#221 = CARTESIAN_POINT('',(0.,-0.));
#222 = VECTOR('',#223,1.);
#223 = DIRECTION('',(1.,-0.));
#224 = ( GEOMETRIC_REPRESENTATION_CONTEXT(2) 
PARAMETRIC_REPRESENTATION_CONTEXT() REPRESENTATION_CONTEXT('2D SPACE',''
  ) );
#225 = ADVANCED_FACE('',(#226),#72,.T.);
#226 = FACE_BOUND('',#227,.T.);
#227 = EDGE_LOOP('',(#228,#249,#250,#276));
#228 = ORIENTED_EDGE('',*,*,#229,.F.);
#229 = EDGE_CURVE('',#22,#230,#232,.T.);
#230 = VERTEX_POINT('',#231);
#231 = CARTESIAN_POINT('',(0.3,2.,-2.775557561563E-17));
#232 = SURFACE_CURVE('',#233,(#237,#243),.PCURVE_S1.);
#233 = LINE('',#234,#235);
#234 = CARTESIAN_POINT('',(0.15,2.,0.15));
#235 = VECTOR('',#236,1.);
#236 = DIRECTION('',(0.707106781187,0.,-0.707106781187));
#237 = PCURVE('',#72,#238);
#238 = DEFINITIONAL_REPRESENTATION('',(#239),#242);
#239 = B_SPLINE_CURVE_WITH_KNOTS('',1,(#240,#241),.UNSPECIFIED.,.F.,.F.,
  (2,2),(-0.212132034356,0.212132034356),.PIECEWISE_BEZIER_KNOTS.);
#240 = CARTESIAN_POINT('',(0.,-0.212132034356));
#241 = CARTESIAN_POINT('',(0.,0.212132034356));
#242 = ( GEOMETRIC_REPRESENTATION_CONTEXT(2) 
PARAMETRIC_REPRESENTATION_CONTEXT() REPRESENTATION_CONTEXT('2D SPACE',''
  ) );
#243 = PCURVE('',#159,#244);
#244 = DEFINITIONAL_REPRESENTATION('',(#245),#248);
#245 = B_SPLINE_CURVE_WITH_KNOTS('',1,(#246,#247),.UNSPECIFIED.,.F.,.F.,
  (2,2),(-0.212132034356,0.212132034356),.PIECEWISE_BEZIER_KNOTS.);
#246 = CARTESIAN_POINT('',(-1.570796326795,0.));
#247 = CARTESIAN_POINT('',(-1.570796326795,-0.3));
#248 = ( GEOMETRIC_REPRESENTATION_CONTEXT(2) 
PARAMETRIC_REPRESENTATION_CONTEXT() REPRESENTATION_CONTEXT('2D SPACE',''
  ) );
#249 = ORIENTED_EDGE('',*,*,#56,.T.);
#250 = ORIENTED_EDGE('',*,*,#251,.T.);
#251 = EDGE_CURVE('',#57,#252,#254,.T.);
#252 = VERTEX_POINT('',#253);
#253 = CARTESIAN_POINT('',(0.3,16.,-2.775557561563E-17));
#254 = SURFACE_CURVE('',#255,(#259,#265),.PCURVE_S1.);
#255 = LINE('',#256,#257);
#256 = CARTESIAN_POINT('',(0.15,16.,0.15));
#257 = VECTOR('',#258,1.);
#258 = DIRECTION('',(0.707106781187,0.,-0.707106781187));
#259 = PCURVE('',#72,#260);
#260 = DEFINITIONAL_REPRESENTATION('',(#261),#264);
#261 = B_SPLINE_CURVE_WITH_KNOTS('',1,(#262,#263),.UNSPECIFIED.,.F.,.F.,
  (2,2),(-0.212132034356,0.212132034356),.PIECEWISE_BEZIER_KNOTS.);
#262 = CARTESIAN_POINT('',(14.,-0.212132034356));
#263 = CARTESIAN_POINT('',(14.,0.212132034356));
#264 = ( GEOMETRIC_REPRESENTATION_CONTEXT(2) 
PARAMETRIC_REPRESENTATION_CONTEXT() REPRESENTATION_CONTEXT('2D SPACE',''
  ) );
#265 = PCURVE('',#266,#271);
#266 = CONICAL_SURFACE('',#267,2.,0.785398163397);
#267 = AXIS2_PLACEMENT_3D('',#268,#269,#270);
#268 = CARTESIAN_POINT('',(2.,16.,0.3));
#269 = DIRECTION('',(0.,0.,1.));
#270 = DIRECTION('',(-1.,0.,0.));
#271 = DEFINITIONAL_REPRESENTATION('',(#272),#275);
#272 = B_SPLINE_CURVE_WITH_KNOTS('',1,(#273,#274),.UNSPECIFIED.,.F.,.F.,
  (2,2),(-0.212132034356,0.212132034356),.PIECEWISE_BEZIER_KNOTS.);
#273 = CARTESIAN_POINT('',(0.,0.));
#274 = CARTESIAN_POINT('',(0.,-0.3));
#275 = ( GEOMETRIC_REPRESENTATION_CONTEXT(2) 
PARAMETRIC_REPRESENTATION_CONTEXT() REPRESENTATION_CONTEXT('2D SPACE',''
  ) );
#276 = ORIENTED_EDGE('',*,*,#277,.F.);
#277 = EDGE_CURVE('',#230,#252,#278,.T.);
#278 = SURFACE_CURVE('',#279,(#283,#290),.PCURVE_S1.);
#279 = LINE('',#280,#281);
#280 = CARTESIAN_POINT('',(0.3,2.,0.));
#281 = VECTOR('',#282,1.);
#282 = DIRECTION('',(0.,1.,0.));
#283 = PCURVE('',#72,#284);
#284 = DEFINITIONAL_REPRESENTATION('',(#285),#289);
#285 = LINE('',#286,#287);
#286 = CARTESIAN_POINT('',(0.,0.212132034356));
#287 = VECTOR('',#288,1.);
#288 = DIRECTION('',(1.,0.));
#289 = ( GEOMETRIC_REPRESENTATION_CONTEXT(2) 
PARAMETRIC_REPRESENTATION_CONTEXT() REPRESENTATION_CONTEXT('2D SPACE',''
  ) );
#290 = PCURVE('',#291,#296);
#291 = PLANE('',#292);
#292 = AXIS2_PLACEMENT_3D('',#293,#294,#295);
#293 = CARTESIAN_POINT('',(0.,0.,0.));
#294 = DIRECTION('',(0.,0.,1.));
#295 = DIRECTION('',(1.,0.,0.));
#296 = DEFINITIONAL_REPRESENTATION('',(#297),#301);
#297 = LINE('',#298,#299);
#298 = CARTESIAN_POINT('',(0.3,2.));
#299 = VECTOR('',#300,1.);
#300 = DIRECTION('',(0.,1.));
#301 = ( GEOMETRIC_REPRESENTATION_CONTEXT(2) 
PARAMETRIC_REPRESENTATION_CONTEXT() REPRESENTATION_CONTEXT('2D SPACE',''
  ) );
#302 = ADVANCED_FACE('',(#303),#126,.F.);
#303 = FACE_BOUND('',#304,.F.);
#304 = EDGE_LOOP('',(#305,#326,#327,#353));
#305 = ORIENTED_EDGE('',*,*,#306,.F.);
#306 = EDGE_CURVE('',#24,#307,#309,.T.);
#307 = VERTEX_POINT('',#308);
#308 = CARTESIAN_POINT('',(0.3,2.,4.));
#309 = SURFACE_CURVE('',#310,(#314,#320),.PCURVE_S1.);
#310 = LINE('',#311,#312);
#311 = CARTESIAN_POINT('',(0.15,2.,3.85));
#312 = VECTOR('',#313,1.);
#313 = DIRECTION('',(0.707106781187,-0.,0.707106781187));
#314 = PCURVE('',#126,#315);
#315 = DEFINITIONAL_REPRESENTATION('',(#316),#319);
#316 = B_SPLINE_CURVE_WITH_KNOTS('',1,(#317,#318),.UNSPECIFIED.,.F.,.F.,
  (2,2),(-0.212132034356,0.212132034356),.PIECEWISE_BEZIER_KNOTS.);
#317 = CARTESIAN_POINT('',(0.,-0.212132034356));
#318 = CARTESIAN_POINT('',(0.,0.212132034356));
#319 = ( GEOMETRIC_REPRESENTATION_CONTEXT(2) 
PARAMETRIC_REPRESENTATION_CONTEXT() REPRESENTATION_CONTEXT('2D SPACE',''
  ) );
#320 = PCURVE('',#214,#321);
#321 = DEFINITIONAL_REPRESENTATION('',(#322),#325);
#322 = B_SPLINE_CURVE_WITH_KNOTS('',1,(#323,#324),.UNSPECIFIED.,.F.,.F.,
  (2,2),(-0.212132034356,0.212132034356),.PIECEWISE_BEZIER_KNOTS.);
#323 = CARTESIAN_POINT('',(1.570796326795,0.));
#324 = CARTESIAN_POINT('',(1.570796326795,-0.3));
#325 = ( GEOMETRIC_REPRESENTATION_CONTEXT(2) 
PARAMETRIC_REPRESENTATION_CONTEXT() REPRESENTATION_CONTEXT('2D SPACE',''
  ) );
#326 = ORIENTED_EDGE('',*,*,#112,.T.);
#327 = ORIENTED_EDGE('',*,*,#328,.T.);
#328 = EDGE_CURVE('',#85,#329,#331,.T.);
#329 = VERTEX_POINT('',#330);
#330 = CARTESIAN_POINT('',(0.3,16.,4.));
#331 = SURFACE_CURVE('',#332,(#336,#342),.PCURVE_S1.);
#332 = LINE('',#333,#334);
#333 = CARTESIAN_POINT('',(0.15,16.,3.85));
#334 = VECTOR('',#335,1.);
#335 = DIRECTION('',(0.707106781187,-0.,0.707106781187));
#336 = PCURVE('',#126,#337);
#337 = DEFINITIONAL_REPRESENTATION('',(#338),#341);
#338 = B_SPLINE_CURVE_WITH_KNOTS('',1,(#339,#340),.UNSPECIFIED.,.F.,.F.,
  (2,2),(-0.212132034356,0.212132034356),.PIECEWISE_BEZIER_KNOTS.);
#339 = CARTESIAN_POINT('',(14.,-0.212132034356));
#340 = CARTESIAN_POINT('',(14.,0.212132034356));
#341 = ( GEOMETRIC_REPRESENTATION_CONTEXT(2) 
PARAMETRIC_REPRESENTATION_CONTEXT() REPRESENTATION_CONTEXT('2D SPACE',''
  ) );
#342 = PCURVE('',#343,#348);
#343 = CONICAL_SURFACE('',#344,2.,0.785398163397);
#344 = AXIS2_PLACEMENT_3D('',#345,#346,#347);
#345 = CARTESIAN_POINT('',(2.,16.,3.7));
#346 = DIRECTION('',(-0.,-0.,-1.));
#347 = DIRECTION('',(-1.,0.,0.));
#348 = DEFINITIONAL_REPRESENTATION('',(#349),#352);
#349 = B_SPLINE_CURVE_WITH_KNOTS('',1,(#350,#351),.UNSPECIFIED.,.F.,.F.,
  (2,2),(-0.212132034356,0.212132034356),.PIECEWISE_BEZIER_KNOTS.);
#350 = CARTESIAN_POINT('',(0.,0.));
#351 = CARTESIAN_POINT('',(0.,-0.3));
#352 = ( GEOMETRIC_REPRESENTATION_CONTEXT(2) 
PARAMETRIC_REPRESENTATION_CONTEXT() REPRESENTATION_CONTEXT('2D SPACE',''
  ) );
#353 = ORIENTED_EDGE('',*,*,#354,.F.);
#354 = EDGE_CURVE('',#307,#329,#355,.T.);
#355 = SURFACE_CURVE('',#356,(#360,#367),.PCURVE_S1.);
#356 = LINE('',#357,#358);
#357 = CARTESIAN_POINT('',(0.3,2.,4.));
#358 = VECTOR('',#359,1.);
#359 = DIRECTION('',(0.,1.,0.));
#360 = PCURVE('',#126,#361);
#361 = DEFINITIONAL_REPRESENTATION('',(#362),#366);
#362 = LINE('',#363,#364);
#363 = CARTESIAN_POINT('',(0.,0.212132034356));
#364 = VECTOR('',#365,1.);
#365 = DIRECTION('',(1.,0.));
#366 = ( GEOMETRIC_REPRESENTATION_CONTEXT(2) 
PARAMETRIC_REPRESENTATION_CONTEXT() REPRESENTATION_CONTEXT('2D SPACE',''
  ) );
#367 = PCURVE('',#368,#373);
#368 = PLANE('',#369);
#369 = AXIS2_PLACEMENT_3D('',#370,#371,#372);
#370 = CARTESIAN_POINT('',(0.,0.,4.));
#371 = DIRECTION('',(0.,0.,1.));
#372 = DIRECTION('',(1.,0.,0.));
#373 = DEFINITIONAL_REPRESENTATION('',(#374),#378);
#374 = LINE('',#375,#376);
#375 = CARTESIAN_POINT('',(0.3,2.));
#376 = VECTOR('',#377,1.);
#377 = DIRECTION('',(0.,1.));
#378 = ( GEOMETRIC_REPRESENTATION_CONTEXT(2) 
PARAMETRIC_REPRESENTATION_CONTEXT() REPRESENTATION_CONTEXT('2D SPACE',''
  ) );
#379 = ADVANCED_FACE('',(#380),#100,.T.);
#380 = FACE_BOUND('',#381,.F.);
#381 = EDGE_LOOP('',(#382,#383,#407,#435));
#382 = ORIENTED_EDGE('',*,*,#84,.F.);
#383 = ORIENTED_EDGE('',*,*,#384,.T.);
#384 = EDGE_CURVE('',#57,#385,#387,.T.);
#385 = VERTEX_POINT('',#386);
#386 = CARTESIAN_POINT('',(2.,18.,0.3));
#387 = SURFACE_CURVE('',#388,(#393,#400),.PCURVE_S1.);
#388 = CIRCLE('',#389,2.);
#389 = AXIS2_PLACEMENT_3D('',#390,#391,#392);
#390 = CARTESIAN_POINT('',(2.,16.,0.3));
#391 = DIRECTION('',(-0.,0.,-1.));
#392 = DIRECTION('',(-1.,0.,0.));
#393 = PCURVE('',#100,#394);
#394 = DEFINITIONAL_REPRESENTATION('',(#395),#399);
#395 = LINE('',#396,#397);
#396 = CARTESIAN_POINT('',(-0.,0.3));
#397 = VECTOR('',#398,1.);
#398 = DIRECTION('',(-1.,0.));
#399 = ( GEOMETRIC_REPRESENTATION_CONTEXT(2) 
PARAMETRIC_REPRESENTATION_CONTEXT() REPRESENTATION_CONTEXT('2D SPACE',''
  ) );
#400 = PCURVE('',#266,#401);
#401 = DEFINITIONAL_REPRESENTATION('',(#402),#406);
#402 = LINE('',#403,#404);
#403 = CARTESIAN_POINT('',(-0.,-0.));
#404 = VECTOR('',#405,1.);
#405 = DIRECTION('',(-1.,-0.));
#406 = ( GEOMETRIC_REPRESENTATION_CONTEXT(2) 
PARAMETRIC_REPRESENTATION_CONTEXT() REPRESENTATION_CONTEXT('2D SPACE',''
  ) );
#407 = ORIENTED_EDGE('',*,*,#408,.T.);
#408 = EDGE_CURVE('',#385,#409,#411,.T.);
#409 = VERTEX_POINT('',#410);
#410 = CARTESIAN_POINT('',(2.,18.,3.7));
#411 = SURFACE_CURVE('',#412,(#416,#423),.PCURVE_S1.);
#412 = LINE('',#413,#414);
#413 = CARTESIAN_POINT('',(2.,18.,0.));
#414 = VECTOR('',#415,1.);
#415 = DIRECTION('',(0.,0.,1.));
#416 = PCURVE('',#100,#417);
#417 = DEFINITIONAL_REPRESENTATION('',(#418),#422);
#418 = LINE('',#419,#420);
#419 = CARTESIAN_POINT('',(-1.570796326795,0.));
#420 = VECTOR('',#421,1.);
#421 = DIRECTION('',(-0.,1.));
#422 = ( GEOMETRIC_REPRESENTATION_CONTEXT(2) 
PARAMETRIC_REPRESENTATION_CONTEXT() REPRESENTATION_CONTEXT('2D SPACE',''
  ) );
#423 = PCURVE('',#424,#429);
#424 = PLANE('',#425);
#425 = AXIS2_PLACEMENT_3D('',#426,#427,#428);
#426 = CARTESIAN_POINT('',(0.,18.,0.));
#427 = DIRECTION('',(0.,1.,0.));
#428 = DIRECTION('',(0.,0.,1.));
#429 = DEFINITIONAL_REPRESENTATION('',(#430),#434);
#430 = LINE('',#431,#432);
#431 = CARTESIAN_POINT('',(0.,2.));
#432 = VECTOR('',#433,1.);
#433 = DIRECTION('',(1.,0.));
#434 = ( GEOMETRIC_REPRESENTATION_CONTEXT(2) 
PARAMETRIC_REPRESENTATION_CONTEXT() REPRESENTATION_CONTEXT('2D SPACE',''
  ) );
#435 = ORIENTED_EDGE('',*,*,#436,.F.);
#436 = EDGE_CURVE('',#85,#409,#437,.T.);
#437 = SURFACE_CURVE('',#438,(#443,#450),.PCURVE_S1.);
#438 = CIRCLE('',#439,2.);
#439 = AXIS2_PLACEMENT_3D('',#440,#441,#442);
#440 = CARTESIAN_POINT('',(2.,16.,3.7));
#441 = DIRECTION('',(-0.,0.,-1.));
#442 = DIRECTION('',(-1.,0.,0.));
#443 = PCURVE('',#100,#444);
#444 = DEFINITIONAL_REPRESENTATION('',(#445),#449);
#445 = LINE('',#446,#447);
#446 = CARTESIAN_POINT('',(-0.,3.7));
#447 = VECTOR('',#448,1.);
#448 = DIRECTION('',(-1.,0.));
#449 = ( GEOMETRIC_REPRESENTATION_CONTEXT(2) 
PARAMETRIC_REPRESENTATION_CONTEXT() REPRESENTATION_CONTEXT('2D SPACE',''
  ) );
#450 = PCURVE('',#343,#451);
#451 = DEFINITIONAL_REPRESENTATION('',(#452),#456);
#452 = LINE('',#453,#454);
#453 = CARTESIAN_POINT('',(0.,-0.));
#454 = VECTOR('',#455,1.);
#455 = DIRECTION('',(1.,-0.));
#456 = ( GEOMETRIC_REPRESENTATION_CONTEXT(2) 
PARAMETRIC_REPRESENTATION_CONTEXT() REPRESENTATION_CONTEXT('2D SPACE',''
  ) );
#457 = ADVANCED_FACE('',(#458),#159,.T.);
#458 = FACE_BOUND('',#459,.T.);
#459 = EDGE_LOOP('',(#460,#486,#487,#488));
#460 = ORIENTED_EDGE('',*,*,#461,.F.);
#461 = EDGE_CURVE('',#143,#462,#464,.T.);
#462 = VERTEX_POINT('',#463);
#463 = CARTESIAN_POINT('',(2.,0.3,-2.775557561563E-17));
#464 = SURFACE_CURVE('',#465,(#469,#475),.PCURVE_S1.);
#465 = LINE('',#466,#467);
#466 = CARTESIAN_POINT('',(2.,0.15,0.15));
#467 = VECTOR('',#468,1.);
#468 = DIRECTION('',(-0.,0.707106781187,-0.707106781187));
#469 = PCURVE('',#159,#470);
#470 = DEFINITIONAL_REPRESENTATION('',(#471),#474);
#471 = B_SPLINE_CURVE_WITH_KNOTS('',1,(#472,#473),.UNSPECIFIED.,.F.,.F.,
  (2,2),(-0.212132034356,0.212132034356),.PIECEWISE_BEZIER_KNOTS.);
#472 = CARTESIAN_POINT('',(2.22044604925E-16,0.));
#473 = CARTESIAN_POINT('',(2.22044604925E-16,-0.3));
#474 = ( GEOMETRIC_REPRESENTATION_CONTEXT(2) 
PARAMETRIC_REPRESENTATION_CONTEXT() REPRESENTATION_CONTEXT('2D SPACE',''
  ) );
#475 = PCURVE('',#476,#481);
#476 = PLANE('',#477);
#477 = AXIS2_PLACEMENT_3D('',#478,#479,#480);
#478 = CARTESIAN_POINT('',(46.,0.15,0.15));
#479 = DIRECTION('',(0.,-0.707106781187,-0.707106781187));
#480 = DIRECTION('',(-1.,-0.,0.));
#481 = DEFINITIONAL_REPRESENTATION('',(#482),#485);
#482 = B_SPLINE_CURVE_WITH_KNOTS('',1,(#483,#484),.UNSPECIFIED.,.F.,.F.,
  (2,2),(-0.212132034356,0.212132034356),.PIECEWISE_BEZIER_KNOTS.);
#483 = CARTESIAN_POINT('',(44.,-0.212132034356));
#484 = CARTESIAN_POINT('',(44.,0.212132034356));
#485 = ( GEOMETRIC_REPRESENTATION_CONTEXT(2) 
PARAMETRIC_REPRESENTATION_CONTEXT() REPRESENTATION_CONTEXT('2D SPACE',''
  ) );
#486 = ORIENTED_EDGE('',*,*,#142,.T.);
#487 = ORIENTED_EDGE('',*,*,#229,.T.);
#488 = ORIENTED_EDGE('',*,*,#489,.F.);
#489 = EDGE_CURVE('',#462,#230,#490,.T.);
#490 = SURFACE_CURVE('',#491,(#496,#503),.PCURVE_S1.);
#491 = CIRCLE('',#492,1.7);
#492 = AXIS2_PLACEMENT_3D('',#493,#494,#495);
#493 = CARTESIAN_POINT('',(2.,2.,0.));
#494 = DIRECTION('',(-0.,0.,-1.));
#495 = DIRECTION('',(-2.22044604925E-16,-1.,0.));
#496 = PCURVE('',#159,#497);
#497 = DEFINITIONAL_REPRESENTATION('',(#498),#502);
#498 = LINE('',#499,#500);
#499 = CARTESIAN_POINT('',(-0.,-0.3));
#500 = VECTOR('',#501,1.);
#501 = DIRECTION('',(-1.,-0.));
#502 = ( GEOMETRIC_REPRESENTATION_CONTEXT(2) 
PARAMETRIC_REPRESENTATION_CONTEXT() REPRESENTATION_CONTEXT('2D SPACE',''
  ) );
#503 = PCURVE('',#291,#504);
#504 = DEFINITIONAL_REPRESENTATION('',(#505),#513);
#505 = ( BOUNDED_CURVE() B_SPLINE_CURVE(2,(#506,#507,#508,#509,#510,#511
,#512),.UNSPECIFIED.,.T.,.F.) B_SPLINE_CURVE_WITH_KNOTS((1,2,2,2,2,1),(
    -2.094395102393,0.,2.094395102393,4.188790204786,6.28318530718,
8.377580409573),.UNSPECIFIED.) CURVE() GEOMETRIC_REPRESENTATION_ITEM() 
RATIONAL_B_SPLINE_CURVE((1.,0.5,1.,0.5,1.,0.5,1.)) REPRESENTATION_ITEM(
  '') );
#506 = CARTESIAN_POINT('',(2.,0.3));
#507 = CARTESIAN_POINT('',(-0.944486372867,0.3));
#508 = CARTESIAN_POINT('',(0.527756813566,2.85));
#509 = CARTESIAN_POINT('',(2.,5.4));
#510 = CARTESIAN_POINT('',(3.472243186434,2.85));
#511 = CARTESIAN_POINT('',(4.944486372867,0.3));
#512 = CARTESIAN_POINT('',(2.,0.3));
#513 = ( GEOMETRIC_REPRESENTATION_CONTEXT(2) 
PARAMETRIC_REPRESENTATION_CONTEXT() REPRESENTATION_CONTEXT('2D SPACE',''
  ) );
#514 = ADVANCED_FACE('',(#515),#214,.T.);
#515 = FACE_BOUND('',#516,.F.);
#516 = EDGE_LOOP('',(#517,#543,#544,#545));
#517 = ORIENTED_EDGE('',*,*,#518,.F.);
#518 = EDGE_CURVE('',#172,#519,#521,.T.);
#519 = VERTEX_POINT('',#520);
#520 = CARTESIAN_POINT('',(2.,0.3,4.));
#521 = SURFACE_CURVE('',#522,(#526,#532),.PCURVE_S1.);
#522 = LINE('',#523,#524);
#523 = CARTESIAN_POINT('',(2.,0.15,3.85));
#524 = VECTOR('',#525,1.);
#525 = DIRECTION('',(0.,0.707106781187,0.707106781187));
#526 = PCURVE('',#214,#527);
#527 = DEFINITIONAL_REPRESENTATION('',(#528),#531);
#528 = B_SPLINE_CURVE_WITH_KNOTS('',1,(#529,#530),.UNSPECIFIED.,.F.,.F.,
  (2,2),(-0.212132034356,0.212132034356),.PIECEWISE_BEZIER_KNOTS.);
#529 = CARTESIAN_POINT('',(-2.22044604925E-16,0.));
#530 = CARTESIAN_POINT('',(-2.22044604925E-16,-0.3));
#531 = ( GEOMETRIC_REPRESENTATION_CONTEXT(2) 
PARAMETRIC_REPRESENTATION_CONTEXT() REPRESENTATION_CONTEXT('2D SPACE',''
  ) );
#532 = PCURVE('',#533,#538);
#533 = PLANE('',#534);
#534 = AXIS2_PLACEMENT_3D('',#535,#536,#537);
#535 = CARTESIAN_POINT('',(46.,0.15,3.85));
#536 = DIRECTION('',(0.,0.707106781187,-0.707106781187));
#537 = DIRECTION('',(-1.,0.,-0.));
#538 = DEFINITIONAL_REPRESENTATION('',(#539),#542);
#539 = B_SPLINE_CURVE_WITH_KNOTS('',1,(#540,#541),.UNSPECIFIED.,.F.,.F.,
  (2,2),(-0.212132034356,0.212132034356),.PIECEWISE_BEZIER_KNOTS.);
#540 = CARTESIAN_POINT('',(44.,-0.212132034356));
#541 = CARTESIAN_POINT('',(44.,0.212132034356));
#542 = ( GEOMETRIC_REPRESENTATION_CONTEXT(2) 
PARAMETRIC_REPRESENTATION_CONTEXT() REPRESENTATION_CONTEXT('2D SPACE',''
  ) );
#543 = ORIENTED_EDGE('',*,*,#199,.T.);
#544 = ORIENTED_EDGE('',*,*,#306,.T.);
#545 = ORIENTED_EDGE('',*,*,#546,.F.);
#546 = EDGE_CURVE('',#519,#307,#547,.T.);
#547 = SURFACE_CURVE('',#548,(#553,#560),.PCURVE_S1.);
#548 = CIRCLE('',#549,1.7);
#549 = AXIS2_PLACEMENT_3D('',#550,#551,#552);
#550 = CARTESIAN_POINT('',(2.,2.,4.));
#551 = DIRECTION('',(-0.,0.,-1.));
#552 = DIRECTION('',(-2.22044604925E-16,-1.,0.));
#553 = PCURVE('',#214,#554);
#554 = DEFINITIONAL_REPRESENTATION('',(#555),#559);
#555 = LINE('',#556,#557);
#556 = CARTESIAN_POINT('',(0.,-0.3));
#557 = VECTOR('',#558,1.);
#558 = DIRECTION('',(1.,-0.));
#559 = ( GEOMETRIC_REPRESENTATION_CONTEXT(2) 
PARAMETRIC_REPRESENTATION_CONTEXT() REPRESENTATION_CONTEXT('2D SPACE',''
  ) );
#560 = PCURVE('',#368,#561);
#561 = DEFINITIONAL_REPRESENTATION('',(#562),#570);
#562 = ( BOUNDED_CURVE() B_SPLINE_CURVE(2,(#563,#564,#565,#566,#567,#568
,#569),.UNSPECIFIED.,.T.,.F.) B_SPLINE_CURVE_WITH_KNOTS((1,2,2,2,2,1),(
    -2.094395102393,0.,2.094395102393,4.188790204786,6.28318530718,
8.377580409573),.UNSPECIFIED.) CURVE() GEOMETRIC_REPRESENTATION_ITEM() 
RATIONAL_B_SPLINE_CURVE((1.,0.5,1.,0.5,1.,0.5,1.)) REPRESENTATION_ITEM(
  '') );
#563 = CARTESIAN_POINT('',(2.,0.3));
#564 = CARTESIAN_POINT('',(-0.944486372867,0.3));
#565 = CARTESIAN_POINT('',(0.527756813566,2.85));
#566 = CARTESIAN_POINT('',(2.,5.4));
#567 = CARTESIAN_POINT('',(3.472243186434,2.85));
#568 = CARTESIAN_POINT('',(4.944486372867,0.3));
#569 = CARTESIAN_POINT('',(2.,0.3));
#570 = ( GEOMETRIC_REPRESENTATION_CONTEXT(2) 
PARAMETRIC_REPRESENTATION_CONTEXT() REPRESENTATION_CONTEXT('2D SPACE',''
  ) );
#571 = ADVANCED_FACE('',(#572),#187,.F.);
#572 = FACE_BOUND('',#573,.F.);
#573 = EDGE_LOOP('',(#574,#575,#598,#626));
#574 = ORIENTED_EDGE('',*,*,#171,.T.);
#575 = ORIENTED_EDGE('',*,*,#576,.F.);
#576 = EDGE_CURVE('',#577,#172,#579,.T.);
#577 = VERTEX_POINT('',#578);
#578 = CARTESIAN_POINT('',(46.,-4.440892098501E-16,3.7));
#579 = SURFACE_CURVE('',#580,(#584,#591),.PCURVE_S1.);
#580 = LINE('',#581,#582);
#581 = CARTESIAN_POINT('',(46.,0.,3.7));
#582 = VECTOR('',#583,1.);
#583 = DIRECTION('',(-1.,-0.,-0.));
#584 = PCURVE('',#187,#585);
#585 = DEFINITIONAL_REPRESENTATION('',(#586),#590);
#586 = LINE('',#587,#588);
#587 = CARTESIAN_POINT('',(3.7,46.));
#588 = VECTOR('',#589,1.);
#589 = DIRECTION('',(-0.,-1.));
#590 = ( GEOMETRIC_REPRESENTATION_CONTEXT(2) 
PARAMETRIC_REPRESENTATION_CONTEXT() REPRESENTATION_CONTEXT('2D SPACE',''
  ) );
#591 = PCURVE('',#533,#592);
#592 = DEFINITIONAL_REPRESENTATION('',(#593),#597);
#593 = LINE('',#594,#595);
#594 = CARTESIAN_POINT('',(0.,-0.212132034356));
#595 = VECTOR('',#596,1.);
#596 = DIRECTION('',(1.,0.));
#597 = ( GEOMETRIC_REPRESENTATION_CONTEXT(2) 
PARAMETRIC_REPRESENTATION_CONTEXT() REPRESENTATION_CONTEXT('2D SPACE',''
  ) );
#598 = ORIENTED_EDGE('',*,*,#599,.F.);
#599 = EDGE_CURVE('',#600,#577,#602,.T.);
#600 = VERTEX_POINT('',#601);
#601 = CARTESIAN_POINT('',(46.,-4.440892098501E-16,0.3));
#602 = SURFACE_CURVE('',#603,(#607,#614),.PCURVE_S1.);
#603 = LINE('',#604,#605);
#604 = CARTESIAN_POINT('',(46.,-4.440892098501E-16,0.));
#605 = VECTOR('',#606,1.);
#606 = DIRECTION('',(0.,0.,1.));
#607 = PCURVE('',#187,#608);
#608 = DEFINITIONAL_REPRESENTATION('',(#609),#613);
#609 = LINE('',#610,#611);
#610 = CARTESIAN_POINT('',(0.,46.));
#611 = VECTOR('',#612,1.);
#612 = DIRECTION('',(1.,0.));
#613 = ( GEOMETRIC_REPRESENTATION_CONTEXT(2) 
PARAMETRIC_REPRESENTATION_CONTEXT() REPRESENTATION_CONTEXT('2D SPACE',''
  ) );
#614 = PCURVE('',#615,#620);
#615 = CYLINDRICAL_SURFACE('',#616,2.);
#616 = AXIS2_PLACEMENT_3D('',#617,#618,#619);
#617 = CARTESIAN_POINT('',(46.,2.,0.));
#618 = DIRECTION('',(0.,0.,1.));
#619 = DIRECTION('',(1.,0.,-0.));
#620 = DEFINITIONAL_REPRESENTATION('',(#621),#625);
#621 = LINE('',#622,#623);
#622 = CARTESIAN_POINT('',(-1.570796326795,0.));
#623 = VECTOR('',#624,1.);
#624 = DIRECTION('',(-0.,1.));
#625 = ( GEOMETRIC_REPRESENTATION_CONTEXT(2) 
PARAMETRIC_REPRESENTATION_CONTEXT() REPRESENTATION_CONTEXT('2D SPACE',''
  ) );
#626 = ORIENTED_EDGE('',*,*,#627,.T.);
#627 = EDGE_CURVE('',#600,#143,#628,.T.);
#628 = SURFACE_CURVE('',#629,(#633,#640),.PCURVE_S1.);
#629 = LINE('',#630,#631);
#630 = CARTESIAN_POINT('',(46.,0.,0.3));
#631 = VECTOR('',#632,1.);
#632 = DIRECTION('',(-1.,-0.,-0.));
#633 = PCURVE('',#187,#634);
#634 = DEFINITIONAL_REPRESENTATION('',(#635),#639);
#635 = LINE('',#636,#637);
#636 = CARTESIAN_POINT('',(0.3,46.));
#637 = VECTOR('',#638,1.);
#638 = DIRECTION('',(-0.,-1.));
#639 = ( GEOMETRIC_REPRESENTATION_CONTEXT(2) 
PARAMETRIC_REPRESENTATION_CONTEXT() REPRESENTATION_CONTEXT('2D SPACE',''
  ) );
#640 = PCURVE('',#476,#641);
#641 = DEFINITIONAL_REPRESENTATION('',(#642),#646);
#642 = LINE('',#643,#644);
#643 = CARTESIAN_POINT('',(0.,-0.212132034356));
#644 = VECTOR('',#645,1.);
#645 = DIRECTION('',(1.,0.));
#646 = ( GEOMETRIC_REPRESENTATION_CONTEXT(2) 
PARAMETRIC_REPRESENTATION_CONTEXT() REPRESENTATION_CONTEXT('2D SPACE',''
  ) );
#647 = ADVANCED_FACE('',(#648,#823,#858,#893),#291,.F.);
#648 = FACE_BOUND('',#649,.F.);
#649 = EDGE_LOOP('',(#650,#651,#652,#675,#708,#736,#769,#797));
#650 = ORIENTED_EDGE('',*,*,#277,.F.);
#651 = ORIENTED_EDGE('',*,*,#489,.F.);
#652 = ORIENTED_EDGE('',*,*,#653,.F.);
#653 = EDGE_CURVE('',#654,#462,#656,.T.);
#654 = VERTEX_POINT('',#655);
#655 = CARTESIAN_POINT('',(46.,0.3,-1.387778780781E-15));
#656 = SURFACE_CURVE('',#657,(#661,#668),.PCURVE_S1.);
#657 = LINE('',#658,#659);
#658 = CARTESIAN_POINT('',(46.,0.3,0.));
#659 = VECTOR('',#660,1.);
#660 = DIRECTION('',(-1.,-0.,-0.));
#661 = PCURVE('',#291,#662);
#662 = DEFINITIONAL_REPRESENTATION('',(#663),#667);
#663 = LINE('',#664,#665);
#664 = CARTESIAN_POINT('',(46.,0.3));
#665 = VECTOR('',#666,1.);
#666 = DIRECTION('',(-1.,-0.));
#667 = ( GEOMETRIC_REPRESENTATION_CONTEXT(2) 
PARAMETRIC_REPRESENTATION_CONTEXT() REPRESENTATION_CONTEXT('2D SPACE',''
  ) );
#668 = PCURVE('',#476,#669);
#669 = DEFINITIONAL_REPRESENTATION('',(#670),#674);
#670 = LINE('',#671,#672);
#671 = CARTESIAN_POINT('',(0.,0.212132034356));
#672 = VECTOR('',#673,1.);
#673 = DIRECTION('',(1.,0.));
#674 = ( GEOMETRIC_REPRESENTATION_CONTEXT(2) 
PARAMETRIC_REPRESENTATION_CONTEXT() REPRESENTATION_CONTEXT('2D SPACE',''
  ) );
#675 = ORIENTED_EDGE('',*,*,#676,.F.);
#676 = EDGE_CURVE('',#677,#654,#679,.T.);
#677 = VERTEX_POINT('',#678);
#678 = CARTESIAN_POINT('',(47.7,2.,2.109423746788E-15));
#679 = SURFACE_CURVE('',#680,(#685,#696),.PCURVE_S1.);
#680 = CIRCLE('',#681,1.7);
#681 = AXIS2_PLACEMENT_3D('',#682,#683,#684);
#682 = CARTESIAN_POINT('',(46.,2.,0.));
#683 = DIRECTION('',(0.,-0.,-1.));
#684 = DIRECTION('',(1.,2.22044604925E-16,-0.));
#685 = PCURVE('',#291,#686);
#686 = DEFINITIONAL_REPRESENTATION('',(#687),#695);
#687 = ( BOUNDED_CURVE() B_SPLINE_CURVE(2,(#688,#689,#690,#691,#692,#693
,#694),.UNSPECIFIED.,.T.,.F.) B_SPLINE_CURVE_WITH_KNOTS((1,2,2,2,2,1),(
    -2.094395102393,0.,2.094395102393,4.188790204786,6.28318530718,
8.377580409573),.UNSPECIFIED.) CURVE() GEOMETRIC_REPRESENTATION_ITEM() 
RATIONAL_B_SPLINE_CURVE((1.,0.5,1.,0.5,1.,0.5,1.)) REPRESENTATION_ITEM(
  '') );
#688 = CARTESIAN_POINT('',(47.7,2.));
#689 = CARTESIAN_POINT('',(47.7,-0.944486372867));
#690 = CARTESIAN_POINT('',(45.15,0.527756813566));
#691 = CARTESIAN_POINT('',(42.6,2.));
#692 = CARTESIAN_POINT('',(45.15,3.472243186434));
#693 = CARTESIAN_POINT('',(47.7,4.944486372867));
#694 = CARTESIAN_POINT('',(47.7,2.));
#695 = ( GEOMETRIC_REPRESENTATION_CONTEXT(2) 
PARAMETRIC_REPRESENTATION_CONTEXT() REPRESENTATION_CONTEXT('2D SPACE',''
  ) );
#696 = PCURVE('',#697,#702);
#697 = CONICAL_SURFACE('',#698,2.,0.785398163397);
#698 = AXIS2_PLACEMENT_3D('',#699,#700,#701);
#699 = CARTESIAN_POINT('',(46.,2.,0.3));
#700 = DIRECTION('',(0.,0.,1.));
#701 = DIRECTION('',(1.,2.22044604925E-16,-0.));
#702 = DEFINITIONAL_REPRESENTATION('',(#703),#707);
#703 = LINE('',#704,#705);
#704 = CARTESIAN_POINT('',(-0.,-0.3));
#705 = VECTOR('',#706,1.);
#706 = DIRECTION('',(-1.,-0.));
#707 = ( GEOMETRIC_REPRESENTATION_CONTEXT(2) 
PARAMETRIC_REPRESENTATION_CONTEXT() REPRESENTATION_CONTEXT('2D SPACE',''
  ) );
#708 = ORIENTED_EDGE('',*,*,#709,.F.);
#709 = EDGE_CURVE('',#710,#677,#712,.T.);
#710 = VERTEX_POINT('',#711);
#711 = CARTESIAN_POINT('',(47.7,16.,-1.387778780781E-15));
#712 = SURFACE_CURVE('',#713,(#717,#724),.PCURVE_S1.);
#713 = LINE('',#714,#715);
#714 = CARTESIAN_POINT('',(47.7,16.,0.));
#715 = VECTOR('',#716,1.);
#716 = DIRECTION('',(-0.,-1.,-0.));
#717 = PCURVE('',#291,#718);
#718 = DEFINITIONAL_REPRESENTATION('',(#719),#723);
#719 = LINE('',#720,#721);
#720 = CARTESIAN_POINT('',(47.7,16.));
#721 = VECTOR('',#722,1.);
#722 = DIRECTION('',(-0.,-1.));
#723 = ( GEOMETRIC_REPRESENTATION_CONTEXT(2) 
PARAMETRIC_REPRESENTATION_CONTEXT() REPRESENTATION_CONTEXT('2D SPACE',''
  ) );
#724 = PCURVE('',#725,#730);
#725 = PLANE('',#726);
#726 = AXIS2_PLACEMENT_3D('',#727,#728,#729);
#727 = CARTESIAN_POINT('',(47.85,16.,0.15));
#728 = DIRECTION('',(-0.707106781187,3.472568050348E-18,0.707106781187)
  );
#729 = DIRECTION('',(2.455476416533E-18,1.,-2.455476416532E-18));
#730 = DEFINITIONAL_REPRESENTATION('',(#731),#735);
#731 = LINE('',#732,#733);
#732 = CARTESIAN_POINT('',(-0.,0.212132034356));
#733 = VECTOR('',#734,1.);
#734 = DIRECTION('',(-1.,0.));
#735 = ( GEOMETRIC_REPRESENTATION_CONTEXT(2) 
PARAMETRIC_REPRESENTATION_CONTEXT() REPRESENTATION_CONTEXT('2D SPACE',''
  ) );
#736 = ORIENTED_EDGE('',*,*,#737,.F.);
#737 = EDGE_CURVE('',#738,#710,#740,.T.);
#738 = VERTEX_POINT('',#739);
#739 = CARTESIAN_POINT('',(46.,17.7,-7.771561172376E-16));
#740 = SURFACE_CURVE('',#741,(#746,#757),.PCURVE_S1.);
#741 = CIRCLE('',#742,1.7);
#742 = AXIS2_PLACEMENT_3D('',#743,#744,#745);
#743 = CARTESIAN_POINT('',(46.,16.,0.));
#744 = DIRECTION('',(0.,-0.,-1.));
#745 = DIRECTION('',(0.,1.,-0.));
#746 = PCURVE('',#291,#747);
#747 = DEFINITIONAL_REPRESENTATION('',(#748),#756);
#748 = ( BOUNDED_CURVE() B_SPLINE_CURVE(2,(#749,#750,#751,#752,#753,#754
,#755),.UNSPECIFIED.,.T.,.F.) B_SPLINE_CURVE_WITH_KNOTS((1,2,2,2,2,1),(
    -2.094395102393,0.,2.094395102393,4.188790204786,6.28318530718,
8.377580409573),.UNSPECIFIED.) CURVE() GEOMETRIC_REPRESENTATION_ITEM() 
RATIONAL_B_SPLINE_CURVE((1.,0.5,1.,0.5,1.,0.5,1.)) REPRESENTATION_ITEM(
  '') );
#749 = CARTESIAN_POINT('',(46.,17.7));
#750 = CARTESIAN_POINT('',(48.944486372867,17.7));
#751 = CARTESIAN_POINT('',(47.472243186434,15.15));
#752 = CARTESIAN_POINT('',(46.,12.6));
#753 = CARTESIAN_POINT('',(44.527756813566,15.15));
#754 = CARTESIAN_POINT('',(43.055513627133,17.7));
#755 = CARTESIAN_POINT('',(46.,17.7));
#756 = ( GEOMETRIC_REPRESENTATION_CONTEXT(2) 
PARAMETRIC_REPRESENTATION_CONTEXT() REPRESENTATION_CONTEXT('2D SPACE',''
  ) );
#757 = PCURVE('',#758,#763);
#758 = CONICAL_SURFACE('',#759,2.,0.785398163397);
#759 = AXIS2_PLACEMENT_3D('',#760,#761,#762);
#760 = CARTESIAN_POINT('',(46.,16.,0.3));
#761 = DIRECTION('',(0.,0.,1.));
#762 = DIRECTION('',(0.,1.,0.));
#763 = DEFINITIONAL_REPRESENTATION('',(#764),#768);
#764 = LINE('',#765,#766);
#765 = CARTESIAN_POINT('',(-0.,-0.3));
#766 = VECTOR('',#767,1.);
#767 = DIRECTION('',(-1.,-0.));
#768 = ( GEOMETRIC_REPRESENTATION_CONTEXT(2) 
PARAMETRIC_REPRESENTATION_CONTEXT() REPRESENTATION_CONTEXT('2D SPACE',''
  ) );
#769 = ORIENTED_EDGE('',*,*,#770,.F.);
#770 = EDGE_CURVE('',#771,#738,#773,.T.);
#771 = VERTEX_POINT('',#772);
#772 = CARTESIAN_POINT('',(2.,17.7,-5.551115123126E-17));
#773 = SURFACE_CURVE('',#774,(#778,#785),.PCURVE_S1.);
#774 = LINE('',#775,#776);
#775 = CARTESIAN_POINT('',(2.,17.7,0.));
#776 = VECTOR('',#777,1.);
#777 = DIRECTION('',(1.,0.,0.));
#778 = PCURVE('',#291,#779);
#779 = DEFINITIONAL_REPRESENTATION('',(#780),#784);
#780 = LINE('',#781,#782);
#781 = CARTESIAN_POINT('',(2.,17.7));
#782 = VECTOR('',#783,1.);
#783 = DIRECTION('',(1.,0.));
#784 = ( GEOMETRIC_REPRESENTATION_CONTEXT(2) 
PARAMETRIC_REPRESENTATION_CONTEXT() REPRESENTATION_CONTEXT('2D SPACE',''
  ) );
#785 = PCURVE('',#786,#791);
#786 = PLANE('',#787);
#787 = AXIS2_PLACEMENT_3D('',#788,#789,#790);
#788 = CARTESIAN_POINT('',(2.,17.85,0.15));
#789 = DIRECTION('',(0.,-0.707106781187,0.707106781187));
#790 = DIRECTION('',(-1.,-0.,-0.));
#791 = DEFINITIONAL_REPRESENTATION('',(#792),#796);
#792 = LINE('',#793,#794);
#793 = CARTESIAN_POINT('',(-0.,0.212132034356));
#794 = VECTOR('',#795,1.);
#795 = DIRECTION('',(-1.,0.));
#796 = ( GEOMETRIC_REPRESENTATION_CONTEXT(2) 
PARAMETRIC_REPRESENTATION_CONTEXT() REPRESENTATION_CONTEXT('2D SPACE',''
  ) );
#797 = ORIENTED_EDGE('',*,*,#798,.F.);
#798 = EDGE_CURVE('',#252,#771,#799,.T.);
#799 = SURFACE_CURVE('',#800,(#805,#816),.PCURVE_S1.);
#800 = CIRCLE('',#801,1.7);
#801 = AXIS2_PLACEMENT_3D('',#802,#803,#804);
#802 = CARTESIAN_POINT('',(2.,16.,0.));
#803 = DIRECTION('',(-0.,0.,-1.));
#804 = DIRECTION('',(-1.,0.,0.));
#805 = PCURVE('',#291,#806);
#806 = DEFINITIONAL_REPRESENTATION('',(#807),#815);
#807 = ( BOUNDED_CURVE() B_SPLINE_CURVE(2,(#808,#809,#810,#811,#812,#813
,#814),.UNSPECIFIED.,.T.,.F.) B_SPLINE_CURVE_WITH_KNOTS((1,2,2,2,2,1),(
    -2.094395102393,0.,2.094395102393,4.188790204786,6.28318530718,
8.377580409573),.UNSPECIFIED.) CURVE() GEOMETRIC_REPRESENTATION_ITEM() 
RATIONAL_B_SPLINE_CURVE((1.,0.5,1.,0.5,1.,0.5,1.)) REPRESENTATION_ITEM(
  '') );
#808 = CARTESIAN_POINT('',(0.3,16.));
#809 = CARTESIAN_POINT('',(0.3,18.944486372867));
#810 = CARTESIAN_POINT('',(2.85,17.472243186434));
#811 = CARTESIAN_POINT('',(5.4,16.));
#812 = CARTESIAN_POINT('',(2.85,14.527756813566));
#813 = CARTESIAN_POINT('',(0.3,13.055513627133));
#814 = CARTESIAN_POINT('',(0.3,16.));
#815 = ( GEOMETRIC_REPRESENTATION_CONTEXT(2) 
PARAMETRIC_REPRESENTATION_CONTEXT() REPRESENTATION_CONTEXT('2D SPACE',''
  ) );
#816 = PCURVE('',#266,#817);
#817 = DEFINITIONAL_REPRESENTATION('',(#818),#822);
#818 = LINE('',#819,#820);
#819 = CARTESIAN_POINT('',(-0.,-0.3));
#820 = VECTOR('',#821,1.);
#821 = DIRECTION('',(-1.,-0.));
#822 = ( GEOMETRIC_REPRESENTATION_CONTEXT(2) 
PARAMETRIC_REPRESENTATION_CONTEXT() REPRESENTATION_CONTEXT('2D SPACE',''
  ) );
#823 = FACE_BOUND('',#824,.F.);
#824 = EDGE_LOOP('',(#825));
#825 = ORIENTED_EDGE('',*,*,#826,.T.);
#826 = EDGE_CURVE('',#827,#827,#829,.T.);
#827 = VERTEX_POINT('',#828);
#828 = CARTESIAN_POINT('',(9.25,6.,0.));
#829 = SURFACE_CURVE('',#830,(#835,#846),.PCURVE_S1.);
#830 = CIRCLE('',#831,1.25);
#831 = AXIS2_PLACEMENT_3D('',#832,#833,#834);
#832 = CARTESIAN_POINT('',(8.,6.,0.));
#833 = DIRECTION('',(0.,0.,-1.));
#834 = DIRECTION('',(1.,0.,0.));
#835 = PCURVE('',#291,#836);
#836 = DEFINITIONAL_REPRESENTATION('',(#837),#845);
#837 = ( BOUNDED_CURVE() B_SPLINE_CURVE(2,(#838,#839,#840,#841,#842,#843
,#844),.UNSPECIFIED.,.T.,.F.) B_SPLINE_CURVE_WITH_KNOTS((1,2,2,2,2,1),(
    -2.094395102393,0.,2.094395102393,4.188790204786,6.28318530718,
8.377580409573),.UNSPECIFIED.) CURVE() GEOMETRIC_REPRESENTATION_ITEM() 
RATIONAL_B_SPLINE_CURVE((1.,0.5,1.,0.5,1.,0.5,1.)) REPRESENTATION_ITEM(
  '') );
#838 = CARTESIAN_POINT('',(9.25,6.));
#839 = CARTESIAN_POINT('',(9.25,3.834936490539));
#840 = CARTESIAN_POINT('',(7.375,4.917468245269));
#841 = CARTESIAN_POINT('',(5.5,6.));
#842 = CARTESIAN_POINT('',(7.375,7.082531754731));
#843 = CARTESIAN_POINT('',(9.25,8.165063509461));
#844 = CARTESIAN_POINT('',(9.25,6.));
#845 = ( GEOMETRIC_REPRESENTATION_CONTEXT(2) 
PARAMETRIC_REPRESENTATION_CONTEXT() REPRESENTATION_CONTEXT('2D SPACE',''
  ) );
#846 = PCURVE('',#847,#852);
#847 = CYLINDRICAL_SURFACE('',#848,1.25);
#848 = AXIS2_PLACEMENT_3D('',#849,#850,#851);
#849 = CARTESIAN_POINT('',(8.,6.,-1.));
#850 = DIRECTION('',(-0.,-0.,-1.));
#851 = DIRECTION('',(1.,0.,0.));
#852 = DEFINITIONAL_REPRESENTATION('',(#853),#857);
#853 = LINE('',#854,#855);
#854 = CARTESIAN_POINT('',(-6.28318530718,-1.));
#855 = VECTOR('',#856,1.);
#856 = DIRECTION('',(1.,-0.));
#857 = ( GEOMETRIC_REPRESENTATION_CONTEXT(2) 
PARAMETRIC_REPRESENTATION_CONTEXT() REPRESENTATION_CONTEXT('2D SPACE',''
  ) );
#858 = FACE_BOUND('',#859,.F.);
#859 = EDGE_LOOP('',(#860));
#860 = ORIENTED_EDGE('',*,*,#861,.T.);
#861 = EDGE_CURVE('',#862,#862,#864,.T.);
#862 = VERTEX_POINT('',#863);
#863 = CARTESIAN_POINT('',(25.3,6.,0.));
#864 = SURFACE_CURVE('',#865,(#870,#881),.PCURVE_S1.);
#865 = CIRCLE('',#866,1.3);
#866 = AXIS2_PLACEMENT_3D('',#867,#868,#869);
#867 = CARTESIAN_POINT('',(24.,6.,0.));
#868 = DIRECTION('',(0.,0.,-1.));
#869 = DIRECTION('',(1.,0.,0.));
#870 = PCURVE('',#291,#871);
#871 = DEFINITIONAL_REPRESENTATION('',(#872),#880);
#872 = ( BOUNDED_CURVE() B_SPLINE_CURVE(2,(#873,#874,#875,#876,#877,#878
,#879),.UNSPECIFIED.,.T.,.F.) B_SPLINE_CURVE_WITH_KNOTS((1,2,2,2,2,1),(
    -2.094395102393,0.,2.094395102393,4.188790204786,6.28318530718,
8.377580409573),.UNSPECIFIED.) CURVE() GEOMETRIC_REPRESENTATION_ITEM() 
RATIONAL_B_SPLINE_CURVE((1.,0.5,1.,0.5,1.,0.5,1.)) REPRESENTATION_ITEM(
  '') );
#873 = CARTESIAN_POINT('',(25.3,6.));
#874 = CARTESIAN_POINT('',(25.3,3.74833395016));
#875 = CARTESIAN_POINT('',(23.35,4.87416697508));
#876 = CARTESIAN_POINT('',(21.4,6.));
#877 = CARTESIAN_POINT('',(23.35,7.12583302492));
#878 = CARTESIAN_POINT('',(25.3,8.25166604984));
#879 = CARTESIAN_POINT('',(25.3,6.));
#880 = ( GEOMETRIC_REPRESENTATION_CONTEXT(2) 
PARAMETRIC_REPRESENTATION_CONTEXT() REPRESENTATION_CONTEXT('2D SPACE',''
  ) );
#881 = PCURVE('',#882,#887);
#882 = CYLINDRICAL_SURFACE('',#883,1.3);
#883 = AXIS2_PLACEMENT_3D('',#884,#885,#886);
#884 = CARTESIAN_POINT('',(24.,6.,-1.));
#885 = DIRECTION('',(-0.,-0.,-1.));
#886 = DIRECTION('',(1.,0.,0.));
#887 = DEFINITIONAL_REPRESENTATION('',(#888),#892);
#888 = LINE('',#889,#890);
#889 = CARTESIAN_POINT('',(-6.28318530718,-1.));
#890 = VECTOR('',#891,1.);
#891 = DIRECTION('',(1.,-0.));
#892 = ( GEOMETRIC_REPRESENTATION_CONTEXT(2) 
PARAMETRIC_REPRESENTATION_CONTEXT() REPRESENTATION_CONTEXT('2D SPACE',''
  ) );
#893 = FACE_BOUND('',#894,.F.);
#894 = EDGE_LOOP('',(#895));
#895 = ORIENTED_EDGE('',*,*,#896,.T.);
#896 = EDGE_CURVE('',#897,#897,#899,.T.);
#897 = VERTEX_POINT('',#898);
#898 = CARTESIAN_POINT('',(41.35,6.,0.));
#899 = SURFACE_CURVE('',#900,(#905,#916),.PCURVE_S1.);
#900 = CIRCLE('',#901,1.35);
#901 = AXIS2_PLACEMENT_3D('',#902,#903,#904);
#902 = CARTESIAN_POINT('',(40.,6.,0.));
#903 = DIRECTION('',(0.,0.,-1.));
#904 = DIRECTION('',(1.,0.,0.));
#905 = PCURVE('',#291,#906);
#906 = DEFINITIONAL_REPRESENTATION('',(#907),#915);
#907 = ( BOUNDED_CURVE() B_SPLINE_CURVE(2,(#908,#909,#910,#911,#912,#913
,#914),.UNSPECIFIED.,.T.,.F.) B_SPLINE_CURVE_WITH_KNOTS((1,2,2,2,2,1),(
    -2.094395102393,0.,2.094395102393,4.188790204786,6.28318530718,
8.377580409573),.UNSPECIFIED.) CURVE() GEOMETRIC_REPRESENTATION_ITEM() 
RATIONAL_B_SPLINE_CURVE((1.,0.5,1.,0.5,1.,0.5,1.)) REPRESENTATION_ITEM(
  '') );
#908 = CARTESIAN_POINT('',(41.35,6.));
#909 = CARTESIAN_POINT('',(41.35,3.661731409782));
#910 = CARTESIAN_POINT('',(39.325,4.830865704891));
#911 = CARTESIAN_POINT('',(37.3,6.));
#912 = CARTESIAN_POINT('',(39.325,7.169134295109));
#913 = CARTESIAN_POINT('',(41.35,8.338268590218));
#914 = CARTESIAN_POINT('',(41.35,6.));
#915 = ( GEOMETRIC_REPRESENTATION_CONTEXT(2) 
PARAMETRIC_REPRESENTATION_CONTEXT() REPRESENTATION_CONTEXT('2D SPACE',''
  ) );
#916 = PCURVE('',#917,#922);
#917 = CYLINDRICAL_SURFACE('',#918,1.35);
#918 = AXIS2_PLACEMENT_3D('',#919,#920,#921);
#919 = CARTESIAN_POINT('',(40.,6.,-1.));
#920 = DIRECTION('',(-0.,-0.,-1.));
#921 = DIRECTION('',(1.,0.,0.));
#922 = DEFINITIONAL_REPRESENTATION('',(#923),#927);
#923 = LINE('',#924,#925);
#924 = CARTESIAN_POINT('',(-6.28318530718,-1.));
#925 = VECTOR('',#926,1.);
#926 = DIRECTION('',(1.,-0.));
#927 = ( GEOMETRIC_REPRESENTATION_CONTEXT(2) 
PARAMETRIC_REPRESENTATION_CONTEXT() REPRESENTATION_CONTEXT('2D SPACE',''
  ) );
#928 = ADVANCED_FACE('',(#929),#266,.T.);
#929 = FACE_BOUND('',#930,.T.);
#930 = EDGE_LOOP('',(#931,#932,#933,#952));
#931 = ORIENTED_EDGE('',*,*,#251,.F.);
#932 = ORIENTED_EDGE('',*,*,#384,.T.);
#933 = ORIENTED_EDGE('',*,*,#934,.T.);
#934 = EDGE_CURVE('',#385,#771,#935,.T.);
#935 = SURFACE_CURVE('',#936,(#940,#946),.PCURVE_S1.);
#936 = LINE('',#937,#938);
#937 = CARTESIAN_POINT('',(2.,18.,0.3));
#938 = VECTOR('',#939,1.);
#939 = DIRECTION('',(4.329780281177E-17,-0.707106781187,-0.707106781187)
  );
#940 = PCURVE('',#266,#941);
#941 = DEFINITIONAL_REPRESENTATION('',(#942),#945);
#942 = B_SPLINE_CURVE_WITH_KNOTS('',1,(#943,#944),.UNSPECIFIED.,.F.,.F.,
  (2,2),(0.,0.424264068712),.PIECEWISE_BEZIER_KNOTS.);
#943 = CARTESIAN_POINT('',(-1.570796326795,0.));
#944 = CARTESIAN_POINT('',(-1.570796326795,-0.3));
#945 = ( GEOMETRIC_REPRESENTATION_CONTEXT(2) 
PARAMETRIC_REPRESENTATION_CONTEXT() REPRESENTATION_CONTEXT('2D SPACE',''
  ) );
#946 = PCURVE('',#786,#947);
#947 = DEFINITIONAL_REPRESENTATION('',(#948),#951);
#948 = B_SPLINE_CURVE_WITH_KNOTS('',1,(#949,#950),.UNSPECIFIED.,.F.,.F.,
  (2,2),(0.,0.424264068712),.PIECEWISE_BEZIER_KNOTS.);
#949 = CARTESIAN_POINT('',(0.,-0.212132034356));
#950 = CARTESIAN_POINT('',(0.,0.212132034356));
#951 = ( GEOMETRIC_REPRESENTATION_CONTEXT(2) 
PARAMETRIC_REPRESENTATION_CONTEXT() REPRESENTATION_CONTEXT('2D SPACE',''
  ) );
#952 = ORIENTED_EDGE('',*,*,#798,.F.);
#953 = ADVANCED_FACE('',(#954,#1129,#1159,#1189,#1219,#1325,#2162,#3060,
    #3897,#4003,#4742,#4848,#5685),#368,.T.);
#954 = FACE_BOUND('',#955,.T.);
#955 = EDGE_LOOP('',(#956,#957,#958,#981,#1014,#1042,#1075,#1103));
#956 = ORIENTED_EDGE('',*,*,#354,.F.);
#957 = ORIENTED_EDGE('',*,*,#546,.F.);
#958 = ORIENTED_EDGE('',*,*,#959,.F.);
#959 = EDGE_CURVE('',#960,#519,#962,.T.);
#960 = VERTEX_POINT('',#961);
#961 = CARTESIAN_POINT('',(46.,0.3,4.));
#962 = SURFACE_CURVE('',#963,(#967,#974),.PCURVE_S1.);
#963 = LINE('',#964,#965);
#964 = CARTESIAN_POINT('',(46.,0.3,4.));
#965 = VECTOR('',#966,1.);
#966 = DIRECTION('',(-1.,-0.,-0.));
#967 = PCURVE('',#368,#968);
#968 = DEFINITIONAL_REPRESENTATION('',(#969),#973);
#969 = LINE('',#970,#971);
#970 = CARTESIAN_POINT('',(46.,0.3));
#971 = VECTOR('',#972,1.);
#972 = DIRECTION('',(-1.,-0.));
#973 = ( GEOMETRIC_REPRESENTATION_CONTEXT(2) 
PARAMETRIC_REPRESENTATION_CONTEXT() REPRESENTATION_CONTEXT('2D SPACE',''
  ) );
#974 = PCURVE('',#533,#975);
#975 = DEFINITIONAL_REPRESENTATION('',(#976),#980);
#976 = LINE('',#977,#978);
#977 = CARTESIAN_POINT('',(0.,0.212132034356));
#978 = VECTOR('',#979,1.);
#979 = DIRECTION('',(1.,0.));
#980 = ( GEOMETRIC_REPRESENTATION_CONTEXT(2) 
PARAMETRIC_REPRESENTATION_CONTEXT() REPRESENTATION_CONTEXT('2D SPACE',''
  ) );
#981 = ORIENTED_EDGE('',*,*,#982,.F.);
#982 = EDGE_CURVE('',#983,#960,#985,.T.);
#983 = VERTEX_POINT('',#984);
#984 = CARTESIAN_POINT('',(47.7,2.,4.));
#985 = SURFACE_CURVE('',#986,(#991,#1002),.PCURVE_S1.);
#986 = CIRCLE('',#987,1.7);
#987 = AXIS2_PLACEMENT_3D('',#988,#989,#990);
#988 = CARTESIAN_POINT('',(46.,2.,4.));
#989 = DIRECTION('',(0.,-0.,-1.));
#990 = DIRECTION('',(1.,2.22044604925E-16,-0.));
#991 = PCURVE('',#368,#992);
#992 = DEFINITIONAL_REPRESENTATION('',(#993),#1001);
#993 = ( BOUNDED_CURVE() B_SPLINE_CURVE(2,(#994,#995,#996,#997,#998,#999
,#1000),.UNSPECIFIED.,.T.,.F.) B_SPLINE_CURVE_WITH_KNOTS((1,2,2,2,2,1),(
    -2.094395102393,0.,2.094395102393,4.188790204786,6.28318530718,
8.377580409573),.UNSPECIFIED.) CURVE() GEOMETRIC_REPRESENTATION_ITEM() 
RATIONAL_B_SPLINE_CURVE((1.,0.5,1.,0.5,1.,0.5,1.)) REPRESENTATION_ITEM(
  '') );
#994 = CARTESIAN_POINT('',(47.7,2.));
#995 = CARTESIAN_POINT('',(47.7,-0.944486372867));
#996 = CARTESIAN_POINT('',(45.15,0.527756813566));
#997 = CARTESIAN_POINT('',(42.6,2.));
#998 = CARTESIAN_POINT('',(45.15,3.472243186434));
#999 = CARTESIAN_POINT('',(47.7,4.944486372867));
#1000 = CARTESIAN_POINT('',(47.7,2.));
#1001 = ( GEOMETRIC_REPRESENTATION_CONTEXT(2) 
PARAMETRIC_REPRESENTATION_CONTEXT() REPRESENTATION_CONTEXT('2D SPACE',''
  ) );
#1002 = PCURVE('',#1003,#1008);
#1003 = CONICAL_SURFACE('',#1004,2.,0.785398163397);
#1004 = AXIS2_PLACEMENT_3D('',#1005,#1006,#1007);
#1005 = CARTESIAN_POINT('',(46.,2.,3.7));
#1006 = DIRECTION('',(-0.,-0.,-1.));
#1007 = DIRECTION('',(1.,2.22044604925E-16,-0.));
#1008 = DEFINITIONAL_REPRESENTATION('',(#1009),#1013);
#1009 = LINE('',#1010,#1011);
#1010 = CARTESIAN_POINT('',(0.,-0.3));
#1011 = VECTOR('',#1012,1.);
#1012 = DIRECTION('',(1.,-0.));
#1013 = ( GEOMETRIC_REPRESENTATION_CONTEXT(2) 
PARAMETRIC_REPRESENTATION_CONTEXT() REPRESENTATION_CONTEXT('2D SPACE',''
  ) );
#1014 = ORIENTED_EDGE('',*,*,#1015,.F.);
#1015 = EDGE_CURVE('',#1016,#983,#1018,.T.);
#1016 = VERTEX_POINT('',#1017);
#1017 = CARTESIAN_POINT('',(47.7,16.,4.));
#1018 = SURFACE_CURVE('',#1019,(#1023,#1030),.PCURVE_S1.);
#1019 = LINE('',#1020,#1021);
#1020 = CARTESIAN_POINT('',(47.7,16.,4.));
#1021 = VECTOR('',#1022,1.);
#1022 = DIRECTION('',(-0.,-1.,-0.));
#1023 = PCURVE('',#368,#1024);
#1024 = DEFINITIONAL_REPRESENTATION('',(#1025),#1029);
#1025 = LINE('',#1026,#1027);
#1026 = CARTESIAN_POINT('',(47.7,16.));
#1027 = VECTOR('',#1028,1.);
#1028 = DIRECTION('',(-0.,-1.));
#1029 = ( GEOMETRIC_REPRESENTATION_CONTEXT(2) 
PARAMETRIC_REPRESENTATION_CONTEXT() REPRESENTATION_CONTEXT('2D SPACE',''
  ) );
#1030 = PCURVE('',#1031,#1036);
#1031 = PLANE('',#1032);
#1032 = AXIS2_PLACEMENT_3D('',#1033,#1034,#1035);
#1033 = CARTESIAN_POINT('',(47.85,16.,3.85));
#1034 = DIRECTION('',(0.707106781187,-3.472568050348E-18,0.707106781187)
  );
#1035 = DIRECTION('',(2.455476416533E-18,1.,2.455476416532E-18));
#1036 = DEFINITIONAL_REPRESENTATION('',(#1037),#1041);
#1037 = LINE('',#1038,#1039);
#1038 = CARTESIAN_POINT('',(-0.,0.212132034356));
#1039 = VECTOR('',#1040,1.);
#1040 = DIRECTION('',(-1.,0.));
#1041 = ( GEOMETRIC_REPRESENTATION_CONTEXT(2) 
PARAMETRIC_REPRESENTATION_CONTEXT() REPRESENTATION_CONTEXT('2D SPACE',''
  ) );
#1042 = ORIENTED_EDGE('',*,*,#1043,.F.);
#1043 = EDGE_CURVE('',#1044,#1016,#1046,.T.);
#1044 = VERTEX_POINT('',#1045);
#1045 = CARTESIAN_POINT('',(46.,17.7,4.));
#1046 = SURFACE_CURVE('',#1047,(#1052,#1063),.PCURVE_S1.);
#1047 = CIRCLE('',#1048,1.7);
#1048 = AXIS2_PLACEMENT_3D('',#1049,#1050,#1051);
#1049 = CARTESIAN_POINT('',(46.,16.,4.));
#1050 = DIRECTION('',(0.,-0.,-1.));
#1051 = DIRECTION('',(0.,1.,-0.));
#1052 = PCURVE('',#368,#1053);
#1053 = DEFINITIONAL_REPRESENTATION('',(#1054),#1062);
#1054 = ( BOUNDED_CURVE() B_SPLINE_CURVE(2,(#1055,#1056,#1057,#1058,
#1059,#1060,#1061),.UNSPECIFIED.,.T.,.F.) B_SPLINE_CURVE_WITH_KNOTS((1,2
    ,2,2,2,1),(-2.094395102393,0.,2.094395102393,4.188790204786,
6.28318530718,8.377580409573),.UNSPECIFIED.) CURVE() 
GEOMETRIC_REPRESENTATION_ITEM() RATIONAL_B_SPLINE_CURVE((1.,0.5,1.,0.5,
1.,0.5,1.)) REPRESENTATION_ITEM('') );
#1055 = CARTESIAN_POINT('',(46.,17.7));
#1056 = CARTESIAN_POINT('',(48.944486372867,17.7));
#1057 = CARTESIAN_POINT('',(47.472243186434,15.15));
#1058 = CARTESIAN_POINT('',(46.,12.6));
#1059 = CARTESIAN_POINT('',(44.527756813566,15.15));
#1060 = CARTESIAN_POINT('',(43.055513627133,17.7));
#1061 = CARTESIAN_POINT('',(46.,17.7));
#1062 = ( GEOMETRIC_REPRESENTATION_CONTEXT(2) 
PARAMETRIC_REPRESENTATION_CONTEXT() REPRESENTATION_CONTEXT('2D SPACE',''
  ) );
#1063 = PCURVE('',#1064,#1069);
#1064 = CONICAL_SURFACE('',#1065,2.,0.785398163397);
#1065 = AXIS2_PLACEMENT_3D('',#1066,#1067,#1068);
#1066 = CARTESIAN_POINT('',(46.,16.,3.7));
#1067 = DIRECTION('',(-0.,-0.,-1.));
#1068 = DIRECTION('',(0.,1.,-0.));
#1069 = DEFINITIONAL_REPRESENTATION('',(#1070),#1074);
#1070 = LINE('',#1071,#1072);
#1071 = CARTESIAN_POINT('',(0.,-0.3));
#1072 = VECTOR('',#1073,1.);
#1073 = DIRECTION('',(1.,-0.));
#1074 = ( GEOMETRIC_REPRESENTATION_CONTEXT(2) 
PARAMETRIC_REPRESENTATION_CONTEXT() REPRESENTATION_CONTEXT('2D SPACE',''
  ) );
#1075 = ORIENTED_EDGE('',*,*,#1076,.F.);
#1076 = EDGE_CURVE('',#1077,#1044,#1079,.T.);
#1077 = VERTEX_POINT('',#1078);
#1078 = CARTESIAN_POINT('',(2.,17.7,4.));
#1079 = SURFACE_CURVE('',#1080,(#1084,#1091),.PCURVE_S1.);
#1080 = LINE('',#1081,#1082);
#1081 = CARTESIAN_POINT('',(2.,17.7,4.));
#1082 = VECTOR('',#1083,1.);
#1083 = DIRECTION('',(1.,0.,0.));
#1084 = PCURVE('',#368,#1085);
#1085 = DEFINITIONAL_REPRESENTATION('',(#1086),#1090);
#1086 = LINE('',#1087,#1088);
#1087 = CARTESIAN_POINT('',(2.,17.7));
#1088 = VECTOR('',#1089,1.);
#1089 = DIRECTION('',(1.,0.));
#1090 = ( GEOMETRIC_REPRESENTATION_CONTEXT(2) 
PARAMETRIC_REPRESENTATION_CONTEXT() REPRESENTATION_CONTEXT('2D SPACE',''
  ) );
#1091 = PCURVE('',#1092,#1097);
#1092 = PLANE('',#1093);
#1093 = AXIS2_PLACEMENT_3D('',#1094,#1095,#1096);
#1094 = CARTESIAN_POINT('',(2.,17.85,3.85));
#1095 = DIRECTION('',(0.,0.707106781187,0.707106781187));
#1096 = DIRECTION('',(-1.,-0.,0.));
#1097 = DEFINITIONAL_REPRESENTATION('',(#1098),#1102);
#1098 = LINE('',#1099,#1100);
#1099 = CARTESIAN_POINT('',(-0.,0.212132034356));
#1100 = VECTOR('',#1101,1.);
#1101 = DIRECTION('',(-1.,0.));
#1102 = ( GEOMETRIC_REPRESENTATION_CONTEXT(2) 
PARAMETRIC_REPRESENTATION_CONTEXT() REPRESENTATION_CONTEXT('2D SPACE',''
  ) );
#1103 = ORIENTED_EDGE('',*,*,#1104,.F.);
#1104 = EDGE_CURVE('',#329,#1077,#1105,.T.);
#1105 = SURFACE_CURVE('',#1106,(#1111,#1122),.PCURVE_S1.);
#1106 = CIRCLE('',#1107,1.7);
#1107 = AXIS2_PLACEMENT_3D('',#1108,#1109,#1110);
#1108 = CARTESIAN_POINT('',(2.,16.,4.));
#1109 = DIRECTION('',(-0.,0.,-1.));
#1110 = DIRECTION('',(-1.,0.,0.));
#1111 = PCURVE('',#368,#1112);
#1112 = DEFINITIONAL_REPRESENTATION('',(#1113),#1121);
#1113 = ( BOUNDED_CURVE() B_SPLINE_CURVE(2,(#1114,#1115,#1116,#1117,
#1118,#1119,#1120),.UNSPECIFIED.,.T.,.F.) B_SPLINE_CURVE_WITH_KNOTS((1,2
    ,2,2,2,1),(-2.094395102393,0.,2.094395102393,4.188790204786,
6.28318530718,8.377580409573),.UNSPECIFIED.) CURVE() 
GEOMETRIC_REPRESENTATION_ITEM() RATIONAL_B_SPLINE_CURVE((1.,0.5,1.,0.5,
1.,0.5,1.)) REPRESENTATION_ITEM('') );
#1114 = CARTESIAN_POINT('',(0.3,16.));
#1115 = CARTESIAN_POINT('',(0.3,18.944486372867));
#1116 = CARTESIAN_POINT('',(2.85,17.472243186434));
#1117 = CARTESIAN_POINT('',(5.4,16.));
#1118 = CARTESIAN_POINT('',(2.85,14.527756813566));
#1119 = CARTESIAN_POINT('',(0.3,13.055513627133));
#1120 = CARTESIAN_POINT('',(0.3,16.));
#1121 = ( GEOMETRIC_REPRESENTATION_CONTEXT(2) 
PARAMETRIC_REPRESENTATION_CONTEXT() REPRESENTATION_CONTEXT('2D SPACE',''
  ) );
#1122 = PCURVE('',#343,#1123);
#1123 = DEFINITIONAL_REPRESENTATION('',(#1124),#1128);
#1124 = LINE('',#1125,#1126);
#1125 = CARTESIAN_POINT('',(0.,-0.3));
#1126 = VECTOR('',#1127,1.);
#1127 = DIRECTION('',(1.,-0.));
#1128 = ( GEOMETRIC_REPRESENTATION_CONTEXT(2) 
PARAMETRIC_REPRESENTATION_CONTEXT() REPRESENTATION_CONTEXT('2D SPACE',''
  ) );
#1129 = FACE_BOUND('',#1130,.T.);
#1130 = EDGE_LOOP('',(#1131));
#1131 = ORIENTED_EDGE('',*,*,#1132,.T.);
#1132 = EDGE_CURVE('',#1133,#1133,#1135,.T.);
#1133 = VERTEX_POINT('',#1134);
#1134 = CARTESIAN_POINT('',(9.25,6.,4.));
#1135 = SURFACE_CURVE('',#1136,(#1141,#1152),.PCURVE_S1.);
#1136 = CIRCLE('',#1137,1.25);
#1137 = AXIS2_PLACEMENT_3D('',#1138,#1139,#1140);
#1138 = CARTESIAN_POINT('',(8.,6.,4.));
#1139 = DIRECTION('',(0.,0.,-1.));
#1140 = DIRECTION('',(1.,0.,0.));
#1141 = PCURVE('',#368,#1142);
#1142 = DEFINITIONAL_REPRESENTATION('',(#1143),#1151);
#1143 = ( BOUNDED_CURVE() B_SPLINE_CURVE(2,(#1144,#1145,#1146,#1147,
#1148,#1149,#1150),.UNSPECIFIED.,.T.,.F.) B_SPLINE_CURVE_WITH_KNOTS((1,2
    ,2,2,2,1),(-2.094395102393,0.,2.094395102393,4.188790204786,
6.28318530718,8.377580409573),.UNSPECIFIED.) CURVE() 
GEOMETRIC_REPRESENTATION_ITEM() RATIONAL_B_SPLINE_CURVE((1.,0.5,1.,0.5,
1.,0.5,1.)) REPRESENTATION_ITEM('') );
#1144 = CARTESIAN_POINT('',(9.25,6.));
#1145 = CARTESIAN_POINT('',(9.25,3.834936490539));
#1146 = CARTESIAN_POINT('',(7.375,4.917468245269));
#1147 = CARTESIAN_POINT('',(5.5,6.));
#1148 = CARTESIAN_POINT('',(7.375,7.082531754731));
#1149 = CARTESIAN_POINT('',(9.25,8.165063509461));
#1150 = CARTESIAN_POINT('',(9.25,6.));
#1151 = ( GEOMETRIC_REPRESENTATION_CONTEXT(2) 
PARAMETRIC_REPRESENTATION_CONTEXT() REPRESENTATION_CONTEXT('2D SPACE',''
  ) );
#1152 = PCURVE('',#847,#1153);
#1153 = DEFINITIONAL_REPRESENTATION('',(#1154),#1158);
#1154 = LINE('',#1155,#1156);
#1155 = CARTESIAN_POINT('',(-6.28318530718,-5.));
#1156 = VECTOR('',#1157,1.);
#1157 = DIRECTION('',(1.,-0.));
#1158 = ( GEOMETRIC_REPRESENTATION_CONTEXT(2) 
PARAMETRIC_REPRESENTATION_CONTEXT() REPRESENTATION_CONTEXT('2D SPACE',''
  ) );
#1159 = FACE_BOUND('',#1160,.T.);
#1160 = EDGE_LOOP('',(#1161));
#1161 = ORIENTED_EDGE('',*,*,#1162,.T.);
#1162 = EDGE_CURVE('',#1163,#1163,#1165,.T.);
#1163 = VERTEX_POINT('',#1164);
#1164 = CARTESIAN_POINT('',(25.3,6.,4.));
#1165 = SURFACE_CURVE('',#1166,(#1171,#1182),.PCURVE_S1.);
#1166 = CIRCLE('',#1167,1.3);
#1167 = AXIS2_PLACEMENT_3D('',#1168,#1169,#1170);
#1168 = CARTESIAN_POINT('',(24.,6.,4.));
#1169 = DIRECTION('',(0.,0.,-1.));
#1170 = DIRECTION('',(1.,0.,0.));
#1171 = PCURVE('',#368,#1172);
#1172 = DEFINITIONAL_REPRESENTATION('',(#1173),#1181);
#1173 = ( BOUNDED_CURVE() B_SPLINE_CURVE(2,(#1174,#1175,#1176,#1177,
#1178,#1179,#1180),.UNSPECIFIED.,.T.,.F.) B_SPLINE_CURVE_WITH_KNOTS((1,2
    ,2,2,2,1),(-2.094395102393,0.,2.094395102393,4.188790204786,
6.28318530718,8.377580409573),.UNSPECIFIED.) CURVE() 
GEOMETRIC_REPRESENTATION_ITEM() RATIONAL_B_SPLINE_CURVE((1.,0.5,1.,0.5,
1.,0.5,1.)) REPRESENTATION_ITEM('') );
#1174 = CARTESIAN_POINT('',(25.3,6.));
#1175 = CARTESIAN_POINT('',(25.3,3.74833395016));
#1176 = CARTESIAN_POINT('',(23.35,4.87416697508));
#1177 = CARTESIAN_POINT('',(21.4,6.));
#1178 = CARTESIAN_POINT('',(23.35,7.12583302492));
#1179 = CARTESIAN_POINT('',(25.3,8.25166604984));
#1180 = CARTESIAN_POINT('',(25.3,6.));
#1181 = ( GEOMETRIC_REPRESENTATION_CONTEXT(2) 
PARAMETRIC_REPRESENTATION_CONTEXT() REPRESENTATION_CONTEXT('2D SPACE',''
  ) );
#1182 = PCURVE('',#882,#1183);
#1183 = DEFINITIONAL_REPRESENTATION('',(#1184),#1188);
#1184 = LINE('',#1185,#1186);
#1185 = CARTESIAN_POINT('',(-6.28318530718,-5.));
#1186 = VECTOR('',#1187,1.);
#1187 = DIRECTION('',(1.,-0.));
#1188 = ( GEOMETRIC_REPRESENTATION_CONTEXT(2) 
PARAMETRIC_REPRESENTATION_CONTEXT() REPRESENTATION_CONTEXT('2D SPACE',''
  ) );
#1189 = FACE_BOUND('',#1190,.T.);
#1190 = EDGE_LOOP('',(#1191));
#1191 = ORIENTED_EDGE('',*,*,#1192,.T.);
#1192 = EDGE_CURVE('',#1193,#1193,#1195,.T.);
#1193 = VERTEX_POINT('',#1194);
#1194 = CARTESIAN_POINT('',(41.35,6.,4.));
#1195 = SURFACE_CURVE('',#1196,(#1201,#1212),.PCURVE_S1.);
#1196 = CIRCLE('',#1197,1.35);
#1197 = AXIS2_PLACEMENT_3D('',#1198,#1199,#1200);
#1198 = CARTESIAN_POINT('',(40.,6.,4.));
#1199 = DIRECTION('',(0.,0.,-1.));
#1200 = DIRECTION('',(1.,0.,0.));
#1201 = PCURVE('',#368,#1202);
#1202 = DEFINITIONAL_REPRESENTATION('',(#1203),#1211);
#1203 = ( BOUNDED_CURVE() B_SPLINE_CURVE(2,(#1204,#1205,#1206,#1207,
#1208,#1209,#1210),.UNSPECIFIED.,.T.,.F.) B_SPLINE_CURVE_WITH_KNOTS((1,2
    ,2,2,2,1),(-2.094395102393,0.,2.094395102393,4.188790204786,
6.28318530718,8.377580409573),.UNSPECIFIED.) CURVE() 
GEOMETRIC_REPRESENTATION_ITEM() RATIONAL_B_SPLINE_CURVE((1.,0.5,1.,0.5,
1.,0.5,1.)) REPRESENTATION_ITEM('') );
#1204 = CARTESIAN_POINT('',(41.35,6.));
#1205 = CARTESIAN_POINT('',(41.35,3.661731409782));
#1206 = CARTESIAN_POINT('',(39.325,4.830865704891));
#1207 = CARTESIAN_POINT('',(37.3,6.));
#1208 = CARTESIAN_POINT('',(39.325,7.169134295109));
#1209 = CARTESIAN_POINT('',(41.35,8.338268590218));
#1210 = CARTESIAN_POINT('',(41.35,6.));
#1211 = ( GEOMETRIC_REPRESENTATION_CONTEXT(2) 
PARAMETRIC_REPRESENTATION_CONTEXT() REPRESENTATION_CONTEXT('2D SPACE',''
  ) );
#1212 = PCURVE('',#917,#1213);
#1213 = DEFINITIONAL_REPRESENTATION('',(#1214),#1218);
#1214 = LINE('',#1215,#1216);
#1215 = CARTESIAN_POINT('',(-6.28318530718,-5.));
#1216 = VECTOR('',#1217,1.);
#1217 = DIRECTION('',(1.,-0.));
#1218 = ( GEOMETRIC_REPRESENTATION_CONTEXT(2) 
PARAMETRIC_REPRESENTATION_CONTEXT() REPRESENTATION_CONTEXT('2D SPACE',''
  ) );
#1219 = FACE_BOUND('',#1220,.T.);
#1220 = EDGE_LOOP('',(#1221,#1249,#1275,#1301));
#1221 = ORIENTED_EDGE('',*,*,#1222,.F.);
#1222 = EDGE_CURVE('',#1223,#1225,#1227,.T.);
#1223 = VERTEX_POINT('',#1224);
#1224 = CARTESIAN_POINT('',(7.826416015625,12.20166015625,4.));
#1225 = VERTEX_POINT('',#1226);
#1226 = CARTESIAN_POINT('',(8.170654296875,12.20166015625,4.));
#1227 = SURFACE_CURVE('',#1228,(#1232,#1238),.PCURVE_S1.);
#1228 = LINE('',#1229,#1230);
#1229 = CARTESIAN_POINT('',(4.085327148438,12.20166015625,4.));
#1230 = VECTOR('',#1231,1.);
#1231 = DIRECTION('',(1.,0.,-0.));
#1232 = PCURVE('',#368,#1233);
#1233 = DEFINITIONAL_REPRESENTATION('',(#1234),#1237);
#1234 = B_SPLINE_CURVE_WITH_KNOTS('',1,(#1235,#1236),.UNSPECIFIED.,.F.,
  .F.,(2,2),(3.741088867188,4.085327148438),.PIECEWISE_BEZIER_KNOTS.);
#1235 = CARTESIAN_POINT('',(7.826416015625,12.20166015625));
#1236 = CARTESIAN_POINT('',(8.170654296875,12.20166015625));
#1237 = ( GEOMETRIC_REPRESENTATION_CONTEXT(2) 
PARAMETRIC_REPRESENTATION_CONTEXT() REPRESENTATION_CONTEXT('2D SPACE',''
  ) );
#1238 = PCURVE('',#1239,#1244);
#1239 = PLANE('',#1240);
#1240 = AXIS2_PLACEMENT_3D('',#1241,#1242,#1243);
#1241 = CARTESIAN_POINT('',(8.170654296875,12.20166015625,3.4));
#1242 = DIRECTION('',(0.,-1.,0.));
#1243 = DIRECTION('',(-1.,0.,0.));
#1244 = DEFINITIONAL_REPRESENTATION('',(#1245),#1248);
#1245 = B_SPLINE_CURVE_WITH_KNOTS('',1,(#1246,#1247),.UNSPECIFIED.,.F.,
  .F.,(2,2),(3.741088867188,4.085327148438),.PIECEWISE_BEZIER_KNOTS.);
#1246 = CARTESIAN_POINT('',(0.34423828125,-0.6));
#1247 = CARTESIAN_POINT('',(0.,-0.6));
#1248 = ( GEOMETRIC_REPRESENTATION_CONTEXT(2) 
PARAMETRIC_REPRESENTATION_CONTEXT() REPRESENTATION_CONTEXT('2D SPACE',''
  ) );
#1249 = ORIENTED_EDGE('',*,*,#1250,.F.);
#1250 = EDGE_CURVE('',#1251,#1223,#1253,.T.);
#1251 = VERTEX_POINT('',#1252);
#1252 = CARTESIAN_POINT('',(7.826416015625,12.6396484375,4.));
#1253 = SURFACE_CURVE('',#1254,(#1258,#1264),.PCURVE_S1.);
#1254 = LINE('',#1255,#1256);
#1255 = CARTESIAN_POINT('',(7.826416015625,6.100830078125,4.));
#1256 = VECTOR('',#1257,1.);
#1257 = DIRECTION('',(0.,-1.,0.));
#1258 = PCURVE('',#368,#1259);
#1259 = DEFINITIONAL_REPRESENTATION('',(#1260),#1263);
#1260 = B_SPLINE_CURVE_WITH_KNOTS('',1,(#1261,#1262),.UNSPECIFIED.,.F.,
  .F.,(2,2),(-6.538818359375,-6.100830078125),.PIECEWISE_BEZIER_KNOTS.);
#1261 = CARTESIAN_POINT('',(7.826416015625,12.6396484375));
#1262 = CARTESIAN_POINT('',(7.826416015625,12.20166015625));
#1263 = ( GEOMETRIC_REPRESENTATION_CONTEXT(2) 
PARAMETRIC_REPRESENTATION_CONTEXT() REPRESENTATION_CONTEXT('2D SPACE',''
  ) );
#1264 = PCURVE('',#1265,#1270);
#1265 = PLANE('',#1266);
#1266 = AXIS2_PLACEMENT_3D('',#1267,#1268,#1269);
#1267 = CARTESIAN_POINT('',(7.826416015625,12.20166015625,3.4));
#1268 = DIRECTION('',(-1.,0.,0.));
#1269 = DIRECTION('',(0.,1.,0.));
#1270 = DEFINITIONAL_REPRESENTATION('',(#1271),#1274);
#1271 = B_SPLINE_CURVE_WITH_KNOTS('',1,(#1272,#1273),.UNSPECIFIED.,.F.,
  .F.,(2,2),(-6.538818359375,-6.100830078125),.PIECEWISE_BEZIER_KNOTS.);
#1272 = CARTESIAN_POINT('',(0.43798828125,-0.6));
#1273 = CARTESIAN_POINT('',(0.,-0.6));
#1274 = ( GEOMETRIC_REPRESENTATION_CONTEXT(2) 
PARAMETRIC_REPRESENTATION_CONTEXT() REPRESENTATION_CONTEXT('2D SPACE',''
  ) );
#1275 = ORIENTED_EDGE('',*,*,#1276,.F.);
#1276 = EDGE_CURVE('',#1277,#1251,#1279,.T.);
#1277 = VERTEX_POINT('',#1278);
#1278 = CARTESIAN_POINT('',(8.170654296875,12.6396484375,4.));
#1279 = SURFACE_CURVE('',#1280,(#1284,#1290),.PCURVE_S1.);
#1280 = LINE('',#1281,#1282);
#1281 = CARTESIAN_POINT('',(3.913208007812,12.6396484375,4.));
#1282 = VECTOR('',#1283,1.);
#1283 = DIRECTION('',(-1.,0.,0.));
#1284 = PCURVE('',#368,#1285);
#1285 = DEFINITIONAL_REPRESENTATION('',(#1286),#1289);
#1286 = B_SPLINE_CURVE_WITH_KNOTS('',1,(#1287,#1288),.UNSPECIFIED.,.F.,
  .F.,(2,2),(-4.257446289062,-3.913208007812),.PIECEWISE_BEZIER_KNOTS.);
#1287 = CARTESIAN_POINT('',(8.170654296875,12.6396484375));
#1288 = CARTESIAN_POINT('',(7.826416015625,12.6396484375));
#1289 = ( GEOMETRIC_REPRESENTATION_CONTEXT(2) 
PARAMETRIC_REPRESENTATION_CONTEXT() REPRESENTATION_CONTEXT('2D SPACE',''
  ) );
#1290 = PCURVE('',#1291,#1296);
#1291 = PLANE('',#1292);
#1292 = AXIS2_PLACEMENT_3D('',#1293,#1294,#1295);
#1293 = CARTESIAN_POINT('',(7.826416015625,12.6396484375,3.4));
#1294 = DIRECTION('',(0.,1.,0.));
#1295 = DIRECTION('',(1.,0.,0.));
#1296 = DEFINITIONAL_REPRESENTATION('',(#1297),#1300);
#1297 = B_SPLINE_CURVE_WITH_KNOTS('',1,(#1298,#1299),.UNSPECIFIED.,.F.,
  .F.,(2,2),(-4.257446289062,-3.913208007812),.PIECEWISE_BEZIER_KNOTS.);
#1298 = CARTESIAN_POINT('',(0.34423828125,-0.6));
#1299 = CARTESIAN_POINT('',(0.,-0.6));
#1300 = ( GEOMETRIC_REPRESENTATION_CONTEXT(2) 
PARAMETRIC_REPRESENTATION_CONTEXT() REPRESENTATION_CONTEXT('2D SPACE',''
  ) );
#1301 = ORIENTED_EDGE('',*,*,#1302,.F.);
#1302 = EDGE_CURVE('',#1225,#1277,#1303,.T.);
#1303 = SURFACE_CURVE('',#1304,(#1308,#1314),.PCURVE_S1.);
#1304 = LINE('',#1305,#1306);
#1305 = CARTESIAN_POINT('',(8.170654296875,6.31982421875,4.));
#1306 = VECTOR('',#1307,1.);
#1307 = DIRECTION('',(0.,1.,0.));
#1308 = PCURVE('',#368,#1309);
#1309 = DEFINITIONAL_REPRESENTATION('',(#1310),#1313);
#1310 = B_SPLINE_CURVE_WITH_KNOTS('',1,(#1311,#1312),.UNSPECIFIED.,.F.,
  .F.,(2,2),(5.8818359375,6.31982421875),.PIECEWISE_BEZIER_KNOTS.);
#1311 = CARTESIAN_POINT('',(8.170654296875,12.20166015625));
#1312 = CARTESIAN_POINT('',(8.170654296875,12.6396484375));
#1313 = ( GEOMETRIC_REPRESENTATION_CONTEXT(2) 
PARAMETRIC_REPRESENTATION_CONTEXT() REPRESENTATION_CONTEXT('2D SPACE',''
  ) );
#1314 = PCURVE('',#1315,#1320);
#1315 = PLANE('',#1316);
#1316 = AXIS2_PLACEMENT_3D('',#1317,#1318,#1319);
#1317 = CARTESIAN_POINT('',(8.170654296875,12.6396484375,3.4));
#1318 = DIRECTION('',(1.,0.,0.));
#1319 = DIRECTION('',(0.,-1.,0.));
#1320 = DEFINITIONAL_REPRESENTATION('',(#1321),#1324);
#1321 = B_SPLINE_CURVE_WITH_KNOTS('',1,(#1322,#1323),.UNSPECIFIED.,.F.,
  .F.,(2,2),(5.8818359375,6.31982421875),.PIECEWISE_BEZIER_KNOTS.);
#1322 = CARTESIAN_POINT('',(0.43798828125,-0.6));
#1323 = CARTESIAN_POINT('',(0.,-0.6));
#1324 = ( GEOMETRIC_REPRESENTATION_CONTEXT(2) 
PARAMETRIC_REPRESENTATION_CONTEXT() REPRESENTATION_CONTEXT('2D SPACE',''
  ) );
#1325 = FACE_BOUND('',#1326,.T.);
#1326 = EDGE_LOOP('',(#1327,#1355,#1381,#1420,#1459,#1501,#1540,#1591,
    #1630,#1681,#1732,#1758,#1809,#1860,#1902,#1953,#1992,#2031,#2073,
    #2112,#2138));
#1327 = ORIENTED_EDGE('',*,*,#1328,.F.);
#1328 = EDGE_CURVE('',#1329,#1331,#1333,.T.);
#1329 = VERTEX_POINT('',#1330);
#1330 = CARTESIAN_POINT('',(5.510498046875,12.20166015625,4.));
#1331 = VERTEX_POINT('',#1332);
#1332 = CARTESIAN_POINT('',(6.887451171875,12.20166015625,4.));
#1333 = SURFACE_CURVE('',#1334,(#1338,#1344),.PCURVE_S1.);
#1334 = LINE('',#1335,#1336);
#1335 = CARTESIAN_POINT('',(3.443725585938,12.20166015625,4.));
#1336 = VECTOR('',#1337,1.);
#1337 = DIRECTION('',(1.,0.,-0.));
#1338 = PCURVE('',#368,#1339);
#1339 = DEFINITIONAL_REPRESENTATION('',(#1340),#1343);
#1340 = B_SPLINE_CURVE_WITH_KNOTS('',1,(#1341,#1342),.UNSPECIFIED.,.F.,
  .F.,(2,2),(2.066772460938,3.443725585938),.PIECEWISE_BEZIER_KNOTS.);
#1341 = CARTESIAN_POINT('',(5.510498046875,12.20166015625));
#1342 = CARTESIAN_POINT('',(6.887451171875,12.20166015625));
#1343 = ( GEOMETRIC_REPRESENTATION_CONTEXT(2) 
PARAMETRIC_REPRESENTATION_CONTEXT() REPRESENTATION_CONTEXT('2D SPACE',''
  ) );
#1344 = PCURVE('',#1345,#1350);
#1345 = PLANE('',#1346);
#1346 = AXIS2_PLACEMENT_3D('',#1347,#1348,#1349);
#1347 = CARTESIAN_POINT('',(6.887451171875,12.20166015625,3.4));
#1348 = DIRECTION('',(0.,-1.,0.));
#1349 = DIRECTION('',(-1.,0.,0.));
#1350 = DEFINITIONAL_REPRESENTATION('',(#1351),#1354);
#1351 = B_SPLINE_CURVE_WITH_KNOTS('',1,(#1352,#1353),.UNSPECIFIED.,.F.,
  .F.,(2,2),(2.066772460938,3.443725585938),.PIECEWISE_BEZIER_KNOTS.);
#1352 = CARTESIAN_POINT('',(1.376953125,-0.6));
#1353 = CARTESIAN_POINT('',(0.,-0.6));
#1354 = ( GEOMETRIC_REPRESENTATION_CONTEXT(2) 
PARAMETRIC_REPRESENTATION_CONTEXT() REPRESENTATION_CONTEXT('2D SPACE',''
  ) );
#1355 = ORIENTED_EDGE('',*,*,#1356,.F.);
#1356 = EDGE_CURVE('',#1357,#1329,#1359,.T.);
#1357 = VERTEX_POINT('',#1358);
#1358 = CARTESIAN_POINT('',(5.510498046875,12.373046875,4.));
#1359 = SURFACE_CURVE('',#1360,(#1364,#1370),.PCURVE_S1.);
#1360 = LINE('',#1361,#1362);
#1361 = CARTESIAN_POINT('',(5.510498046875,6.100830078125,4.));
#1362 = VECTOR('',#1363,1.);
#1363 = DIRECTION('',(0.,-1.,0.));
#1364 = PCURVE('',#368,#1365);
#1365 = DEFINITIONAL_REPRESENTATION('',(#1366),#1369);
#1366 = B_SPLINE_CURVE_WITH_KNOTS('',1,(#1367,#1368),.UNSPECIFIED.,.F.,
  .F.,(2,2),(-6.272216796875,-6.100830078125),.PIECEWISE_BEZIER_KNOTS.);
#1367 = CARTESIAN_POINT('',(5.510498046875,12.373046875));
#1368 = CARTESIAN_POINT('',(5.510498046875,12.20166015625));
#1369 = ( GEOMETRIC_REPRESENTATION_CONTEXT(2) 
PARAMETRIC_REPRESENTATION_CONTEXT() REPRESENTATION_CONTEXT('2D SPACE',''
  ) );
#1370 = PCURVE('',#1371,#1376);
#1371 = PLANE('',#1372);
#1372 = AXIS2_PLACEMENT_3D('',#1373,#1374,#1375);
#1373 = CARTESIAN_POINT('',(5.510498046875,12.20166015625,3.4));
#1374 = DIRECTION('',(-1.,0.,0.));
#1375 = DIRECTION('',(0.,1.,0.));
#1376 = DEFINITIONAL_REPRESENTATION('',(#1377),#1380);
#1377 = B_SPLINE_CURVE_WITH_KNOTS('',1,(#1378,#1379),.UNSPECIFIED.,.F.,
  .F.,(2,2),(-6.272216796875,-6.100830078125),.PIECEWISE_BEZIER_KNOTS.);
#1378 = CARTESIAN_POINT('',(0.17138671875,-0.6));
#1379 = CARTESIAN_POINT('',(0.,-0.6));
#1380 = ( GEOMETRIC_REPRESENTATION_CONTEXT(2) 
PARAMETRIC_REPRESENTATION_CONTEXT() REPRESENTATION_CONTEXT('2D SPACE',''
  ) );
#1381 = ORIENTED_EDGE('',*,*,#1382,.F.);
#1382 = EDGE_CURVE('',#1383,#1357,#1385,.T.);
#1383 = VERTEX_POINT('',#1384);
#1384 = CARTESIAN_POINT('',(5.73388671875,12.694580078125,4.));
#1385 = SURFACE_CURVE('',#1386,(#1393,#1403),.PCURVE_S1.);
#1386 = B_SPLINE_CURVE_WITH_KNOTS('',5,(#1387,#1388,#1389,#1390,#1391,
    #1392),.UNSPECIFIED.,.F.,.F.,(6,6),(0.,1.),
  .PIECEWISE_BEZIER_KNOTS.);
#1387 = CARTESIAN_POINT('',(5.73388671875,12.694580078125,4.));
#1388 = CARTESIAN_POINT('',(5.674301446295,12.630964883862,4.));
#1389 = CARTESIAN_POINT('',(5.621812830531,12.566910189799,4.));
#1390 = CARTESIAN_POINT('',(5.576807283725,12.502500436169,4.));
#1391 = CARTESIAN_POINT('',(5.539624461383,12.437838286865,4.));
#1392 = CARTESIAN_POINT('',(5.510498046875,12.373046875,4.));
#1393 = PCURVE('',#368,#1394);
#1394 = DEFINITIONAL_REPRESENTATION('',(#1395),#1402);
#1395 = B_SPLINE_CURVE_WITH_KNOTS('',5,(#1396,#1397,#1398,#1399,#1400,
    #1401),.UNSPECIFIED.,.F.,.F.,(6,6),(0.,1.),
  .PIECEWISE_BEZIER_KNOTS.);
#1396 = CARTESIAN_POINT('',(5.73388671875,12.694580078125));
#1397 = CARTESIAN_POINT('',(5.674301446295,12.630964883862));
#1398 = CARTESIAN_POINT('',(5.621812830531,12.566910189799));
#1399 = CARTESIAN_POINT('',(5.576807283725,12.502500436169));
#1400 = CARTESIAN_POINT('',(5.539624461383,12.437838286865));
#1401 = CARTESIAN_POINT('',(5.510498046875,12.373046875));
#1402 = ( GEOMETRIC_REPRESENTATION_CONTEXT(2) 
PARAMETRIC_REPRESENTATION_CONTEXT() REPRESENTATION_CONTEXT('2D SPACE',''
  ) );
#1403 = PCURVE('',#1404,#1411);
#1404 = SURFACE_OF_LINEAR_EXTRUSION('',#1405,#1409);
#1405 = B_SPLINE_CURVE_WITH_KNOTS('',2,(#1406,#1407,#1408),
  .UNSPECIFIED.,.F.,.F.,(3,3),(0.,1.),.PIECEWISE_BEZIER_KNOTS.);
#1406 = CARTESIAN_POINT('',(5.510498046875,12.373046875,3.4));
#1407 = CARTESIAN_POINT('',(5.582275390625,12.53271484375,3.4));
#1408 = CARTESIAN_POINT('',(5.73388671875,12.694580078125,3.4));
#1409 = VECTOR('',#1410,1.);
#1410 = DIRECTION('',(-0.,-0.,-1.));
#1411 = DEFINITIONAL_REPRESENTATION('',(#1412),#1419);
#1412 = B_SPLINE_CURVE_WITH_KNOTS('',5,(#1413,#1414,#1415,#1416,#1417,
    #1418),.UNSPECIFIED.,.F.,.F.,(6,6),(0.,1.),
  .PIECEWISE_BEZIER_KNOTS.);
#1413 = CARTESIAN_POINT('',(1.,-0.6));
#1414 = CARTESIAN_POINT('',(0.803493336575,-0.6));
#1415 = CARTESIAN_POINT('',(0.604973829022,-0.6));
#1416 = CARTESIAN_POINT('',(0.404675493092,-0.6));
#1417 = CARTESIAN_POINT('',(0.202894207187,-0.6));
#1418 = CARTESIAN_POINT('',(0.,-0.6));
#1419 = ( GEOMETRIC_REPRESENTATION_CONTEXT(2) 
PARAMETRIC_REPRESENTATION_CONTEXT() REPRESENTATION_CONTEXT('2D SPACE',''
  ) );
#1420 = ORIENTED_EDGE('',*,*,#1421,.F.);
#1421 = EDGE_CURVE('',#1422,#1383,#1424,.T.);
#1422 = VERTEX_POINT('',#1423);
#1423 = CARTESIAN_POINT('',(6.146240234375,13.064453125,4.));
#1424 = SURFACE_CURVE('',#1425,(#1432,#1442),.PCURVE_S1.);
#1425 = B_SPLINE_CURVE_WITH_KNOTS('',5,(#1426,#1427,#1428,#1429,#1430,
    #1431),.UNSPECIFIED.,.F.,.F.,(6,6),(0.,1.),
  .PIECEWISE_BEZIER_KNOTS.);
#1426 = CARTESIAN_POINT('',(6.146240234375,13.064453125,4.));
#1427 = CARTESIAN_POINT('',(6.046914456539,12.985215706726,4.));
#1428 = CARTESIAN_POINT('',(5.954998471089,12.908178217621,4.));
#1429 = CARTESIAN_POINT('',(5.871429174243,12.833718148296,4.));
#1430 = CARTESIAN_POINT('',(5.797349902112,12.762335457463,4.));
#1431 = CARTESIAN_POINT('',(5.73388671875,12.694580078125,4.));
#1432 = PCURVE('',#368,#1433);
#1433 = DEFINITIONAL_REPRESENTATION('',(#1434),#1441);
#1434 = B_SPLINE_CURVE_WITH_KNOTS('',5,(#1435,#1436,#1437,#1438,#1439,
    #1440),.UNSPECIFIED.,.F.,.F.,(6,6),(0.,1.),
  .PIECEWISE_BEZIER_KNOTS.);
#1435 = CARTESIAN_POINT('',(6.146240234375,13.064453125));
#1436 = CARTESIAN_POINT('',(6.046914456539,12.985215706726));
#1437 = CARTESIAN_POINT('',(5.954998471089,12.908178217621));
#1438 = CARTESIAN_POINT('',(5.871429174243,12.833718148296));
#1439 = CARTESIAN_POINT('',(5.797349902112,12.762335457463));
#1440 = CARTESIAN_POINT('',(5.73388671875,12.694580078125));
#1441 = ( GEOMETRIC_REPRESENTATION_CONTEXT(2) 
PARAMETRIC_REPRESENTATION_CONTEXT() REPRESENTATION_CONTEXT('2D SPACE',''
  ) );
#1442 = PCURVE('',#1443,#1450);
#1443 = SURFACE_OF_LINEAR_EXTRUSION('',#1444,#1448);
#1444 = B_SPLINE_CURVE_WITH_KNOTS('',2,(#1445,#1446,#1447),
  .UNSPECIFIED.,.F.,.F.,(3,3),(0.,1.),.PIECEWISE_BEZIER_KNOTS.);
#1445 = CARTESIAN_POINT('',(5.73388671875,12.694580078125,3.4));
#1446 = CARTESIAN_POINT('',(5.885498046875,12.8564453125,3.4));
#1447 = CARTESIAN_POINT('',(6.146240234375,13.064453125,3.4));
#1448 = VECTOR('',#1449,1.);
#1449 = DIRECTION('',(-0.,-0.,-1.));
#1450 = DEFINITIONAL_REPRESENTATION('',(#1451),#1458);
#1451 = B_SPLINE_CURVE_WITH_KNOTS('',5,(#1452,#1453,#1454,#1455,#1456,
    #1457),.UNSPECIFIED.,.F.,.F.,(6,6),(0.,1.),
  .PIECEWISE_BEZIER_KNOTS.);
#1452 = CARTESIAN_POINT('',(1.,-0.6));
#1453 = CARTESIAN_POINT('',(0.809532590817,-0.6));
#1454 = CARTESIAN_POINT('',(0.614292986217,-0.6));
#1455 = CARTESIAN_POINT('',(0.414185817434,-0.6));
#1456 = CARTESIAN_POINT('',(0.209295651409,-0.6));
#1457 = CARTESIAN_POINT('',(0.,-0.6));
#1458 = ( GEOMETRIC_REPRESENTATION_CONTEXT(2) 
PARAMETRIC_REPRESENTATION_CONTEXT() REPRESENTATION_CONTEXT('2D SPACE',''
  ) );
#1459 = ORIENTED_EDGE('',*,*,#1460,.F.);
#1460 = EDGE_CURVE('',#1461,#1422,#1463,.T.);
#1461 = VERTEX_POINT('',#1462);
#1462 = CARTESIAN_POINT('',(6.481689453125,13.38818359375,4.));
#1463 = SURFACE_CURVE('',#1464,(#1472,#1483),.PCURVE_S1.);
#1464 = B_SPLINE_CURVE_WITH_KNOTS('',6,(#1465,#1466,#1467,#1468,#1469,
    #1470,#1471),.UNSPECIFIED.,.F.,.F.,(7,7),(0.,1.),
  .PIECEWISE_BEZIER_KNOTS.);
#1465 = CARTESIAN_POINT('',(6.481689453125,13.38818359375,4.));
#1466 = CARTESIAN_POINT('',(6.445941206385,13.34017880527,4.));
#1467 = CARTESIAN_POINT('',(6.401222699886,13.289370186928,4.));
#1468 = CARTESIAN_POINT('',(6.348163952885,13.236082596672,4.));
#1469 = CARTESIAN_POINT('',(6.28750752737,13.180644781202,4.));
#1470 = CARTESIAN_POINT('',(6.219980397731,13.123352500762,4.));
#1471 = CARTESIAN_POINT('',(6.146240234375,13.064453125,4.));
#1472 = PCURVE('',#368,#1473);
#1473 = DEFINITIONAL_REPRESENTATION('',(#1474),#1482);
#1474 = B_SPLINE_CURVE_WITH_KNOTS('',6,(#1475,#1476,#1477,#1478,#1479,
    #1480,#1481),.UNSPECIFIED.,.F.,.F.,(7,7),(0.,1.),
  .PIECEWISE_BEZIER_KNOTS.);
#1475 = CARTESIAN_POINT('',(6.481689453125,13.38818359375));
#1476 = CARTESIAN_POINT('',(6.445941206385,13.34017880527));
#1477 = CARTESIAN_POINT('',(6.401222699886,13.289370186928));
#1478 = CARTESIAN_POINT('',(6.348163952885,13.236082596672));
#1479 = CARTESIAN_POINT('',(6.28750752737,13.180644781202));
#1480 = CARTESIAN_POINT('',(6.219980397731,13.123352500762));
#1481 = CARTESIAN_POINT('',(6.146240234375,13.064453125));
#1482 = ( GEOMETRIC_REPRESENTATION_CONTEXT(2) 
PARAMETRIC_REPRESENTATION_CONTEXT() REPRESENTATION_CONTEXT('2D SPACE',''
  ) );
#1483 = PCURVE('',#1484,#1491);
#1484 = SURFACE_OF_LINEAR_EXTRUSION('',#1485,#1489);
#1485 = B_SPLINE_CURVE_WITH_KNOTS('',2,(#1486,#1487,#1488),
  .UNSPECIFIED.,.F.,.F.,(3,3),(0.,1.),.PIECEWISE_BEZIER_KNOTS.);
#1486 = CARTESIAN_POINT('',(6.146240234375,13.064453125,3.4));
#1487 = CARTESIAN_POINT('',(6.379150390625,13.25048828125,3.4));
#1488 = CARTESIAN_POINT('',(6.481689453125,13.38818359375,3.4));
#1489 = VECTOR('',#1490,1.);
#1490 = DIRECTION('',(-0.,-0.,-1.));
#1491 = DEFINITIONAL_REPRESENTATION('',(#1492),#1500);
#1492 = B_SPLINE_CURVE_WITH_KNOTS('',6,(#1493,#1494,#1495,#1496,#1497,
    #1498,#1499),.UNSPECIFIED.,.F.,.F.,(7,7),(0.,1.),
  .PIECEWISE_BEZIER_KNOTS.);
#1493 = CARTESIAN_POINT('',(1.,-0.6));
#1494 = CARTESIAN_POINT('',(0.825684739705,-0.6));
#1495 = CARTESIAN_POINT('',(0.653989095185,-0.6));
#1496 = CARTESIAN_POINT('',(0.485370829725,-0.6));
#1497 = CARTESIAN_POINT('',(0.320097887204,-0.6));
#1498 = CARTESIAN_POINT('',(0.158301734332,-0.6));
#1499 = CARTESIAN_POINT('',(0.,-0.6));
#1500 = ( GEOMETRIC_REPRESENTATION_CONTEXT(2) 
PARAMETRIC_REPRESENTATION_CONTEXT() REPRESENTATION_CONTEXT('2D SPACE',''
  ) );
#1501 = ORIENTED_EDGE('',*,*,#1502,.F.);
#1502 = EDGE_CURVE('',#1503,#1461,#1505,.T.);
#1503 = VERTEX_POINT('',#1504);
#1504 = CARTESIAN_POINT('',(6.584228515625,13.6533203125,4.));
#1505 = SURFACE_CURVE('',#1506,(#1513,#1523),.PCURVE_S1.);
#1506 = B_SPLINE_CURVE_WITH_KNOTS('',5,(#1507,#1508,#1509,#1510,#1511,
    #1512),.UNSPECIFIED.,.F.,.F.,(6,6),(0.,1.),
  .PIECEWISE_BEZIER_KNOTS.);
#1507 = CARTESIAN_POINT('',(6.584228515625,13.6533203125,4.));
#1508 = CARTESIAN_POINT('',(6.584228515625,13.601883660893,4.));
#1509 = CARTESIAN_POINT('',(6.57378868402,13.549464251475,4.));
#1510 = CARTESIAN_POINT('',(6.552958690237,13.496248704762,4.));
#1511 = CARTESIAN_POINT('',(6.522083329753,13.442426799508,4.));
#1512 = CARTESIAN_POINT('',(6.481689453125,13.38818359375,4.));
#1513 = PCURVE('',#368,#1514);
#1514 = DEFINITIONAL_REPRESENTATION('',(#1515),#1522);
#1515 = B_SPLINE_CURVE_WITH_KNOTS('',5,(#1516,#1517,#1518,#1519,#1520,
    #1521),.UNSPECIFIED.,.F.,.F.,(6,6),(0.,1.),
  .PIECEWISE_BEZIER_KNOTS.);
#1516 = CARTESIAN_POINT('',(6.584228515625,13.6533203125));
#1517 = CARTESIAN_POINT('',(6.584228515625,13.601883660893));
#1518 = CARTESIAN_POINT('',(6.57378868402,13.549464251475));
#1519 = CARTESIAN_POINT('',(6.552958690237,13.496248704762));
#1520 = CARTESIAN_POINT('',(6.522083329753,13.442426799508));
#1521 = CARTESIAN_POINT('',(6.481689453125,13.38818359375));
#1522 = ( GEOMETRIC_REPRESENTATION_CONTEXT(2) 
PARAMETRIC_REPRESENTATION_CONTEXT() REPRESENTATION_CONTEXT('2D SPACE',''
  ) );
#1523 = PCURVE('',#1524,#1531);
#1524 = SURFACE_OF_LINEAR_EXTRUSION('',#1525,#1529);
#1525 = B_SPLINE_CURVE_WITH_KNOTS('',2,(#1526,#1527,#1528),
  .UNSPECIFIED.,.F.,.F.,(3,3),(0.,1.),.PIECEWISE_BEZIER_KNOTS.);
#1526 = CARTESIAN_POINT('',(6.481689453125,13.38818359375,3.4));
#1527 = CARTESIAN_POINT('',(6.584228515625,13.52587890625,3.4));
#1528 = CARTESIAN_POINT('',(6.584228515625,13.6533203125,3.4));
#1529 = VECTOR('',#1530,1.);
#1530 = DIRECTION('',(-0.,-0.,-1.));
#1531 = DEFINITIONAL_REPRESENTATION('',(#1532),#1539);
#1532 = B_SPLINE_CURVE_WITH_KNOTS('',5,(#1533,#1534,#1535,#1536,#1537,
    #1538),.UNSPECIFIED.,.F.,.F.,(6,6),(0.,1.),
  .PIECEWISE_BEZIER_KNOTS.);
#1533 = CARTESIAN_POINT('',(1.,-0.6));
#1534 = CARTESIAN_POINT('',(0.798194899443,-0.6));
#1535 = CARTESIAN_POINT('',(0.596630008687,-0.6));
#1536 = CARTESIAN_POINT('',(0.396018022206,-0.6));
#1537 = CARTESIAN_POINT('',(0.196968236511,-0.6));
#1538 = CARTESIAN_POINT('',(0.,-0.6));
#1539 = ( GEOMETRIC_REPRESENTATION_CONTEXT(2) 
PARAMETRIC_REPRESENTATION_CONTEXT() REPRESENTATION_CONTEXT('2D SPACE',''
  ) );
#1540 = ORIENTED_EDGE('',*,*,#1541,.F.);
#1541 = EDGE_CURVE('',#1542,#1503,#1544,.T.);
#1542 = VERTEX_POINT('',#1543);
#1543 = CARTESIAN_POINT('',(6.483154296875,13.90380859375,4.));
#1544 = SURFACE_CURVE('',#1545,(#1556,#1570),.PCURVE_S1.);
#1545 = B_SPLINE_CURVE_WITH_KNOTS('',5,(#1546,#1547,#1548,#1549,#1550,
    #1551,#1552,#1553,#1554,#1555),.UNSPECIFIED.,.F.,.F.,(6,4,6),(0.,
    0.230069315821,1.),.UNSPECIFIED.);
#1546 = CARTESIAN_POINT('',(6.483154296875,13.90380859375,4.));
#1547 = CARTESIAN_POINT('',(6.492483750512,13.89569602537,4.));
#1548 = CARTESIAN_POINT('',(6.50128233091,13.887179271975,4.));
#1549 = CARTESIAN_POINT('',(6.50954591766,13.878259182431,4.));
#1550 = CARTESIAN_POINT('',(6.517271497547,13.868937464154,4.));
#1551 = CARTESIAN_POINT('',(6.548504115327,13.826685932202,4.));
#1552 = CARTESIAN_POINT('',(6.566505576507,13.78968461759,4.));
#1553 = CARTESIAN_POINT('',(6.578386328574,13.748312055809,4.));
#1554 = CARTESIAN_POINT('',(6.584228515625,13.702767589594,4.));
#1555 = CARTESIAN_POINT('',(6.584228515625,13.6533203125,4.));
#1556 = PCURVE('',#368,#1557);
#1557 = DEFINITIONAL_REPRESENTATION('',(#1558),#1569);
#1558 = B_SPLINE_CURVE_WITH_KNOTS('',5,(#1559,#1560,#1561,#1562,#1563,
    #1564,#1565,#1566,#1567,#1568),.UNSPECIFIED.,.F.,.F.,(6,4,6),(0.,
    0.230069315821,1.),.UNSPECIFIED.);
#1559 = CARTESIAN_POINT('',(6.483154296875,13.90380859375));
#1560 = CARTESIAN_POINT('',(6.492483750512,13.89569602537));
#1561 = CARTESIAN_POINT('',(6.50128233091,13.887179271975));
#1562 = CARTESIAN_POINT('',(6.50954591766,13.878259182431));
#1563 = CARTESIAN_POINT('',(6.517271497547,13.868937464154));
#1564 = CARTESIAN_POINT('',(6.548504115327,13.826685932202));
#1565 = CARTESIAN_POINT('',(6.566505576507,13.78968461759));
#1566 = CARTESIAN_POINT('',(6.578386328574,13.748312055809));
#1567 = CARTESIAN_POINT('',(6.584228515625,13.702767589594));
#1568 = CARTESIAN_POINT('',(6.584228515625,13.6533203125));
#1569 = ( GEOMETRIC_REPRESENTATION_CONTEXT(2) 
PARAMETRIC_REPRESENTATION_CONTEXT() REPRESENTATION_CONTEXT('2D SPACE',''
  ) );
#1570 = PCURVE('',#1571,#1578);
#1571 = SURFACE_OF_LINEAR_EXTRUSION('',#1572,#1576);
#1572 = B_SPLINE_CURVE_WITH_KNOTS('',2,(#1573,#1574,#1575),
  .UNSPECIFIED.,.F.,.F.,(3,3),(0.,1.),.PIECEWISE_BEZIER_KNOTS.);
#1573 = CARTESIAN_POINT('',(6.584228515625,13.6533203125,3.4));
#1574 = CARTESIAN_POINT('',(6.584228515625,13.81591796875,3.4));
#1575 = CARTESIAN_POINT('',(6.483154296875,13.90380859375,3.4));
#1576 = VECTOR('',#1577,1.);
#1577 = DIRECTION('',(-0.,-0.,-1.));
#1578 = DEFINITIONAL_REPRESENTATION('',(#1579),#1590);
#1579 = B_SPLINE_CURVE_WITH_KNOTS('',5,(#1580,#1581,#1582,#1583,#1584,
    #1585,#1586,#1587,#1588,#1589),.UNSPECIFIED.,.F.,.F.,(6,4,6),(0.,
    0.230069315821,1.),.UNSPECIFIED.);
#1580 = CARTESIAN_POINT('',(1.,-0.6));
#1581 = CARTESIAN_POINT('',(0.953848499885,-0.6));
#1582 = CARTESIAN_POINT('',(0.907660712504,-0.6));
#1583 = CARTESIAN_POINT('',(0.861448613395,-0.6));
#1584 = CARTESIAN_POINT('',(0.815224301667,-0.6));
#1585 = CARTESIAN_POINT('',(0.614309627314,-0.6));
#1586 = CARTESIAN_POINT('',(0.459612617527,-0.6));
#1587 = CARTESIAN_POINT('',(0.305385341506,-0.6));
#1588 = CARTESIAN_POINT('',(0.152054089321,-0.6));
#1589 = CARTESIAN_POINT('',(0.,-0.6));
#1590 = ( GEOMETRIC_REPRESENTATION_CONTEXT(2) 
PARAMETRIC_REPRESENTATION_CONTEXT() REPRESENTATION_CONTEXT('2D SPACE',''
  ) );
#1591 = ORIENTED_EDGE('',*,*,#1592,.F.);
#1592 = EDGE_CURVE('',#1593,#1542,#1595,.T.);
#1593 = VERTEX_POINT('',#1594);
#1594 = CARTESIAN_POINT('',(6.194580078125,13.99169921875,4.));
#1595 = SURFACE_CURVE('',#1596,(#1603,#1613),.PCURVE_S1.);
#1596 = B_SPLINE_CURVE_WITH_KNOTS('',5,(#1597,#1598,#1599,#1600,#1601,
    #1602),.UNSPECIFIED.,.F.,.F.,(6,6),(0.,1.),
  .PIECEWISE_BEZIER_KNOTS.);
#1597 = CARTESIAN_POINT('',(6.194580078125,13.99169921875,4.));
#1598 = CARTESIAN_POINT('',(6.268095152833,13.99169921875,4.));
#1599 = CARTESIAN_POINT('',(6.334338809415,13.983254694881,4.));
#1600 = CARTESIAN_POINT('',(6.392585938361,13.965891628542,4.));
#1601 = CARTESIAN_POINT('',(6.442271294987,13.939359030175,4.));
#1602 = CARTESIAN_POINT('',(6.483154296875,13.90380859375,4.));
#1603 = PCURVE('',#368,#1604);
#1604 = DEFINITIONAL_REPRESENTATION('',(#1605),#1612);
#1605 = B_SPLINE_CURVE_WITH_KNOTS('',5,(#1606,#1607,#1608,#1609,#1610,
    #1611),.UNSPECIFIED.,.F.,.F.,(6,6),(0.,1.),
  .PIECEWISE_BEZIER_KNOTS.);
#1606 = CARTESIAN_POINT('',(6.194580078125,13.99169921875));
#1607 = CARTESIAN_POINT('',(6.268095152833,13.99169921875));
#1608 = CARTESIAN_POINT('',(6.334338809415,13.983254694881));
#1609 = CARTESIAN_POINT('',(6.392585938361,13.965891628542));
#1610 = CARTESIAN_POINT('',(6.442271294987,13.939359030175));
#1611 = CARTESIAN_POINT('',(6.483154296875,13.90380859375));
#1612 = ( GEOMETRIC_REPRESENTATION_CONTEXT(2) 
PARAMETRIC_REPRESENTATION_CONTEXT() REPRESENTATION_CONTEXT('2D SPACE',''
  ) );
#1613 = PCURVE('',#1614,#1621);
#1614 = SURFACE_OF_LINEAR_EXTRUSION('',#1615,#1619);
#1615 = B_SPLINE_CURVE_WITH_KNOTS('',2,(#1616,#1617,#1618),
  .UNSPECIFIED.,.F.,.F.,(3,3),(0.,1.),.PIECEWISE_BEZIER_KNOTS.);
#1616 = CARTESIAN_POINT('',(6.483154296875,13.90380859375,3.4));
#1617 = CARTESIAN_POINT('',(6.382080078125,13.99169921875,3.4));
#1618 = CARTESIAN_POINT('',(6.194580078125,13.99169921875,3.4));
#1619 = VECTOR('',#1620,1.);
#1620 = DIRECTION('',(-0.,-0.,-1.));
#1621 = DEFINITIONAL_REPRESENTATION('',(#1622),#1629);
#1622 = B_SPLINE_CURVE_WITH_KNOTS('',5,(#1623,#1624,#1625,#1626,#1627,
    #1628),.UNSPECIFIED.,.F.,.F.,(6,6),(0.,1.),
  .PIECEWISE_BEZIER_KNOTS.);
#1623 = CARTESIAN_POINT('',(1.,-0.6));
#1624 = CARTESIAN_POINT('',(0.803959800779,-0.6));
#1625 = CARTESIAN_POINT('',(0.605166631749,-0.6));
#1626 = CARTESIAN_POINT('',(0.40431113616,-0.6));
#1627 = CARTESIAN_POINT('',(0.202242482772,-0.6));
#1628 = CARTESIAN_POINT('',(0.,-0.6));
#1629 = ( GEOMETRIC_REPRESENTATION_CONTEXT(2) 
PARAMETRIC_REPRESENTATION_CONTEXT() REPRESENTATION_CONTEXT('2D SPACE',''
  ) );
#1630 = ORIENTED_EDGE('',*,*,#1631,.F.);
#1631 = EDGE_CURVE('',#1632,#1593,#1634,.T.);
#1632 = VERTEX_POINT('',#1633);
#1633 = CARTESIAN_POINT('',(5.92431640625,13.900146484375,4.));
#1634 = SURFACE_CURVE('',#1635,(#1646,#1660),.PCURVE_S1.);
#1635 = B_SPLINE_CURVE_WITH_KNOTS('',5,(#1636,#1637,#1638,#1639,#1640,
    #1641,#1642,#1643,#1644,#1645),.UNSPECIFIED.,.F.,.F.,(6,4,6),(0.,
    0.14333283011,1.),.UNSPECIFIED.);
#1636 = CARTESIAN_POINT('',(5.92431640625,13.900146484375,4.));
#1637 = CARTESIAN_POINT('',(5.930262926488,13.905418222175,4.));
#1638 = CARTESIAN_POINT('',(5.936342925849,13.910501509095,4.));
#1639 = CARTESIAN_POINT('',(5.942556058085,13.915395742078,4.));
#1640 = CARTESIAN_POINT('',(5.948901890961,13.920100438143,4.));
#1641 = CARTESIAN_POINT('',(5.994097505144,13.951599127096,4.));
#1642 = CARTESIAN_POINT('',(6.037538434849,13.971800571771,4.));
#1643 = CARTESIAN_POINT('',(6.085588242115,13.985137665916,4.));
#1644 = CARTESIAN_POINT('',(6.138031150371,13.99169921875,4.));
#1645 = CARTESIAN_POINT('',(6.194580078125,13.99169921875,4.));
#1646 = PCURVE('',#368,#1647);
#1647 = DEFINITIONAL_REPRESENTATION('',(#1648),#1659);
#1648 = B_SPLINE_CURVE_WITH_KNOTS('',5,(#1649,#1650,#1651,#1652,#1653,
    #1654,#1655,#1656,#1657,#1658),.UNSPECIFIED.,.F.,.F.,(6,4,6),(0.,
    0.14333283011,1.),.UNSPECIFIED.);
#1649 = CARTESIAN_POINT('',(5.92431640625,13.900146484375));
#1650 = CARTESIAN_POINT('',(5.930262926488,13.905418222175));
#1651 = CARTESIAN_POINT('',(5.936342925849,13.910501509095));
#1652 = CARTESIAN_POINT('',(5.942556058085,13.915395742078));
#1653 = CARTESIAN_POINT('',(5.948901890961,13.920100438143));
#1654 = CARTESIAN_POINT('',(5.994097505144,13.951599127096));
#1655 = CARTESIAN_POINT('',(6.037538434849,13.971800571771));
#1656 = CARTESIAN_POINT('',(6.085588242115,13.985137665916));
#1657 = CARTESIAN_POINT('',(6.138031150371,13.99169921875));
#1658 = CARTESIAN_POINT('',(6.194580078125,13.99169921875));
#1659 = ( GEOMETRIC_REPRESENTATION_CONTEXT(2) 
PARAMETRIC_REPRESENTATION_CONTEXT() REPRESENTATION_CONTEXT('2D SPACE',''
  ) );
#1660 = PCURVE('',#1661,#1668);
#1661 = SURFACE_OF_LINEAR_EXTRUSION('',#1662,#1666);
#1662 = B_SPLINE_CURVE_WITH_KNOTS('',2,(#1663,#1664,#1665),
  .UNSPECIFIED.,.F.,.F.,(3,3),(0.,1.),.PIECEWISE_BEZIER_KNOTS.);
#1663 = CARTESIAN_POINT('',(6.194580078125,13.99169921875,3.4));
#1664 = CARTESIAN_POINT('',(6.027587890625,13.99169921875,3.4));
#1665 = CARTESIAN_POINT('',(5.92431640625,13.900146484375,3.4));
#1666 = VECTOR('',#1667,1.);
#1667 = DIRECTION('',(-0.,-0.,-1.));
#1668 = DEFINITIONAL_REPRESENTATION('',(#1669),#1680);
#1669 = B_SPLINE_CURVE_WITH_KNOTS('',5,(#1670,#1671,#1672,#1673,#1674,
    #1675,#1676,#1677,#1678,#1679),.UNSPECIFIED.,.F.,.F.,(6,4,6),(0.,
    0.14333283011,1.),.UNSPECIFIED.);
#1670 = CARTESIAN_POINT('',(1.,-0.6));
#1671 = CARTESIAN_POINT('',(0.971209282628,-0.6));
#1672 = CARTESIAN_POINT('',(0.942411626879,-0.6));
#1673 = CARTESIAN_POINT('',(0.913609326195,-0.6));
#1674 = CARTESIAN_POINT('',(0.884804681258,-0.6));
#1675 = CARTESIAN_POINT('',(0.683841083203,-0.6));
#1676 = CARTESIAN_POINT('',(0.511673941555,-0.6));
#1677 = CARTESIAN_POINT('',(0.340011944516,-0.6));
#1678 = CARTESIAN_POINT('',(0.169316087779,-0.6));
#1679 = CARTESIAN_POINT('',(0.,-0.6));
#1680 = ( GEOMETRIC_REPRESENTATION_CONTEXT(2) 
PARAMETRIC_REPRESENTATION_CONTEXT() REPRESENTATION_CONTEXT('2D SPACE',''
  ) );
#1681 = ORIENTED_EDGE('',*,*,#1682,.F.);
#1682 = EDGE_CURVE('',#1683,#1632,#1685,.T.);
#1683 = VERTEX_POINT('',#1684);
#1684 = CARTESIAN_POINT('',(5.802001953125,13.64306640625,4.));
#1685 = SURFACE_CURVE('',#1686,(#1697,#1711),.PCURVE_S1.);
#1686 = B_SPLINE_CURVE_WITH_KNOTS('',5,(#1687,#1688,#1689,#1690,#1691,
    #1692,#1693,#1694,#1695,#1696),.UNSPECIFIED.,.F.,.F.,(6,4,6),(0.,
    0.846696941322,1.),.UNSPECIFIED.);
#1687 = CARTESIAN_POINT('',(5.802001953125,13.64306640625,4.));
#1688 = CARTESIAN_POINT('',(5.808375921213,13.69847089809,4.));
#1689 = CARTESIAN_POINT('',(5.820699028054,13.749142036181,4.));
#1690 = CARTESIAN_POINT('',(5.839146075356,13.794779072413,4.));
#1691 = CARTESIAN_POINT('',(5.863778931532,13.835163753026,4.));
#1692 = CARTESIAN_POINT('',(5.900069863396,13.876536416155,4.));
#1693 = CARTESIAN_POINT('',(5.905833211222,13.882703478707,4.));
#1694 = CARTESIAN_POINT('',(5.911795881734,13.888694460039,4.));
#1695 = CARTESIAN_POINT('',(5.917957215162,13.894508903623,4.));
#1696 = CARTESIAN_POINT('',(5.92431640625,13.900146484375,4.));
#1697 = PCURVE('',#368,#1698);
#1698 = DEFINITIONAL_REPRESENTATION('',(#1699),#1710);
#1699 = B_SPLINE_CURVE_WITH_KNOTS('',5,(#1700,#1701,#1702,#1703,#1704,
    #1705,#1706,#1707,#1708,#1709),.UNSPECIFIED.,.F.,.F.,(6,4,6),(0.,
    0.846696941322,1.),.UNSPECIFIED.);
#1700 = CARTESIAN_POINT('',(5.802001953125,13.64306640625));
#1701 = CARTESIAN_POINT('',(5.808375921213,13.69847089809));
#1702 = CARTESIAN_POINT('',(5.820699028054,13.749142036181));
#1703 = CARTESIAN_POINT('',(5.839146075356,13.794779072413));
#1704 = CARTESIAN_POINT('',(5.863778931532,13.835163753026));
#1705 = CARTESIAN_POINT('',(5.900069863396,13.876536416155));
#1706 = CARTESIAN_POINT('',(5.905833211222,13.882703478707));
#1707 = CARTESIAN_POINT('',(5.911795881734,13.888694460039));
#1708 = CARTESIAN_POINT('',(5.917957215162,13.894508903623));
#1709 = CARTESIAN_POINT('',(5.92431640625,13.900146484375));
#1710 = ( GEOMETRIC_REPRESENTATION_CONTEXT(2) 
PARAMETRIC_REPRESENTATION_CONTEXT() REPRESENTATION_CONTEXT('2D SPACE',''
  ) );
#1711 = PCURVE('',#1712,#1719);
#1712 = SURFACE_OF_LINEAR_EXTRUSION('',#1713,#1717);
#1713 = B_SPLINE_CURVE_WITH_KNOTS('',2,(#1714,#1715,#1716),
  .UNSPECIFIED.,.F.,.F.,(3,3),(0.,1.),.PIECEWISE_BEZIER_KNOTS.);
#1714 = CARTESIAN_POINT('',(5.92431640625,13.900146484375,3.4));
#1715 = CARTESIAN_POINT('',(5.821044921875,13.80859375,3.4));
#1716 = CARTESIAN_POINT('',(5.802001953125,13.64306640625,3.4));
#1717 = VECTOR('',#1718,1.);
#1718 = DIRECTION('',(-0.,-0.,-1.));
#1719 = DEFINITIONAL_REPRESENTATION('',(#1720),#1731);
#1720 = B_SPLINE_CURVE_WITH_KNOTS('',5,(#1721,#1722,#1723,#1724,#1725,
    #1726,#1727,#1728,#1729,#1730),.UNSPECIFIED.,.F.,.F.,(6,4,6),(0.,
    0.846696941322,1.),.UNSPECIFIED.);
#1721 = CARTESIAN_POINT('',(1.,-0.6));
#1722 = CARTESIAN_POINT('',(0.832642478927,-0.6));
#1723 = CARTESIAN_POINT('',(0.663936435137,-0.6));
#1724 = CARTESIAN_POINT('',(0.494285778001,-0.6));
#1725 = CARTESIAN_POINT('',(0.324140206619,-0.6));
#1726 = CARTESIAN_POINT('',(0.123194391989,-0.6));
#1727 = CARTESIAN_POINT('',(9.238874079846E-02,-0.6));
#1728 = CARTESIAN_POINT('',(6.158589864445E-02,-0.6));
#1729 = CARTESIAN_POINT('',(3.078870768064E-02,-0.6));
#1730 = CARTESIAN_POINT('',(0.,-0.6));
#1731 = ( GEOMETRIC_REPRESENTATION_CONTEXT(2) 
PARAMETRIC_REPRESENTATION_CONTEXT() REPRESENTATION_CONTEXT('2D SPACE',''
  ) );
#1732 = ORIENTED_EDGE('',*,*,#1733,.F.);
#1733 = EDGE_CURVE('',#1734,#1683,#1736,.T.);
#1734 = VERTEX_POINT('',#1735);
#1735 = CARTESIAN_POINT('',(5.532470703125,13.66796875,4.));
#1736 = SURFACE_CURVE('',#1737,(#1741,#1747),.PCURVE_S1.);
#1737 = LINE('',#1738,#1739);
#1738 = CARTESIAN_POINT('',(3.550470742022,13.851088311624,4.));
#1739 = VECTOR('',#1740,1.);
#1740 = DIRECTION('',(0.995759055224,-9.199947792832E-02,0.));
#1741 = PCURVE('',#368,#1742);
#1742 = DEFINITIONAL_REPRESENTATION('',(#1743),#1746);
#1743 = B_SPLINE_CURVE_WITH_KNOTS('',1,(#1744,#1745),.UNSPECIFIED.,.F.,
  .F.,(2,2),(1.99044131279,2.261120498268),.PIECEWISE_BEZIER_KNOTS.);
#1744 = CARTESIAN_POINT('',(5.532470703125,13.66796875));
#1745 = CARTESIAN_POINT('',(5.802001953125,13.64306640625));
#1746 = ( GEOMETRIC_REPRESENTATION_CONTEXT(2) 
PARAMETRIC_REPRESENTATION_CONTEXT() REPRESENTATION_CONTEXT('2D SPACE',''
  ) );
#1747 = PCURVE('',#1748,#1753);
#1748 = PLANE('',#1749);
#1749 = AXIS2_PLACEMENT_3D('',#1750,#1751,#1752);
#1750 = CARTESIAN_POINT('',(5.802001953125,13.64306640625,3.4));
#1751 = DIRECTION('',(-9.199947792832E-02,-0.995759055224,0.));
#1752 = DIRECTION('',(-0.995759055224,9.199947792832E-02,0.));
#1753 = DEFINITIONAL_REPRESENTATION('',(#1754),#1757);
#1754 = B_SPLINE_CURVE_WITH_KNOTS('',1,(#1755,#1756),.UNSPECIFIED.,.F.,
  .F.,(2,2),(1.99044131279,2.261120498268),.PIECEWISE_BEZIER_KNOTS.);
#1755 = CARTESIAN_POINT('',(0.270679185478,-0.6));
#1756 = CARTESIAN_POINT('',(0.,-0.6));
#1757 = ( GEOMETRIC_REPRESENTATION_CONTEXT(2) 
PARAMETRIC_REPRESENTATION_CONTEXT() REPRESENTATION_CONTEXT('2D SPACE',''
  ) );
#1758 = ORIENTED_EDGE('',*,*,#1759,.F.);
#1759 = EDGE_CURVE('',#1760,#1734,#1762,.T.);
#1760 = VERTEX_POINT('',#1761);
#1761 = CARTESIAN_POINT('',(5.736083984375,14.062744140625,4.));
#1762 = SURFACE_CURVE('',#1763,(#1774,#1788),.PCURVE_S1.);
#1763 = B_SPLINE_CURVE_WITH_KNOTS('',5,(#1764,#1765,#1766,#1767,#1768,
    #1769,#1770,#1771,#1772,#1773),.UNSPECIFIED.,.F.,.F.,(6,4,6),(0.,
    0.320654729039,1.),.UNSPECIFIED.);
#1764 = CARTESIAN_POINT('',(5.736083984375,14.062744140625,4.));
#1765 = CARTESIAN_POINT('',(5.713714031853,14.044039852592,4.));
#1766 = CARTESIAN_POINT('',(5.692775732824,14.024221691963,4.));
#1767 = CARTESIAN_POINT('',(5.673305171092,14.003294289501,4.));
#1768 = CARTESIAN_POINT('',(5.655328196279,13.981270675988,4.));
#1769 = CARTESIAN_POINT('',(5.603971484653,13.909235581322,4.));
#1770 = CARTESIAN_POINT('',(5.575853477766,13.855470764802,4.));
#1771 = CARTESIAN_POINT('',(5.554661596631,13.797090196763,4.));
#1772 = CARTESIAN_POINT('',(5.540291506664,13.73444558008,4.));
#1773 = CARTESIAN_POINT('',(5.532470703125,13.66796875,4.));
#1774 = PCURVE('',#368,#1775);
#1775 = DEFINITIONAL_REPRESENTATION('',(#1776),#1787);
#1776 = B_SPLINE_CURVE_WITH_KNOTS('',5,(#1777,#1778,#1779,#1780,#1781,
    #1782,#1783,#1784,#1785,#1786),.UNSPECIFIED.,.F.,.F.,(6,4,6),(0.,
    0.320654729039,1.),.UNSPECIFIED.);
#1777 = CARTESIAN_POINT('',(5.736083984375,14.062744140625));
#1778 = CARTESIAN_POINT('',(5.713714031853,14.044039852592));
#1779 = CARTESIAN_POINT('',(5.692775732824,14.024221691963));
#1780 = CARTESIAN_POINT('',(5.673305171092,14.003294289501));
#1781 = CARTESIAN_POINT('',(5.655328196279,13.981270675988));
#1782 = CARTESIAN_POINT('',(5.603971484653,13.909235581322));
#1783 = CARTESIAN_POINT('',(5.575853477766,13.855470764802));
#1784 = CARTESIAN_POINT('',(5.554661596631,13.797090196763));
#1785 = CARTESIAN_POINT('',(5.540291506664,13.73444558008));
#1786 = CARTESIAN_POINT('',(5.532470703125,13.66796875));
#1787 = ( GEOMETRIC_REPRESENTATION_CONTEXT(2) 
PARAMETRIC_REPRESENTATION_CONTEXT() REPRESENTATION_CONTEXT('2D SPACE',''
  ) );
#1788 = PCURVE('',#1789,#1796);
#1789 = SURFACE_OF_LINEAR_EXTRUSION('',#1790,#1794);
#1790 = B_SPLINE_CURVE_WITH_KNOTS('',2,(#1791,#1792,#1793),
  .UNSPECIFIED.,.F.,.F.,(3,3),(0.,1.),.PIECEWISE_BEZIER_KNOTS.);
#1791 = CARTESIAN_POINT('',(5.532470703125,13.66796875,3.4));
#1792 = CARTESIAN_POINT('',(5.561767578125,13.9169921875,3.4));
#1793 = CARTESIAN_POINT('',(5.736083984375,14.062744140625,3.4));
#1794 = VECTOR('',#1795,1.);
#1795 = DIRECTION('',(-0.,-0.,-1.));
#1796 = DEFINITIONAL_REPRESENTATION('',(#1797),#1808);
#1797 = B_SPLINE_CURVE_WITH_KNOTS('',5,(#1798,#1799,#1800,#1801,#1802,
    #1803,#1804,#1805,#1806,#1807),.UNSPECIFIED.,.F.,.F.,(6,4,6),(0.,
    0.320654729039,1.),.UNSPECIFIED.);
#1798 = CARTESIAN_POINT('',(1.,-0.6));
#1799 = CARTESIAN_POINT('',(0.935835206212,-0.6));
#1800 = CARTESIAN_POINT('',(0.871495594819,-0.6));
#1801 = CARTESIAN_POINT('',(0.807037350217,-0.6));
#1802 = CARTESIAN_POINT('',(0.742518717009,-0.6));
#1803 = CARTESIAN_POINT('',(0.54130940629,-0.6));
#1804 = CARTESIAN_POINT('',(0.404606972212,-0.6));
#1805 = CARTESIAN_POINT('',(0.268490876664,-0.6));
#1806 = CARTESIAN_POINT('',(0.133475047063,-0.6));
#1807 = CARTESIAN_POINT('',(0.,-0.6));
#1808 = ( GEOMETRIC_REPRESENTATION_CONTEXT(2) 
PARAMETRIC_REPRESENTATION_CONTEXT() REPRESENTATION_CONTEXT('2D SPACE',''
  ) );
#1809 = ORIENTED_EDGE('',*,*,#1810,.F.);
#1810 = EDGE_CURVE('',#1811,#1760,#1813,.T.);
#1811 = VERTEX_POINT('',#1812);
#1812 = CARTESIAN_POINT('',(6.194580078125,14.20849609375,4.));
#1813 = SURFACE_CURVE('',#1814,(#1825,#1839),.PCURVE_S1.);
#1814 = B_SPLINE_CURVE_WITH_KNOTS('',5,(#1815,#1816,#1817,#1818,#1819,
    #1820,#1821,#1822,#1823,#1824),.UNSPECIFIED.,.F.,.F.,(6,4,6),(0.,
    0.938906564749,1.),.UNSPECIFIED.);
#1815 = CARTESIAN_POINT('',(6.194580078125,14.20849609375,4.));
#1816 = CARTESIAN_POINT('',(6.091168886827,14.20849609375,4.));
#1817 = CARTESIAN_POINT('',(5.994594678676,14.196432993153,4.));
#1818 = CARTESIAN_POINT('',(5.906193991687,14.171257118301,4.));
#1819 = CARTESIAN_POINT('',(5.827160914137,14.132368025867,4.));
#1820 = CARTESIAN_POINT('',(5.753629230021,14.076866322589,4.));
#1821 = CARTESIAN_POINT('',(5.749179170755,14.073419502295,4.));
#1822 = CARTESIAN_POINT('',(5.744771514282,14.069916771851,4.));
#1823 = CARTESIAN_POINT('',(5.740406407311,14.066358267365,4.));
#1824 = CARTESIAN_POINT('',(5.736083984375,14.062744140625,4.));
#1825 = PCURVE('',#368,#1826);
#1826 = DEFINITIONAL_REPRESENTATION('',(#1827),#1838);
#1827 = B_SPLINE_CURVE_WITH_KNOTS('',5,(#1828,#1829,#1830,#1831,#1832,
    #1833,#1834,#1835,#1836,#1837),.UNSPECIFIED.,.F.,.F.,(6,4,6),(0.,
    0.938906564749,1.),.UNSPECIFIED.);
#1828 = CARTESIAN_POINT('',(6.194580078125,14.20849609375));
#1829 = CARTESIAN_POINT('',(6.091168886827,14.20849609375));
#1830 = CARTESIAN_POINT('',(5.994594678676,14.196432993153));
#1831 = CARTESIAN_POINT('',(5.906193991687,14.171257118301));
#1832 = CARTESIAN_POINT('',(5.827160914137,14.132368025867));
#1833 = CARTESIAN_POINT('',(5.753629230021,14.076866322589));
#1834 = CARTESIAN_POINT('',(5.749179170755,14.073419502295));
#1835 = CARTESIAN_POINT('',(5.744771514282,14.069916771851));
#1836 = CARTESIAN_POINT('',(5.740406407311,14.066358267365));
#1837 = CARTESIAN_POINT('',(5.736083984375,14.062744140625));
#1838 = ( GEOMETRIC_REPRESENTATION_CONTEXT(2) 
PARAMETRIC_REPRESENTATION_CONTEXT() REPRESENTATION_CONTEXT('2D SPACE',''
  ) );
#1839 = PCURVE('',#1840,#1847);
#1840 = SURFACE_OF_LINEAR_EXTRUSION('',#1841,#1845);
#1841 = B_SPLINE_CURVE_WITH_KNOTS('',2,(#1842,#1843,#1844),
  .UNSPECIFIED.,.F.,.F.,(3,3),(0.,1.),.PIECEWISE_BEZIER_KNOTS.);
#1842 = CARTESIAN_POINT('',(5.736083984375,14.062744140625,3.4));
#1843 = CARTESIAN_POINT('',(5.910400390625,14.20849609375,3.4));
#1844 = CARTESIAN_POINT('',(6.194580078125,14.20849609375,3.4));
#1845 = VECTOR('',#1846,1.);
#1846 = DIRECTION('',(-0.,-0.,-1.));
#1847 = DEFINITIONAL_REPRESENTATION('',(#1848),#1859);
#1848 = B_SPLINE_CURVE_WITH_KNOTS('',5,(#1849,#1850,#1851,#1852,#1853,
    #1854,#1855,#1856,#1857,#1858),.UNSPECIFIED.,.F.,.F.,(6,4,6),(0.,
    0.938906564749,1.),.UNSPECIFIED.);
#1849 = CARTESIAN_POINT('',(1.,-0.6));
#1850 = CARTESIAN_POINT('',(0.818053161702,-0.6));
#1851 = CARTESIAN_POINT('',(0.632137344715,-0.6));
#1852 = CARTESIAN_POINT('',(0.44321202422,-0.6));
#1853 = CARTESIAN_POINT('',(0.252581819858,-0.6));
#1854 = CARTESIAN_POINT('',(4.959908758898E-02,-0.6));
#1855 = CARTESIAN_POINT('',(3.719819244098E-02,-0.6));
#1856 = CARTESIAN_POINT('',(2.479775380902E-02,-0.6));
#1857 = CARTESIAN_POINT('',(1.239821032506E-02,-0.6));
#1858 = CARTESIAN_POINT('',(0.,-0.6));
#1859 = ( GEOMETRIC_REPRESENTATION_CONTEXT(2) 
PARAMETRIC_REPRESENTATION_CONTEXT() REPRESENTATION_CONTEXT('2D SPACE',''
  ) );
#1860 = ORIENTED_EDGE('',*,*,#1861,.F.);
#1861 = EDGE_CURVE('',#1862,#1811,#1864,.T.);
#1862 = VERTEX_POINT('',#1863);
#1863 = CARTESIAN_POINT('',(6.680908203125,14.06787109375,4.));
#1864 = SURFACE_CURVE('',#1865,(#1873,#1884),.PCURVE_S1.);
#1865 = B_SPLINE_CURVE_WITH_KNOTS('',6,(#1866,#1867,#1868,#1869,#1870,
    #1871,#1872),.UNSPECIFIED.,.F.,.F.,(7,7),(0.,1.),
  .PIECEWISE_BEZIER_KNOTS.);
#1866 = CARTESIAN_POINT('',(6.680908203125,14.06787109375,4.));
#1867 = CARTESIAN_POINT('',(6.621182616392,14.116053079686,4.));
#1868 = CARTESIAN_POINT('',(6.551918843738,14.154200570772,4.));
#1869 = CARTESIAN_POINT('',(6.473660389321,14.182053014485,4.));
#1870 = CARTESIAN_POINT('',(6.387318853918,14.199938784792,4.));
#1871 = CARTESIAN_POINT('',(6.293944636657,14.20849609375,4.));
#1872 = CARTESIAN_POINT('',(6.194580078125,14.20849609375,4.));
#1873 = PCURVE('',#368,#1874);
#1874 = DEFINITIONAL_REPRESENTATION('',(#1875),#1883);
#1875 = B_SPLINE_CURVE_WITH_KNOTS('',6,(#1876,#1877,#1878,#1879,#1880,
    #1881,#1882),.UNSPECIFIED.,.F.,.F.,(7,7),(0.,1.),
  .PIECEWISE_BEZIER_KNOTS.);
#1876 = CARTESIAN_POINT('',(6.680908203125,14.06787109375));
#1877 = CARTESIAN_POINT('',(6.621182616392,14.116053079686));
#1878 = CARTESIAN_POINT('',(6.551918843738,14.154200570772));
#1879 = CARTESIAN_POINT('',(6.473660389321,14.182053014485));
#1880 = CARTESIAN_POINT('',(6.387318853918,14.199938784792));
#1881 = CARTESIAN_POINT('',(6.293944636657,14.20849609375));
#1882 = CARTESIAN_POINT('',(6.194580078125,14.20849609375));
#1883 = ( GEOMETRIC_REPRESENTATION_CONTEXT(2) 
PARAMETRIC_REPRESENTATION_CONTEXT() REPRESENTATION_CONTEXT('2D SPACE',''
  ) );
#1884 = PCURVE('',#1885,#1892);
#1885 = SURFACE_OF_LINEAR_EXTRUSION('',#1886,#1890);
#1886 = B_SPLINE_CURVE_WITH_KNOTS('',2,(#1887,#1888,#1889),
  .UNSPECIFIED.,.F.,.F.,(3,3),(0.,1.),.PIECEWISE_BEZIER_KNOTS.);
#1887 = CARTESIAN_POINT('',(6.194580078125,14.20849609375,3.4));
#1888 = CARTESIAN_POINT('',(6.506591796875,14.20849609375,3.4));
#1889 = CARTESIAN_POINT('',(6.680908203125,14.06787109375,3.4));
#1890 = VECTOR('',#1891,1.);
#1891 = DIRECTION('',(-0.,-0.,-1.));
#1892 = DEFINITIONAL_REPRESENTATION('',(#1893),#1901);
#1893 = B_SPLINE_CURVE_WITH_KNOTS('',6,(#1894,#1895,#1896,#1897,#1898,
    #1899,#1900),.UNSPECIFIED.,.F.,.F.,(7,7),(0.,1.),
  .PIECEWISE_BEZIER_KNOTS.);
#1894 = CARTESIAN_POINT('',(1.,-0.6));
#1895 = CARTESIAN_POINT('',(0.828686272228,-0.6));
#1896 = CARTESIAN_POINT('',(0.657832874845,-0.6));
#1897 = CARTESIAN_POINT('',(0.488719613159,-0.6));
#1898 = CARTESIAN_POINT('',(0.322292073334,-0.6));
#1899 = CARTESIAN_POINT('',(0.159232093797,-0.6));
#1900 = CARTESIAN_POINT('',(0.,-0.6));
#1901 = ( GEOMETRIC_REPRESENTATION_CONTEXT(2) 
PARAMETRIC_REPRESENTATION_CONTEXT() REPRESENTATION_CONTEXT('2D SPACE',''
  ) );
#1902 = ORIENTED_EDGE('',*,*,#1903,.F.);
#1903 = EDGE_CURVE('',#1904,#1862,#1906,.T.);
#1904 = VERTEX_POINT('',#1905);
#1905 = CARTESIAN_POINT('',(6.855224609375,13.66943359375,4.));
#1906 = SURFACE_CURVE('',#1907,(#1918,#1932),.PCURVE_S1.);
#1907 = B_SPLINE_CURVE_WITH_KNOTS('',5,(#1908,#1909,#1910,#1911,#1912,
    #1913,#1914,#1915,#1916,#1917),.UNSPECIFIED.,.F.,.F.,(6,4,6),(0.,
    0.685943378029,1.),.UNSPECIFIED.);
#1908 = CARTESIAN_POINT('',(6.855224609375,13.66943359375,4.));
#1909 = CARTESIAN_POINT('',(6.855224609375,13.738411042344,4.));
#1910 = CARTESIAN_POINT('',(6.847425813415,13.803259136138,4.));
#1911 = CARTESIAN_POINT('',(6.831325013775,13.863344478333,4.));
#1912 = CARTESIAN_POINT('',(6.806667614795,13.918127241812,4.));
#1913 = CARTESIAN_POINT('',(6.758561629608,13.9898051361,4.));
#1914 = CARTESIAN_POINT('',(6.74170403644,14.01114042038,4.));
#1915 = CARTESIAN_POINT('',(6.723116384664,14.031271676615,4.));
#1916 = CARTESIAN_POINT('',(6.702834040118,14.050183023571,4.));
#1917 = CARTESIAN_POINT('',(6.680908203125,14.06787109375,4.));
#1918 = PCURVE('',#368,#1919);
#1919 = DEFINITIONAL_REPRESENTATION('',(#1920),#1931);
#1920 = B_SPLINE_CURVE_WITH_KNOTS('',5,(#1921,#1922,#1923,#1924,#1925,
    #1926,#1927,#1928,#1929,#1930),.UNSPECIFIED.,.F.,.F.,(6,4,6),(0.,
    0.685943378029,1.),.UNSPECIFIED.);
#1921 = CARTESIAN_POINT('',(6.855224609375,13.66943359375));
#1922 = CARTESIAN_POINT('',(6.855224609375,13.738411042344));
#1923 = CARTESIAN_POINT('',(6.847425813415,13.803259136138));
#1924 = CARTESIAN_POINT('',(6.831325013775,13.863344478333));
#1925 = CARTESIAN_POINT('',(6.806667614795,13.918127241812));
#1926 = CARTESIAN_POINT('',(6.758561629608,13.9898051361));
#1927 = CARTESIAN_POINT('',(6.74170403644,14.01114042038));
#1928 = CARTESIAN_POINT('',(6.723116384664,14.031271676615));
#1929 = CARTESIAN_POINT('',(6.702834040118,14.050183023571));
#1930 = CARTESIAN_POINT('',(6.680908203125,14.06787109375));
#1931 = ( GEOMETRIC_REPRESENTATION_CONTEXT(2) 
PARAMETRIC_REPRESENTATION_CONTEXT() REPRESENTATION_CONTEXT('2D SPACE',''
  ) );
#1932 = PCURVE('',#1933,#1940);
#1933 = SURFACE_OF_LINEAR_EXTRUSION('',#1934,#1938);
#1934 = B_SPLINE_CURVE_WITH_KNOTS('',2,(#1935,#1936,#1937),
  .UNSPECIFIED.,.F.,.F.,(3,3),(0.,1.),.PIECEWISE_BEZIER_KNOTS.);
#1935 = CARTESIAN_POINT('',(6.680908203125,14.06787109375,3.4));
#1936 = CARTESIAN_POINT('',(6.855224609375,13.92724609375,3.4));
#1937 = CARTESIAN_POINT('',(6.855224609375,13.66943359375,3.4));
#1938 = VECTOR('',#1939,1.);
#1939 = DIRECTION('',(-0.,-0.,-1.));
#1940 = DEFINITIONAL_REPRESENTATION('',(#1941),#1952);
#1941 = B_SPLINE_CURVE_WITH_KNOTS('',5,(#1942,#1943,#1944,#1945,#1946,
    #1947,#1948,#1949,#1950,#1951),.UNSPECIFIED.,.F.,.F.,(6,4,6),(0.,
    0.685943378029,1.),.UNSPECIFIED.);
#1942 = CARTESIAN_POINT('',(1.,-0.6));
#1943 = CARTESIAN_POINT('',(0.866225554243,-0.6));
#1944 = CARTESIAN_POINT('',(0.730291528866,-0.6));
#1945 = CARTESIAN_POINT('',(0.592770250457,-0.6));
#1946 = CARTESIAN_POINT('',(0.454376716095,-0.6));
#1947 = CARTESIAN_POINT('',(0.252644735691,-0.6));
#1948 = CARTESIAN_POINT('',(0.189288381706,-0.6));
#1949 = CARTESIAN_POINT('',(0.126011471957,-0.6));
#1950 = CARTESIAN_POINT('',(6.289091619248E-02,-0.6));
#1951 = CARTESIAN_POINT('',(0.,-0.6));
#1952 = ( GEOMETRIC_REPRESENTATION_CONTEXT(2) 
PARAMETRIC_REPRESENTATION_CONTEXT() REPRESENTATION_CONTEXT('2D SPACE',''
  ) );
#1953 = ORIENTED_EDGE('',*,*,#1954,.F.);
#1954 = EDGE_CURVE('',#1955,#1904,#1957,.T.);
#1955 = VERTEX_POINT('',#1956);
#1956 = CARTESIAN_POINT('',(6.743896484375,13.333251953125,4.));
#1957 = SURFACE_CURVE('',#1958,(#1965,#1975),.PCURVE_S1.);
#1958 = B_SPLINE_CURVE_WITH_KNOTS('',5,(#1959,#1960,#1961,#1962,#1963,
    #1964),.UNSPECIFIED.,.F.,.F.,(6,6),(0.,1.),
  .PIECEWISE_BEZIER_KNOTS.);
#1959 = CARTESIAN_POINT('',(6.743896484375,13.333251953125,4.));
#1960 = CARTESIAN_POINT('',(6.787797777693,13.3993927174,4.));
#1961 = CARTESIAN_POINT('',(6.82133939512,13.466298231358,4.));
#1962 = CARTESIAN_POINT('',(6.84393230838,13.533768064142,4.));
#1963 = CARTESIAN_POINT('',(6.855224609375,13.601569708355,4.));
#1964 = CARTESIAN_POINT('',(6.855224609375,13.66943359375,4.));
#1965 = PCURVE('',#368,#1966);
#1966 = DEFINITIONAL_REPRESENTATION('',(#1967),#1974);
#1967 = B_SPLINE_CURVE_WITH_KNOTS('',5,(#1968,#1969,#1970,#1971,#1972,
    #1973),.UNSPECIFIED.,.F.,.F.,(6,6),(0.,1.),
  .PIECEWISE_BEZIER_KNOTS.);
#1968 = CARTESIAN_POINT('',(6.743896484375,13.333251953125));
#1969 = CARTESIAN_POINT('',(6.787797777693,13.3993927174));
#1970 = CARTESIAN_POINT('',(6.82133939512,13.466298231358));
#1971 = CARTESIAN_POINT('',(6.84393230838,13.533768064142));
#1972 = CARTESIAN_POINT('',(6.855224609375,13.601569708355));
#1973 = CARTESIAN_POINT('',(6.855224609375,13.66943359375));
#1974 = ( GEOMETRIC_REPRESENTATION_CONTEXT(2) 
PARAMETRIC_REPRESENTATION_CONTEXT() REPRESENTATION_CONTEXT('2D SPACE',''
  ) );
#1975 = PCURVE('',#1976,#1983);
#1976 = SURFACE_OF_LINEAR_EXTRUSION('',#1977,#1981);
#1977 = B_SPLINE_CURVE_WITH_KNOTS('',2,(#1978,#1979,#1980),
  .UNSPECIFIED.,.F.,.F.,(3,3),(0.,1.),.PIECEWISE_BEZIER_KNOTS.);
#1978 = CARTESIAN_POINT('',(6.855224609375,13.66943359375,3.4));
#1979 = CARTESIAN_POINT('',(6.855224609375,13.5009765625,3.4));
#1980 = CARTESIAN_POINT('',(6.743896484375,13.333251953125,3.4));
#1981 = VECTOR('',#1982,1.);
#1982 = DIRECTION('',(-0.,-0.,-1.));
#1983 = DEFINITIONAL_REPRESENTATION('',(#1984),#1991);
#1984 = B_SPLINE_CURVE_WITH_KNOTS('',5,(#1985,#1986,#1987,#1988,#1989,
    #1990),.UNSPECIFIED.,.F.,.F.,(6,6),(0.,1.),
  .PIECEWISE_BEZIER_KNOTS.);
#1985 = CARTESIAN_POINT('',(1.,-0.6));
#1986 = CARTESIAN_POINT('',(0.802829279133,-0.6));
#1987 = CARTESIAN_POINT('',(0.603590986747,-0.6));
#1988 = CARTESIAN_POINT('',(0.402891526862,-0.6));
#1989 = CARTESIAN_POINT('',(0.201427880128,-0.6));
#1990 = CARTESIAN_POINT('',(0.,-0.6));
#1991 = ( GEOMETRIC_REPRESENTATION_CONTEXT(2) 
PARAMETRIC_REPRESENTATION_CONTEXT() REPRESENTATION_CONTEXT('2D SPACE',''
  ) );
#1992 = ORIENTED_EDGE('',*,*,#1993,.F.);
#1993 = EDGE_CURVE('',#1994,#1955,#1996,.T.);
#1994 = VERTEX_POINT('',#1995);
#1995 = CARTESIAN_POINT('',(6.411376953125,12.98974609375,4.));
#1996 = SURFACE_CURVE('',#1997,(#2004,#2014),.PCURVE_S1.);
#1997 = B_SPLINE_CURVE_WITH_KNOTS('',5,(#1998,#1999,#2000,#2001,#2002,
    #2003),.UNSPECIFIED.,.F.,.F.,(6,6),(0.,1.),
  .PIECEWISE_BEZIER_KNOTS.);
#1998 = CARTESIAN_POINT('',(6.411376953125,12.98974609375,4.));
#1999 = CARTESIAN_POINT('',(6.496882205258,13.057697287498,4.));
#2000 = CARTESIAN_POINT('',(6.573738710703,13.126177486915,4.));
#2001 = CARTESIAN_POINT('',(6.64108965274,13.195061882513,4.));
#2002 = CARTESIAN_POINT('',(6.698041903845,13.264168407458,4.));
#2003 = CARTESIAN_POINT('',(6.743896484375,13.333251953125,4.));
#2004 = PCURVE('',#368,#2005);
#2005 = DEFINITIONAL_REPRESENTATION('',(#2006),#2013);
#2006 = B_SPLINE_CURVE_WITH_KNOTS('',5,(#2007,#2008,#2009,#2010,#2011,
    #2012),.UNSPECIFIED.,.F.,.F.,(6,6),(0.,1.),
  .PIECEWISE_BEZIER_KNOTS.);
#2007 = CARTESIAN_POINT('',(6.411376953125,12.98974609375));
#2008 = CARTESIAN_POINT('',(6.496882205258,13.057697287498));
#2009 = CARTESIAN_POINT('',(6.573738710703,13.126177486915));
#2010 = CARTESIAN_POINT('',(6.64108965274,13.195061882513));
#2011 = CARTESIAN_POINT('',(6.698041903845,13.264168407458));
#2012 = CARTESIAN_POINT('',(6.743896484375,13.333251953125));
#2013 = ( GEOMETRIC_REPRESENTATION_CONTEXT(2) 
PARAMETRIC_REPRESENTATION_CONTEXT() REPRESENTATION_CONTEXT('2D SPACE',''
  ) );
#2014 = PCURVE('',#2015,#2022);
#2015 = SURFACE_OF_LINEAR_EXTRUSION('',#2016,#2020);
#2016 = B_SPLINE_CURVE_WITH_KNOTS('',2,(#2017,#2018,#2019),
  .UNSPECIFIED.,.F.,.F.,(3,3),(0.,1.),.PIECEWISE_BEZIER_KNOTS.);
#2017 = CARTESIAN_POINT('',(6.743896484375,13.333251953125,3.4));
#2018 = CARTESIAN_POINT('',(6.632568359375,13.16552734375,3.4));
#2019 = CARTESIAN_POINT('',(6.411376953125,12.98974609375,3.4));
#2020 = VECTOR('',#2021,1.);
#2021 = DIRECTION('',(-0.,-0.,-1.));
#2022 = DEFINITIONAL_REPRESENTATION('',(#2023),#2030);
#2023 = B_SPLINE_CURVE_WITH_KNOTS('',5,(#2024,#2025,#2026,#2027,#2028,
    #2029),.UNSPECIFIED.,.F.,.F.,(6,6),(0.,1.),
  .PIECEWISE_BEZIER_KNOTS.);
#2024 = CARTESIAN_POINT('',(1.,-0.6));
#2025 = CARTESIAN_POINT('',(0.806716604451,-0.6));
#2026 = CARTESIAN_POINT('',(0.609788050009,-0.6));
#2027 = CARTESIAN_POINT('',(0.409408545902,-0.6));
#2028 = CARTESIAN_POINT('',(0.205943379223,-0.6));
#2029 = CARTESIAN_POINT('',(0.,-0.6));
#2030 = ( GEOMETRIC_REPRESENTATION_CONTEXT(2) 
PARAMETRIC_REPRESENTATION_CONTEXT() REPRESENTATION_CONTEXT('2D SPACE',''
  ) );
#2031 = ORIENTED_EDGE('',*,*,#2032,.F.);
#2032 = EDGE_CURVE('',#2033,#1994,#2035,.T.);
#2033 = VERTEX_POINT('',#2034);
#2034 = CARTESIAN_POINT('',(5.9931640625,12.635986328125,4.));
#2035 = SURFACE_CURVE('',#2036,(#2044,#2055),.PCURVE_S1.);
#2036 = B_SPLINE_CURVE_WITH_KNOTS('',6,(#2037,#2038,#2039,#2040,#2041,
    #2042,#2043),.UNSPECIFIED.,.F.,.F.,(7,7),(0.,1.),
  .PIECEWISE_BEZIER_KNOTS.);
#2037 = CARTESIAN_POINT('',(5.9931640625,12.635986328125,4.));
#2038 = CARTESIAN_POINT('',(6.035473212018,12.677231096523,4.));
#2039 = CARTESIAN_POINT('',(6.09123283201,12.727316460773,4.));
#2040 = CARTESIAN_POINT('',(6.158597415579,12.784909486696,4.));
#2041 = CARTESIAN_POINT('',(6.235454499994,12.848549186647,4.));
#2042 = CARTESIAN_POINT('',(6.32011403519,12.9170901785,4.));
#2043 = CARTESIAN_POINT('',(6.411376953125,12.98974609375,4.));
#2044 = PCURVE('',#368,#2045);
#2045 = DEFINITIONAL_REPRESENTATION('',(#2046),#2054);
#2046 = B_SPLINE_CURVE_WITH_KNOTS('',6,(#2047,#2048,#2049,#2050,#2051,
    #2052,#2053),.UNSPECIFIED.,.F.,.F.,(7,7),(0.,1.),
  .PIECEWISE_BEZIER_KNOTS.);
#2047 = CARTESIAN_POINT('',(5.9931640625,12.635986328125));
#2048 = CARTESIAN_POINT('',(6.035473212018,12.677231096523));
#2049 = CARTESIAN_POINT('',(6.09123283201,12.727316460773));
#2050 = CARTESIAN_POINT('',(6.158597415579,12.784909486696));
#2051 = CARTESIAN_POINT('',(6.235454499994,12.848549186647));
#2052 = CARTESIAN_POINT('',(6.32011403519,12.9170901785));
#2053 = CARTESIAN_POINT('',(6.411376953125,12.98974609375));
#2054 = ( GEOMETRIC_REPRESENTATION_CONTEXT(2) 
PARAMETRIC_REPRESENTATION_CONTEXT() REPRESENTATION_CONTEXT('2D SPACE',''
  ) );
#2055 = PCURVE('',#2056,#2063);
#2056 = SURFACE_OF_LINEAR_EXTRUSION('',#2057,#2061);
#2057 = B_SPLINE_CURVE_WITH_KNOTS('',2,(#2058,#2059,#2060),
  .UNSPECIFIED.,.F.,.F.,(3,3),(0.,1.),.PIECEWISE_BEZIER_KNOTS.);
#2058 = CARTESIAN_POINT('',(6.411376953125,12.98974609375,3.4));
#2059 = CARTESIAN_POINT('',(6.109619140625,12.74951171875,3.4));
#2060 = CARTESIAN_POINT('',(5.9931640625,12.635986328125,3.4));
#2061 = VECTOR('',#2062,1.);
#2062 = DIRECTION('',(-0.,-0.,-1.));
#2063 = DEFINITIONAL_REPRESENTATION('',(#2064),#2072);
#2064 = B_SPLINE_CURVE_WITH_KNOTS('',6,(#2065,#2066,#2067,#2068,#2069,
    #2070,#2071),.UNSPECIFIED.,.F.,.F.,(7,7),(0.,1.),
  .PIECEWISE_BEZIER_KNOTS.);
#2065 = CARTESIAN_POINT('',(1.,-0.6));
#2066 = CARTESIAN_POINT('',(0.818345622195,-0.6));
#2067 = CARTESIAN_POINT('',(0.641954135679,-0.6));
#2068 = CARTESIAN_POINT('',(0.471872726764,-0.6));
#2069 = CARTESIAN_POINT('',(0.308344761415,-0.6));
#2070 = CARTESIAN_POINT('',(0.151218815479,-0.6));
#2071 = CARTESIAN_POINT('',(0.,-0.6));
#2072 = ( GEOMETRIC_REPRESENTATION_CONTEXT(2) 
PARAMETRIC_REPRESENTATION_CONTEXT() REPRESENTATION_CONTEXT('2D SPACE',''
  ) );
#2073 = ORIENTED_EDGE('',*,*,#2074,.F.);
#2074 = EDGE_CURVE('',#2075,#2033,#2077,.T.);
#2075 = VERTEX_POINT('',#2076);
#2076 = CARTESIAN_POINT('',(5.828369140625,12.41552734375,4.));
#2077 = SURFACE_CURVE('',#2078,(#2085,#2095),.PCURVE_S1.);
#2078 = B_SPLINE_CURVE_WITH_KNOTS('',5,(#2079,#2080,#2081,#2082,#2083,
    #2084),.UNSPECIFIED.,.F.,.F.,(6,6),(0.,1.),
  .PIECEWISE_BEZIER_KNOTS.);
#2079 = CARTESIAN_POINT('',(5.828369140625,12.41552734375,4.));
#2080 = CARTESIAN_POINT('',(5.847907271012,12.458748056425,4.));
#2081 = CARTESIAN_POINT('',(5.874325489884,12.50247667941,4.));
#2082 = CARTESIAN_POINT('',(5.907488932476,12.546639883037,4.));
#2083 = CARTESIAN_POINT('',(5.947186962909,12.591165885128,4.));
#2084 = CARTESIAN_POINT('',(5.9931640625,12.635986328125,4.));
#2085 = PCURVE('',#368,#2086);
#2086 = DEFINITIONAL_REPRESENTATION('',(#2087),#2094);
#2087 = B_SPLINE_CURVE_WITH_KNOTS('',5,(#2088,#2089,#2090,#2091,#2092,
    #2093),.UNSPECIFIED.,.F.,.F.,(6,6),(0.,1.),
  .PIECEWISE_BEZIER_KNOTS.);
#2088 = CARTESIAN_POINT('',(5.828369140625,12.41552734375));
#2089 = CARTESIAN_POINT('',(5.847907271012,12.458748056425));
#2090 = CARTESIAN_POINT('',(5.874325489884,12.50247667941));
#2091 = CARTESIAN_POINT('',(5.907488932476,12.546639883037));
#2092 = CARTESIAN_POINT('',(5.947186962909,12.591165885128));
#2093 = CARTESIAN_POINT('',(5.9931640625,12.635986328125));
#2094 = ( GEOMETRIC_REPRESENTATION_CONTEXT(2) 
PARAMETRIC_REPRESENTATION_CONTEXT() REPRESENTATION_CONTEXT('2D SPACE',''
  ) );
#2095 = PCURVE('',#2096,#2103);
#2096 = SURFACE_OF_LINEAR_EXTRUSION('',#2097,#2101);
#2097 = B_SPLINE_CURVE_WITH_KNOTS('',2,(#2098,#2099,#2100),
  .UNSPECIFIED.,.F.,.F.,(3,3),(0.,1.),.PIECEWISE_BEZIER_KNOTS.);
#2098 = CARTESIAN_POINT('',(5.9931640625,12.635986328125,3.4));
#2099 = CARTESIAN_POINT('',(5.876708984375,12.5224609375,3.4));
#2100 = CARTESIAN_POINT('',(5.828369140625,12.41552734375,3.4));
#2101 = VECTOR('',#2102,1.);
#2102 = DIRECTION('',(-0.,-0.,-1.));
#2103 = DEFINITIONAL_REPRESENTATION('',(#2104),#2111);
#2104 = B_SPLINE_CURVE_WITH_KNOTS('',5,(#2105,#2106,#2107,#2108,#2109,
    #2110),.UNSPECIFIED.,.F.,.F.,(6,6),(0.,1.),
  .PIECEWISE_BEZIER_KNOTS.);
#2105 = CARTESIAN_POINT('',(1.,-0.6));
#2106 = CARTESIAN_POINT('',(0.797908631145,-0.6));
#2107 = CARTESIAN_POINT('',(0.596589370568,-0.6));
#2108 = CARTESIAN_POINT('',(0.396336961405,-0.6));
#2109 = CARTESIAN_POINT('',(0.197402725288,-0.6));
#2110 = CARTESIAN_POINT('',(0.,-0.6));
#2111 = ( GEOMETRIC_REPRESENTATION_CONTEXT(2) 
PARAMETRIC_REPRESENTATION_CONTEXT() REPRESENTATION_CONTEXT('2D SPACE',''
  ) );
#2112 = ORIENTED_EDGE('',*,*,#2113,.F.);
#2113 = EDGE_CURVE('',#2114,#2075,#2116,.T.);
#2114 = VERTEX_POINT('',#2115);
#2115 = CARTESIAN_POINT('',(6.887451171875,12.41552734375,4.));
#2116 = SURFACE_CURVE('',#2117,(#2121,#2127),.PCURVE_S1.);
#2117 = LINE('',#2118,#2119);
#2118 = CARTESIAN_POINT('',(2.914184570312,12.41552734375,4.));
#2119 = VECTOR('',#2120,1.);
#2120 = DIRECTION('',(-1.,0.,0.));
#2121 = PCURVE('',#368,#2122);
#2122 = DEFINITIONAL_REPRESENTATION('',(#2123),#2126);
#2123 = B_SPLINE_CURVE_WITH_KNOTS('',1,(#2124,#2125),.UNSPECIFIED.,.F.,
  .F.,(2,2),(-3.973266601562,-2.914184570312),.PIECEWISE_BEZIER_KNOTS.);
#2124 = CARTESIAN_POINT('',(6.887451171875,12.41552734375));
#2125 = CARTESIAN_POINT('',(5.828369140625,12.41552734375));
#2126 = ( GEOMETRIC_REPRESENTATION_CONTEXT(2) 
PARAMETRIC_REPRESENTATION_CONTEXT() REPRESENTATION_CONTEXT('2D SPACE',''
  ) );
#2127 = PCURVE('',#2128,#2133);
#2128 = PLANE('',#2129);
#2129 = AXIS2_PLACEMENT_3D('',#2130,#2131,#2132);
#2130 = CARTESIAN_POINT('',(5.828369140625,12.41552734375,3.4));
#2131 = DIRECTION('',(0.,1.,0.));
#2132 = DIRECTION('',(1.,0.,0.));
#2133 = DEFINITIONAL_REPRESENTATION('',(#2134),#2137);
#2134 = B_SPLINE_CURVE_WITH_KNOTS('',1,(#2135,#2136),.UNSPECIFIED.,.F.,
  .F.,(2,2),(-3.973266601562,-2.914184570312),.PIECEWISE_BEZIER_KNOTS.);
#2135 = CARTESIAN_POINT('',(1.05908203125,-0.6));
#2136 = CARTESIAN_POINT('',(0.,-0.6));
#2137 = ( GEOMETRIC_REPRESENTATION_CONTEXT(2) 
PARAMETRIC_REPRESENTATION_CONTEXT() REPRESENTATION_CONTEXT('2D SPACE',''
  ) );
#2138 = ORIENTED_EDGE('',*,*,#2139,.F.);
#2139 = EDGE_CURVE('',#1331,#2114,#2140,.T.);
#2140 = SURFACE_CURVE('',#2141,(#2145,#2151),.PCURVE_S1.);
#2141 = LINE('',#2142,#2143);
#2142 = CARTESIAN_POINT('',(6.887451171875,6.207763671875,4.));
#2143 = VECTOR('',#2144,1.);
#2144 = DIRECTION('',(0.,1.,0.));
#2145 = PCURVE('',#368,#2146);
#2146 = DEFINITIONAL_REPRESENTATION('',(#2147),#2150);
#2147 = B_SPLINE_CURVE_WITH_KNOTS('',1,(#2148,#2149),.UNSPECIFIED.,.F.,
  .F.,(2,2),(5.993896484375,6.207763671875),.PIECEWISE_BEZIER_KNOTS.);
#2148 = CARTESIAN_POINT('',(6.887451171875,12.20166015625));
#2149 = CARTESIAN_POINT('',(6.887451171875,12.41552734375));
#2150 = ( GEOMETRIC_REPRESENTATION_CONTEXT(2) 
PARAMETRIC_REPRESENTATION_CONTEXT() REPRESENTATION_CONTEXT('2D SPACE',''
  ) );
#2151 = PCURVE('',#2152,#2157);
#2152 = PLANE('',#2153);
#2153 = AXIS2_PLACEMENT_3D('',#2154,#2155,#2156);
#2154 = CARTESIAN_POINT('',(6.887451171875,12.41552734375,3.4));
#2155 = DIRECTION('',(1.,0.,0.));
#2156 = DIRECTION('',(0.,-1.,0.));
#2157 = DEFINITIONAL_REPRESENTATION('',(#2158),#2161);
#2158 = B_SPLINE_CURVE_WITH_KNOTS('',1,(#2159,#2160),.UNSPECIFIED.,.F.,
  .F.,(2,2),(5.993896484375,6.207763671875),.PIECEWISE_BEZIER_KNOTS.);
#2159 = CARTESIAN_POINT('',(0.2138671875,-0.6));
#2160 = CARTESIAN_POINT('',(0.,-0.6));
#2161 = ( GEOMETRIC_REPRESENTATION_CONTEXT(2) 
PARAMETRIC_REPRESENTATION_CONTEXT() REPRESENTATION_CONTEXT('2D SPACE',''
  ) );
#2162 = FACE_BOUND('',#2163,.T.);
#2163 = EDGE_LOOP('',(#2164,#2205,#2256,#2295,#2337,#2388,#2414,#2477,
    #2528,#2579,#2630,#2681,#2717,#2753,#2779,#2805,#2831,#2857,#2883,
    #2909,#2960,#3011));
#2164 = ORIENTED_EDGE('',*,*,#2165,.F.);
#2165 = EDGE_CURVE('',#2166,#2168,#2170,.T.);
#2166 = VERTEX_POINT('',#2167);
#2167 = CARTESIAN_POINT('',(10.423583984375,12.49462890625,4.));
#2168 = VERTEX_POINT('',#2169);
#2169 = CARTESIAN_POINT('',(10.510009765625,12.85205078125,4.));
#2170 = SURFACE_CURVE('',#2171,(#2178,#2188),.PCURVE_S1.);
#2171 = B_SPLINE_CURVE_WITH_KNOTS('',5,(#2172,#2173,#2174,#2175,#2176,
    #2177),.UNSPECIFIED.,.F.,.F.,(6,6),(0.,1.),
  .PIECEWISE_BEZIER_KNOTS.);
#2172 = CARTESIAN_POINT('',(10.423583984375,12.49462890625,4.));
#2173 = CARTESIAN_POINT('',(10.458368487342,12.556533530174,4.));
#2174 = CARTESIAN_POINT('',(10.484398555187,12.623472586864,4.));
#2175 = CARTESIAN_POINT('',(10.50157000626,12.695250506775,4.));
#2176 = CARTESIAN_POINT('',(10.510009765625,12.77156670447,4.));
#2177 = CARTESIAN_POINT('',(10.510009765625,12.85205078125,4.));
#2178 = PCURVE('',#368,#2179);
#2179 = DEFINITIONAL_REPRESENTATION('',(#2180),#2187);
#2180 = B_SPLINE_CURVE_WITH_KNOTS('',5,(#2181,#2182,#2183,#2184,#2185,
    #2186),.UNSPECIFIED.,.F.,.F.,(6,6),(0.,1.),
  .PIECEWISE_BEZIER_KNOTS.);
#2181 = CARTESIAN_POINT('',(10.423583984375,12.49462890625));
#2182 = CARTESIAN_POINT('',(10.458368487342,12.556533530174));
#2183 = CARTESIAN_POINT('',(10.484398555187,12.623472586864));
#2184 = CARTESIAN_POINT('',(10.50157000626,12.695250506775));
#2185 = CARTESIAN_POINT('',(10.510009765625,12.77156670447));
#2186 = CARTESIAN_POINT('',(10.510009765625,12.85205078125));
#2187 = ( GEOMETRIC_REPRESENTATION_CONTEXT(2) 
PARAMETRIC_REPRESENTATION_CONTEXT() REPRESENTATION_CONTEXT('2D SPACE',''
  ) );
#2188 = PCURVE('',#2189,#2196);
#2189 = SURFACE_OF_LINEAR_EXTRUSION('',#2190,#2194);
#2190 = B_SPLINE_CURVE_WITH_KNOTS('',2,(#2191,#2192,#2193),
  .UNSPECIFIED.,.F.,.F.,(3,3),(0.,1.),.PIECEWISE_BEZIER_KNOTS.);
#2191 = CARTESIAN_POINT('',(10.510009765625,12.85205078125,3.4));
#2192 = CARTESIAN_POINT('',(10.510009765625,12.6484375,3.4));
#2193 = CARTESIAN_POINT('',(10.423583984375,12.49462890625,3.4));
#2194 = VECTOR('',#2195,1.);
#2195 = DIRECTION('',(-0.,-0.,-1.));
#2196 = DEFINITIONAL_REPRESENTATION('',(#2197),#2204);
#2197 = B_SPLINE_CURVE_WITH_KNOTS('',5,(#2198,#2199,#2200,#2201,#2202,
    #2203),.UNSPECIFIED.,.F.,.F.,(6,6),(0.,1.),
  .PIECEWISE_BEZIER_KNOTS.);
#2198 = CARTESIAN_POINT('',(1.,-0.6));
#2199 = CARTESIAN_POINT('',(0.798760841592,-0.6));
#2200 = CARTESIAN_POINT('',(0.59754745741,-0.6));
#2201 = CARTESIAN_POINT('',(0.396987523664,-0.6));
#2202 = CARTESIAN_POINT('',(0.197639555449,-0.6));
#2203 = CARTESIAN_POINT('',(0.,-0.6));
#2204 = ( GEOMETRIC_REPRESENTATION_CONTEXT(2) 
PARAMETRIC_REPRESENTATION_CONTEXT() REPRESENTATION_CONTEXT('2D SPACE',''
  ) );
#2205 = ORIENTED_EDGE('',*,*,#2206,.F.);
#2206 = EDGE_CURVE('',#2207,#2166,#2209,.T.);
#2207 = VERTEX_POINT('',#2208);
#2208 = CARTESIAN_POINT('',(10.1708984375,12.256591796875,4.));
#2209 = SURFACE_CURVE('',#2210,(#2221,#2235),.PCURVE_S1.);
#2210 = B_SPLINE_CURVE_WITH_KNOTS('',5,(#2211,#2212,#2213,#2214,#2215,
    #2216,#2217,#2218,#2219,#2220),.UNSPECIFIED.,.F.,.F.,(6,4,6),(0.,
    0.660480793183,1.),.UNSPECIFIED.);
#2211 = CARTESIAN_POINT('',(10.1708984375,12.256591796875,4.));
#2212 = CARTESIAN_POINT('',(10.214538455451,12.278700176013,4.));
#2213 = CARTESIAN_POINT('',(10.254927717632,12.303899366529,4.));
#2214 = CARTESIAN_POINT('',(10.291948409404,12.332210883195,4.));
#2215 = CARTESIAN_POINT('',(10.325516027089,12.363622497479,4.));
#2216 = CARTESIAN_POINT('',(10.371042888358,12.415796644567,4.));
#2217 = CARTESIAN_POINT('',(10.385575896445,12.434316424139,4.));
#2218 = CARTESIAN_POINT('',(10.399178662599,12.453634958235,4.));
#2219 = CARTESIAN_POINT('',(10.411848088635,12.473742990103,4.));
#2220 = CARTESIAN_POINT('',(10.423583984375,12.49462890625,4.));
#2221 = PCURVE('',#368,#2222);
#2222 = DEFINITIONAL_REPRESENTATION('',(#2223),#2234);
#2223 = B_SPLINE_CURVE_WITH_KNOTS('',5,(#2224,#2225,#2226,#2227,#2228,
    #2229,#2230,#2231,#2232,#2233),.UNSPECIFIED.,.F.,.F.,(6,4,6),(0.,
    0.660480793183,1.),.UNSPECIFIED.);
#2224 = CARTESIAN_POINT('',(10.1708984375,12.256591796875));
#2225 = CARTESIAN_POINT('',(10.214538455451,12.278700176013));
#2226 = CARTESIAN_POINT('',(10.254927717632,12.303899366529));
#2227 = CARTESIAN_POINT('',(10.291948409404,12.332210883195));
#2228 = CARTESIAN_POINT('',(10.325516027089,12.363622497479));
#2229 = CARTESIAN_POINT('',(10.371042888358,12.415796644567));
#2230 = CARTESIAN_POINT('',(10.385575896445,12.434316424139));
#2231 = CARTESIAN_POINT('',(10.399178662599,12.453634958235));
#2232 = CARTESIAN_POINT('',(10.411848088635,12.473742990103));
#2233 = CARTESIAN_POINT('',(10.423583984375,12.49462890625));
#2234 = ( GEOMETRIC_REPRESENTATION_CONTEXT(2) 
PARAMETRIC_REPRESENTATION_CONTEXT() REPRESENTATION_CONTEXT('2D SPACE',''
  ) );
#2235 = PCURVE('',#2236,#2243);
#2236 = SURFACE_OF_LINEAR_EXTRUSION('',#2237,#2241);
#2237 = B_SPLINE_CURVE_WITH_KNOTS('',2,(#2238,#2239,#2240),
  .UNSPECIFIED.,.F.,.F.,(3,3),(0.,1.),.PIECEWISE_BEZIER_KNOTS.);
#2238 = CARTESIAN_POINT('',(10.423583984375,12.49462890625,3.4));
#2239 = CARTESIAN_POINT('',(10.337158203125,12.3408203125,3.4));
#2240 = CARTESIAN_POINT('',(10.1708984375,12.256591796875,3.4));
#2241 = VECTOR('',#2242,1.);
#2242 = DIRECTION('',(-0.,-0.,-1.));
#2243 = DEFINITIONAL_REPRESENTATION('',(#2244),#2255);
#2244 = B_SPLINE_CURVE_WITH_KNOTS('',5,(#2245,#2246,#2247,#2248,#2249,
    #2250,#2251,#2252,#2253,#2254),.UNSPECIFIED.,.F.,.F.,(6,4,6),(0.,
    0.660480793183,1.),.UNSPECIFIED.);
#2245 = CARTESIAN_POINT('',(1.,-0.6));
#2246 = CARTESIAN_POINT('',(0.868759534857,-0.6));
#2247 = CARTESIAN_POINT('',(0.736956987961,-0.6));
#2248 = CARTESIAN_POINT('',(0.604769477897,-0.6));
#2249 = CARTESIAN_POINT('',(0.472384402857,-0.6));
#2250 = CARTESIAN_POINT('',(0.271947987107,-0.6));
#2251 = CARTESIAN_POINT('',(0.20389569496,-0.6));
#2252 = CARTESIAN_POINT('',(0.135869603207,-0.6));
#2253 = CARTESIAN_POINT('',(6.789580360143E-02,-0.6));
#2254 = CARTESIAN_POINT('',(0.,-0.6));
#2255 = ( GEOMETRIC_REPRESENTATION_CONTEXT(2) 
PARAMETRIC_REPRESENTATION_CONTEXT() REPRESENTATION_CONTEXT('2D SPACE',''
  ) );
#2256 = ORIENTED_EDGE('',*,*,#2257,.F.);
#2257 = EDGE_CURVE('',#2258,#2207,#2260,.T.);
#2258 = VERTEX_POINT('',#2259);
#2259 = CARTESIAN_POINT('',(9.777587890625,12.17236328125,4.));
#2260 = SURFACE_CURVE('',#2261,(#2268,#2278),.PCURVE_S1.);
#2261 = B_SPLINE_CURVE_WITH_KNOTS('',5,(#2262,#2263,#2264,#2265,#2266,
    #2267),.UNSPECIFIED.,.F.,.F.,(6,6),(0.,1.),
  .PIECEWISE_BEZIER_KNOTS.);
#2262 = CARTESIAN_POINT('',(9.777587890625,12.17236328125,4.));
#2263 = CARTESIAN_POINT('',(9.866853791662,12.17236328125,4.));
#2264 = CARTESIAN_POINT('',(9.951255299765,12.180500323243,4.));
#2265 = CARTESIAN_POINT('',(10.030319163554,12.19714182309,4.));
#2266 = CARTESIAN_POINT('',(10.103630009894,12.222513078044,4.));
#2267 = CARTESIAN_POINT('',(10.1708984375,12.256591796875,4.));
#2268 = PCURVE('',#368,#2269);
#2269 = DEFINITIONAL_REPRESENTATION('',(#2270),#2277);
#2270 = B_SPLINE_CURVE_WITH_KNOTS('',5,(#2271,#2272,#2273,#2274,#2275,
    #2276),.UNSPECIFIED.,.F.,.F.,(6,6),(0.,1.),
  .PIECEWISE_BEZIER_KNOTS.);
#2271 = CARTESIAN_POINT('',(9.777587890625,12.17236328125));
#2272 = CARTESIAN_POINT('',(9.866853791662,12.17236328125));
#2273 = CARTESIAN_POINT('',(9.951255299765,12.180500323243));
#2274 = CARTESIAN_POINT('',(10.030319163554,12.19714182309));
#2275 = CARTESIAN_POINT('',(10.103630009894,12.222513078044));
#2276 = CARTESIAN_POINT('',(10.1708984375,12.256591796875));
#2277 = ( GEOMETRIC_REPRESENTATION_CONTEXT(2) 
PARAMETRIC_REPRESENTATION_CONTEXT() REPRESENTATION_CONTEXT('2D SPACE',''
  ) );
#2278 = PCURVE('',#2279,#2286);
#2279 = SURFACE_OF_LINEAR_EXTRUSION('',#2280,#2284);
#2280 = B_SPLINE_CURVE_WITH_KNOTS('',2,(#2281,#2282,#2283),
  .UNSPECIFIED.,.F.,.F.,(3,3),(0.,1.),.PIECEWISE_BEZIER_KNOTS.);
#2281 = CARTESIAN_POINT('',(10.1708984375,12.256591796875,3.4));
#2282 = CARTESIAN_POINT('',(10.004638671875,12.17236328125,3.4));
#2283 = CARTESIAN_POINT('',(9.777587890625,12.17236328125,3.4));
#2284 = VECTOR('',#2285,1.);
#2285 = DIRECTION('',(-0.,-0.,-1.));
#2286 = DEFINITIONAL_REPRESENTATION('',(#2287),#2294);
#2287 = B_SPLINE_CURVE_WITH_KNOTS('',5,(#2288,#2289,#2290,#2291,#2292,
    #2293),.UNSPECIFIED.,.F.,.F.,(6,6),(0.,1.),
  .PIECEWISE_BEZIER_KNOTS.);
#2288 = CARTESIAN_POINT('',(1.,-0.6));
#2289 = CARTESIAN_POINT('',(0.80342304804,-0.6));
#2290 = CARTESIAN_POINT('',(0.604625384321,-0.6));
#2291 = CARTESIAN_POINT('',(0.404065216866,-0.6));
#2292 = CARTESIAN_POINT('',(0.202299177292,-0.6));
#2293 = CARTESIAN_POINT('',(0.,-0.6));
#2294 = ( GEOMETRIC_REPRESENTATION_CONTEXT(2) 
PARAMETRIC_REPRESENTATION_CONTEXT() REPRESENTATION_CONTEXT('2D SPACE',''
  ) );
#2295 = ORIENTED_EDGE('',*,*,#2296,.F.);
#2296 = EDGE_CURVE('',#2297,#2258,#2299,.T.);
#2297 = VERTEX_POINT('',#2298);
#2298 = CARTESIAN_POINT('',(9.311767578125,12.29833984375,4.));
#2299 = SURFACE_CURVE('',#2300,(#2308,#2319),.PCURVE_S1.);
#2300 = B_SPLINE_CURVE_WITH_KNOTS('',6,(#2301,#2302,#2303,#2304,#2305,
    #2306,#2307),.UNSPECIFIED.,.F.,.F.,(7,7),(0.,1.),
  .PIECEWISE_BEZIER_KNOTS.);
#2301 = CARTESIAN_POINT('',(9.311767578125,12.29833984375,4.));
#2302 = CARTESIAN_POINT('',(9.372144979767,12.255426979773,4.));
#2303 = CARTESIAN_POINT('',(9.440121605335,12.2213926067,4.));
#2304 = CARTESIAN_POINT('',(9.515301440447,12.196384065855,4.));
#2305 = CARTESIAN_POINT('',(9.597079975831,12.180186094241,4.));
#2306 = CARTESIAN_POINT('',(9.684751597659,12.17236328125,4.));
#2307 = CARTESIAN_POINT('',(9.777587890625,12.17236328125,4.));
#2308 = PCURVE('',#368,#2309);
#2309 = DEFINITIONAL_REPRESENTATION('',(#2310),#2318);
#2310 = B_SPLINE_CURVE_WITH_KNOTS('',6,(#2311,#2312,#2313,#2314,#2315,
    #2316,#2317),.UNSPECIFIED.,.F.,.F.,(7,7),(0.,1.),
  .PIECEWISE_BEZIER_KNOTS.);
#2311 = CARTESIAN_POINT('',(9.311767578125,12.29833984375));
#2312 = CARTESIAN_POINT('',(9.372144979767,12.255426979773));
#2313 = CARTESIAN_POINT('',(9.440121605335,12.2213926067));
#2314 = CARTESIAN_POINT('',(9.515301440447,12.196384065855));
#2315 = CARTESIAN_POINT('',(9.597079975831,12.180186094241));
#2316 = CARTESIAN_POINT('',(9.684751597659,12.17236328125));
#2317 = CARTESIAN_POINT('',(9.777587890625,12.17236328125));
#2318 = ( GEOMETRIC_REPRESENTATION_CONTEXT(2) 
PARAMETRIC_REPRESENTATION_CONTEXT() REPRESENTATION_CONTEXT('2D SPACE',''
  ) );
#2319 = PCURVE('',#2320,#2327);
#2320 = SURFACE_OF_LINEAR_EXTRUSION('',#2321,#2325);
#2321 = B_SPLINE_CURVE_WITH_KNOTS('',2,(#2322,#2323,#2324),
  .UNSPECIFIED.,.F.,.F.,(3,3),(0.,1.),.PIECEWISE_BEZIER_KNOTS.);
#2322 = CARTESIAN_POINT('',(9.777587890625,12.17236328125,3.4));
#2323 = CARTESIAN_POINT('',(9.489013671875,12.17236328125,3.4));
#2324 = CARTESIAN_POINT('',(9.311767578125,12.29833984375,3.4));
#2325 = VECTOR('',#2326,1.);
#2326 = DIRECTION('',(-0.,-0.,-1.));
#2327 = DEFINITIONAL_REPRESENTATION('',(#2328),#2336);
#2328 = B_SPLINE_CURVE_WITH_KNOTS('',6,(#2329,#2330,#2331,#2332,#2333,
    #2334,#2335),.UNSPECIFIED.,.F.,.F.,(7,7),(0.,1.),
  .PIECEWISE_BEZIER_KNOTS.);
#2329 = CARTESIAN_POINT('',(1.,-0.6));
#2330 = CARTESIAN_POINT('',(0.829679175534,-0.6));
#2331 = CARTESIAN_POINT('',(0.659786116783,-0.6));
#2332 = CARTESIAN_POINT('',(0.491232587448,-0.6));
#2333 = CARTESIAN_POINT('',(0.32473638702,-0.6));
#2334 = CARTESIAN_POINT('',(0.160853407778,-0.6));
#2335 = CARTESIAN_POINT('',(0.,-0.6));
#2336 = ( GEOMETRIC_REPRESENTATION_CONTEXT(2) 
PARAMETRIC_REPRESENTATION_CONTEXT() REPRESENTATION_CONTEXT('2D SPACE',''
  ) );
#2337 = ORIENTED_EDGE('',*,*,#2338,.F.);
#2338 = EDGE_CURVE('',#2339,#2297,#2341,.T.);
#2339 = VERTEX_POINT('',#2340);
#2340 = CARTESIAN_POINT('',(9.087646484375,12.6630859375,4.));
#2341 = SURFACE_CURVE('',#2342,(#2353,#2367),.PCURVE_S1.);
#2342 = B_SPLINE_CURVE_WITH_KNOTS('',5,(#2343,#2344,#2345,#2346,#2347,
    #2348,#2349,#2350,#2351,#2352),.UNSPECIFIED.,.F.,.F.,(6,4,6),(0.,
    0.701394589487,1.),.UNSPECIFIED.);
#2343 = CARTESIAN_POINT('',(9.087646484375,12.6630859375,4.));
#2344 = CARTESIAN_POINT('',(9.100562884939,12.597293022127,4.));
#2345 = CARTESIAN_POINT('',(9.119817058503,12.536083280718,4.));
#2346 = CARTESIAN_POINT('',(9.145655445292,12.479926210039,4.));
#2347 = CARTESIAN_POINT('',(9.178159064053,12.429191394015,4.));
#2348 = CARTESIAN_POINT('',(9.233754383498,12.364870616162,4.));
#2349 = CARTESIAN_POINT('',(9.251532465607,12.346682153314,4.));
#2350 = CARTESIAN_POINT('',(9.270474738854,12.329526441812,4.));
#2351 = CARTESIAN_POINT('',(9.290561781554,12.313411732222,4.));
#2352 = CARTESIAN_POINT('',(9.311767578125,12.29833984375,4.));
#2353 = PCURVE('',#368,#2354);
#2354 = DEFINITIONAL_REPRESENTATION('',(#2355),#2366);
#2355 = B_SPLINE_CURVE_WITH_KNOTS('',5,(#2356,#2357,#2358,#2359,#2360,
    #2361,#2362,#2363,#2364,#2365),.UNSPECIFIED.,.F.,.F.,(6,4,6),(0.,
    0.701394589487,1.),.UNSPECIFIED.);
#2356 = CARTESIAN_POINT('',(9.087646484375,12.6630859375));
#2357 = CARTESIAN_POINT('',(9.100562884939,12.597293022127));
#2358 = CARTESIAN_POINT('',(9.119817058503,12.536083280718));
#2359 = CARTESIAN_POINT('',(9.145655445292,12.479926210039));
#2360 = CARTESIAN_POINT('',(9.178159064053,12.429191394015));
#2361 = CARTESIAN_POINT('',(9.233754383498,12.364870616162));
#2362 = CARTESIAN_POINT('',(9.251532465607,12.346682153314));
#2363 = CARTESIAN_POINT('',(9.270474738854,12.329526441812));
#2364 = CARTESIAN_POINT('',(9.290561781554,12.313411732222));
#2365 = CARTESIAN_POINT('',(9.311767578125,12.29833984375));
#2366 = ( GEOMETRIC_REPRESENTATION_CONTEXT(2) 
PARAMETRIC_REPRESENTATION_CONTEXT() REPRESENTATION_CONTEXT('2D SPACE',''
  ) );
#2367 = PCURVE('',#2368,#2375);
#2368 = SURFACE_OF_LINEAR_EXTRUSION('',#2369,#2373);
#2369 = B_SPLINE_CURVE_WITH_KNOTS('',2,(#2370,#2371,#2372),
  .UNSPECIFIED.,.F.,.F.,(3,3),(0.,1.),.PIECEWISE_BEZIER_KNOTS.);
#2370 = CARTESIAN_POINT('',(9.311767578125,12.29833984375,3.4));
#2371 = CARTESIAN_POINT('',(9.134521484375,12.42431640625,3.4));
#2372 = CARTESIAN_POINT('',(9.087646484375,12.6630859375,3.4));
#2373 = VECTOR('',#2374,1.);
#2374 = DIRECTION('',(-0.,-0.,-1.));
#2375 = DEFINITIONAL_REPRESENTATION('',(#2376),#2387);
#2376 = B_SPLINE_CURVE_WITH_KNOTS('',5,(#2377,#2378,#2379,#2380,#2381,
    #2382,#2383,#2384,#2385,#2386),.UNSPECIFIED.,.F.,.F.,(6,4,6),(0.,
    0.701394589487,1.),.UNSPECIFIED.);
#2377 = CARTESIAN_POINT('',(1.,-0.6));
#2378 = CARTESIAN_POINT('',(0.86222506065,-0.6));
#2379 = CARTESIAN_POINT('',(0.722838969274,-0.6));
#2380 = CARTESIAN_POINT('',(0.582300483721,-0.6));
#2381 = CARTESIAN_POINT('',(0.441145699576,-0.6));
#2382 = CARTESIAN_POINT('',(0.239909902078,-0.6));
#2383 = CARTESIAN_POINT('',(0.179819356082,-0.6));
#2384 = CARTESIAN_POINT('',(0.119774509297,-0.6));
#2385 = CARTESIAN_POINT('',(5.982020850844E-02,-0.6));
#2386 = CARTESIAN_POINT('',(0.,-0.6));
#2387 = ( GEOMETRIC_REPRESENTATION_CONTEXT(2) 
PARAMETRIC_REPRESENTATION_CONTEXT() REPRESENTATION_CONTEXT('2D SPACE',''
  ) );
#2388 = ORIENTED_EDGE('',*,*,#2389,.F.);
#2389 = EDGE_CURVE('',#2390,#2339,#2392,.T.);
#2390 = VERTEX_POINT('',#2391);
#2391 = CARTESIAN_POINT('',(9.354248046875,12.69384765625,4.));
#2392 = SURFACE_CURVE('',#2393,(#2397,#2403),.PCURVE_S1.);
#2393 = LINE('',#2394,#2395);
#2394 = CARTESIAN_POINT('',(3.882559092724,12.062498930771,4.));
#2395 = VECTOR('',#2396,1.);
#2396 = DIRECTION('',(-0.993408935871,-0.114624107985,0.));
#2397 = PCURVE('',#368,#2398);
#2398 = DEFINITIONAL_REPRESENTATION('',(#2399),#2402);
#2399 = B_SPLINE_CURVE_WITH_KNOTS('',1,(#2400,#2401),.UNSPECIFIED.,.F.,
  .F.,(2,2),(-5.507992485847,-5.23962207677),.PIECEWISE_BEZIER_KNOTS.);
#2400 = CARTESIAN_POINT('',(9.354248046875,12.69384765625));
#2401 = CARTESIAN_POINT('',(9.087646484375,12.6630859375));
#2402 = ( GEOMETRIC_REPRESENTATION_CONTEXT(2) 
PARAMETRIC_REPRESENTATION_CONTEXT() REPRESENTATION_CONTEXT('2D SPACE',''
  ) );
#2403 = PCURVE('',#2404,#2409);
#2404 = PLANE('',#2405);
#2405 = AXIS2_PLACEMENT_3D('',#2406,#2407,#2408);
#2406 = CARTESIAN_POINT('',(9.087646484375,12.6630859375,3.4));
#2407 = DIRECTION('',(-0.114624107985,0.993408935871,0.));
#2408 = DIRECTION('',(0.993408935871,0.114624107985,0.));
#2409 = DEFINITIONAL_REPRESENTATION('',(#2410),#2413);
#2410 = B_SPLINE_CURVE_WITH_KNOTS('',1,(#2411,#2412),.UNSPECIFIED.,.F.,
  .F.,(2,2),(-5.507992485847,-5.23962207677),.PIECEWISE_BEZIER_KNOTS.);
#2411 = CARTESIAN_POINT('',(0.268370409077,-0.6));
#2412 = CARTESIAN_POINT('',(0.,-0.6));
#2413 = ( GEOMETRIC_REPRESENTATION_CONTEXT(2) 
PARAMETRIC_REPRESENTATION_CONTEXT() REPRESENTATION_CONTEXT('2D SPACE',''
  ) );
#2414 = ORIENTED_EDGE('',*,*,#2415,.F.);
#2415 = EDGE_CURVE('',#2416,#2390,#2418,.T.);
#2416 = VERTEX_POINT('',#2417);
#2417 = CARTESIAN_POINT('',(9.783447265625,12.3876953125,4.));
#2418 = SURFACE_CURVE('',#2419,(#2434,#2452),.PCURVE_S1.);
#2419 = B_SPLINE_CURVE_WITH_KNOTS('',5,(#2420,#2421,#2422,#2423,#2424,
    #2425,#2426,#2427,#2428,#2429,#2430,#2431,#2432,#2433),
  .UNSPECIFIED.,.F.,.F.,(6,4,4,6),(0.,0.189917459786,0.560291899621,1.),
  .UNSPECIFIED.);
#2420 = CARTESIAN_POINT('',(9.783447265625,12.3876953125,4.));
#2421 = CARTESIAN_POINT('',(9.758521502137,12.3876953125,4.));
#2422 = CARTESIAN_POINT('',(9.734171840402,12.388689754735,4.));
#2423 = CARTESIAN_POINT('',(9.71045033638,12.390723802567,4.));
#2424 = CARTESIAN_POINT('',(9.687410200342,12.393836426915,4.));
#2425 = CARTESIAN_POINT('',(9.621608053438,12.40629795314,4.));
#2426 = CARTESIAN_POINT('',(9.580899696455,12.418762626656,4.));
#2427 = CARTESIAN_POINT('',(9.543399939172,12.43568744393,4.));
#2428 = CARTESIAN_POINT('',(9.509462823325,12.457164129975,4.));
#2429 = CARTESIAN_POINT('',(9.443456629182,12.51371634477,4.));
#2430 = CARTESIAN_POINT('',(9.412911510738,12.550598039957,4.));
#2431 = CARTESIAN_POINT('',(9.387992185159,12.593380028799,4.));
#2432 = CARTESIAN_POINT('',(9.368554870314,12.64138930364,4.));
#2433 = CARTESIAN_POINT('',(9.354248046875,12.69384765625,4.));
#2434 = PCURVE('',#368,#2435);
#2435 = DEFINITIONAL_REPRESENTATION('',(#2436),#2451);
#2436 = B_SPLINE_CURVE_WITH_KNOTS('',5,(#2437,#2438,#2439,#2440,#2441,
    #2442,#2443,#2444,#2445,#2446,#2447,#2448,#2449,#2450),
  .UNSPECIFIED.,.F.,.F.,(6,4,4,6),(0.,0.189917459786,0.560291899621,1.),
  .UNSPECIFIED.);
#2437 = CARTESIAN_POINT('',(9.783447265625,12.3876953125));
#2438 = CARTESIAN_POINT('',(9.758521502137,12.3876953125));
#2439 = CARTESIAN_POINT('',(9.734171840402,12.388689754735));
#2440 = CARTESIAN_POINT('',(9.71045033638,12.390723802567));
#2441 = CARTESIAN_POINT('',(9.687410200342,12.393836426915));
#2442 = CARTESIAN_POINT('',(9.621608053438,12.40629795314));
#2443 = CARTESIAN_POINT('',(9.580899696455,12.418762626656));
#2444 = CARTESIAN_POINT('',(9.543399939172,12.43568744393));
#2445 = CARTESIAN_POINT('',(9.509462823325,12.457164129975));
#2446 = CARTESIAN_POINT('',(9.443456629182,12.51371634477));
#2447 = CARTESIAN_POINT('',(9.412911510738,12.550598039957));
#2448 = CARTESIAN_POINT('',(9.387992185159,12.593380028799));
#2449 = CARTESIAN_POINT('',(9.368554870314,12.64138930364));
#2450 = CARTESIAN_POINT('',(9.354248046875,12.69384765625));
#2451 = ( GEOMETRIC_REPRESENTATION_CONTEXT(2) 
PARAMETRIC_REPRESENTATION_CONTEXT() REPRESENTATION_CONTEXT('2D SPACE',''
  ) );
#2452 = PCURVE('',#2453,#2460);
#2453 = SURFACE_OF_LINEAR_EXTRUSION('',#2454,#2458);
#2454 = B_SPLINE_CURVE_WITH_KNOTS('',2,(#2455,#2456,#2457),
  .UNSPECIFIED.,.F.,.F.,(3,3),(0.,1.),.PIECEWISE_BEZIER_KNOTS.);
#2455 = CARTESIAN_POINT('',(9.354248046875,12.69384765625,3.4));
#2456 = CARTESIAN_POINT('',(9.437744140625,12.3876953125,3.4));
#2457 = CARTESIAN_POINT('',(9.783447265625,12.3876953125,3.4));
#2458 = VECTOR('',#2459,1.);
#2459 = DIRECTION('',(-0.,-0.,-1.));
#2460 = DEFINITIONAL_REPRESENTATION('',(#2461),#2476);
#2461 = B_SPLINE_CURVE_WITH_KNOTS('',5,(#2462,#2463,#2464,#2465,#2466,
    #2467,#2468,#2469,#2470,#2471,#2472,#2473,#2474,#2475),
  .UNSPECIFIED.,.F.,.F.,(6,4,4,6),(0.,0.189917459786,0.560291899621,1.),
  .UNSPECIFIED.);
#2462 = CARTESIAN_POINT('',(1.,-0.6));
#2463 = CARTESIAN_POINT('',(0.963949178233,-0.6));
#2464 = CARTESIAN_POINT('',(0.927499752059,-0.6));
#2465 = CARTESIAN_POINT('',(0.890671066657,-0.6));
#2466 = CARTESIAN_POINT('',(0.853491807427,-0.6));
#2467 = CARTESIAN_POINT('',(0.742883988497,-0.6));
#2468 = CARTESIAN_POINT('',(0.668566114002,-0.6));
#2469 = CARTESIAN_POINT('',(0.59336405306,-0.6));
#2470 = CARTESIAN_POINT('',(0.517676244348,-0.6));
#2471 = CARTESIAN_POINT('',(0.352157251508,-0.6));
#2472 = CARTESIAN_POINT('',(0.262292876694,-0.6));
#2473 = CARTESIAN_POINT('',(0.173256425135,-0.6));
#2474 = CARTESIAN_POINT('',(8.567360936554E-02,-0.6));
#2475 = CARTESIAN_POINT('',(0.,-0.6));
#2476 = ( GEOMETRIC_REPRESENTATION_CONTEXT(2) 
PARAMETRIC_REPRESENTATION_CONTEXT() REPRESENTATION_CONTEXT('2D SPACE',''
  ) );
#2477 = ORIENTED_EDGE('',*,*,#2478,.F.);
#2478 = EDGE_CURVE('',#2479,#2416,#2481,.T.);
#2479 = VERTEX_POINT('',#2480);
#2480 = CARTESIAN_POINT('',(10.113037109375,12.5107421875,4.));
#2481 = SURFACE_CURVE('',#2482,(#2493,#2507),.PCURVE_S1.);
#2482 = B_SPLINE_CURVE_WITH_KNOTS('',5,(#2483,#2484,#2485,#2486,#2487,
    #2488,#2489,#2490,#2491,#2492),.UNSPECIFIED.,.F.,.F.,(6,4,6),(0.,
    0.217758709293,1.),.UNSPECIFIED.);
#2483 = CARTESIAN_POINT('',(10.113037109375,12.5107421875,4.));
#2484 = CARTESIAN_POINT('',(10.102271911256,12.499976989381,4.));
#2485 = CARTESIAN_POINT('',(10.091097050127,12.489790206431,4.));
#2486 = CARTESIAN_POINT('',(10.079514352696,12.480187438565,4.));
#2487 = CARTESIAN_POINT('',(10.067526698913,12.471172837633,4.));
#2488 = CARTESIAN_POINT('',(10.010634935638,12.432489056678,4.));
#2489 = CARTESIAN_POINT('',(9.960953549688,12.409851293566,4.));
#2490 = CARTESIAN_POINT('',(9.90628457331,12.394969886701,4.));
#2491 = CARTESIAN_POINT('',(9.846971478908,12.3876953125,4.));
#2492 = CARTESIAN_POINT('',(9.783447265625,12.3876953125,4.));
#2493 = PCURVE('',#368,#2494);
#2494 = DEFINITIONAL_REPRESENTATION('',(#2495),#2506);
#2495 = B_SPLINE_CURVE_WITH_KNOTS('',5,(#2496,#2497,#2498,#2499,#2500,
    #2501,#2502,#2503,#2504,#2505),.UNSPECIFIED.,.F.,.F.,(6,4,6),(0.,
    0.217758709293,1.),.UNSPECIFIED.);
#2496 = CARTESIAN_POINT('',(10.113037109375,12.5107421875));
#2497 = CARTESIAN_POINT('',(10.102271911256,12.499976989381));
#2498 = CARTESIAN_POINT('',(10.091097050127,12.489790206431));
#2499 = CARTESIAN_POINT('',(10.079514352696,12.480187438565));
#2500 = CARTESIAN_POINT('',(10.067526698913,12.471172837633));
#2501 = CARTESIAN_POINT('',(10.010634935638,12.432489056678));
#2502 = CARTESIAN_POINT('',(9.960953549688,12.409851293566));
#2503 = CARTESIAN_POINT('',(9.90628457331,12.394969886701));
#2504 = CARTESIAN_POINT('',(9.846971478908,12.3876953125));
#2505 = CARTESIAN_POINT('',(9.783447265625,12.3876953125));
#2506 = ( GEOMETRIC_REPRESENTATION_CONTEXT(2) 
PARAMETRIC_REPRESENTATION_CONTEXT() REPRESENTATION_CONTEXT('2D SPACE',''
  ) );
#2507 = PCURVE('',#2508,#2515);
#2508 = SURFACE_OF_LINEAR_EXTRUSION('',#2509,#2513);
#2509 = B_SPLINE_CURVE_WITH_KNOTS('',2,(#2510,#2511,#2512),
  .UNSPECIFIED.,.F.,.F.,(3,3),(0.,1.),.PIECEWISE_BEZIER_KNOTS.);
#2510 = CARTESIAN_POINT('',(9.783447265625,12.3876953125,3.4));
#2511 = CARTESIAN_POINT('',(9.989990234375,12.3876953125,3.4));
#2512 = CARTESIAN_POINT('',(10.113037109375,12.5107421875,3.4));
#2513 = VECTOR('',#2514,1.);
#2514 = DIRECTION('',(-0.,-0.,-1.));
#2515 = DEFINITIONAL_REPRESENTATION('',(#2516),#2527);
#2516 = B_SPLINE_CURVE_WITH_KNOTS('',5,(#2517,#2518,#2519,#2520,#2521,
    #2522,#2523,#2524,#2525,#2526),.UNSPECIFIED.,.F.,.F.,(6,4,6),(0.,
    0.217758709293,1.),.UNSPECIFIED.);
#2517 = CARTESIAN_POINT('',(1.,-0.6));
#2518 = CARTESIAN_POINT('',(0.956255702883,-0.6));
#2519 = CARTESIAN_POINT('',(0.91246984782,-0.6));
#2520 = CARTESIAN_POINT('',(0.868656055827,-0.6));
#2521 = CARTESIAN_POINT('',(0.824828118897,-0.6));
#2522 = CARTESIAN_POINT('',(0.62355892953,-0.6));
#2523 = CARTESIAN_POINT('',(0.46610325433,-0.6));
#2524 = CARTESIAN_POINT('',(0.309314876865,-0.6));
#2525 = CARTESIAN_POINT('',(0.153779655796,-0.6));
#2526 = CARTESIAN_POINT('',(0.,-0.6));
#2527 = ( GEOMETRIC_REPRESENTATION_CONTEXT(2) 
PARAMETRIC_REPRESENTATION_CONTEXT() REPRESENTATION_CONTEXT('2D SPACE',''
  ) );
#2528 = ORIENTED_EDGE('',*,*,#2529,.F.);
#2529 = EDGE_CURVE('',#2530,#2479,#2532,.T.);
#2530 = VERTEX_POINT('',#2531);
#2531 = CARTESIAN_POINT('',(10.236083984375,12.84619140625,4.));
#2532 = SURFACE_CURVE('',#2533,(#2544,#2558),.PCURVE_S1.);
#2533 = B_SPLINE_CURVE_WITH_KNOTS('',5,(#2534,#2535,#2536,#2537,#2538,
    #2539,#2540,#2541,#2542,#2543),.UNSPECIFIED.,.F.,.F.,(6,4,6),(0.,
    0.823267950718,1.),.UNSPECIFIED.);
#2534 = CARTESIAN_POINT('',(10.236083984375,12.84619140625,4.));
#2535 = CARTESIAN_POINT('',(10.236083984375,12.777598495403,4.));
#2536 = CARTESIAN_POINT('',(10.228063687467,12.713931404001,4.));
#2537 = CARTESIAN_POINT('',(10.211602911841,12.655746015173,4.));
#2538 = CARTESIAN_POINT('',(10.186504723659,12.603484793565,4.));
#2539 = CARTESIAN_POINT('',(10.145738477454,12.547480208602,4.));
#2540 = CARTESIAN_POINT('',(10.138143596635,12.53786581421,4.));
#2541 = CARTESIAN_POINT('',(10.130160128143,12.528536994792,4.));
#2542 = CARTESIAN_POINT('',(10.121790326409,12.519495404534,4.));
#2543 = CARTESIAN_POINT('',(10.113037109375,12.5107421875,4.));
#2544 = PCURVE('',#368,#2545);
#2545 = DEFINITIONAL_REPRESENTATION('',(#2546),#2557);
#2546 = B_SPLINE_CURVE_WITH_KNOTS('',5,(#2547,#2548,#2549,#2550,#2551,
    #2552,#2553,#2554,#2555,#2556),.UNSPECIFIED.,.F.,.F.,(6,4,6),(0.,
    0.823267950718,1.),.UNSPECIFIED.);
#2547 = CARTESIAN_POINT('',(10.236083984375,12.84619140625));
#2548 = CARTESIAN_POINT('',(10.236083984375,12.777598495403));
#2549 = CARTESIAN_POINT('',(10.228063687467,12.713931404001));
#2550 = CARTESIAN_POINT('',(10.211602911841,12.655746015173));
#2551 = CARTESIAN_POINT('',(10.186504723659,12.603484793565));
#2552 = CARTESIAN_POINT('',(10.145738477454,12.547480208602));
#2553 = CARTESIAN_POINT('',(10.138143596635,12.53786581421));
#2554 = CARTESIAN_POINT('',(10.130160128143,12.528536994792));
#2555 = CARTESIAN_POINT('',(10.121790326409,12.519495404534));
#2556 = CARTESIAN_POINT('',(10.113037109375,12.5107421875));
#2557 = ( GEOMETRIC_REPRESENTATION_CONTEXT(2) 
PARAMETRIC_REPRESENTATION_CONTEXT() REPRESENTATION_CONTEXT('2D SPACE',''
  ) );
#2558 = PCURVE('',#2559,#2566);
#2559 = SURFACE_OF_LINEAR_EXTRUSION('',#2560,#2564);
#2560 = B_SPLINE_CURVE_WITH_KNOTS('',2,(#2561,#2562,#2563),
  .UNSPECIFIED.,.F.,.F.,(3,3),(0.,1.),.PIECEWISE_BEZIER_KNOTS.);
#2561 = CARTESIAN_POINT('',(10.113037109375,12.5107421875,3.4));
#2562 = CARTESIAN_POINT('',(10.236083984375,12.6337890625,3.4));
#2563 = CARTESIAN_POINT('',(10.236083984375,12.84619140625,3.4));
#2564 = VECTOR('',#2565,1.);
#2565 = DIRECTION('',(-0.,-0.,-1.));
#2566 = DEFINITIONAL_REPRESENTATION('',(#2567),#2578);
#2567 = B_SPLINE_CURVE_WITH_KNOTS('',5,(#2568,#2569,#2570,#2571,#2572,
    #2573,#2574,#2575,#2576,#2577),.UNSPECIFIED.,.F.,.F.,(6,4,6),(0.,
    0.823267950718,1.),.UNSPECIFIED.);
#2568 = CARTESIAN_POINT('',(1.,-0.6));
#2569 = CARTESIAN_POINT('',(0.838530711017,-0.6));
#2570 = CARTESIAN_POINT('',(0.67494646471,-0.6));
#2571 = CARTESIAN_POINT('',(0.509837534931,-0.6));
#2572 = CARTESIAN_POINT('',(0.343908841322,-0.6));
#2573 = CARTESIAN_POINT('',(0.142384123668,-0.6));
#2574 = CARTESIAN_POINT('',(0.106768404358,-0.6));
#2575 = CARTESIAN_POINT('',(7.116065649677E-02,-0.6));
#2576 = CARTESIAN_POINT('',(3.556862794621E-02,-0.6));
#2577 = CARTESIAN_POINT('',(0.,-0.6));
#2578 = ( GEOMETRIC_REPRESENTATION_CONTEXT(2) 
PARAMETRIC_REPRESENTATION_CONTEXT() REPRESENTATION_CONTEXT('2D SPACE',''
  ) );
#2579 = ORIENTED_EDGE('',*,*,#2580,.F.);
#2580 = EDGE_CURVE('',#2581,#2530,#2583,.T.);
#2581 = VERTEX_POINT('',#2582);
#2582 = CARTESIAN_POINT('',(10.114501953125,13.1435546875,4.));
#2583 = SURFACE_CURVE('',#2584,(#2595,#2609),.PCURVE_S1.);
#2584 = B_SPLINE_CURVE_WITH_KNOTS('',5,(#2585,#2586,#2587,#2588,#2589,
    #2590,#2591,#2592,#2593,#2594),.UNSPECIFIED.,.F.,.F.,(6,4,6),(0.,
    0.374321198887,1.),.UNSPECIFIED.);
#2585 = CARTESIAN_POINT('',(10.114501953125,13.1435546875,4.));
#2586 = CARTESIAN_POINT('',(10.13268057725,13.126252141646,4.));
#2587 = CARTESIAN_POINT('',(10.149204248729,13.107986956769,4.));
#2588 = CARTESIAN_POINT('',(10.164042215768,13.088763661678,4.));
#2589 = CARTESIAN_POINT('',(10.177174321388,13.068593210155,4.));
#2590 = CARTESIAN_POINT('',(10.207674015405,13.012223896152,4.));
#2591 = CARTESIAN_POINT('',(10.221965033725,12.974356026956,4.));
#2592 = CARTESIAN_POINT('',(10.231418626488,12.933972435592,4.));
#2593 = CARTESIAN_POINT('',(10.236083984375,12.891198528724,4.));
#2594 = CARTESIAN_POINT('',(10.236083984375,12.84619140625,4.));
#2595 = PCURVE('',#368,#2596);
#2596 = DEFINITIONAL_REPRESENTATION('',(#2597),#2608);
#2597 = B_SPLINE_CURVE_WITH_KNOTS('',5,(#2598,#2599,#2600,#2601,#2602,
    #2603,#2604,#2605,#2606,#2607),.UNSPECIFIED.,.F.,.F.,(6,4,6),(0.,
    0.374321198887,1.),.UNSPECIFIED.);
#2598 = CARTESIAN_POINT('',(10.114501953125,13.1435546875));
#2599 = CARTESIAN_POINT('',(10.13268057725,13.126252141646));
#2600 = CARTESIAN_POINT('',(10.149204248729,13.107986956769));
#2601 = CARTESIAN_POINT('',(10.164042215768,13.088763661678));
#2602 = CARTESIAN_POINT('',(10.177174321388,13.068593210155));
#2603 = CARTESIAN_POINT('',(10.207674015405,13.012223896152));
#2604 = CARTESIAN_POINT('',(10.221965033725,12.974356026956));
#2605 = CARTESIAN_POINT('',(10.231418626488,12.933972435592));
#2606 = CARTESIAN_POINT('',(10.236083984375,12.891198528724));
#2607 = CARTESIAN_POINT('',(10.236083984375,12.84619140625));
#2608 = ( GEOMETRIC_REPRESENTATION_CONTEXT(2) 
PARAMETRIC_REPRESENTATION_CONTEXT() REPRESENTATION_CONTEXT('2D SPACE',''
  ) );
#2609 = PCURVE('',#2610,#2617);
#2610 = SURFACE_OF_LINEAR_EXTRUSION('',#2611,#2615);
#2611 = B_SPLINE_CURVE_WITH_KNOTS('',2,(#2612,#2613,#2614),
  .UNSPECIFIED.,.F.,.F.,(3,3),(0.,1.),.PIECEWISE_BEZIER_KNOTS.);
#2612 = CARTESIAN_POINT('',(10.236083984375,12.84619140625,3.4));
#2613 = CARTESIAN_POINT('',(10.236083984375,13.02783203125,3.4));
#2614 = CARTESIAN_POINT('',(10.114501953125,13.1435546875,3.4));
#2615 = VECTOR('',#2616,1.);
#2616 = DIRECTION('',(-0.,-0.,-1.));
#2617 = DEFINITIONAL_REPRESENTATION('',(#2618),#2629);
#2618 = B_SPLINE_CURVE_WITH_KNOTS('',5,(#2619,#2620,#2621,#2622,#2623,
    #2624,#2625,#2626,#2627,#2628),.UNSPECIFIED.,.F.,.F.,(6,4,6),(0.,
    0.374321198887,1.),.UNSPECIFIED.);
#2619 = CARTESIAN_POINT('',(1.,-0.6));
#2620 = CARTESIAN_POINT('',(0.925241320866,-0.6));
#2621 = CARTESIAN_POINT('',(0.850302683258,-0.6));
#2622 = CARTESIAN_POINT('',(0.775242448203,-0.6));
#2623 = CARTESIAN_POINT('',(0.700120850756,-0.6));
#2624 = CARTESIAN_POINT('',(0.499435313898,-0.6));
#2625 = CARTESIAN_POINT('',(0.373868658149,-0.6));
#2626 = CARTESIAN_POINT('',(0.248596480674,-0.6));
#2627 = CARTESIAN_POINT('',(0.123890573693,-0.6));
#2628 = CARTESIAN_POINT('',(0.,-0.6));
#2629 = ( GEOMETRIC_REPRESENTATION_CONTEXT(2) 
PARAMETRIC_REPRESENTATION_CONTEXT() REPRESENTATION_CONTEXT('2D SPACE',''
  ) );
#2630 = ORIENTED_EDGE('',*,*,#2631,.F.);
#2631 = EDGE_CURVE('',#2632,#2581,#2634,.T.);
#2632 = VERTEX_POINT('',#2633);
#2633 = CARTESIAN_POINT('',(9.789306640625,13.25927734375,4.));
#2634 = SURFACE_CURVE('',#2635,(#2646,#2660),.PCURVE_S1.);
#2635 = B_SPLINE_CURVE_WITH_KNOTS('',5,(#2636,#2637,#2638,#2639,#2640,
    #2641,#2642,#2643,#2644,#2645),.UNSPECIFIED.,.F.,.F.,(6,4,6),(0.,
    0.832100227086,1.),.UNSPECIFIED.);
#2636 = CARTESIAN_POINT('',(9.789306640625,13.25927734375,4.));
#2637 = CARTESIAN_POINT('',(9.855901902758,13.25927734375,4.));
#2638 = CARTESIAN_POINT('',(9.917799189527,13.251540350333,4.));
#2639 = CARTESIAN_POINT('',(9.974515715571,13.235700819348,4.));
#2640 = CARTESIAN_POINT('',(10.025671391902,13.211592562012,4.));
#2641 = CARTESIAN_POINT('',(10.080223642522,13.172860723664,4.));
#2642 = CARTESIAN_POINT('',(10.089148475836,13.166026925793,4.));
#2643 = CARTESIAN_POINT('',(10.097837249809,13.158863527873,4.));
#2644 = CARTESIAN_POINT('',(10.106288714686,13.151372107219,4.));
#2645 = CARTESIAN_POINT('',(10.114501953125,13.1435546875,4.));
#2646 = PCURVE('',#368,#2647);
#2647 = DEFINITIONAL_REPRESENTATION('',(#2648),#2659);
#2648 = B_SPLINE_CURVE_WITH_KNOTS('',5,(#2649,#2650,#2651,#2652,#2653,
    #2654,#2655,#2656,#2657,#2658),.UNSPECIFIED.,.F.,.F.,(6,4,6),(0.,
    0.832100227086,1.),.UNSPECIFIED.);
#2649 = CARTESIAN_POINT('',(9.789306640625,13.25927734375));
#2650 = CARTESIAN_POINT('',(9.855901902758,13.25927734375));
#2651 = CARTESIAN_POINT('',(9.917799189527,13.251540350333));
#2652 = CARTESIAN_POINT('',(9.974515715571,13.235700819348));
#2653 = CARTESIAN_POINT('',(10.025671391902,13.211592562012));
#2654 = CARTESIAN_POINT('',(10.080223642522,13.172860723664));
#2655 = CARTESIAN_POINT('',(10.089148475836,13.166026925793));
#2656 = CARTESIAN_POINT('',(10.097837249809,13.158863527873));
#2657 = CARTESIAN_POINT('',(10.106288714686,13.151372107219));
#2658 = CARTESIAN_POINT('',(10.114501953125,13.1435546875));
#2659 = ( GEOMETRIC_REPRESENTATION_CONTEXT(2) 
PARAMETRIC_REPRESENTATION_CONTEXT() REPRESENTATION_CONTEXT('2D SPACE',''
  ) );
#2660 = PCURVE('',#2661,#2668);
#2661 = SURFACE_OF_LINEAR_EXTRUSION('',#2662,#2666);
#2662 = B_SPLINE_CURVE_WITH_KNOTS('',2,(#2663,#2664,#2665),
  .UNSPECIFIED.,.F.,.F.,(3,3),(0.,1.),.PIECEWISE_BEZIER_KNOTS.);
#2663 = CARTESIAN_POINT('',(10.114501953125,13.1435546875,3.4));
#2664 = CARTESIAN_POINT('',(9.992919921875,13.25927734375,3.4));
#2665 = CARTESIAN_POINT('',(9.789306640625,13.25927734375,3.4));
#2666 = VECTOR('',#2667,1.);
#2667 = DIRECTION('',(-0.,-0.,-1.));
#2668 = DEFINITIONAL_REPRESENTATION('',(#2669),#2680);
#2669 = B_SPLINE_CURVE_WITH_KNOTS('',5,(#2670,#2671,#2672,#2673,#2674,
    #2675,#2676,#2677,#2678,#2679),.UNSPECIFIED.,.F.,.F.,(6,4,6),(0.,
    0.832100227086,1.),.UNSPECIFIED.);
#2670 = CARTESIAN_POINT('',(1.,-0.6));
#2671 = CARTESIAN_POINT('',(0.836466310733,-0.6));
#2672 = CARTESIAN_POINT('',(0.67100132391,-0.6));
#2673 = CARTESIAN_POINT('',(0.504154280359,-0.6));
#2674 = CARTESIAN_POINT('',(0.336569254673,-0.6));
#2675 = CARTESIAN_POINT('',(0.135188159922,-0.6));
#2676 = CARTESIAN_POINT('',(0.101376405653,-0.6));
#2677 = CARTESIAN_POINT('',(6.757059107583E-02,-0.6));
#2678 = CARTESIAN_POINT('',(3.377653076853E-02,-0.6));
#2679 = CARTESIAN_POINT('',(0.,-0.6));
#2680 = ( GEOMETRIC_REPRESENTATION_CONTEXT(2) 
PARAMETRIC_REPRESENTATION_CONTEXT() REPRESENTATION_CONTEXT('2D SPACE',''
  ) );
#2681 = ORIENTED_EDGE('',*,*,#2682,.F.);
#2682 = EDGE_CURVE('',#2683,#2632,#2685,.T.);
#2683 = VERTEX_POINT('',#2684);
#2684 = CARTESIAN_POINT('',(9.590087890625,13.2255859375,4.));
#2685 = SURFACE_CURVE('',#2686,(#2692,#2701),.PCURVE_S1.);
#2686 = B_SPLINE_CURVE_WITH_KNOTS('',4,(#2687,#2688,#2689,#2690,#2691),
  .UNSPECIFIED.,.F.,.F.,(5,5),(0.,1.),.PIECEWISE_BEZIER_KNOTS.);
#2687 = CARTESIAN_POINT('',(9.590087890625,13.2255859375,4.));
#2688 = CARTESIAN_POINT('',(9.63628962931,13.242453238925,4.));
#2689 = CARTESIAN_POINT('',(9.684926257158,13.253686161397,4.));
#2690 = CARTESIAN_POINT('',(9.735954177299,13.25927734375,4.));
#2691 = CARTESIAN_POINT('',(9.789306640625,13.25927734375,4.));
#2692 = PCURVE('',#368,#2693);
#2693 = DEFINITIONAL_REPRESENTATION('',(#2694),#2700);
#2694 = B_SPLINE_CURVE_WITH_KNOTS('',4,(#2695,#2696,#2697,#2698,#2699),
  .UNSPECIFIED.,.F.,.F.,(5,5),(0.,1.),.PIECEWISE_BEZIER_KNOTS.);
#2695 = CARTESIAN_POINT('',(9.590087890625,13.2255859375));
#2696 = CARTESIAN_POINT('',(9.63628962931,13.242453238925));
#2697 = CARTESIAN_POINT('',(9.684926257158,13.253686161397));
#2698 = CARTESIAN_POINT('',(9.735954177299,13.25927734375));
#2699 = CARTESIAN_POINT('',(9.789306640625,13.25927734375));
#2700 = ( GEOMETRIC_REPRESENTATION_CONTEXT(2) 
PARAMETRIC_REPRESENTATION_CONTEXT() REPRESENTATION_CONTEXT('2D SPACE',''
  ) );
#2701 = PCURVE('',#2702,#2709);
#2702 = SURFACE_OF_LINEAR_EXTRUSION('',#2703,#2707);
#2703 = B_SPLINE_CURVE_WITH_KNOTS('',2,(#2704,#2705,#2706),
  .UNSPECIFIED.,.F.,.F.,(3,3),(0.,1.),.PIECEWISE_BEZIER_KNOTS.);
#2704 = CARTESIAN_POINT('',(9.789306640625,13.25927734375,3.4));
#2705 = CARTESIAN_POINT('',(9.682373046875,13.25927734375,3.4));
#2706 = CARTESIAN_POINT('',(9.590087890625,13.2255859375,3.4));
#2707 = VECTOR('',#2708,1.);
#2708 = DIRECTION('',(-0.,-0.,-1.));
#2709 = DEFINITIONAL_REPRESENTATION('',(#2710),#2716);
#2710 = B_SPLINE_CURVE_WITH_KNOTS('',4,(#2711,#2712,#2713,#2714,#2715),
  .UNSPECIFIED.,.F.,.F.,(5,5),(0.,1.),.PIECEWISE_BEZIER_KNOTS.);
#2711 = CARTESIAN_POINT('',(1.,-0.6));
#2712 = CARTESIAN_POINT('',(0.74967946871,-0.6));
#2713 = CARTESIAN_POINT('',(0.499428330099,-0.6));
#2714 = CARTESIAN_POINT('',(0.249465399297,-0.6));
#2715 = CARTESIAN_POINT('',(0.,-0.6));
#2716 = ( GEOMETRIC_REPRESENTATION_CONTEXT(2) 
PARAMETRIC_REPRESENTATION_CONTEXT() REPRESENTATION_CONTEXT('2D SPACE',''
  ) );
#2717 = ORIENTED_EDGE('',*,*,#2718,.F.);
#2718 = EDGE_CURVE('',#2719,#2683,#2721,.T.);
#2719 = VERTEX_POINT('',#2720);
#2720 = CARTESIAN_POINT('',(9.405517578125,13.111328125,4.));
#2721 = SURFACE_CURVE('',#2722,(#2728,#2737),.PCURVE_S1.);
#2722 = B_SPLINE_CURVE_WITH_KNOTS('',4,(#2723,#2724,#2725,#2726,#2727),
  .UNSPECIFIED.,.F.,.F.,(5,5),(0.,1.),.PIECEWISE_BEZIER_KNOTS.);
#2723 = CARTESIAN_POINT('',(9.405517578125,13.111328125,4.));
#2724 = CARTESIAN_POINT('',(9.451394138709,13.151379090589,4.));
#2725 = CARTESIAN_POINT('',(9.497487533269,13.183897080077,4.));
#2726 = CARTESIAN_POINT('',(9.543740586189,13.208665493024,4.));
#2727 = CARTESIAN_POINT('',(9.590087890625,13.2255859375,4.));
#2728 = PCURVE('',#368,#2729);
#2729 = DEFINITIONAL_REPRESENTATION('',(#2730),#2736);
#2730 = B_SPLINE_CURVE_WITH_KNOTS('',4,(#2731,#2732,#2733,#2734,#2735),
  .UNSPECIFIED.,.F.,.F.,(5,5),(0.,1.),.PIECEWISE_BEZIER_KNOTS.);
#2731 = CARTESIAN_POINT('',(9.405517578125,13.111328125));
#2732 = CARTESIAN_POINT('',(9.451394138709,13.151379090589));
#2733 = CARTESIAN_POINT('',(9.497487533269,13.183897080077));
#2734 = CARTESIAN_POINT('',(9.543740586189,13.208665493024));
#2735 = CARTESIAN_POINT('',(9.590087890625,13.2255859375));
#2736 = ( GEOMETRIC_REPRESENTATION_CONTEXT(2) 
PARAMETRIC_REPRESENTATION_CONTEXT() REPRESENTATION_CONTEXT('2D SPACE',''
  ) );
#2737 = PCURVE('',#2738,#2745);
#2738 = SURFACE_OF_LINEAR_EXTRUSION('',#2739,#2743);
#2739 = B_SPLINE_CURVE_WITH_KNOTS('',2,(#2740,#2741,#2742),
  .UNSPECIFIED.,.F.,.F.,(3,3),(0.,1.),.PIECEWISE_BEZIER_KNOTS.);
#2740 = CARTESIAN_POINT('',(9.590087890625,13.2255859375,3.4));
#2741 = CARTESIAN_POINT('',(9.497802734375,13.19189453125,3.4));
#2742 = CARTESIAN_POINT('',(9.405517578125,13.111328125,3.4));
#2743 = VECTOR('',#2744,1.);
#2744 = DIRECTION('',(-0.,-0.,-1.));
#2745 = DEFINITIONAL_REPRESENTATION('',(#2746),#2752);
#2746 = B_SPLINE_CURVE_WITH_KNOTS('',4,(#2747,#2748,#2749,#2750,#2751),
  .UNSPECIFIED.,.F.,.F.,(5,5),(0.,1.),.PIECEWISE_BEZIER_KNOTS.);
#2747 = CARTESIAN_POINT('',(1.,-0.6));
#2748 = CARTESIAN_POINT('',(0.751441280223,-0.6));
#2749 = CARTESIAN_POINT('',(0.501707756256,-0.6));
#2750 = CARTESIAN_POINT('',(0.251109204984,-0.6));
#2751 = CARTESIAN_POINT('',(0.,-0.6));
#2752 = ( GEOMETRIC_REPRESENTATION_CONTEXT(2) 
PARAMETRIC_REPRESENTATION_CONTEXT() REPRESENTATION_CONTEXT('2D SPACE',''
  ) );
#2753 = ORIENTED_EDGE('',*,*,#2754,.F.);
#2754 = EDGE_CURVE('',#2755,#2719,#2757,.T.);
#2755 = VERTEX_POINT('',#2756);
#2756 = CARTESIAN_POINT('',(9.147705078125,13.111328125,4.));
#2757 = SURFACE_CURVE('',#2758,(#2762,#2768),.PCURVE_S1.);
#2758 = LINE('',#2759,#2760);
#2759 = CARTESIAN_POINT('',(4.702758789062,13.111328125,4.));
#2760 = VECTOR('',#2761,1.);
#2761 = DIRECTION('',(1.,0.,-0.));
#2762 = PCURVE('',#368,#2763);
#2763 = DEFINITIONAL_REPRESENTATION('',(#2764),#2767);
#2764 = B_SPLINE_CURVE_WITH_KNOTS('',1,(#2765,#2766),.UNSPECIFIED.,.F.,
  .F.,(2,2),(4.444946289062,4.702758789062),.PIECEWISE_BEZIER_KNOTS.);
#2765 = CARTESIAN_POINT('',(9.147705078125,13.111328125));
#2766 = CARTESIAN_POINT('',(9.405517578125,13.111328125));
#2767 = ( GEOMETRIC_REPRESENTATION_CONTEXT(2) 
PARAMETRIC_REPRESENTATION_CONTEXT() REPRESENTATION_CONTEXT('2D SPACE',''
  ) );
#2768 = PCURVE('',#2769,#2774);
#2769 = PLANE('',#2770);
#2770 = AXIS2_PLACEMENT_3D('',#2771,#2772,#2773);
#2771 = CARTESIAN_POINT('',(9.405517578125,13.111328125,3.4));
#2772 = DIRECTION('',(0.,-1.,0.));
#2773 = DIRECTION('',(-1.,0.,0.));
#2774 = DEFINITIONAL_REPRESENTATION('',(#2775),#2778);
#2775 = B_SPLINE_CURVE_WITH_KNOTS('',1,(#2776,#2777),.UNSPECIFIED.,.F.,
  .F.,(2,2),(4.444946289062,4.702758789062),.PIECEWISE_BEZIER_KNOTS.);
#2776 = CARTESIAN_POINT('',(0.2578125,-0.6));
#2777 = CARTESIAN_POINT('',(0.,-0.6));
#2778 = ( GEOMETRIC_REPRESENTATION_CONTEXT(2) 
PARAMETRIC_REPRESENTATION_CONTEXT() REPRESENTATION_CONTEXT('2D SPACE',''
  ) );
#2779 = ORIENTED_EDGE('',*,*,#2780,.F.);
#2780 = EDGE_CURVE('',#2781,#2755,#2783,.T.);
#2781 = VERTEX_POINT('',#2782);
#2782 = CARTESIAN_POINT('',(9.216552734375,14.177734375,4.));
#2783 = SURFACE_CURVE('',#2784,(#2788,#2794),.PCURVE_S1.);
#2784 = LINE('',#2785,#2786);
#2785 = CARTESIAN_POINT('',(8.707240356076,6.28881072816,4.));
#2786 = VECTOR('',#2787,1.);
#2787 = DIRECTION('',(-6.442631311788E-02,-0.997922467017,0.));
#2788 = PCURVE('',#368,#2789);
#2789 = DEFINITIONAL_REPRESENTATION('',(#2790),#2793);
#2790 = B_SPLINE_CURVE_WITH_KNOTS('',1,(#2791,#2792),.UNSPECIFIED.,.F.,
  .F.,(2,2),(-7.905347266526,-6.836720910024),.PIECEWISE_BEZIER_KNOTS.);
#2791 = CARTESIAN_POINT('',(9.216552734375,14.177734375));
#2792 = CARTESIAN_POINT('',(9.147705078125,13.111328125));
#2793 = ( GEOMETRIC_REPRESENTATION_CONTEXT(2) 
PARAMETRIC_REPRESENTATION_CONTEXT() REPRESENTATION_CONTEXT('2D SPACE',''
  ) );
#2794 = PCURVE('',#2795,#2800);
#2795 = PLANE('',#2796);
#2796 = AXIS2_PLACEMENT_3D('',#2797,#2798,#2799);
#2797 = CARTESIAN_POINT('',(9.147705078125,13.111328125,3.4));
#2798 = DIRECTION('',(-0.997922467017,6.442631311788E-02,0.));
#2799 = DIRECTION('',(6.442631311788E-02,0.997922467017,0.));
#2800 = DEFINITIONAL_REPRESENTATION('',(#2801),#2804);
#2801 = B_SPLINE_CURVE_WITH_KNOTS('',1,(#2802,#2803),.UNSPECIFIED.,.F.,
  .F.,(2,2),(-7.905347266526,-6.836720910024),.PIECEWISE_BEZIER_KNOTS.);
#2802 = CARTESIAN_POINT('',(1.068626356502,-0.6));
#2803 = CARTESIAN_POINT('',(0.,-0.6));
#2804 = ( GEOMETRIC_REPRESENTATION_CONTEXT(2) 
PARAMETRIC_REPRESENTATION_CONTEXT() REPRESENTATION_CONTEXT('2D SPACE',''
  ) );
#2805 = ORIENTED_EDGE('',*,*,#2806,.F.);
#2806 = EDGE_CURVE('',#2807,#2781,#2809,.T.);
#2807 = VERTEX_POINT('',#2808);
#2808 = CARTESIAN_POINT('',(10.389892578125,14.177734375,4.));
#2809 = SURFACE_CURVE('',#2810,(#2814,#2820),.PCURVE_S1.);
#2810 = LINE('',#2811,#2812);
#2811 = CARTESIAN_POINT('',(4.608276367188,14.177734375,4.));
#2812 = VECTOR('',#2813,1.);
#2813 = DIRECTION('',(-1.,0.,0.));
#2814 = PCURVE('',#368,#2815);
#2815 = DEFINITIONAL_REPRESENTATION('',(#2816),#2819);
#2816 = B_SPLINE_CURVE_WITH_KNOTS('',1,(#2817,#2818),.UNSPECIFIED.,.F.,
  .F.,(2,2),(-5.781616210938,-4.608276367188),.PIECEWISE_BEZIER_KNOTS.);
#2817 = CARTESIAN_POINT('',(10.389892578125,14.177734375));
#2818 = CARTESIAN_POINT('',(9.216552734375,14.177734375));
#2819 = ( GEOMETRIC_REPRESENTATION_CONTEXT(2) 
PARAMETRIC_REPRESENTATION_CONTEXT() REPRESENTATION_CONTEXT('2D SPACE',''
  ) );
#2820 = PCURVE('',#2821,#2826);
#2821 = PLANE('',#2822);
#2822 = AXIS2_PLACEMENT_3D('',#2823,#2824,#2825);
#2823 = CARTESIAN_POINT('',(9.216552734375,14.177734375,3.4));
#2824 = DIRECTION('',(0.,1.,0.));
#2825 = DIRECTION('',(1.,0.,0.));
#2826 = DEFINITIONAL_REPRESENTATION('',(#2827),#2830);
#2827 = B_SPLINE_CURVE_WITH_KNOTS('',1,(#2828,#2829),.UNSPECIFIED.,.F.,
  .F.,(2,2),(-5.781616210938,-4.608276367188),.PIECEWISE_BEZIER_KNOTS.);
#2828 = CARTESIAN_POINT('',(1.17333984375,-0.6));
#2829 = CARTESIAN_POINT('',(0.,-0.6));
#2830 = ( GEOMETRIC_REPRESENTATION_CONTEXT(2) 
PARAMETRIC_REPRESENTATION_CONTEXT() REPRESENTATION_CONTEXT('2D SPACE',''
  ) );
#2831 = ORIENTED_EDGE('',*,*,#2832,.F.);
#2832 = EDGE_CURVE('',#2833,#2807,#2835,.T.);
#2833 = VERTEX_POINT('',#2834);
#2834 = CARTESIAN_POINT('',(10.389892578125,13.96533203125,4.));
#2835 = SURFACE_CURVE('',#2836,(#2840,#2846),.PCURVE_S1.);
#2836 = LINE('',#2837,#2838);
#2837 = CARTESIAN_POINT('',(10.389892578125,7.0888671875,4.));
#2838 = VECTOR('',#2839,1.);
#2839 = DIRECTION('',(0.,1.,0.));
#2840 = PCURVE('',#368,#2841);
#2841 = DEFINITIONAL_REPRESENTATION('',(#2842),#2845);
#2842 = B_SPLINE_CURVE_WITH_KNOTS('',1,(#2843,#2844),.UNSPECIFIED.,.F.,
  .F.,(2,2),(6.87646484375,7.0888671875),.PIECEWISE_BEZIER_KNOTS.);
#2843 = CARTESIAN_POINT('',(10.389892578125,13.96533203125));
#2844 = CARTESIAN_POINT('',(10.389892578125,14.177734375));
#2845 = ( GEOMETRIC_REPRESENTATION_CONTEXT(2) 
PARAMETRIC_REPRESENTATION_CONTEXT() REPRESENTATION_CONTEXT('2D SPACE',''
  ) );
#2846 = PCURVE('',#2847,#2852);
#2847 = PLANE('',#2848);
#2848 = AXIS2_PLACEMENT_3D('',#2849,#2850,#2851);
#2849 = CARTESIAN_POINT('',(10.389892578125,14.177734375,3.4));
#2850 = DIRECTION('',(1.,0.,0.));
#2851 = DIRECTION('',(0.,-1.,0.));
#2852 = DEFINITIONAL_REPRESENTATION('',(#2853),#2856);
#2853 = B_SPLINE_CURVE_WITH_KNOTS('',1,(#2854,#2855),.UNSPECIFIED.,.F.,
  .F.,(2,2),(6.87646484375,7.0888671875),.PIECEWISE_BEZIER_KNOTS.);
#2854 = CARTESIAN_POINT('',(0.21240234375,-0.6));
#2855 = CARTESIAN_POINT('',(0.,-0.6));
#2856 = ( GEOMETRIC_REPRESENTATION_CONTEXT(2) 
PARAMETRIC_REPRESENTATION_CONTEXT() REPRESENTATION_CONTEXT('2D SPACE',''
  ) );
#2857 = ORIENTED_EDGE('',*,*,#2858,.F.);
#2858 = EDGE_CURVE('',#2859,#2833,#2861,.T.);
#2859 = VERTEX_POINT('',#2860);
#2860 = CARTESIAN_POINT('',(9.459716796875,13.96533203125,4.));
#2861 = SURFACE_CURVE('',#2862,(#2866,#2872),.PCURVE_S1.);
#2862 = LINE('',#2863,#2864);
#2863 = CARTESIAN_POINT('',(5.194946289062,13.96533203125,4.));
#2864 = VECTOR('',#2865,1.);
#2865 = DIRECTION('',(1.,0.,-0.));
#2866 = PCURVE('',#368,#2867);
#2867 = DEFINITIONAL_REPRESENTATION('',(#2868),#2871);
#2868 = B_SPLINE_CURVE_WITH_KNOTS('',1,(#2869,#2870),.UNSPECIFIED.,.F.,
  .F.,(2,2),(4.264770507812,5.194946289062),.PIECEWISE_BEZIER_KNOTS.);
#2869 = CARTESIAN_POINT('',(9.459716796875,13.96533203125));
#2870 = CARTESIAN_POINT('',(10.389892578125,13.96533203125));
#2871 = ( GEOMETRIC_REPRESENTATION_CONTEXT(2) 
PARAMETRIC_REPRESENTATION_CONTEXT() REPRESENTATION_CONTEXT('2D SPACE',''
  ) );
#2872 = PCURVE('',#2873,#2878);
#2873 = PLANE('',#2874);
#2874 = AXIS2_PLACEMENT_3D('',#2875,#2876,#2877);
#2875 = CARTESIAN_POINT('',(10.389892578125,13.96533203125,3.4));
#2876 = DIRECTION('',(0.,-1.,0.));
#2877 = DIRECTION('',(-1.,0.,0.));
#2878 = DEFINITIONAL_REPRESENTATION('',(#2879),#2882);
#2879 = B_SPLINE_CURVE_WITH_KNOTS('',1,(#2880,#2881),.UNSPECIFIED.,.F.,
  .F.,(2,2),(4.264770507812,5.194946289062),.PIECEWISE_BEZIER_KNOTS.);
#2880 = CARTESIAN_POINT('',(0.93017578125,-0.6));
#2881 = CARTESIAN_POINT('',(0.,-0.6));
#2882 = ( GEOMETRIC_REPRESENTATION_CONTEXT(2) 
PARAMETRIC_REPRESENTATION_CONTEXT() REPRESENTATION_CONTEXT('2D SPACE',''
  ) );
#2883 = ORIENTED_EDGE('',*,*,#2884,.F.);
#2884 = EDGE_CURVE('',#2885,#2859,#2887,.T.);
#2885 = VERTEX_POINT('',#2886);
#2886 = CARTESIAN_POINT('',(9.417236328125,13.3427734375,4.));
#2887 = SURFACE_CURVE('',#2888,(#2892,#2898),.PCURVE_S1.);
#2888 = LINE('',#2889,#2890);
#2889 = CARTESIAN_POINT('',(8.963540270387,6.693779487892,4.));
#2890 = VECTOR('',#2891,1.);
#2891 = DIRECTION('',(6.807699304401E-02,0.997680070473,-0.));
#2892 = PCURVE('',#368,#2893);
#2893 = DEFINITIONAL_REPRESENTATION('',(#2894),#2897);
#2894 = B_SPLINE_CURVE_WITH_KNOTS('',1,(#2895,#2896),.UNSPECIFIED.,.F.,
  .F.,(2,2),(6.664455015583,7.288461259845),.PIECEWISE_BEZIER_KNOTS.);
#2895 = CARTESIAN_POINT('',(9.417236328125,13.3427734375));
#2896 = CARTESIAN_POINT('',(9.459716796875,13.96533203125));
#2897 = ( GEOMETRIC_REPRESENTATION_CONTEXT(2) 
PARAMETRIC_REPRESENTATION_CONTEXT() REPRESENTATION_CONTEXT('2D SPACE',''
  ) );
#2898 = PCURVE('',#2899,#2904);
#2899 = PLANE('',#2900);
#2900 = AXIS2_PLACEMENT_3D('',#2901,#2902,#2903);
#2901 = CARTESIAN_POINT('',(9.459716796875,13.96533203125,3.4));
#2902 = DIRECTION('',(0.997680070473,-6.807699304401E-02,0.));
#2903 = DIRECTION('',(-6.807699304401E-02,-0.997680070473,0.));
#2904 = DEFINITIONAL_REPRESENTATION('',(#2905),#2908);
#2905 = B_SPLINE_CURVE_WITH_KNOTS('',1,(#2906,#2907),.UNSPECIFIED.,.F.,
  .F.,(2,2),(6.664455015583,7.288461259845),.PIECEWISE_BEZIER_KNOTS.);
#2906 = CARTESIAN_POINT('',(0.624006244261,-0.6));
#2907 = CARTESIAN_POINT('',(0.,-0.6));
#2908 = ( GEOMETRIC_REPRESENTATION_CONTEXT(2) 
PARAMETRIC_REPRESENTATION_CONTEXT() REPRESENTATION_CONTEXT('2D SPACE',''
  ) );
#2909 = ORIENTED_EDGE('',*,*,#2910,.F.);
#2910 = EDGE_CURVE('',#2911,#2885,#2913,.T.);
#2911 = VERTEX_POINT('',#2912);
#2912 = CARTESIAN_POINT('',(9.843505859375,13.474609375,4.));
#2913 = SURFACE_CURVE('',#2914,(#2925,#2939),.PCURVE_S1.);
#2914 = B_SPLINE_CURVE_WITH_KNOTS('',5,(#2915,#2916,#2917,#2918,#2919,
    #2920,#2921,#2922,#2923,#2924),.UNSPECIFIED.,.F.,.F.,(6,4,6),(0.,
    0.874113576135,1.),.UNSPECIFIED.);
#2915 = CARTESIAN_POINT('',(9.843505859375,13.474609375,4.));
#2916 = CARTESIAN_POINT('',(9.75627615314,13.474609375,4.));
#2917 = CARTESIAN_POINT('',(9.673885161167,13.464958587384,4.));
#2918 = CARTESIAN_POINT('',(9.597035667603,13.44509366781,4.));
#2919 = CARTESIAN_POINT('',(9.526324242142,13.414739791413,4.));
#2920 = CARTESIAN_POINT('',(9.452868136767,13.368285407529,4.));
#2921 = CARTESIAN_POINT('',(9.443755716894,13.362224686788,4.));
#2922 = CARTESIAN_POINT('',(9.434779028175,13.355951867246,4.));
#2923 = CARTESIAN_POINT('',(9.425938972319,13.349467779188,4.));
#2924 = CARTESIAN_POINT('',(9.417236328125,13.3427734375,4.));
#2925 = PCURVE('',#368,#2926);
#2926 = DEFINITIONAL_REPRESENTATION('',(#2927),#2938);
#2927 = B_SPLINE_CURVE_WITH_KNOTS('',5,(#2928,#2929,#2930,#2931,#2932,
    #2933,#2934,#2935,#2936,#2937),.UNSPECIFIED.,.F.,.F.,(6,4,6),(0.,
    0.874113576135,1.),.UNSPECIFIED.);
#2928 = CARTESIAN_POINT('',(9.843505859375,13.474609375));
#2929 = CARTESIAN_POINT('',(9.75627615314,13.474609375));
#2930 = CARTESIAN_POINT('',(9.673885161167,13.464958587384));
#2931 = CARTESIAN_POINT('',(9.597035667603,13.44509366781));
#2932 = CARTESIAN_POINT('',(9.526324242142,13.414739791413));
#2933 = CARTESIAN_POINT('',(9.452868136767,13.368285407529));
#2934 = CARTESIAN_POINT('',(9.443755716894,13.362224686788));
#2935 = CARTESIAN_POINT('',(9.434779028175,13.355951867246));
#2936 = CARTESIAN_POINT('',(9.425938972319,13.349467779188));
#2937 = CARTESIAN_POINT('',(9.417236328125,13.3427734375));
#2938 = ( GEOMETRIC_REPRESENTATION_CONTEXT(2) 
PARAMETRIC_REPRESENTATION_CONTEXT() REPRESENTATION_CONTEXT('2D SPACE',''
  ) );
#2939 = PCURVE('',#2940,#2947);
#2940 = SURFACE_OF_LINEAR_EXTRUSION('',#2941,#2945);
#2941 = B_SPLINE_CURVE_WITH_KNOTS('',2,(#2942,#2943,#2944),
  .UNSPECIFIED.,.F.,.F.,(3,3),(0.,1.),.PIECEWISE_BEZIER_KNOTS.);
#2942 = CARTESIAN_POINT('',(9.417236328125,13.3427734375,3.4));
#2943 = CARTESIAN_POINT('',(9.588623046875,13.474609375,3.4));
#2944 = CARTESIAN_POINT('',(9.843505859375,13.474609375,3.4));
#2945 = VECTOR('',#2946,1.);
#2946 = DIRECTION('',(-0.,-0.,-1.));
#2947 = DEFINITIONAL_REPRESENTATION('',(#2948),#2959);
#2948 = B_SPLINE_CURVE_WITH_KNOTS('',5,(#2949,#2950,#2951,#2952,#2953,
    #2954,#2955,#2956,#2957,#2958),.UNSPECIFIED.,.F.,.F.,(6,4,6),(0.,
    0.874113576135,1.),.UNSPECIFIED.);
#2949 = CARTESIAN_POINT('',(1.,-0.6));
#2950 = CARTESIAN_POINT('',(0.828882721869,-0.6));
#2951 = CARTESIAN_POINT('',(0.655267332515,-0.6));
#2952 = CARTESIAN_POINT('',(0.479832574053,-0.6));
#2953 = CARTESIAN_POINT('',(0.303407286099,-0.6));
#2954 = CARTESIAN_POINT('',(0.101594511518,-0.6));
#2955 = CARTESIAN_POINT('',(7.618896099091E-02,-0.6));
#2956 = CARTESIAN_POINT('',(5.078616058054E-02,-0.6));
#2957 = CARTESIAN_POINT('',(2.538891069698E-02,-0.6));
#2958 = CARTESIAN_POINT('',(0.,-0.6));
#2959 = ( GEOMETRIC_REPRESENTATION_CONTEXT(2) 
PARAMETRIC_REPRESENTATION_CONTEXT() REPRESENTATION_CONTEXT('2D SPACE',''
  ) );
#2960 = ORIENTED_EDGE('',*,*,#2961,.F.);
#2961 = EDGE_CURVE('',#2962,#2911,#2964,.T.);
#2962 = VERTEX_POINT('',#2963);
#2963 = CARTESIAN_POINT('',(10.326171875,13.302490234375,4.));
#2964 = SURFACE_CURVE('',#2965,(#2976,#2990),.PCURVE_S1.);
#2965 = B_SPLINE_CURVE_WITH_KNOTS('',5,(#2966,#2967,#2968,#2969,#2970,
    #2971,#2972,#2973,#2974,#2975),.UNSPECIFIED.,.F.,.F.,(6,4,6),(0.,
    0.195864101409,1.),.UNSPECIFIED.);
#2966 = CARTESIAN_POINT('',(10.326171875,13.302490234375,4.));
#2967 = CARTESIAN_POINT('',(10.311637964948,13.316097680041,4.));
#2968 = CARTESIAN_POINT('',(10.296635403126,13.329050987898,4.));
#2969 = CARTESIAN_POINT('',(10.281168145188,13.341340560555,4.));
#2970 = CARTESIAN_POINT('',(10.265241872705,13.352959109536,4.));
#2971 = CARTESIAN_POINT('',(10.181623285007,13.408827161206,4.));
#2972 = CARTESIAN_POINT('',(10.106756097826,13.442367558548,4.));
#2973 = CARTESIAN_POINT('',(10.024815199444,13.46414103171,4.));
#2974 = CARTESIAN_POINT('',(9.936724049692,13.474609375,4.));
#2975 = CARTESIAN_POINT('',(9.843505859375,13.474609375,4.));
#2976 = PCURVE('',#368,#2977);
#2977 = DEFINITIONAL_REPRESENTATION('',(#2978),#2989);
#2978 = B_SPLINE_CURVE_WITH_KNOTS('',5,(#2979,#2980,#2981,#2982,#2983,
    #2984,#2985,#2986,#2987,#2988),.UNSPECIFIED.,.F.,.F.,(6,4,6),(0.,
    0.195864101409,1.),.UNSPECIFIED.);
#2979 = CARTESIAN_POINT('',(10.326171875,13.302490234375));
#2980 = CARTESIAN_POINT('',(10.311637964948,13.316097680041));
#2981 = CARTESIAN_POINT('',(10.296635403126,13.329050987898));
#2982 = CARTESIAN_POINT('',(10.281168145188,13.341340560555));
#2983 = CARTESIAN_POINT('',(10.265241872705,13.352959109536));
#2984 = CARTESIAN_POINT('',(10.181623285007,13.408827161206));
#2985 = CARTESIAN_POINT('',(10.106756097826,13.442367558548));
#2986 = CARTESIAN_POINT('',(10.024815199444,13.46414103171));
#2987 = CARTESIAN_POINT('',(9.936724049692,13.474609375));
#2988 = CARTESIAN_POINT('',(9.843505859375,13.474609375));
#2989 = ( GEOMETRIC_REPRESENTATION_CONTEXT(2) 
PARAMETRIC_REPRESENTATION_CONTEXT() REPRESENTATION_CONTEXT('2D SPACE',''
  ) );
#2990 = PCURVE('',#2991,#2998);
#2991 = SURFACE_OF_LINEAR_EXTRUSION('',#2992,#2996);
#2992 = B_SPLINE_CURVE_WITH_KNOTS('',2,(#2993,#2994,#2995),
  .UNSPECIFIED.,.F.,.F.,(3,3),(0.,1.),.PIECEWISE_BEZIER_KNOTS.);
#2993 = CARTESIAN_POINT('',(9.843505859375,13.474609375,3.4));
#2994 = CARTESIAN_POINT('',(10.142333984375,13.474609375,3.4));
#2995 = CARTESIAN_POINT('',(10.326171875,13.302490234375,3.4));
#2996 = VECTOR('',#2997,1.);
#2997 = DIRECTION('',(-0.,-0.,-1.));
#2998 = DEFINITIONAL_REPRESENTATION('',(#2999),#3010);
#2999 = B_SPLINE_CURVE_WITH_KNOTS('',5,(#3000,#3001,#3002,#3003,#3004,
    #3005,#3006,#3007,#3008,#3009),.UNSPECIFIED.,.F.,.F.,(6,4,6),(0.,
    0.195864101409,1.),.UNSPECIFIED.);
#3000 = CARTESIAN_POINT('',(1.,-0.6));
#3001 = CARTESIAN_POINT('',(0.960470852873,-0.6));
#3002 = CARTESIAN_POINT('',(0.920888778931,-0.6));
#3003 = CARTESIAN_POINT('',(0.881271125147,-0.6));
#3004 = CARTESIAN_POINT('',(0.841635545305,-0.6));
#3005 = CARTESIAN_POINT('',(0.639273065299,-0.6));
#3006 = CARTESIAN_POINT('',(0.47651223563,-0.6));
#3007 = CARTESIAN_POINT('',(0.315069212964,-0.6));
#3008 = CARTESIAN_POINT('',(0.155972919747,-0.6));
#3009 = CARTESIAN_POINT('',(0.,-0.6));
#3010 = ( GEOMETRIC_REPRESENTATION_CONTEXT(2) 
PARAMETRIC_REPRESENTATION_CONTEXT() REPRESENTATION_CONTEXT('2D SPACE',''
  ) );
#3011 = ORIENTED_EDGE('',*,*,#3012,.F.);
#3012 = EDGE_CURVE('',#2168,#2962,#3013,.T.);
#3013 = SURFACE_CURVE('',#3014,(#3025,#3039),.PCURVE_S1.);
#3014 = B_SPLINE_CURVE_WITH_KNOTS('',5,(#3015,#3016,#3017,#3018,#3019,
    #3020,#3021,#3022,#3023,#3024),.UNSPECIFIED.,.F.,.F.,(6,4,6),(0.,
    0.657674903256,1.),.UNSPECIFIED.);
#3015 = CARTESIAN_POINT('',(10.510009765625,12.85205078125,4.));
#3016 = CARTESIAN_POINT('',(10.510009765625,12.923620679314,4.));
#3017 = CARTESIAN_POINT('',(10.502411976133,12.991850258937,4.));
#3018 = CARTESIAN_POINT('',(10.486771192532,13.056197038784,4.));
#3019 = CARTESIAN_POINT('',(10.462870438804,13.116187133249,4.));
#3020 = CARTESIAN_POINT('',(10.414255636079,13.200298158662,4.));
#3021 = CARTESIAN_POINT('',(10.395425235641,13.227827572761,4.));
#3022 = CARTESIAN_POINT('',(10.37443187126,13.254050791331,4.));
#3023 = CARTESIAN_POINT('',(10.351323741692,13.278941673926,4.));
#3024 = CARTESIAN_POINT('',(10.326171875,13.302490234375,4.));
#3025 = PCURVE('',#368,#3026);
#3026 = DEFINITIONAL_REPRESENTATION('',(#3027),#3038);
#3027 = B_SPLINE_CURVE_WITH_KNOTS('',5,(#3028,#3029,#3030,#3031,#3032,
    #3033,#3034,#3035,#3036,#3037),.UNSPECIFIED.,.F.,.F.,(6,4,6),(0.,
    0.657674903256,1.),.UNSPECIFIED.);
#3028 = CARTESIAN_POINT('',(10.510009765625,12.85205078125));
#3029 = CARTESIAN_POINT('',(10.510009765625,12.923620679314));
#3030 = CARTESIAN_POINT('',(10.502411976133,12.991850258937));
#3031 = CARTESIAN_POINT('',(10.486771192532,13.056197038784));
#3032 = CARTESIAN_POINT('',(10.462870438804,13.116187133249));
#3033 = CARTESIAN_POINT('',(10.414255636079,13.200298158662));
#3034 = CARTESIAN_POINT('',(10.395425235641,13.227827572761));
#3035 = CARTESIAN_POINT('',(10.37443187126,13.254050791331));
#3036 = CARTESIAN_POINT('',(10.351323741692,13.278941673926));
#3037 = CARTESIAN_POINT('',(10.326171875,13.302490234375));
#3038 = ( GEOMETRIC_REPRESENTATION_CONTEXT(2) 
PARAMETRIC_REPRESENTATION_CONTEXT() REPRESENTATION_CONTEXT('2D SPACE',''
  ) );
#3039 = PCURVE('',#3040,#3047);
#3040 = SURFACE_OF_LINEAR_EXTRUSION('',#3041,#3045);
#3041 = B_SPLINE_CURVE_WITH_KNOTS('',2,(#3042,#3043,#3044),
  .UNSPECIFIED.,.F.,.F.,(3,3),(0.,1.),.PIECEWISE_BEZIER_KNOTS.);
#3042 = CARTESIAN_POINT('',(10.326171875,13.302490234375,3.4));
#3043 = CARTESIAN_POINT('',(10.510009765625,13.13037109375,3.4));
#3044 = CARTESIAN_POINT('',(10.510009765625,12.85205078125,3.4));
#3045 = VECTOR('',#3046,1.);
#3046 = DIRECTION('',(-0.,-0.,-1.));
#3047 = DEFINITIONAL_REPRESENTATION('',(#3048),#3059);
#3048 = B_SPLINE_CURVE_WITH_KNOTS('',5,(#3049,#3050,#3051,#3052,#3053,
    #3054,#3055,#3056,#3057,#3058),.UNSPECIFIED.,.F.,.F.,(6,4,6),(0.,
    0.657674903256,1.),.UNSPECIFIED.);
#3049 = CARTESIAN_POINT('',(1.,-0.6));
#3050 = CARTESIAN_POINT('',(0.871425305934,-0.6));
#3051 = CARTESIAN_POINT('',(0.740966374944,-0.6));
#3052 = CARTESIAN_POINT('',(0.609135730556,-0.6));
#3053 = CARTESIAN_POINT('',(0.476559523432,-0.6));
#3054 = CARTESIAN_POINT('',(0.275001697862,-0.6));
#3055 = CARTESIAN_POINT('',(0.206002900165,-0.6));
#3056 = CARTESIAN_POINT('',(0.137105917758,-0.6));
#3057 = CARTESIAN_POINT('',(6.840773304903E-02,-0.6));
#3058 = CARTESIAN_POINT('',(0.,-0.6));
#3059 = ( GEOMETRIC_REPRESENTATION_CONTEXT(2) 
PARAMETRIC_REPRESENTATION_CONTEXT() REPRESENTATION_CONTEXT('2D SPACE',''
  ) );
#3060 = FACE_BOUND('',#3061,.T.);
#3061 = EDGE_LOOP('',(#3062,#3090,#3116,#3155,#3194,#3236,#3275,#3326,
    #3365,#3416,#3467,#3493,#3544,#3595,#3637,#3688,#3727,#3766,#3808,
    #3847,#3873));
#3062 = ORIENTED_EDGE('',*,*,#3063,.F.);
#3063 = EDGE_CURVE('',#3064,#3066,#3068,.T.);
#3064 = VERTEX_POINT('',#3065);
#3065 = CARTESIAN_POINT('',(21.510498046875,12.20166015625,4.));
#3066 = VERTEX_POINT('',#3067);
#3067 = CARTESIAN_POINT('',(22.887451171875,12.20166015625,4.));
#3068 = SURFACE_CURVE('',#3069,(#3073,#3079),.PCURVE_S1.);
#3069 = LINE('',#3070,#3071);
#3070 = CARTESIAN_POINT('',(11.443725585938,12.20166015625,4.));
#3071 = VECTOR('',#3072,1.);
#3072 = DIRECTION('',(1.,0.,-0.));
#3073 = PCURVE('',#368,#3074);
#3074 = DEFINITIONAL_REPRESENTATION('',(#3075),#3078);
#3075 = B_SPLINE_CURVE_WITH_KNOTS('',1,(#3076,#3077),.UNSPECIFIED.,.F.,
  .F.,(2,2),(10.066772460938,11.443725585938),.PIECEWISE_BEZIER_KNOTS.);
#3076 = CARTESIAN_POINT('',(21.510498046875,12.20166015625));
#3077 = CARTESIAN_POINT('',(22.887451171875,12.20166015625));
#3078 = ( GEOMETRIC_REPRESENTATION_CONTEXT(2) 
PARAMETRIC_REPRESENTATION_CONTEXT() REPRESENTATION_CONTEXT('2D SPACE',''
  ) );
#3079 = PCURVE('',#3080,#3085);
#3080 = PLANE('',#3081);
#3081 = AXIS2_PLACEMENT_3D('',#3082,#3083,#3084);
#3082 = CARTESIAN_POINT('',(22.887451171875,12.20166015625,3.4));
#3083 = DIRECTION('',(0.,-1.,0.));
#3084 = DIRECTION('',(-1.,0.,0.));
#3085 = DEFINITIONAL_REPRESENTATION('',(#3086),#3089);
#3086 = B_SPLINE_CURVE_WITH_KNOTS('',1,(#3087,#3088),.UNSPECIFIED.,.F.,
  .F.,(2,2),(10.066772460938,11.443725585938),.PIECEWISE_BEZIER_KNOTS.);
#3087 = CARTESIAN_POINT('',(1.376953125,-0.6));
#3088 = CARTESIAN_POINT('',(0.,-0.6));
#3089 = ( GEOMETRIC_REPRESENTATION_CONTEXT(2) 
PARAMETRIC_REPRESENTATION_CONTEXT() REPRESENTATION_CONTEXT('2D SPACE',''
  ) );
#3090 = ORIENTED_EDGE('',*,*,#3091,.F.);
#3091 = EDGE_CURVE('',#3092,#3064,#3094,.T.);
#3092 = VERTEX_POINT('',#3093);
#3093 = CARTESIAN_POINT('',(21.510498046875,12.373046875,4.));
#3094 = SURFACE_CURVE('',#3095,(#3099,#3105),.PCURVE_S1.);
#3095 = LINE('',#3096,#3097);
#3096 = CARTESIAN_POINT('',(21.510498046875,6.100830078125,4.));
#3097 = VECTOR('',#3098,1.);
#3098 = DIRECTION('',(0.,-1.,0.));
#3099 = PCURVE('',#368,#3100);
#3100 = DEFINITIONAL_REPRESENTATION('',(#3101),#3104);
#3101 = B_SPLINE_CURVE_WITH_KNOTS('',1,(#3102,#3103),.UNSPECIFIED.,.F.,
  .F.,(2,2),(-6.272216796875,-6.100830078125),.PIECEWISE_BEZIER_KNOTS.);
#3102 = CARTESIAN_POINT('',(21.510498046875,12.373046875));
#3103 = CARTESIAN_POINT('',(21.510498046875,12.20166015625));
#3104 = ( GEOMETRIC_REPRESENTATION_CONTEXT(2) 
PARAMETRIC_REPRESENTATION_CONTEXT() REPRESENTATION_CONTEXT('2D SPACE',''
  ) );
#3105 = PCURVE('',#3106,#3111);
#3106 = PLANE('',#3107);
#3107 = AXIS2_PLACEMENT_3D('',#3108,#3109,#3110);
#3108 = CARTESIAN_POINT('',(21.510498046875,12.20166015625,3.4));
#3109 = DIRECTION('',(-1.,0.,0.));
#3110 = DIRECTION('',(0.,1.,0.));
#3111 = DEFINITIONAL_REPRESENTATION('',(#3112),#3115);
#3112 = B_SPLINE_CURVE_WITH_KNOTS('',1,(#3113,#3114),.UNSPECIFIED.,.F.,
  .F.,(2,2),(-6.272216796875,-6.100830078125),.PIECEWISE_BEZIER_KNOTS.);
#3113 = CARTESIAN_POINT('',(0.17138671875,-0.6));
#3114 = CARTESIAN_POINT('',(0.,-0.6));
#3115 = ( GEOMETRIC_REPRESENTATION_CONTEXT(2) 
PARAMETRIC_REPRESENTATION_CONTEXT() REPRESENTATION_CONTEXT('2D SPACE',''
  ) );
#3116 = ORIENTED_EDGE('',*,*,#3117,.F.);
#3117 = EDGE_CURVE('',#3118,#3092,#3120,.T.);
#3118 = VERTEX_POINT('',#3119);
#3119 = CARTESIAN_POINT('',(21.73388671875,12.694580078125,4.));
#3120 = SURFACE_CURVE('',#3121,(#3128,#3138),.PCURVE_S1.);
#3121 = B_SPLINE_CURVE_WITH_KNOTS('',5,(#3122,#3123,#3124,#3125,#3126,
    #3127),.UNSPECIFIED.,.F.,.F.,(6,6),(0.,1.),
  .PIECEWISE_BEZIER_KNOTS.);
#3122 = CARTESIAN_POINT('',(21.73388671875,12.694580078125,4.));
#3123 = CARTESIAN_POINT('',(21.674301446295,12.630964883862,4.));
#3124 = CARTESIAN_POINT('',(21.621812830531,12.566910189799,4.));
#3125 = CARTESIAN_POINT('',(21.576807283725,12.502500436169,4.));
#3126 = CARTESIAN_POINT('',(21.539624461383,12.437838286865,4.));
#3127 = CARTESIAN_POINT('',(21.510498046875,12.373046875,4.));
#3128 = PCURVE('',#368,#3129);
#3129 = DEFINITIONAL_REPRESENTATION('',(#3130),#3137);
#3130 = B_SPLINE_CURVE_WITH_KNOTS('',5,(#3131,#3132,#3133,#3134,#3135,
    #3136),.UNSPECIFIED.,.F.,.F.,(6,6),(0.,1.),
  .PIECEWISE_BEZIER_KNOTS.);
#3131 = CARTESIAN_POINT('',(21.73388671875,12.694580078125));
#3132 = CARTESIAN_POINT('',(21.674301446295,12.630964883862));
#3133 = CARTESIAN_POINT('',(21.621812830531,12.566910189799));
#3134 = CARTESIAN_POINT('',(21.576807283725,12.502500436169));
#3135 = CARTESIAN_POINT('',(21.539624461383,12.437838286865));
#3136 = CARTESIAN_POINT('',(21.510498046875,12.373046875));
#3137 = ( GEOMETRIC_REPRESENTATION_CONTEXT(2) 
PARAMETRIC_REPRESENTATION_CONTEXT() REPRESENTATION_CONTEXT('2D SPACE',''
  ) );
#3138 = PCURVE('',#3139,#3146);
#3139 = SURFACE_OF_LINEAR_EXTRUSION('',#3140,#3144);
#3140 = B_SPLINE_CURVE_WITH_KNOTS('',2,(#3141,#3142,#3143),
  .UNSPECIFIED.,.F.,.F.,(3,3),(0.,1.),.PIECEWISE_BEZIER_KNOTS.);
#3141 = CARTESIAN_POINT('',(21.510498046875,12.373046875,3.4));
#3142 = CARTESIAN_POINT('',(21.582275390625,12.53271484375,3.4));
#3143 = CARTESIAN_POINT('',(21.73388671875,12.694580078125,3.4));
#3144 = VECTOR('',#3145,1.);
#3145 = DIRECTION('',(-0.,-0.,-1.));
#3146 = DEFINITIONAL_REPRESENTATION('',(#3147),#3154);
#3147 = B_SPLINE_CURVE_WITH_KNOTS('',5,(#3148,#3149,#3150,#3151,#3152,
    #3153),.UNSPECIFIED.,.F.,.F.,(6,6),(0.,1.),
  .PIECEWISE_BEZIER_KNOTS.);
#3148 = CARTESIAN_POINT('',(1.,-0.6));
#3149 = CARTESIAN_POINT('',(0.803493336575,-0.6));
#3150 = CARTESIAN_POINT('',(0.604973829022,-0.6));
#3151 = CARTESIAN_POINT('',(0.404675493092,-0.6));
#3152 = CARTESIAN_POINT('',(0.202894207187,-0.6));
#3153 = CARTESIAN_POINT('',(0.,-0.6));
#3154 = ( GEOMETRIC_REPRESENTATION_CONTEXT(2) 
PARAMETRIC_REPRESENTATION_CONTEXT() REPRESENTATION_CONTEXT('2D SPACE',''
  ) );
#3155 = ORIENTED_EDGE('',*,*,#3156,.F.);
#3156 = EDGE_CURVE('',#3157,#3118,#3159,.T.);
#3157 = VERTEX_POINT('',#3158);
#3158 = CARTESIAN_POINT('',(22.146240234375,13.064453125,4.));
#3159 = SURFACE_CURVE('',#3160,(#3167,#3177),.PCURVE_S1.);
#3160 = B_SPLINE_CURVE_WITH_KNOTS('',5,(#3161,#3162,#3163,#3164,#3165,
    #3166),.UNSPECIFIED.,.F.,.F.,(6,6),(0.,1.),
  .PIECEWISE_BEZIER_KNOTS.);
#3161 = CARTESIAN_POINT('',(22.146240234375,13.064453125,4.));
#3162 = CARTESIAN_POINT('',(22.046914456539,12.985215706726,4.));
#3163 = CARTESIAN_POINT('',(21.954998471089,12.908178217621,4.));
#3164 = CARTESIAN_POINT('',(21.871429174243,12.833718148296,4.));
#3165 = CARTESIAN_POINT('',(21.797349902112,12.762335457463,4.));
#3166 = CARTESIAN_POINT('',(21.73388671875,12.694580078125,4.));
#3167 = PCURVE('',#368,#3168);
#3168 = DEFINITIONAL_REPRESENTATION('',(#3169),#3176);
#3169 = B_SPLINE_CURVE_WITH_KNOTS('',5,(#3170,#3171,#3172,#3173,#3174,
    #3175),.UNSPECIFIED.,.F.,.F.,(6,6),(0.,1.),
  .PIECEWISE_BEZIER_KNOTS.);
#3170 = CARTESIAN_POINT('',(22.146240234375,13.064453125));
#3171 = CARTESIAN_POINT('',(22.046914456539,12.985215706726));
#3172 = CARTESIAN_POINT('',(21.954998471089,12.908178217621));
#3173 = CARTESIAN_POINT('',(21.871429174243,12.833718148296));
#3174 = CARTESIAN_POINT('',(21.797349902112,12.762335457463));
#3175 = CARTESIAN_POINT('',(21.73388671875,12.694580078125));
#3176 = ( GEOMETRIC_REPRESENTATION_CONTEXT(2) 
PARAMETRIC_REPRESENTATION_CONTEXT() REPRESENTATION_CONTEXT('2D SPACE',''
  ) );
#3177 = PCURVE('',#3178,#3185);
#3178 = SURFACE_OF_LINEAR_EXTRUSION('',#3179,#3183);
#3179 = B_SPLINE_CURVE_WITH_KNOTS('',2,(#3180,#3181,#3182),
  .UNSPECIFIED.,.F.,.F.,(3,3),(0.,1.),.PIECEWISE_BEZIER_KNOTS.);
#3180 = CARTESIAN_POINT('',(21.73388671875,12.694580078125,3.4));
#3181 = CARTESIAN_POINT('',(21.885498046875,12.8564453125,3.4));
#3182 = CARTESIAN_POINT('',(22.146240234375,13.064453125,3.4));
#3183 = VECTOR('',#3184,1.);
#3184 = DIRECTION('',(-0.,-0.,-1.));
#3185 = DEFINITIONAL_REPRESENTATION('',(#3186),#3193);
#3186 = B_SPLINE_CURVE_WITH_KNOTS('',5,(#3187,#3188,#3189,#3190,#3191,
    #3192),.UNSPECIFIED.,.F.,.F.,(6,6),(0.,1.),
  .PIECEWISE_BEZIER_KNOTS.);
#3187 = CARTESIAN_POINT('',(1.,-0.6));
#3188 = CARTESIAN_POINT('',(0.809532590817,-0.6));
#3189 = CARTESIAN_POINT('',(0.614292986217,-0.6));
#3190 = CARTESIAN_POINT('',(0.414185817434,-0.6));
#3191 = CARTESIAN_POINT('',(0.209295651409,-0.6));
#3192 = CARTESIAN_POINT('',(0.,-0.6));
#3193 = ( GEOMETRIC_REPRESENTATION_CONTEXT(2) 
PARAMETRIC_REPRESENTATION_CONTEXT() REPRESENTATION_CONTEXT('2D SPACE',''
  ) );
#3194 = ORIENTED_EDGE('',*,*,#3195,.F.);
#3195 = EDGE_CURVE('',#3196,#3157,#3198,.T.);
#3196 = VERTEX_POINT('',#3197);
#3197 = CARTESIAN_POINT('',(22.481689453125,13.38818359375,4.));
#3198 = SURFACE_CURVE('',#3199,(#3207,#3218),.PCURVE_S1.);
#3199 = B_SPLINE_CURVE_WITH_KNOTS('',6,(#3200,#3201,#3202,#3203,#3204,
    #3205,#3206),.UNSPECIFIED.,.F.,.F.,(7,7),(0.,1.),
  .PIECEWISE_BEZIER_KNOTS.);
#3200 = CARTESIAN_POINT('',(22.481689453125,13.38818359375,4.));
#3201 = CARTESIAN_POINT('',(22.445941206385,13.34017880527,4.));
#3202 = CARTESIAN_POINT('',(22.401222699886,13.289370186928,4.));
#3203 = CARTESIAN_POINT('',(22.348163952885,13.236082596673,4.));
#3204 = CARTESIAN_POINT('',(22.28750752737,13.180644781202,4.));
#3205 = CARTESIAN_POINT('',(22.219980397731,13.123352500762,4.));
#3206 = CARTESIAN_POINT('',(22.146240234375,13.064453125,4.));
#3207 = PCURVE('',#368,#3208);
#3208 = DEFINITIONAL_REPRESENTATION('',(#3209),#3217);
#3209 = B_SPLINE_CURVE_WITH_KNOTS('',6,(#3210,#3211,#3212,#3213,#3214,
    #3215,#3216),.UNSPECIFIED.,.F.,.F.,(7,7),(0.,1.),
  .PIECEWISE_BEZIER_KNOTS.);
#3210 = CARTESIAN_POINT('',(22.481689453125,13.38818359375));
#3211 = CARTESIAN_POINT('',(22.445941206385,13.34017880527));
#3212 = CARTESIAN_POINT('',(22.401222699886,13.289370186928));
#3213 = CARTESIAN_POINT('',(22.348163952885,13.236082596673));
#3214 = CARTESIAN_POINT('',(22.28750752737,13.180644781202));
#3215 = CARTESIAN_POINT('',(22.219980397731,13.123352500762));
#3216 = CARTESIAN_POINT('',(22.146240234375,13.064453125));
#3217 = ( GEOMETRIC_REPRESENTATION_CONTEXT(2) 
PARAMETRIC_REPRESENTATION_CONTEXT() REPRESENTATION_CONTEXT('2D SPACE',''
  ) );
#3218 = PCURVE('',#3219,#3226);
#3219 = SURFACE_OF_LINEAR_EXTRUSION('',#3220,#3224);
#3220 = B_SPLINE_CURVE_WITH_KNOTS('',2,(#3221,#3222,#3223),
  .UNSPECIFIED.,.F.,.F.,(3,3),(0.,1.),.PIECEWISE_BEZIER_KNOTS.);
#3221 = CARTESIAN_POINT('',(22.146240234375,13.064453125,3.4));
#3222 = CARTESIAN_POINT('',(22.379150390625,13.25048828125,3.4));
#3223 = CARTESIAN_POINT('',(22.481689453125,13.38818359375,3.4));
#3224 = VECTOR('',#3225,1.);
#3225 = DIRECTION('',(-0.,-0.,-1.));
#3226 = DEFINITIONAL_REPRESENTATION('',(#3227),#3235);
#3227 = B_SPLINE_CURVE_WITH_KNOTS('',6,(#3228,#3229,#3230,#3231,#3232,
    #3233,#3234),.UNSPECIFIED.,.F.,.F.,(7,7),(0.,1.),
  .PIECEWISE_BEZIER_KNOTS.);
#3228 = CARTESIAN_POINT('',(1.,-0.6));
#3229 = CARTESIAN_POINT('',(0.825684739705,-0.6));
#3230 = CARTESIAN_POINT('',(0.653989095185,-0.6));
#3231 = CARTESIAN_POINT('',(0.485370829725,-0.6));
#3232 = CARTESIAN_POINT('',(0.320097887204,-0.6));
#3233 = CARTESIAN_POINT('',(0.158301734332,-0.6));
#3234 = CARTESIAN_POINT('',(0.,-0.6));
#3235 = ( GEOMETRIC_REPRESENTATION_CONTEXT(2) 
PARAMETRIC_REPRESENTATION_CONTEXT() REPRESENTATION_CONTEXT('2D SPACE',''
  ) );
#3236 = ORIENTED_EDGE('',*,*,#3237,.F.);
#3237 = EDGE_CURVE('',#3238,#3196,#3240,.T.);
#3238 = VERTEX_POINT('',#3239);
#3239 = CARTESIAN_POINT('',(22.584228515625,13.6533203125,4.));
#3240 = SURFACE_CURVE('',#3241,(#3248,#3258),.PCURVE_S1.);
#3241 = B_SPLINE_CURVE_WITH_KNOTS('',5,(#3242,#3243,#3244,#3245,#3246,
    #3247),.UNSPECIFIED.,.F.,.F.,(6,6),(0.,1.),
  .PIECEWISE_BEZIER_KNOTS.);
#3242 = CARTESIAN_POINT('',(22.584228515625,13.6533203125,4.));
#3243 = CARTESIAN_POINT('',(22.584228515625,13.601883660893,4.));
#3244 = CARTESIAN_POINT('',(22.57378868402,13.549464251475,4.));
#3245 = CARTESIAN_POINT('',(22.552958690237,13.496248704762,4.));
#3246 = CARTESIAN_POINT('',(22.522083329753,13.442426799508,4.));
#3247 = CARTESIAN_POINT('',(22.481689453125,13.38818359375,4.));
#3248 = PCURVE('',#368,#3249);
#3249 = DEFINITIONAL_REPRESENTATION('',(#3250),#3257);
#3250 = B_SPLINE_CURVE_WITH_KNOTS('',5,(#3251,#3252,#3253,#3254,#3255,
    #3256),.UNSPECIFIED.,.F.,.F.,(6,6),(0.,1.),
  .PIECEWISE_BEZIER_KNOTS.);
#3251 = CARTESIAN_POINT('',(22.584228515625,13.6533203125));
#3252 = CARTESIAN_POINT('',(22.584228515625,13.601883660893));
#3253 = CARTESIAN_POINT('',(22.57378868402,13.549464251475));
#3254 = CARTESIAN_POINT('',(22.552958690237,13.496248704762));
#3255 = CARTESIAN_POINT('',(22.522083329753,13.442426799508));
#3256 = CARTESIAN_POINT('',(22.481689453125,13.38818359375));
#3257 = ( GEOMETRIC_REPRESENTATION_CONTEXT(2) 
PARAMETRIC_REPRESENTATION_CONTEXT() REPRESENTATION_CONTEXT('2D SPACE',''
  ) );
#3258 = PCURVE('',#3259,#3266);
#3259 = SURFACE_OF_LINEAR_EXTRUSION('',#3260,#3264);
#3260 = B_SPLINE_CURVE_WITH_KNOTS('',2,(#3261,#3262,#3263),
  .UNSPECIFIED.,.F.,.F.,(3,3),(0.,1.),.PIECEWISE_BEZIER_KNOTS.);
#3261 = CARTESIAN_POINT('',(22.481689453125,13.38818359375,3.4));
#3262 = CARTESIAN_POINT('',(22.584228515625,13.52587890625,3.4));
#3263 = CARTESIAN_POINT('',(22.584228515625,13.6533203125,3.4));
#3264 = VECTOR('',#3265,1.);
#3265 = DIRECTION('',(-0.,-0.,-1.));
#3266 = DEFINITIONAL_REPRESENTATION('',(#3267),#3274);
#3267 = B_SPLINE_CURVE_WITH_KNOTS('',5,(#3268,#3269,#3270,#3271,#3272,
    #3273),.UNSPECIFIED.,.F.,.F.,(6,6),(0.,1.),
  .PIECEWISE_BEZIER_KNOTS.);
#3268 = CARTESIAN_POINT('',(1.,-0.6));
#3269 = CARTESIAN_POINT('',(0.798194899443,-0.6));
#3270 = CARTESIAN_POINT('',(0.596630008687,-0.6));
#3271 = CARTESIAN_POINT('',(0.396018022206,-0.6));
#3272 = CARTESIAN_POINT('',(0.196968236511,-0.6));
#3273 = CARTESIAN_POINT('',(0.,-0.6));
#3274 = ( GEOMETRIC_REPRESENTATION_CONTEXT(2) 
PARAMETRIC_REPRESENTATION_CONTEXT() REPRESENTATION_CONTEXT('2D SPACE',''
  ) );
#3275 = ORIENTED_EDGE('',*,*,#3276,.F.);
#3276 = EDGE_CURVE('',#3277,#3238,#3279,.T.);
#3277 = VERTEX_POINT('',#3278);
#3278 = CARTESIAN_POINT('',(22.483154296875,13.90380859375,4.));
#3279 = SURFACE_CURVE('',#3280,(#3291,#3305),.PCURVE_S1.);
#3280 = B_SPLINE_CURVE_WITH_KNOTS('',5,(#3281,#3282,#3283,#3284,#3285,
    #3286,#3287,#3288,#3289,#3290),.UNSPECIFIED.,.F.,.F.,(6,4,6),(0.,
    0.230069315821,1.),.UNSPECIFIED.);
#3281 = CARTESIAN_POINT('',(22.483154296875,13.90380859375,4.));
#3282 = CARTESIAN_POINT('',(22.492483750512,13.89569602537,4.));
#3283 = CARTESIAN_POINT('',(22.50128233091,13.887179271975,4.));
#3284 = CARTESIAN_POINT('',(22.50954591766,13.878259182431,4.));
#3285 = CARTESIAN_POINT('',(22.517271497547,13.868937464154,4.));
#3286 = CARTESIAN_POINT('',(22.548504115327,13.826685932202,4.));
#3287 = CARTESIAN_POINT('',(22.566505576507,13.78968461759,4.));
#3288 = CARTESIAN_POINT('',(22.578386328574,13.748312055809,4.));
#3289 = CARTESIAN_POINT('',(22.584228515625,13.702767589594,4.));
#3290 = CARTESIAN_POINT('',(22.584228515625,13.6533203125,4.));
#3291 = PCURVE('',#368,#3292);
#3292 = DEFINITIONAL_REPRESENTATION('',(#3293),#3304);
#3293 = B_SPLINE_CURVE_WITH_KNOTS('',5,(#3294,#3295,#3296,#3297,#3298,
    #3299,#3300,#3301,#3302,#3303),.UNSPECIFIED.,.F.,.F.,(6,4,6),(0.,
    0.230069315821,1.),.UNSPECIFIED.);
#3294 = CARTESIAN_POINT('',(22.483154296875,13.90380859375));
#3295 = CARTESIAN_POINT('',(22.492483750512,13.89569602537));
#3296 = CARTESIAN_POINT('',(22.50128233091,13.887179271975));
#3297 = CARTESIAN_POINT('',(22.50954591766,13.878259182431));
#3298 = CARTESIAN_POINT('',(22.517271497547,13.868937464154));
#3299 = CARTESIAN_POINT('',(22.548504115327,13.826685932202));
#3300 = CARTESIAN_POINT('',(22.566505576507,13.78968461759));
#3301 = CARTESIAN_POINT('',(22.578386328574,13.748312055809));
#3302 = CARTESIAN_POINT('',(22.584228515625,13.702767589594));
#3303 = CARTESIAN_POINT('',(22.584228515625,13.6533203125));
#3304 = ( GEOMETRIC_REPRESENTATION_CONTEXT(2) 
PARAMETRIC_REPRESENTATION_CONTEXT() REPRESENTATION_CONTEXT('2D SPACE',''
  ) );
#3305 = PCURVE('',#3306,#3313);
#3306 = SURFACE_OF_LINEAR_EXTRUSION('',#3307,#3311);
#3307 = B_SPLINE_CURVE_WITH_KNOTS('',2,(#3308,#3309,#3310),
  .UNSPECIFIED.,.F.,.F.,(3,3),(0.,1.),.PIECEWISE_BEZIER_KNOTS.);
#3308 = CARTESIAN_POINT('',(22.584228515625,13.6533203125,3.4));
#3309 = CARTESIAN_POINT('',(22.584228515625,13.81591796875,3.4));
#3310 = CARTESIAN_POINT('',(22.483154296875,13.90380859375,3.4));
#3311 = VECTOR('',#3312,1.);
#3312 = DIRECTION('',(-0.,-0.,-1.));
#3313 = DEFINITIONAL_REPRESENTATION('',(#3314),#3325);
#3314 = B_SPLINE_CURVE_WITH_KNOTS('',5,(#3315,#3316,#3317,#3318,#3319,
    #3320,#3321,#3322,#3323,#3324),.UNSPECIFIED.,.F.,.F.,(6,4,6),(0.,
    0.230069315821,1.),.UNSPECIFIED.);
#3315 = CARTESIAN_POINT('',(1.,-0.6));
#3316 = CARTESIAN_POINT('',(0.953848499885,-0.6));
#3317 = CARTESIAN_POINT('',(0.907660712504,-0.6));
#3318 = CARTESIAN_POINT('',(0.861448613395,-0.6));
#3319 = CARTESIAN_POINT('',(0.815224301667,-0.6));
#3320 = CARTESIAN_POINT('',(0.614309627314,-0.6));
#3321 = CARTESIAN_POINT('',(0.459612617527,-0.6));
#3322 = CARTESIAN_POINT('',(0.305385341506,-0.6));
#3323 = CARTESIAN_POINT('',(0.152054089321,-0.6));
#3324 = CARTESIAN_POINT('',(0.,-0.6));
#3325 = ( GEOMETRIC_REPRESENTATION_CONTEXT(2) 
PARAMETRIC_REPRESENTATION_CONTEXT() REPRESENTATION_CONTEXT('2D SPACE',''
  ) );
#3326 = ORIENTED_EDGE('',*,*,#3327,.F.);
#3327 = EDGE_CURVE('',#3328,#3277,#3330,.T.);
#3328 = VERTEX_POINT('',#3329);
#3329 = CARTESIAN_POINT('',(22.194580078125,13.99169921875,4.));
#3330 = SURFACE_CURVE('',#3331,(#3338,#3348),.PCURVE_S1.);
#3331 = B_SPLINE_CURVE_WITH_KNOTS('',5,(#3332,#3333,#3334,#3335,#3336,
    #3337),.UNSPECIFIED.,.F.,.F.,(6,6),(0.,1.),
  .PIECEWISE_BEZIER_KNOTS.);
#3332 = CARTESIAN_POINT('',(22.194580078125,13.99169921875,4.));
#3333 = CARTESIAN_POINT('',(22.268095152833,13.99169921875,4.));
#3334 = CARTESIAN_POINT('',(22.334338809415,13.983254694881,4.));
#3335 = CARTESIAN_POINT('',(22.392585938361,13.965891628542,4.));
#3336 = CARTESIAN_POINT('',(22.442271294987,13.939359030175,4.));
#3337 = CARTESIAN_POINT('',(22.483154296875,13.90380859375,4.));
#3338 = PCURVE('',#368,#3339);
#3339 = DEFINITIONAL_REPRESENTATION('',(#3340),#3347);
#3340 = B_SPLINE_CURVE_WITH_KNOTS('',5,(#3341,#3342,#3343,#3344,#3345,
    #3346),.UNSPECIFIED.,.F.,.F.,(6,6),(0.,1.),
  .PIECEWISE_BEZIER_KNOTS.);
#3341 = CARTESIAN_POINT('',(22.194580078125,13.99169921875));
#3342 = CARTESIAN_POINT('',(22.268095152833,13.99169921875));
#3343 = CARTESIAN_POINT('',(22.334338809415,13.983254694881));
#3344 = CARTESIAN_POINT('',(22.392585938361,13.965891628542));
#3345 = CARTESIAN_POINT('',(22.442271294987,13.939359030175));
#3346 = CARTESIAN_POINT('',(22.483154296875,13.90380859375));
#3347 = ( GEOMETRIC_REPRESENTATION_CONTEXT(2) 
PARAMETRIC_REPRESENTATION_CONTEXT() REPRESENTATION_CONTEXT('2D SPACE',''
  ) );
#3348 = PCURVE('',#3349,#3356);
#3349 = SURFACE_OF_LINEAR_EXTRUSION('',#3350,#3354);
#3350 = B_SPLINE_CURVE_WITH_KNOTS('',2,(#3351,#3352,#3353),
  .UNSPECIFIED.,.F.,.F.,(3,3),(0.,1.),.PIECEWISE_BEZIER_KNOTS.);
#3351 = CARTESIAN_POINT('',(22.483154296875,13.90380859375,3.4));
#3352 = CARTESIAN_POINT('',(22.382080078125,13.99169921875,3.4));
#3353 = CARTESIAN_POINT('',(22.194580078125,13.99169921875,3.4));
#3354 = VECTOR('',#3355,1.);
#3355 = DIRECTION('',(-0.,-0.,-1.));
#3356 = DEFINITIONAL_REPRESENTATION('',(#3357),#3364);
#3357 = B_SPLINE_CURVE_WITH_KNOTS('',5,(#3358,#3359,#3360,#3361,#3362,
    #3363),.UNSPECIFIED.,.F.,.F.,(6,6),(0.,1.),
  .PIECEWISE_BEZIER_KNOTS.);
#3358 = CARTESIAN_POINT('',(1.,-0.6));
#3359 = CARTESIAN_POINT('',(0.803959800779,-0.6));
#3360 = CARTESIAN_POINT('',(0.605166631749,-0.6));
#3361 = CARTESIAN_POINT('',(0.40431113616,-0.6));
#3362 = CARTESIAN_POINT('',(0.202242482772,-0.6));
#3363 = CARTESIAN_POINT('',(0.,-0.6));
#3364 = ( GEOMETRIC_REPRESENTATION_CONTEXT(2) 
PARAMETRIC_REPRESENTATION_CONTEXT() REPRESENTATION_CONTEXT('2D SPACE',''
  ) );
#3365 = ORIENTED_EDGE('',*,*,#3366,.F.);
#3366 = EDGE_CURVE('',#3367,#3328,#3369,.T.);
#3367 = VERTEX_POINT('',#3368);
#3368 = CARTESIAN_POINT('',(21.92431640625,13.900146484375,4.));
#3369 = SURFACE_CURVE('',#3370,(#3381,#3395),.PCURVE_S1.);
#3370 = B_SPLINE_CURVE_WITH_KNOTS('',5,(#3371,#3372,#3373,#3374,#3375,
    #3376,#3377,#3378,#3379,#3380),.UNSPECIFIED.,.F.,.F.,(6,4,6),(0.,
    0.14333283011,1.),.UNSPECIFIED.);
#3371 = CARTESIAN_POINT('',(21.92431640625,13.900146484375,4.));
#3372 = CARTESIAN_POINT('',(21.930262926488,13.905418222175,4.));
#3373 = CARTESIAN_POINT('',(21.936342925849,13.910501509095,4.));
#3374 = CARTESIAN_POINT('',(21.942556058085,13.915395742078,4.));
#3375 = CARTESIAN_POINT('',(21.948901890961,13.920100438143,4.));
#3376 = CARTESIAN_POINT('',(21.994097505144,13.951599127096,4.));
#3377 = CARTESIAN_POINT('',(22.037538434849,13.971800571771,4.));
#3378 = CARTESIAN_POINT('',(22.085588242115,13.985137665916,4.));
#3379 = CARTESIAN_POINT('',(22.138031150371,13.99169921875,4.));
#3380 = CARTESIAN_POINT('',(22.194580078125,13.99169921875,4.));
#3381 = PCURVE('',#368,#3382);
#3382 = DEFINITIONAL_REPRESENTATION('',(#3383),#3394);
#3383 = B_SPLINE_CURVE_WITH_KNOTS('',5,(#3384,#3385,#3386,#3387,#3388,
    #3389,#3390,#3391,#3392,#3393),.UNSPECIFIED.,.F.,.F.,(6,4,6),(0.,
    0.14333283011,1.),.UNSPECIFIED.);
#3384 = CARTESIAN_POINT('',(21.92431640625,13.900146484375));
#3385 = CARTESIAN_POINT('',(21.930262926488,13.905418222175));
#3386 = CARTESIAN_POINT('',(21.936342925849,13.910501509095));
#3387 = CARTESIAN_POINT('',(21.942556058085,13.915395742078));
#3388 = CARTESIAN_POINT('',(21.948901890961,13.920100438143));
#3389 = CARTESIAN_POINT('',(21.994097505144,13.951599127096));
#3390 = CARTESIAN_POINT('',(22.037538434849,13.971800571771));
#3391 = CARTESIAN_POINT('',(22.085588242115,13.985137665916));
#3392 = CARTESIAN_POINT('',(22.138031150371,13.99169921875));
#3393 = CARTESIAN_POINT('',(22.194580078125,13.99169921875));
#3394 = ( GEOMETRIC_REPRESENTATION_CONTEXT(2) 
PARAMETRIC_REPRESENTATION_CONTEXT() REPRESENTATION_CONTEXT('2D SPACE',''
  ) );
#3395 = PCURVE('',#3396,#3403);
#3396 = SURFACE_OF_LINEAR_EXTRUSION('',#3397,#3401);
#3397 = B_SPLINE_CURVE_WITH_KNOTS('',2,(#3398,#3399,#3400),
  .UNSPECIFIED.,.F.,.F.,(3,3),(0.,1.),.PIECEWISE_BEZIER_KNOTS.);
#3398 = CARTESIAN_POINT('',(22.194580078125,13.99169921875,3.4));
#3399 = CARTESIAN_POINT('',(22.027587890625,13.99169921875,3.4));
#3400 = CARTESIAN_POINT('',(21.92431640625,13.900146484375,3.4));
#3401 = VECTOR('',#3402,1.);
#3402 = DIRECTION('',(-0.,-0.,-1.));
#3403 = DEFINITIONAL_REPRESENTATION('',(#3404),#3415);
#3404 = B_SPLINE_CURVE_WITH_KNOTS('',5,(#3405,#3406,#3407,#3408,#3409,
    #3410,#3411,#3412,#3413,#3414),.UNSPECIFIED.,.F.,.F.,(6,4,6),(0.,
    0.14333283011,1.),.UNSPECIFIED.);
#3405 = CARTESIAN_POINT('',(1.,-0.6));
#3406 = CARTESIAN_POINT('',(0.971209282628,-0.6));
#3407 = CARTESIAN_POINT('',(0.942411626879,-0.6));
#3408 = CARTESIAN_POINT('',(0.913609326195,-0.6));
#3409 = CARTESIAN_POINT('',(0.884804681258,-0.6));
#3410 = CARTESIAN_POINT('',(0.683841083203,-0.6));
#3411 = CARTESIAN_POINT('',(0.511673941555,-0.6));
#3412 = CARTESIAN_POINT('',(0.340011944516,-0.6));
#3413 = CARTESIAN_POINT('',(0.169316087779,-0.6));
#3414 = CARTESIAN_POINT('',(0.,-0.6));
#3415 = ( GEOMETRIC_REPRESENTATION_CONTEXT(2) 
PARAMETRIC_REPRESENTATION_CONTEXT() REPRESENTATION_CONTEXT('2D SPACE',''
  ) );
#3416 = ORIENTED_EDGE('',*,*,#3417,.F.);
#3417 = EDGE_CURVE('',#3418,#3367,#3420,.T.);
#3418 = VERTEX_POINT('',#3419);
#3419 = CARTESIAN_POINT('',(21.802001953125,13.64306640625,4.));
#3420 = SURFACE_CURVE('',#3421,(#3432,#3446),.PCURVE_S1.);
#3421 = B_SPLINE_CURVE_WITH_KNOTS('',5,(#3422,#3423,#3424,#3425,#3426,
    #3427,#3428,#3429,#3430,#3431),.UNSPECIFIED.,.F.,.F.,(6,4,6),(0.,
    0.846696941322,1.),.UNSPECIFIED.);
#3422 = CARTESIAN_POINT('',(21.802001953125,13.64306640625,4.));
#3423 = CARTESIAN_POINT('',(21.808375921213,13.69847089809,4.));
#3424 = CARTESIAN_POINT('',(21.820699028054,13.749142036181,4.));
#3425 = CARTESIAN_POINT('',(21.839146075356,13.794779072413,4.));
#3426 = CARTESIAN_POINT('',(21.863778931532,13.835163753026,4.));
#3427 = CARTESIAN_POINT('',(21.900069863396,13.876536416155,4.));
#3428 = CARTESIAN_POINT('',(21.905833211222,13.882703478707,4.));
#3429 = CARTESIAN_POINT('',(21.911795881734,13.888694460039,4.));
#3430 = CARTESIAN_POINT('',(21.917957215162,13.894508903623,4.));
#3431 = CARTESIAN_POINT('',(21.92431640625,13.900146484375,4.));
#3432 = PCURVE('',#368,#3433);
#3433 = DEFINITIONAL_REPRESENTATION('',(#3434),#3445);
#3434 = B_SPLINE_CURVE_WITH_KNOTS('',5,(#3435,#3436,#3437,#3438,#3439,
    #3440,#3441,#3442,#3443,#3444),.UNSPECIFIED.,.F.,.F.,(6,4,6),(0.,
    0.846696941322,1.),.UNSPECIFIED.);
#3435 = CARTESIAN_POINT('',(21.802001953125,13.64306640625));
#3436 = CARTESIAN_POINT('',(21.808375921213,13.69847089809));
#3437 = CARTESIAN_POINT('',(21.820699028054,13.749142036181));
#3438 = CARTESIAN_POINT('',(21.839146075356,13.794779072413));
#3439 = CARTESIAN_POINT('',(21.863778931532,13.835163753026));
#3440 = CARTESIAN_POINT('',(21.900069863396,13.876536416155));
#3441 = CARTESIAN_POINT('',(21.905833211222,13.882703478707));
#3442 = CARTESIAN_POINT('',(21.911795881734,13.888694460039));
#3443 = CARTESIAN_POINT('',(21.917957215162,13.894508903623));
#3444 = CARTESIAN_POINT('',(21.92431640625,13.900146484375));
#3445 = ( GEOMETRIC_REPRESENTATION_CONTEXT(2) 
PARAMETRIC_REPRESENTATION_CONTEXT() REPRESENTATION_CONTEXT('2D SPACE',''
  ) );
#3446 = PCURVE('',#3447,#3454);
#3447 = SURFACE_OF_LINEAR_EXTRUSION('',#3448,#3452);
#3448 = B_SPLINE_CURVE_WITH_KNOTS('',2,(#3449,#3450,#3451),
  .UNSPECIFIED.,.F.,.F.,(3,3),(0.,1.),.PIECEWISE_BEZIER_KNOTS.);
#3449 = CARTESIAN_POINT('',(21.92431640625,13.900146484375,3.4));
#3450 = CARTESIAN_POINT('',(21.821044921875,13.80859375,3.4));
#3451 = CARTESIAN_POINT('',(21.802001953125,13.64306640625,3.4));
#3452 = VECTOR('',#3453,1.);
#3453 = DIRECTION('',(-0.,-0.,-1.));
#3454 = DEFINITIONAL_REPRESENTATION('',(#3455),#3466);
#3455 = B_SPLINE_CURVE_WITH_KNOTS('',5,(#3456,#3457,#3458,#3459,#3460,
    #3461,#3462,#3463,#3464,#3465),.UNSPECIFIED.,.F.,.F.,(6,4,6),(0.,
    0.846696941322,1.),.UNSPECIFIED.);
#3456 = CARTESIAN_POINT('',(1.,-0.6));
#3457 = CARTESIAN_POINT('',(0.832642478927,-0.6));
#3458 = CARTESIAN_POINT('',(0.663936435137,-0.6));
#3459 = CARTESIAN_POINT('',(0.494285778001,-0.6));
#3460 = CARTESIAN_POINT('',(0.324140206619,-0.6));
#3461 = CARTESIAN_POINT('',(0.123194391989,-0.6));
#3462 = CARTESIAN_POINT('',(9.238874079846E-02,-0.6));
#3463 = CARTESIAN_POINT('',(6.158589864445E-02,-0.6));
#3464 = CARTESIAN_POINT('',(3.078870768064E-02,-0.6));
#3465 = CARTESIAN_POINT('',(0.,-0.6));
#3466 = ( GEOMETRIC_REPRESENTATION_CONTEXT(2) 
PARAMETRIC_REPRESENTATION_CONTEXT() REPRESENTATION_CONTEXT('2D SPACE',''
  ) );
#3467 = ORIENTED_EDGE('',*,*,#3468,.F.);
#3468 = EDGE_CURVE('',#3469,#3418,#3471,.T.);
#3469 = VERTEX_POINT('',#3470);
#3470 = CARTESIAN_POINT('',(21.532470703125,13.66796875,4.));
#3471 = SURFACE_CURVE('',#3472,(#3476,#3482),.PCURVE_S1.);
#3472 = LINE('',#3473,#3474);
#3473 = CARTESIAN_POINT('',(11.618181973534,14.583962817408,4.));
#3474 = VECTOR('',#3475,1.);
#3475 = DIRECTION('',(0.995759055224,-9.199947792832E-02,0.));
#3476 = PCURVE('',#368,#3477);
#3477 = DEFINITIONAL_REPRESENTATION('',(#3478),#3481);
#3478 = B_SPLINE_CURVE_WITH_KNOTS('',1,(#3479,#3480),.UNSPECIFIED.,.F.,
  .F.,(2,2),(9.956513754584,10.227192940061),.PIECEWISE_BEZIER_KNOTS.);
#3479 = CARTESIAN_POINT('',(21.532470703125,13.66796875));
#3480 = CARTESIAN_POINT('',(21.802001953125,13.64306640625));
#3481 = ( GEOMETRIC_REPRESENTATION_CONTEXT(2) 
PARAMETRIC_REPRESENTATION_CONTEXT() REPRESENTATION_CONTEXT('2D SPACE',''
  ) );
#3482 = PCURVE('',#3483,#3488);
#3483 = PLANE('',#3484);
#3484 = AXIS2_PLACEMENT_3D('',#3485,#3486,#3487);
#3485 = CARTESIAN_POINT('',(21.802001953125,13.64306640625,3.4));
#3486 = DIRECTION('',(-9.199947792832E-02,-0.995759055224,0.));
#3487 = DIRECTION('',(-0.995759055224,9.199947792832E-02,0.));
#3488 = DEFINITIONAL_REPRESENTATION('',(#3489),#3492);
#3489 = B_SPLINE_CURVE_WITH_KNOTS('',1,(#3490,#3491),.UNSPECIFIED.,.F.,
  .F.,(2,2),(9.956513754584,10.227192940061),.PIECEWISE_BEZIER_KNOTS.);
#3490 = CARTESIAN_POINT('',(0.270679185478,-0.6));
#3491 = CARTESIAN_POINT('',(0.,-0.6));
#3492 = ( GEOMETRIC_REPRESENTATION_CONTEXT(2) 
PARAMETRIC_REPRESENTATION_CONTEXT() REPRESENTATION_CONTEXT('2D SPACE',''
  ) );
#3493 = ORIENTED_EDGE('',*,*,#3494,.F.);
#3494 = EDGE_CURVE('',#3495,#3469,#3497,.T.);
#3495 = VERTEX_POINT('',#3496);
#3496 = CARTESIAN_POINT('',(21.736083984375,14.062744140625,4.));
#3497 = SURFACE_CURVE('',#3498,(#3509,#3523),.PCURVE_S1.);
#3498 = B_SPLINE_CURVE_WITH_KNOTS('',5,(#3499,#3500,#3501,#3502,#3503,
    #3504,#3505,#3506,#3507,#3508),.UNSPECIFIED.,.F.,.F.,(6,4,6),(0.,
    0.320654729039,1.),.UNSPECIFIED.);
#3499 = CARTESIAN_POINT('',(21.736083984375,14.062744140625,4.));
#3500 = CARTESIAN_POINT('',(21.713714031853,14.044039852592,4.));
#3501 = CARTESIAN_POINT('',(21.692775732824,14.024221691963,4.));
#3502 = CARTESIAN_POINT('',(21.673305171092,14.003294289501,4.));
#3503 = CARTESIAN_POINT('',(21.655328196279,13.981270675988,4.));
#3504 = CARTESIAN_POINT('',(21.603971484653,13.909235581322,4.));
#3505 = CARTESIAN_POINT('',(21.575853477766,13.855470764802,4.));
#3506 = CARTESIAN_POINT('',(21.554661596631,13.797090196763,4.));
#3507 = CARTESIAN_POINT('',(21.540291506664,13.73444558008,4.));
#3508 = CARTESIAN_POINT('',(21.532470703125,13.66796875,4.));
#3509 = PCURVE('',#368,#3510);
#3510 = DEFINITIONAL_REPRESENTATION('',(#3511),#3522);
#3511 = B_SPLINE_CURVE_WITH_KNOTS('',5,(#3512,#3513,#3514,#3515,#3516,
    #3517,#3518,#3519,#3520,#3521),.UNSPECIFIED.,.F.,.F.,(6,4,6),(0.,
    0.320654729039,1.),.UNSPECIFIED.);
#3512 = CARTESIAN_POINT('',(21.736083984375,14.062744140625));
#3513 = CARTESIAN_POINT('',(21.713714031853,14.044039852592));
#3514 = CARTESIAN_POINT('',(21.692775732824,14.024221691963));
#3515 = CARTESIAN_POINT('',(21.673305171092,14.003294289501));
#3516 = CARTESIAN_POINT('',(21.655328196279,13.981270675988));
#3517 = CARTESIAN_POINT('',(21.603971484653,13.909235581322));
#3518 = CARTESIAN_POINT('',(21.575853477766,13.855470764802));
#3519 = CARTESIAN_POINT('',(21.554661596631,13.797090196763));
#3520 = CARTESIAN_POINT('',(21.540291506664,13.73444558008));
#3521 = CARTESIAN_POINT('',(21.532470703125,13.66796875));
#3522 = ( GEOMETRIC_REPRESENTATION_CONTEXT(2) 
PARAMETRIC_REPRESENTATION_CONTEXT() REPRESENTATION_CONTEXT('2D SPACE',''
  ) );
#3523 = PCURVE('',#3524,#3531);
#3524 = SURFACE_OF_LINEAR_EXTRUSION('',#3525,#3529);
#3525 = B_SPLINE_CURVE_WITH_KNOTS('',2,(#3526,#3527,#3528),
  .UNSPECIFIED.,.F.,.F.,(3,3),(0.,1.),.PIECEWISE_BEZIER_KNOTS.);
#3526 = CARTESIAN_POINT('',(21.532470703125,13.66796875,3.4));
#3527 = CARTESIAN_POINT('',(21.561767578125,13.9169921875,3.4));
#3528 = CARTESIAN_POINT('',(21.736083984375,14.062744140625,3.4));
#3529 = VECTOR('',#3530,1.);
#3530 = DIRECTION('',(-0.,-0.,-1.));
#3531 = DEFINITIONAL_REPRESENTATION('',(#3532),#3543);
#3532 = B_SPLINE_CURVE_WITH_KNOTS('',5,(#3533,#3534,#3535,#3536,#3537,
    #3538,#3539,#3540,#3541,#3542),.UNSPECIFIED.,.F.,.F.,(6,4,6),(0.,
    0.320654729039,1.),.UNSPECIFIED.);
#3533 = CARTESIAN_POINT('',(1.,-0.6));
#3534 = CARTESIAN_POINT('',(0.935835206212,-0.6));
#3535 = CARTESIAN_POINT('',(0.871495594819,-0.6));
#3536 = CARTESIAN_POINT('',(0.807037350217,-0.6));
#3537 = CARTESIAN_POINT('',(0.742518717009,-0.6));
#3538 = CARTESIAN_POINT('',(0.54130940629,-0.6));
#3539 = CARTESIAN_POINT('',(0.404606972212,-0.6));
#3540 = CARTESIAN_POINT('',(0.268490876664,-0.6));
#3541 = CARTESIAN_POINT('',(0.133475047063,-0.6));
#3542 = CARTESIAN_POINT('',(0.,-0.6));
#3543 = ( GEOMETRIC_REPRESENTATION_CONTEXT(2) 
PARAMETRIC_REPRESENTATION_CONTEXT() REPRESENTATION_CONTEXT('2D SPACE',''
  ) );
#3544 = ORIENTED_EDGE('',*,*,#3545,.F.);
#3545 = EDGE_CURVE('',#3546,#3495,#3548,.T.);
#3546 = VERTEX_POINT('',#3547);
#3547 = CARTESIAN_POINT('',(22.194580078125,14.20849609375,4.));
#3548 = SURFACE_CURVE('',#3549,(#3560,#3574),.PCURVE_S1.);
#3549 = B_SPLINE_CURVE_WITH_KNOTS('',5,(#3550,#3551,#3552,#3553,#3554,
    #3555,#3556,#3557,#3558,#3559),.UNSPECIFIED.,.F.,.F.,(6,4,6),(0.,
    0.938906564749,1.),.UNSPECIFIED.);
#3550 = CARTESIAN_POINT('',(22.194580078125,14.20849609375,4.));
#3551 = CARTESIAN_POINT('',(22.091168886827,14.20849609375,4.));
#3552 = CARTESIAN_POINT('',(21.994594678676,14.196432993153,4.));
#3553 = CARTESIAN_POINT('',(21.906193991687,14.171257118301,4.));
#3554 = CARTESIAN_POINT('',(21.827160914137,14.132368025867,4.));
#3555 = CARTESIAN_POINT('',(21.753629230021,14.076866322589,4.));
#3556 = CARTESIAN_POINT('',(21.749179170755,14.073419502295,4.));
#3557 = CARTESIAN_POINT('',(21.744771514282,14.069916771851,4.));
#3558 = CARTESIAN_POINT('',(21.740406407311,14.066358267365,4.));
#3559 = CARTESIAN_POINT('',(21.736083984375,14.062744140625,4.));
#3560 = PCURVE('',#368,#3561);
#3561 = DEFINITIONAL_REPRESENTATION('',(#3562),#3573);
#3562 = B_SPLINE_CURVE_WITH_KNOTS('',5,(#3563,#3564,#3565,#3566,#3567,
    #3568,#3569,#3570,#3571,#3572),.UNSPECIFIED.,.F.,.F.,(6,4,6),(0.,
    0.938906564749,1.),.UNSPECIFIED.);
#3563 = CARTESIAN_POINT('',(22.194580078125,14.20849609375));
#3564 = CARTESIAN_POINT('',(22.091168886827,14.20849609375));
#3565 = CARTESIAN_POINT('',(21.994594678676,14.196432993153));
#3566 = CARTESIAN_POINT('',(21.906193991687,14.171257118301));
#3567 = CARTESIAN_POINT('',(21.827160914137,14.132368025867));
#3568 = CARTESIAN_POINT('',(21.753629230021,14.076866322589));
#3569 = CARTESIAN_POINT('',(21.749179170755,14.073419502295));
#3570 = CARTESIAN_POINT('',(21.744771514282,14.069916771851));
#3571 = CARTESIAN_POINT('',(21.740406407311,14.066358267365));
#3572 = CARTESIAN_POINT('',(21.736083984375,14.062744140625));
#3573 = ( GEOMETRIC_REPRESENTATION_CONTEXT(2) 
PARAMETRIC_REPRESENTATION_CONTEXT() REPRESENTATION_CONTEXT('2D SPACE',''
  ) );
#3574 = PCURVE('',#3575,#3582);
#3575 = SURFACE_OF_LINEAR_EXTRUSION('',#3576,#3580);
#3576 = B_SPLINE_CURVE_WITH_KNOTS('',2,(#3577,#3578,#3579),
  .UNSPECIFIED.,.F.,.F.,(3,3),(0.,1.),.PIECEWISE_BEZIER_KNOTS.);
#3577 = CARTESIAN_POINT('',(21.736083984375,14.062744140625,3.4));
#3578 = CARTESIAN_POINT('',(21.910400390625,14.20849609375,3.4));
#3579 = CARTESIAN_POINT('',(22.194580078125,14.20849609375,3.4));
#3580 = VECTOR('',#3581,1.);
#3581 = DIRECTION('',(-0.,-0.,-1.));
#3582 = DEFINITIONAL_REPRESENTATION('',(#3583),#3594);
#3583 = B_SPLINE_CURVE_WITH_KNOTS('',5,(#3584,#3585,#3586,#3587,#3588,
    #3589,#3590,#3591,#3592,#3593),.UNSPECIFIED.,.F.,.F.,(6,4,6),(0.,
    0.938906564749,1.),.UNSPECIFIED.);
#3584 = CARTESIAN_POINT('',(1.,-0.6));
#3585 = CARTESIAN_POINT('',(0.818053161702,-0.6));
#3586 = CARTESIAN_POINT('',(0.632137344715,-0.6));
#3587 = CARTESIAN_POINT('',(0.44321202422,-0.6));
#3588 = CARTESIAN_POINT('',(0.252581819858,-0.6));
#3589 = CARTESIAN_POINT('',(4.959908758898E-02,-0.6));
#3590 = CARTESIAN_POINT('',(3.719819244098E-02,-0.6));
#3591 = CARTESIAN_POINT('',(2.479775380902E-02,-0.6));
#3592 = CARTESIAN_POINT('',(1.239821032506E-02,-0.6));
#3593 = CARTESIAN_POINT('',(0.,-0.6));
#3594 = ( GEOMETRIC_REPRESENTATION_CONTEXT(2) 
PARAMETRIC_REPRESENTATION_CONTEXT() REPRESENTATION_CONTEXT('2D SPACE',''
  ) );
#3595 = ORIENTED_EDGE('',*,*,#3596,.F.);
#3596 = EDGE_CURVE('',#3597,#3546,#3599,.T.);
#3597 = VERTEX_POINT('',#3598);
#3598 = CARTESIAN_POINT('',(22.680908203125,14.06787109375,4.));
#3599 = SURFACE_CURVE('',#3600,(#3608,#3619),.PCURVE_S1.);
#3600 = B_SPLINE_CURVE_WITH_KNOTS('',6,(#3601,#3602,#3603,#3604,#3605,
    #3606,#3607),.UNSPECIFIED.,.F.,.F.,(7,7),(0.,1.),
  .PIECEWISE_BEZIER_KNOTS.);
#3601 = CARTESIAN_POINT('',(22.680908203125,14.06787109375,4.));
#3602 = CARTESIAN_POINT('',(22.621182616392,14.116053079686,4.));
#3603 = CARTESIAN_POINT('',(22.551918843738,14.154200570772,4.));
#3604 = CARTESIAN_POINT('',(22.473660389321,14.182053014485,4.));
#3605 = CARTESIAN_POINT('',(22.387318853918,14.199938784792,4.));
#3606 = CARTESIAN_POINT('',(22.293944636657,14.20849609375,4.));
#3607 = CARTESIAN_POINT('',(22.194580078125,14.20849609375,4.));
#3608 = PCURVE('',#368,#3609);
#3609 = DEFINITIONAL_REPRESENTATION('',(#3610),#3618);
#3610 = B_SPLINE_CURVE_WITH_KNOTS('',6,(#3611,#3612,#3613,#3614,#3615,
    #3616,#3617),.UNSPECIFIED.,.F.,.F.,(7,7),(0.,1.),
  .PIECEWISE_BEZIER_KNOTS.);
#3611 = CARTESIAN_POINT('',(22.680908203125,14.06787109375));
#3612 = CARTESIAN_POINT('',(22.621182616392,14.116053079686));
#3613 = CARTESIAN_POINT('',(22.551918843738,14.154200570772));
#3614 = CARTESIAN_POINT('',(22.473660389321,14.182053014485));
#3615 = CARTESIAN_POINT('',(22.387318853918,14.199938784792));
#3616 = CARTESIAN_POINT('',(22.293944636657,14.20849609375));
#3617 = CARTESIAN_POINT('',(22.194580078125,14.20849609375));
#3618 = ( GEOMETRIC_REPRESENTATION_CONTEXT(2) 
PARAMETRIC_REPRESENTATION_CONTEXT() REPRESENTATION_CONTEXT('2D SPACE',''
  ) );
#3619 = PCURVE('',#3620,#3627);
#3620 = SURFACE_OF_LINEAR_EXTRUSION('',#3621,#3625);
#3621 = B_SPLINE_CURVE_WITH_KNOTS('',2,(#3622,#3623,#3624),
  .UNSPECIFIED.,.F.,.F.,(3,3),(0.,1.),.PIECEWISE_BEZIER_KNOTS.);
#3622 = CARTESIAN_POINT('',(22.194580078125,14.20849609375,3.4));
#3623 = CARTESIAN_POINT('',(22.506591796875,14.20849609375,3.4));
#3624 = CARTESIAN_POINT('',(22.680908203125,14.06787109375,3.4));
#3625 = VECTOR('',#3626,1.);
#3626 = DIRECTION('',(-0.,-0.,-1.));
#3627 = DEFINITIONAL_REPRESENTATION('',(#3628),#3636);
#3628 = B_SPLINE_CURVE_WITH_KNOTS('',6,(#3629,#3630,#3631,#3632,#3633,
    #3634,#3635),.UNSPECIFIED.,.F.,.F.,(7,7),(0.,1.),
  .PIECEWISE_BEZIER_KNOTS.);
#3629 = CARTESIAN_POINT('',(1.,-0.6));
#3630 = CARTESIAN_POINT('',(0.828686272228,-0.6));
#3631 = CARTESIAN_POINT('',(0.657832874845,-0.6));
#3632 = CARTESIAN_POINT('',(0.488719613159,-0.6));
#3633 = CARTESIAN_POINT('',(0.322292073334,-0.6));
#3634 = CARTESIAN_POINT('',(0.159232093797,-0.6));
#3635 = CARTESIAN_POINT('',(0.,-0.6));
#3636 = ( GEOMETRIC_REPRESENTATION_CONTEXT(2) 
PARAMETRIC_REPRESENTATION_CONTEXT() REPRESENTATION_CONTEXT('2D SPACE',''
  ) );
#3637 = ORIENTED_EDGE('',*,*,#3638,.F.);
#3638 = EDGE_CURVE('',#3639,#3597,#3641,.T.);
#3639 = VERTEX_POINT('',#3640);
#3640 = CARTESIAN_POINT('',(22.855224609375,13.66943359375,4.));
#3641 = SURFACE_CURVE('',#3642,(#3653,#3667),.PCURVE_S1.);
#3642 = B_SPLINE_CURVE_WITH_KNOTS('',5,(#3643,#3644,#3645,#3646,#3647,
    #3648,#3649,#3650,#3651,#3652),.UNSPECIFIED.,.F.,.F.,(6,4,6),(0.,
    0.685943378029,1.),.UNSPECIFIED.);
#3643 = CARTESIAN_POINT('',(22.855224609375,13.66943359375,4.));
#3644 = CARTESIAN_POINT('',(22.855224609375,13.738411042344,4.));
#3645 = CARTESIAN_POINT('',(22.847425813415,13.803259136138,4.));
#3646 = CARTESIAN_POINT('',(22.831325013775,13.863344478333,4.));
#3647 = CARTESIAN_POINT('',(22.806667614795,13.918127241812,4.));
#3648 = CARTESIAN_POINT('',(22.758561629608,13.9898051361,4.));
#3649 = CARTESIAN_POINT('',(22.74170403644,14.01114042038,4.));
#3650 = CARTESIAN_POINT('',(22.723116384664,14.031271676615,4.));
#3651 = CARTESIAN_POINT('',(22.702834040118,14.050183023571,4.));
#3652 = CARTESIAN_POINT('',(22.680908203125,14.06787109375,4.));
#3653 = PCURVE('',#368,#3654);
#3654 = DEFINITIONAL_REPRESENTATION('',(#3655),#3666);
#3655 = B_SPLINE_CURVE_WITH_KNOTS('',5,(#3656,#3657,#3658,#3659,#3660,
    #3661,#3662,#3663,#3664,#3665),.UNSPECIFIED.,.F.,.F.,(6,4,6),(0.,
    0.685943378029,1.),.UNSPECIFIED.);
#3656 = CARTESIAN_POINT('',(22.855224609375,13.66943359375));
#3657 = CARTESIAN_POINT('',(22.855224609375,13.738411042344));
#3658 = CARTESIAN_POINT('',(22.847425813415,13.803259136138));
#3659 = CARTESIAN_POINT('',(22.831325013775,13.863344478333));
#3660 = CARTESIAN_POINT('',(22.806667614795,13.918127241812));
#3661 = CARTESIAN_POINT('',(22.758561629608,13.9898051361));
#3662 = CARTESIAN_POINT('',(22.74170403644,14.01114042038));
#3663 = CARTESIAN_POINT('',(22.723116384664,14.031271676615));
#3664 = CARTESIAN_POINT('',(22.702834040118,14.050183023571));
#3665 = CARTESIAN_POINT('',(22.680908203125,14.06787109375));
#3666 = ( GEOMETRIC_REPRESENTATION_CONTEXT(2) 
PARAMETRIC_REPRESENTATION_CONTEXT() REPRESENTATION_CONTEXT('2D SPACE',''
  ) );
#3667 = PCURVE('',#3668,#3675);
#3668 = SURFACE_OF_LINEAR_EXTRUSION('',#3669,#3673);
#3669 = B_SPLINE_CURVE_WITH_KNOTS('',2,(#3670,#3671,#3672),
  .UNSPECIFIED.,.F.,.F.,(3,3),(0.,1.),.PIECEWISE_BEZIER_KNOTS.);
#3670 = CARTESIAN_POINT('',(22.680908203125,14.06787109375,3.4));
#3671 = CARTESIAN_POINT('',(22.855224609375,13.92724609375,3.4));
#3672 = CARTESIAN_POINT('',(22.855224609375,13.66943359375,3.4));
#3673 = VECTOR('',#3674,1.);
#3674 = DIRECTION('',(-0.,-0.,-1.));
#3675 = DEFINITIONAL_REPRESENTATION('',(#3676),#3687);
#3676 = B_SPLINE_CURVE_WITH_KNOTS('',5,(#3677,#3678,#3679,#3680,#3681,
    #3682,#3683,#3684,#3685,#3686),.UNSPECIFIED.,.F.,.F.,(6,4,6),(0.,
    0.685943378029,1.),.UNSPECIFIED.);
#3677 = CARTESIAN_POINT('',(1.,-0.6));
#3678 = CARTESIAN_POINT('',(0.866225554243,-0.6));
#3679 = CARTESIAN_POINT('',(0.730291528866,-0.6));
#3680 = CARTESIAN_POINT('',(0.592770250457,-0.6));
#3681 = CARTESIAN_POINT('',(0.454376716095,-0.6));
#3682 = CARTESIAN_POINT('',(0.252644735691,-0.6));
#3683 = CARTESIAN_POINT('',(0.189288381706,-0.6));
#3684 = CARTESIAN_POINT('',(0.126011471957,-0.6));
#3685 = CARTESIAN_POINT('',(6.289091619248E-02,-0.6));
#3686 = CARTESIAN_POINT('',(0.,-0.6));
#3687 = ( GEOMETRIC_REPRESENTATION_CONTEXT(2) 
PARAMETRIC_REPRESENTATION_CONTEXT() REPRESENTATION_CONTEXT('2D SPACE',''
  ) );
#3688 = ORIENTED_EDGE('',*,*,#3689,.F.);
#3689 = EDGE_CURVE('',#3690,#3639,#3692,.T.);
#3690 = VERTEX_POINT('',#3691);
#3691 = CARTESIAN_POINT('',(22.743896484375,13.333251953125,4.));
#3692 = SURFACE_CURVE('',#3693,(#3700,#3710),.PCURVE_S1.);
#3693 = B_SPLINE_CURVE_WITH_KNOTS('',5,(#3694,#3695,#3696,#3697,#3698,
    #3699),.UNSPECIFIED.,.F.,.F.,(6,6),(0.,1.),
  .PIECEWISE_BEZIER_KNOTS.);
#3694 = CARTESIAN_POINT('',(22.743896484375,13.333251953125,4.));
#3695 = CARTESIAN_POINT('',(22.787797777693,13.3993927174,4.));
#3696 = CARTESIAN_POINT('',(22.82133939512,13.466298231358,4.));
#3697 = CARTESIAN_POINT('',(22.84393230838,13.533768064142,4.));
#3698 = CARTESIAN_POINT('',(22.855224609375,13.601569708355,4.));
#3699 = CARTESIAN_POINT('',(22.855224609375,13.66943359375,4.));
#3700 = PCURVE('',#368,#3701);
#3701 = DEFINITIONAL_REPRESENTATION('',(#3702),#3709);
#3702 = B_SPLINE_CURVE_WITH_KNOTS('',5,(#3703,#3704,#3705,#3706,#3707,
    #3708),.UNSPECIFIED.,.F.,.F.,(6,6),(0.,1.),
  .PIECEWISE_BEZIER_KNOTS.);
#3703 = CARTESIAN_POINT('',(22.743896484375,13.333251953125));
#3704 = CARTESIAN_POINT('',(22.787797777693,13.3993927174));
#3705 = CARTESIAN_POINT('',(22.82133939512,13.466298231358));
#3706 = CARTESIAN_POINT('',(22.84393230838,13.533768064142));
#3707 = CARTESIAN_POINT('',(22.855224609375,13.601569708355));
#3708 = CARTESIAN_POINT('',(22.855224609375,13.66943359375));
#3709 = ( GEOMETRIC_REPRESENTATION_CONTEXT(2) 
PARAMETRIC_REPRESENTATION_CONTEXT() REPRESENTATION_CONTEXT('2D SPACE',''
  ) );
#3710 = PCURVE('',#3711,#3718);
#3711 = SURFACE_OF_LINEAR_EXTRUSION('',#3712,#3716);
#3712 = B_SPLINE_CURVE_WITH_KNOTS('',2,(#3713,#3714,#3715),
  .UNSPECIFIED.,.F.,.F.,(3,3),(0.,1.),.PIECEWISE_BEZIER_KNOTS.);
#3713 = CARTESIAN_POINT('',(22.855224609375,13.66943359375,3.4));
#3714 = CARTESIAN_POINT('',(22.855224609375,13.5009765625,3.4));
#3715 = CARTESIAN_POINT('',(22.743896484375,13.333251953125,3.4));
#3716 = VECTOR('',#3717,1.);
#3717 = DIRECTION('',(-0.,-0.,-1.));
#3718 = DEFINITIONAL_REPRESENTATION('',(#3719),#3726);
#3719 = B_SPLINE_CURVE_WITH_KNOTS('',5,(#3720,#3721,#3722,#3723,#3724,
    #3725),.UNSPECIFIED.,.F.,.F.,(6,6),(0.,1.),
  .PIECEWISE_BEZIER_KNOTS.);
#3720 = CARTESIAN_POINT('',(1.,-0.6));
#3721 = CARTESIAN_POINT('',(0.802829279133,-0.6));
#3722 = CARTESIAN_POINT('',(0.603590986747,-0.6));
#3723 = CARTESIAN_POINT('',(0.402891526862,-0.6));
#3724 = CARTESIAN_POINT('',(0.201427880128,-0.6));
#3725 = CARTESIAN_POINT('',(0.,-0.6));
#3726 = ( GEOMETRIC_REPRESENTATION_CONTEXT(2) 
PARAMETRIC_REPRESENTATION_CONTEXT() REPRESENTATION_CONTEXT('2D SPACE',''
  ) );
#3727 = ORIENTED_EDGE('',*,*,#3728,.F.);
#3728 = EDGE_CURVE('',#3729,#3690,#3731,.T.);
#3729 = VERTEX_POINT('',#3730);
#3730 = CARTESIAN_POINT('',(22.411376953125,12.98974609375,4.));
#3731 = SURFACE_CURVE('',#3732,(#3739,#3749),.PCURVE_S1.);
#3732 = B_SPLINE_CURVE_WITH_KNOTS('',5,(#3733,#3734,#3735,#3736,#3737,
    #3738),.UNSPECIFIED.,.F.,.F.,(6,6),(0.,1.),
  .PIECEWISE_BEZIER_KNOTS.);
#3733 = CARTESIAN_POINT('',(22.411376953125,12.98974609375,4.));
#3734 = CARTESIAN_POINT('',(22.496882205258,13.057697287498,4.));
#3735 = CARTESIAN_POINT('',(22.573738710703,13.126177486915,4.));
#3736 = CARTESIAN_POINT('',(22.64108965274,13.195061882513,4.));
#3737 = CARTESIAN_POINT('',(22.698041903845,13.264168407458,4.));
#3738 = CARTESIAN_POINT('',(22.743896484375,13.333251953125,4.));
#3739 = PCURVE('',#368,#3740);
#3740 = DEFINITIONAL_REPRESENTATION('',(#3741),#3748);
#3741 = B_SPLINE_CURVE_WITH_KNOTS('',5,(#3742,#3743,#3744,#3745,#3746,
    #3747),.UNSPECIFIED.,.F.,.F.,(6,6),(0.,1.),
  .PIECEWISE_BEZIER_KNOTS.);
#3742 = CARTESIAN_POINT('',(22.411376953125,12.98974609375));
#3743 = CARTESIAN_POINT('',(22.496882205258,13.057697287498));
#3744 = CARTESIAN_POINT('',(22.573738710703,13.126177486915));
#3745 = CARTESIAN_POINT('',(22.64108965274,13.195061882513));
#3746 = CARTESIAN_POINT('',(22.698041903845,13.264168407458));
#3747 = CARTESIAN_POINT('',(22.743896484375,13.333251953125));
#3748 = ( GEOMETRIC_REPRESENTATION_CONTEXT(2) 
PARAMETRIC_REPRESENTATION_CONTEXT() REPRESENTATION_CONTEXT('2D SPACE',''
  ) );
#3749 = PCURVE('',#3750,#3757);
#3750 = SURFACE_OF_LINEAR_EXTRUSION('',#3751,#3755);
#3751 = B_SPLINE_CURVE_WITH_KNOTS('',2,(#3752,#3753,#3754),
  .UNSPECIFIED.,.F.,.F.,(3,3),(0.,1.),.PIECEWISE_BEZIER_KNOTS.);
#3752 = CARTESIAN_POINT('',(22.743896484375,13.333251953125,3.4));
#3753 = CARTESIAN_POINT('',(22.632568359375,13.16552734375,3.4));
#3754 = CARTESIAN_POINT('',(22.411376953125,12.98974609375,3.4));
#3755 = VECTOR('',#3756,1.);
#3756 = DIRECTION('',(-0.,-0.,-1.));
#3757 = DEFINITIONAL_REPRESENTATION('',(#3758),#3765);
#3758 = B_SPLINE_CURVE_WITH_KNOTS('',5,(#3759,#3760,#3761,#3762,#3763,
    #3764),.UNSPECIFIED.,.F.,.F.,(6,6),(0.,1.),
  .PIECEWISE_BEZIER_KNOTS.);
#3759 = CARTESIAN_POINT('',(1.,-0.6));
#3760 = CARTESIAN_POINT('',(0.806716604451,-0.6));
#3761 = CARTESIAN_POINT('',(0.609788050009,-0.6));
#3762 = CARTESIAN_POINT('',(0.409408545902,-0.6));
#3763 = CARTESIAN_POINT('',(0.205943379223,-0.6));
#3764 = CARTESIAN_POINT('',(0.,-0.6));
#3765 = ( GEOMETRIC_REPRESENTATION_CONTEXT(2) 
PARAMETRIC_REPRESENTATION_CONTEXT() REPRESENTATION_CONTEXT('2D SPACE',''
  ) );
#3766 = ORIENTED_EDGE('',*,*,#3767,.F.);
#3767 = EDGE_CURVE('',#3768,#3729,#3770,.T.);
#3768 = VERTEX_POINT('',#3769);
#3769 = CARTESIAN_POINT('',(21.9931640625,12.635986328125,4.));
#3770 = SURFACE_CURVE('',#3771,(#3779,#3790),.PCURVE_S1.);
#3771 = B_SPLINE_CURVE_WITH_KNOTS('',6,(#3772,#3773,#3774,#3775,#3776,
    #3777,#3778),.UNSPECIFIED.,.F.,.F.,(7,7),(0.,1.),
  .PIECEWISE_BEZIER_KNOTS.);
#3772 = CARTESIAN_POINT('',(21.9931640625,12.635986328125,4.));
#3773 = CARTESIAN_POINT('',(22.035473212018,12.677231096523,4.));
#3774 = CARTESIAN_POINT('',(22.09123283201,12.727316460773,4.));
#3775 = CARTESIAN_POINT('',(22.158597415579,12.784909486696,4.));
#3776 = CARTESIAN_POINT('',(22.235454499994,12.848549186647,4.));
#3777 = CARTESIAN_POINT('',(22.32011403519,12.9170901785,4.));
#3778 = CARTESIAN_POINT('',(22.411376953125,12.98974609375,4.));
#3779 = PCURVE('',#368,#3780);
#3780 = DEFINITIONAL_REPRESENTATION('',(#3781),#3789);
#3781 = B_SPLINE_CURVE_WITH_KNOTS('',6,(#3782,#3783,#3784,#3785,#3786,
    #3787,#3788),.UNSPECIFIED.,.F.,.F.,(7,7),(0.,1.),
  .PIECEWISE_BEZIER_KNOTS.);
#3782 = CARTESIAN_POINT('',(21.9931640625,12.635986328125));
#3783 = CARTESIAN_POINT('',(22.035473212018,12.677231096523));
#3784 = CARTESIAN_POINT('',(22.09123283201,12.727316460773));
#3785 = CARTESIAN_POINT('',(22.158597415579,12.784909486696));
#3786 = CARTESIAN_POINT('',(22.235454499994,12.848549186647));
#3787 = CARTESIAN_POINT('',(22.32011403519,12.9170901785));
#3788 = CARTESIAN_POINT('',(22.411376953125,12.98974609375));
#3789 = ( GEOMETRIC_REPRESENTATION_CONTEXT(2) 
PARAMETRIC_REPRESENTATION_CONTEXT() REPRESENTATION_CONTEXT('2D SPACE',''
  ) );
#3790 = PCURVE('',#3791,#3798);
#3791 = SURFACE_OF_LINEAR_EXTRUSION('',#3792,#3796);
#3792 = B_SPLINE_CURVE_WITH_KNOTS('',2,(#3793,#3794,#3795),
  .UNSPECIFIED.,.F.,.F.,(3,3),(0.,1.),.PIECEWISE_BEZIER_KNOTS.);
#3793 = CARTESIAN_POINT('',(22.411376953125,12.98974609375,3.4));
#3794 = CARTESIAN_POINT('',(22.109619140625,12.74951171875,3.4));
#3795 = CARTESIAN_POINT('',(21.9931640625,12.635986328125,3.4));
#3796 = VECTOR('',#3797,1.);
#3797 = DIRECTION('',(-0.,-0.,-1.));
#3798 = DEFINITIONAL_REPRESENTATION('',(#3799),#3807);
#3799 = B_SPLINE_CURVE_WITH_KNOTS('',6,(#3800,#3801,#3802,#3803,#3804,
    #3805,#3806),.UNSPECIFIED.,.F.,.F.,(7,7),(0.,1.),
  .PIECEWISE_BEZIER_KNOTS.);
#3800 = CARTESIAN_POINT('',(1.,-0.6));
#3801 = CARTESIAN_POINT('',(0.818345622195,-0.6));
#3802 = CARTESIAN_POINT('',(0.641954135679,-0.6));
#3803 = CARTESIAN_POINT('',(0.471872726764,-0.6));
#3804 = CARTESIAN_POINT('',(0.308344761415,-0.6));
#3805 = CARTESIAN_POINT('',(0.151218815479,-0.6));
#3806 = CARTESIAN_POINT('',(0.,-0.6));
#3807 = ( GEOMETRIC_REPRESENTATION_CONTEXT(2) 
PARAMETRIC_REPRESENTATION_CONTEXT() REPRESENTATION_CONTEXT('2D SPACE',''
  ) );
#3808 = ORIENTED_EDGE('',*,*,#3809,.F.);
#3809 = EDGE_CURVE('',#3810,#3768,#3812,.T.);
#3810 = VERTEX_POINT('',#3811);
#3811 = CARTESIAN_POINT('',(21.828369140625,12.41552734375,4.));
#3812 = SURFACE_CURVE('',#3813,(#3820,#3830),.PCURVE_S1.);
#3813 = B_SPLINE_CURVE_WITH_KNOTS('',5,(#3814,#3815,#3816,#3817,#3818,
    #3819),.UNSPECIFIED.,.F.,.F.,(6,6),(0.,1.),
  .PIECEWISE_BEZIER_KNOTS.);
#3814 = CARTESIAN_POINT('',(21.828369140625,12.41552734375,4.));
#3815 = CARTESIAN_POINT('',(21.847907271012,12.458748056425,4.));
#3816 = CARTESIAN_POINT('',(21.874325489884,12.50247667941,4.));
#3817 = CARTESIAN_POINT('',(21.907488932476,12.546639883037,4.));
#3818 = CARTESIAN_POINT('',(21.947186962909,12.591165885128,4.));
#3819 = CARTESIAN_POINT('',(21.9931640625,12.635986328125,4.));
#3820 = PCURVE('',#368,#3821);
#3821 = DEFINITIONAL_REPRESENTATION('',(#3822),#3829);
#3822 = B_SPLINE_CURVE_WITH_KNOTS('',5,(#3823,#3824,#3825,#3826,#3827,
    #3828),.UNSPECIFIED.,.F.,.F.,(6,6),(0.,1.),
  .PIECEWISE_BEZIER_KNOTS.);
#3823 = CARTESIAN_POINT('',(21.828369140625,12.41552734375));
#3824 = CARTESIAN_POINT('',(21.847907271012,12.458748056425));
#3825 = CARTESIAN_POINT('',(21.874325489884,12.50247667941));
#3826 = CARTESIAN_POINT('',(21.907488932476,12.546639883037));
#3827 = CARTESIAN_POINT('',(21.947186962909,12.591165885128));
#3828 = CARTESIAN_POINT('',(21.9931640625,12.635986328125));
#3829 = ( GEOMETRIC_REPRESENTATION_CONTEXT(2) 
PARAMETRIC_REPRESENTATION_CONTEXT() REPRESENTATION_CONTEXT('2D SPACE',''
  ) );
#3830 = PCURVE('',#3831,#3838);
#3831 = SURFACE_OF_LINEAR_EXTRUSION('',#3832,#3836);
#3832 = B_SPLINE_CURVE_WITH_KNOTS('',2,(#3833,#3834,#3835),
  .UNSPECIFIED.,.F.,.F.,(3,3),(0.,1.),.PIECEWISE_BEZIER_KNOTS.);
#3833 = CARTESIAN_POINT('',(21.9931640625,12.635986328125,3.4));
#3834 = CARTESIAN_POINT('',(21.876708984375,12.5224609375,3.4));
#3835 = CARTESIAN_POINT('',(21.828369140625,12.41552734375,3.4));
#3836 = VECTOR('',#3837,1.);
#3837 = DIRECTION('',(-0.,-0.,-1.));
#3838 = DEFINITIONAL_REPRESENTATION('',(#3839),#3846);
#3839 = B_SPLINE_CURVE_WITH_KNOTS('',5,(#3840,#3841,#3842,#3843,#3844,
    #3845),.UNSPECIFIED.,.F.,.F.,(6,6),(0.,1.),
  .PIECEWISE_BEZIER_KNOTS.);
#3840 = CARTESIAN_POINT('',(1.,-0.6));
#3841 = CARTESIAN_POINT('',(0.797908631145,-0.6));
#3842 = CARTESIAN_POINT('',(0.596589370568,-0.6));
#3843 = CARTESIAN_POINT('',(0.396336961405,-0.6));
#3844 = CARTESIAN_POINT('',(0.197402725288,-0.6));
#3845 = CARTESIAN_POINT('',(0.,-0.6));
#3846 = ( GEOMETRIC_REPRESENTATION_CONTEXT(2) 
PARAMETRIC_REPRESENTATION_CONTEXT() REPRESENTATION_CONTEXT('2D SPACE',''
  ) );
#3847 = ORIENTED_EDGE('',*,*,#3848,.F.);
#3848 = EDGE_CURVE('',#3849,#3810,#3851,.T.);
#3849 = VERTEX_POINT('',#3850);
#3850 = CARTESIAN_POINT('',(22.887451171875,12.41552734375,4.));
#3851 = SURFACE_CURVE('',#3852,(#3856,#3862),.PCURVE_S1.);
#3852 = LINE('',#3853,#3854);
#3853 = CARTESIAN_POINT('',(10.914184570312,12.41552734375,4.));
#3854 = VECTOR('',#3855,1.);
#3855 = DIRECTION('',(-1.,0.,0.));
#3856 = PCURVE('',#368,#3857);
#3857 = DEFINITIONAL_REPRESENTATION('',(#3858),#3861);
#3858 = B_SPLINE_CURVE_WITH_KNOTS('',1,(#3859,#3860),.UNSPECIFIED.,.F.,
  .F.,(2,2),(-11.97326660156,-10.91418457031),.PIECEWISE_BEZIER_KNOTS.);
#3859 = CARTESIAN_POINT('',(22.887451171875,12.41552734375));
#3860 = CARTESIAN_POINT('',(21.828369140625,12.41552734375));
#3861 = ( GEOMETRIC_REPRESENTATION_CONTEXT(2) 
PARAMETRIC_REPRESENTATION_CONTEXT() REPRESENTATION_CONTEXT('2D SPACE',''
  ) );
#3862 = PCURVE('',#3863,#3868);
#3863 = PLANE('',#3864);
#3864 = AXIS2_PLACEMENT_3D('',#3865,#3866,#3867);
#3865 = CARTESIAN_POINT('',(21.828369140625,12.41552734375,3.4));
#3866 = DIRECTION('',(0.,1.,0.));
#3867 = DIRECTION('',(1.,0.,0.));
#3868 = DEFINITIONAL_REPRESENTATION('',(#3869),#3872);
#3869 = B_SPLINE_CURVE_WITH_KNOTS('',1,(#3870,#3871),.UNSPECIFIED.,.F.,
  .F.,(2,2),(-11.97326660156,-10.91418457031),.PIECEWISE_BEZIER_KNOTS.);
#3870 = CARTESIAN_POINT('',(1.05908203125,-0.6));
#3871 = CARTESIAN_POINT('',(0.,-0.6));
#3872 = ( GEOMETRIC_REPRESENTATION_CONTEXT(2) 
PARAMETRIC_REPRESENTATION_CONTEXT() REPRESENTATION_CONTEXT('2D SPACE',''
  ) );
#3873 = ORIENTED_EDGE('',*,*,#3874,.F.);
#3874 = EDGE_CURVE('',#3066,#3849,#3875,.T.);
#3875 = SURFACE_CURVE('',#3876,(#3880,#3886),.PCURVE_S1.);
#3876 = LINE('',#3877,#3878);
#3877 = CARTESIAN_POINT('',(22.887451171875,6.207763671875,4.));
#3878 = VECTOR('',#3879,1.);
#3879 = DIRECTION('',(0.,1.,0.));
#3880 = PCURVE('',#368,#3881);
#3881 = DEFINITIONAL_REPRESENTATION('',(#3882),#3885);
#3882 = B_SPLINE_CURVE_WITH_KNOTS('',1,(#3883,#3884),.UNSPECIFIED.,.F.,
  .F.,(2,2),(5.993896484375,6.207763671875),.PIECEWISE_BEZIER_KNOTS.);
#3883 = CARTESIAN_POINT('',(22.887451171875,12.20166015625));
#3884 = CARTESIAN_POINT('',(22.887451171875,12.41552734375));
#3885 = ( GEOMETRIC_REPRESENTATION_CONTEXT(2) 
PARAMETRIC_REPRESENTATION_CONTEXT() REPRESENTATION_CONTEXT('2D SPACE',''
  ) );
#3886 = PCURVE('',#3887,#3892);
#3887 = PLANE('',#3888);
#3888 = AXIS2_PLACEMENT_3D('',#3889,#3890,#3891);
#3889 = CARTESIAN_POINT('',(22.887451171875,12.41552734375,3.4));
#3890 = DIRECTION('',(1.,0.,0.));
#3891 = DIRECTION('',(0.,-1.,0.));
#3892 = DEFINITIONAL_REPRESENTATION('',(#3893),#3896);
#3893 = B_SPLINE_CURVE_WITH_KNOTS('',1,(#3894,#3895),.UNSPECIFIED.,.F.,
  .F.,(2,2),(5.993896484375,6.207763671875),.PIECEWISE_BEZIER_KNOTS.);
#3894 = CARTESIAN_POINT('',(0.2138671875,-0.6));
#3895 = CARTESIAN_POINT('',(0.,-0.6));
#3896 = ( GEOMETRIC_REPRESENTATION_CONTEXT(2) 
PARAMETRIC_REPRESENTATION_CONTEXT() REPRESENTATION_CONTEXT('2D SPACE',''
  ) );
#3897 = FACE_BOUND('',#3898,.T.);
#3898 = EDGE_LOOP('',(#3899,#3927,#3953,#3979));
#3899 = ORIENTED_EDGE('',*,*,#3900,.F.);
#3900 = EDGE_CURVE('',#3901,#3903,#3905,.T.);
#3901 = VERTEX_POINT('',#3902);
#3902 = CARTESIAN_POINT('',(23.826416015625,12.20166015625,4.));
#3903 = VERTEX_POINT('',#3904);
#3904 = CARTESIAN_POINT('',(24.170654296875,12.20166015625,4.));
#3905 = SURFACE_CURVE('',#3906,(#3910,#3916),.PCURVE_S1.);
#3906 = LINE('',#3907,#3908);
#3907 = CARTESIAN_POINT('',(12.085327148438,12.20166015625,4.));
#3908 = VECTOR('',#3909,1.);
#3909 = DIRECTION('',(1.,0.,-0.));
#3910 = PCURVE('',#368,#3911);
#3911 = DEFINITIONAL_REPRESENTATION('',(#3912),#3915);
#3912 = B_SPLINE_CURVE_WITH_KNOTS('',1,(#3913,#3914),.UNSPECIFIED.,.F.,
  .F.,(2,2),(11.741088867188,12.085327148438),.PIECEWISE_BEZIER_KNOTS.);
#3913 = CARTESIAN_POINT('',(23.826416015625,12.20166015625));
#3914 = CARTESIAN_POINT('',(24.170654296875,12.20166015625));
#3915 = ( GEOMETRIC_REPRESENTATION_CONTEXT(2) 
PARAMETRIC_REPRESENTATION_CONTEXT() REPRESENTATION_CONTEXT('2D SPACE',''
  ) );
#3916 = PCURVE('',#3917,#3922);
#3917 = PLANE('',#3918);
#3918 = AXIS2_PLACEMENT_3D('',#3919,#3920,#3921);
#3919 = CARTESIAN_POINT('',(24.170654296875,12.20166015625,3.4));
#3920 = DIRECTION('',(0.,-1.,0.));
#3921 = DIRECTION('',(-1.,0.,0.));
#3922 = DEFINITIONAL_REPRESENTATION('',(#3923),#3926);
#3923 = B_SPLINE_CURVE_WITH_KNOTS('',1,(#3924,#3925),.UNSPECIFIED.,.F.,
  .F.,(2,2),(11.741088867188,12.085327148438),.PIECEWISE_BEZIER_KNOTS.);
#3924 = CARTESIAN_POINT('',(0.34423828125,-0.6));
#3925 = CARTESIAN_POINT('',(0.,-0.6));
#3926 = ( GEOMETRIC_REPRESENTATION_CONTEXT(2) 
PARAMETRIC_REPRESENTATION_CONTEXT() REPRESENTATION_CONTEXT('2D SPACE',''
  ) );
#3927 = ORIENTED_EDGE('',*,*,#3928,.F.);
#3928 = EDGE_CURVE('',#3929,#3901,#3931,.T.);
#3929 = VERTEX_POINT('',#3930);
#3930 = CARTESIAN_POINT('',(23.826416015625,12.6396484375,4.));
#3931 = SURFACE_CURVE('',#3932,(#3936,#3942),.PCURVE_S1.);
#3932 = LINE('',#3933,#3934);
#3933 = CARTESIAN_POINT('',(23.826416015625,6.100830078125,4.));
#3934 = VECTOR('',#3935,1.);
#3935 = DIRECTION('',(0.,-1.,0.));
#3936 = PCURVE('',#368,#3937);
#3937 = DEFINITIONAL_REPRESENTATION('',(#3938),#3941);
#3938 = B_SPLINE_CURVE_WITH_KNOTS('',1,(#3939,#3940),.UNSPECIFIED.,.F.,
  .F.,(2,2),(-6.538818359375,-6.100830078125),.PIECEWISE_BEZIER_KNOTS.);
#3939 = CARTESIAN_POINT('',(23.826416015625,12.6396484375));
#3940 = CARTESIAN_POINT('',(23.826416015625,12.20166015625));
#3941 = ( GEOMETRIC_REPRESENTATION_CONTEXT(2) 
PARAMETRIC_REPRESENTATION_CONTEXT() REPRESENTATION_CONTEXT('2D SPACE',''
  ) );
#3942 = PCURVE('',#3943,#3948);
#3943 = PLANE('',#3944);
#3944 = AXIS2_PLACEMENT_3D('',#3945,#3946,#3947);
#3945 = CARTESIAN_POINT('',(23.826416015625,12.20166015625,3.4));
#3946 = DIRECTION('',(-1.,0.,0.));
#3947 = DIRECTION('',(0.,1.,0.));
#3948 = DEFINITIONAL_REPRESENTATION('',(#3949),#3952);
#3949 = B_SPLINE_CURVE_WITH_KNOTS('',1,(#3950,#3951),.UNSPECIFIED.,.F.,
  .F.,(2,2),(-6.538818359375,-6.100830078125),.PIECEWISE_BEZIER_KNOTS.);
#3950 = CARTESIAN_POINT('',(0.43798828125,-0.6));
#3951 = CARTESIAN_POINT('',(0.,-0.6));
#3952 = ( GEOMETRIC_REPRESENTATION_CONTEXT(2) 
PARAMETRIC_REPRESENTATION_CONTEXT() REPRESENTATION_CONTEXT('2D SPACE',''
  ) );
#3953 = ORIENTED_EDGE('',*,*,#3954,.F.);
#3954 = EDGE_CURVE('',#3955,#3929,#3957,.T.);
#3955 = VERTEX_POINT('',#3956);
#3956 = CARTESIAN_POINT('',(24.170654296875,12.6396484375,4.));
#3957 = SURFACE_CURVE('',#3958,(#3962,#3968),.PCURVE_S1.);
#3958 = LINE('',#3959,#3960);
#3959 = CARTESIAN_POINT('',(11.913208007812,12.6396484375,4.));
#3960 = VECTOR('',#3961,1.);
#3961 = DIRECTION('',(-1.,0.,0.));
#3962 = PCURVE('',#368,#3963);
#3963 = DEFINITIONAL_REPRESENTATION('',(#3964),#3967);
#3964 = B_SPLINE_CURVE_WITH_KNOTS('',1,(#3965,#3966),.UNSPECIFIED.,.F.,
  .F.,(2,2),(-12.25744628906,-11.91320800781),.PIECEWISE_BEZIER_KNOTS.);
#3965 = CARTESIAN_POINT('',(24.170654296875,12.6396484375));
#3966 = CARTESIAN_POINT('',(23.826416015625,12.6396484375));
#3967 = ( GEOMETRIC_REPRESENTATION_CONTEXT(2) 
PARAMETRIC_REPRESENTATION_CONTEXT() REPRESENTATION_CONTEXT('2D SPACE',''
  ) );
#3968 = PCURVE('',#3969,#3974);
#3969 = PLANE('',#3970);
#3970 = AXIS2_PLACEMENT_3D('',#3971,#3972,#3973);
#3971 = CARTESIAN_POINT('',(23.826416015625,12.6396484375,3.4));
#3972 = DIRECTION('',(0.,1.,0.));
#3973 = DIRECTION('',(1.,0.,0.));
#3974 = DEFINITIONAL_REPRESENTATION('',(#3975),#3978);
#3975 = B_SPLINE_CURVE_WITH_KNOTS('',1,(#3976,#3977),.UNSPECIFIED.,.F.,
  .F.,(2,2),(-12.25744628906,-11.91320800781),.PIECEWISE_BEZIER_KNOTS.);
#3976 = CARTESIAN_POINT('',(0.34423828125,-0.6));
#3977 = CARTESIAN_POINT('',(0.,-0.6));
#3978 = ( GEOMETRIC_REPRESENTATION_CONTEXT(2) 
PARAMETRIC_REPRESENTATION_CONTEXT() REPRESENTATION_CONTEXT('2D SPACE',''
  ) );
#3979 = ORIENTED_EDGE('',*,*,#3980,.F.);
#3980 = EDGE_CURVE('',#3903,#3955,#3981,.T.);
#3981 = SURFACE_CURVE('',#3982,(#3986,#3992),.PCURVE_S1.);
#3982 = LINE('',#3983,#3984);
#3983 = CARTESIAN_POINT('',(24.170654296875,6.31982421875,4.));
#3984 = VECTOR('',#3985,1.);
#3985 = DIRECTION('',(0.,1.,0.));
#3986 = PCURVE('',#368,#3987);
#3987 = DEFINITIONAL_REPRESENTATION('',(#3988),#3991);
#3988 = B_SPLINE_CURVE_WITH_KNOTS('',1,(#3989,#3990),.UNSPECIFIED.,.F.,
  .F.,(2,2),(5.8818359375,6.31982421875),.PIECEWISE_BEZIER_KNOTS.);
#3989 = CARTESIAN_POINT('',(24.170654296875,12.20166015625));
#3990 = CARTESIAN_POINT('',(24.170654296875,12.6396484375));
#3991 = ( GEOMETRIC_REPRESENTATION_CONTEXT(2) 
PARAMETRIC_REPRESENTATION_CONTEXT() REPRESENTATION_CONTEXT('2D SPACE',''
  ) );
#3992 = PCURVE('',#3993,#3998);
#3993 = PLANE('',#3994);
#3994 = AXIS2_PLACEMENT_3D('',#3995,#3996,#3997);
#3995 = CARTESIAN_POINT('',(24.170654296875,12.6396484375,3.4));
#3996 = DIRECTION('',(1.,0.,0.));
#3997 = DIRECTION('',(0.,-1.,0.));
#3998 = DEFINITIONAL_REPRESENTATION('',(#3999),#4002);
#3999 = B_SPLINE_CURVE_WITH_KNOTS('',1,(#4000,#4001),.UNSPECIFIED.,.F.,
  .F.,(2,2),(5.8818359375,6.31982421875),.PIECEWISE_BEZIER_KNOTS.);
#4000 = CARTESIAN_POINT('',(0.43798828125,-0.6));
#4001 = CARTESIAN_POINT('',(0.,-0.6));
#4002 = ( GEOMETRIC_REPRESENTATION_CONTEXT(2) 
PARAMETRIC_REPRESENTATION_CONTEXT() REPRESENTATION_CONTEXT('2D SPACE',''
  ) );
#4003 = FACE_BOUND('',#4004,.T.);
#4004 = EDGE_LOOP('',(#4005,#4058,#4109,#4160,#4211,#4262,#4313,#4388,
    #4414,#4465,#4516,#4558,#4603,#4642,#4693));
#4005 = ORIENTED_EDGE('',*,*,#4006,.F.);
#4006 = EDGE_CURVE('',#4007,#4009,#4011,.T.);
#4007 = VERTEX_POINT('',#4008);
#4008 = CARTESIAN_POINT('',(26.32763671875,12.3583984375,4.));
#4009 = VERTEX_POINT('',#4010);
#4010 = CARTESIAN_POINT('',(26.505615234375,12.85498046875,4.));
#4011 = SURFACE_CURVE('',#4012,(#4023,#4037),.PCURVE_S1.);
#4012 = B_SPLINE_CURVE_WITH_KNOTS('',5,(#4013,#4014,#4015,#4016,#4017,
    #4018,#4019,#4020,#4021,#4022),.UNSPECIFIED.,.F.,.F.,(6,4,6),(0.,
    0.177718115991,1.),.UNSPECIFIED.);
#4013 = CARTESIAN_POINT('',(26.32763671875,12.3583984375,4.));
#4014 = CARTESIAN_POINT('',(26.340430430026,12.371771287969,4.));
#4015 = CARTESIAN_POINT('',(26.352664843089,12.385562431972,4.));
#4016 = CARTESIAN_POINT('',(26.364332087055,12.399768527488,4.));
#4017 = CARTESIAN_POINT('',(26.375426070302,12.414384846189,4.));
#4018 = CARTESIAN_POINT('',(26.434600736365,12.498903113586,4.));
#4019 = CARTESIAN_POINT('',(26.470906506032,12.577070144354,4.));
#4020 = CARTESIAN_POINT('',(26.494381951453,12.663247952478,4.));
#4021 = CARTESIAN_POINT('',(26.505615234375,12.756296253464,4.));
#4022 = CARTESIAN_POINT('',(26.505615234375,12.85498046875,4.));
#4023 = PCURVE('',#368,#4024);
#4024 = DEFINITIONAL_REPRESENTATION('',(#4025),#4036);
#4025 = B_SPLINE_CURVE_WITH_KNOTS('',5,(#4026,#4027,#4028,#4029,#4030,
    #4031,#4032,#4033,#4034,#4035),.UNSPECIFIED.,.F.,.F.,(6,4,6),(0.,
    0.177718115991,1.),.UNSPECIFIED.);
#4026 = CARTESIAN_POINT('',(26.32763671875,12.3583984375));
#4027 = CARTESIAN_POINT('',(26.340430430026,12.371771287969));
#4028 = CARTESIAN_POINT('',(26.352664843089,12.385562431972));
#4029 = CARTESIAN_POINT('',(26.364332087055,12.399768527488));
#4030 = CARTESIAN_POINT('',(26.375426070302,12.414384846189));
#4031 = CARTESIAN_POINT('',(26.434600736365,12.498903113586));
#4032 = CARTESIAN_POINT('',(26.470906506032,12.577070144354));
#4033 = CARTESIAN_POINT('',(26.494381951453,12.663247952478));
#4034 = CARTESIAN_POINT('',(26.505615234375,12.756296253464));
#4035 = CARTESIAN_POINT('',(26.505615234375,12.85498046875));
#4036 = ( GEOMETRIC_REPRESENTATION_CONTEXT(2) 
PARAMETRIC_REPRESENTATION_CONTEXT() REPRESENTATION_CONTEXT('2D SPACE',''
  ) );
#4037 = PCURVE('',#4038,#4045);
#4038 = SURFACE_OF_LINEAR_EXTRUSION('',#4039,#4043);
#4039 = B_SPLINE_CURVE_WITH_KNOTS('',2,(#4040,#4041,#4042),
  .UNSPECIFIED.,.F.,.F.,(3,3),(0.,1.),.PIECEWISE_BEZIER_KNOTS.);
#4040 = CARTESIAN_POINT('',(26.505615234375,12.85498046875,3.4));
#4041 = CARTESIAN_POINT('',(26.505615234375,12.54443359375,3.4));
#4042 = CARTESIAN_POINT('',(26.32763671875,12.3583984375,3.4));
#4043 = VECTOR('',#4044,1.);
#4044 = DIRECTION('',(-0.,-0.,-1.));
#4045 = DEFINITIONAL_REPRESENTATION('',(#4046),#4057);
#4046 = B_SPLINE_CURVE_WITH_KNOTS('',5,(#4047,#4048,#4049,#4050,#4051,
    #4052,#4053,#4054,#4055,#4056),.UNSPECIFIED.,.F.,.F.,(6,4,6),(0.,
    0.177718115991,1.),.UNSPECIFIED.);
#4047 = CARTESIAN_POINT('',(1.,-0.6));
#4048 = CARTESIAN_POINT('',(0.964058270655,-0.6));
#4049 = CARTESIAN_POINT('',(0.928073045543,-0.6));
#4050 = CARTESIAN_POINT('',(0.892058571147,-0.6));
#4051 = CARTESIAN_POINT('',(0.856029321861,-0.6));
#4052 = CARTESIAN_POINT('',(0.653296349701,-0.6));
#4053 = CARTESIAN_POINT('',(0.486548368598,-0.6));
#4054 = CARTESIAN_POINT('',(0.321354371328,-0.6));
#4055 = CARTESIAN_POINT('',(0.158887793165,-0.6));
#4056 = CARTESIAN_POINT('',(0.,-0.6));
#4057 = ( GEOMETRIC_REPRESENTATION_CONTEXT(2) 
PARAMETRIC_REPRESENTATION_CONTEXT() REPRESENTATION_CONTEXT('2D SPACE',''
  ) );
#4058 = ORIENTED_EDGE('',*,*,#4059,.F.);
#4059 = EDGE_CURVE('',#4060,#4007,#4062,.T.);
#4060 = VERTEX_POINT('',#4061);
#4061 = CARTESIAN_POINT('',(25.839111328125,12.17236328125,4.));
#4062 = SURFACE_CURVE('',#4063,(#4074,#4088),.PCURVE_S1.);
#4063 = B_SPLINE_CURVE_WITH_KNOTS('',5,(#4064,#4065,#4066,#4067,#4068,
    #4069,#4070,#4071,#4072,#4073),.UNSPECIFIED.,.F.,.F.,(6,4,6),(0.,
    0.790593154697,1.),.UNSPECIFIED.);
#4064 = CARTESIAN_POINT('',(25.839111328125,12.17236328125,4.));
#4065 = CARTESIAN_POINT('',(25.933869471603,12.17236328125,4.));
#4066 = CARTESIAN_POINT('',(26.023095641899,12.1831894281,4.));
#4067 = CARTESIAN_POINT('',(26.105568667585,12.205835805673,4.));
#4068 = CARTESIAN_POINT('',(26.18015656166,12.240890007506,4.));
#4069 = CARTESIAN_POINT('',(26.263712956917,12.300327263606,4.));
#4070 = CARTESIAN_POINT('',(26.280613129354,12.313612142821,4.));
#4071 = CARTESIAN_POINT('',(26.296905179055,12.327727467329,4.));
#4072 = CARTESIAN_POINT('',(26.312581264912,12.34266146106,4.));
#4073 = CARTESIAN_POINT('',(26.32763671875,12.3583984375,4.));
#4074 = PCURVE('',#368,#4075);
#4075 = DEFINITIONAL_REPRESENTATION('',(#4076),#4087);
#4076 = B_SPLINE_CURVE_WITH_KNOTS('',5,(#4077,#4078,#4079,#4080,#4081,
    #4082,#4083,#4084,#4085,#4086),.UNSPECIFIED.,.F.,.F.,(6,4,6),(0.,
    0.790593154697,1.),.UNSPECIFIED.);
#4077 = CARTESIAN_POINT('',(25.839111328125,12.17236328125));
#4078 = CARTESIAN_POINT('',(25.933869471603,12.17236328125));
#4079 = CARTESIAN_POINT('',(26.023095641899,12.1831894281));
#4080 = CARTESIAN_POINT('',(26.105568667585,12.205835805673));
#4081 = CARTESIAN_POINT('',(26.18015656166,12.240890007506));
#4082 = CARTESIAN_POINT('',(26.263712956917,12.300327263606));
#4083 = CARTESIAN_POINT('',(26.280613129354,12.313612142821));
#4084 = CARTESIAN_POINT('',(26.296905179055,12.327727467329));
#4085 = CARTESIAN_POINT('',(26.312581264912,12.34266146106));
#4086 = CARTESIAN_POINT('',(26.32763671875,12.3583984375));
#4087 = ( GEOMETRIC_REPRESENTATION_CONTEXT(2) 
PARAMETRIC_REPRESENTATION_CONTEXT() REPRESENTATION_CONTEXT('2D SPACE',''
  ) );
#4088 = PCURVE('',#4089,#4096);
#4089 = SURFACE_OF_LINEAR_EXTRUSION('',#4090,#4094);
#4090 = B_SPLINE_CURVE_WITH_KNOTS('',2,(#4091,#4092,#4093),
  .UNSPECIFIED.,.F.,.F.,(3,3),(0.,1.),.PIECEWISE_BEZIER_KNOTS.);
#4091 = CARTESIAN_POINT('',(26.32763671875,12.3583984375,3.4));
#4092 = CARTESIAN_POINT('',(26.149658203125,12.17236328125,3.4));
#4093 = CARTESIAN_POINT('',(25.839111328125,12.17236328125,3.4));
#4094 = VECTOR('',#4095,1.);
#4095 = DIRECTION('',(-0.,-0.,-1.));
#4096 = DEFINITIONAL_REPRESENTATION('',(#4097),#4108);
#4097 = B_SPLINE_CURVE_WITH_KNOTS('',5,(#4098,#4099,#4100,#4101,#4102,
    #4103,#4104,#4105,#4106,#4107),.UNSPECIFIED.,.F.,.F.,(6,4,6),(0.,
    0.790593154697,1.),.UNSPECIFIED.);
#4098 = CARTESIAN_POINT('',(1.,-0.6));
#4099 = CARTESIAN_POINT('',(0.847433429368,-0.6));
#4100 = CARTESIAN_POINT('',(0.691352539016,-0.6));
#4101 = CARTESIAN_POINT('',(0.532582951204,-0.6));
#4102 = CARTESIAN_POINT('',(0.372273073512,-0.6));
#4103 = CARTESIAN_POINT('',(0.169547977096,-0.6));
#4104 = CARTESIAN_POINT('',(0.127095518921,-0.6));
#4105 = CARTESIAN_POINT('',(8.466938322652E-02,-0.6));
#4106 = CARTESIAN_POINT('',(4.229570570732E-02,-0.6));
#4107 = CARTESIAN_POINT('',(0.,-0.6));
#4108 = ( GEOMETRIC_REPRESENTATION_CONTEXT(2) 
PARAMETRIC_REPRESENTATION_CONTEXT() REPRESENTATION_CONTEXT('2D SPACE',''
  ) );
#4109 = ORIENTED_EDGE('',*,*,#4110,.F.);
#4110 = EDGE_CURVE('',#4111,#4060,#4113,.T.);
#4111 = VERTEX_POINT('',#4112);
#4112 = CARTESIAN_POINT('',(25.307373046875,12.425048828125,4.));
#4113 = SURFACE_CURVE('',#4114,(#4125,#4139),.PCURVE_S1.);
#4114 = B_SPLINE_CURVE_WITH_KNOTS('',5,(#4115,#4116,#4117,#4118,#4119,
    #4120,#4121,#4122,#4123,#4124),.UNSPECIFIED.,.F.,.F.,(6,4,6),(0.,
    0.379620237133,1.),.UNSPECIFIED.);
#4115 = CARTESIAN_POINT('',(25.307373046875,12.425048828125,4.));
#4116 = CARTESIAN_POINT('',(25.335441346469,12.386924562928,4.));
#4117 = CARTESIAN_POINT('',(25.366042281788,12.352040811963,4.));
#4118 = CARTESIAN_POINT('',(25.399183533558,12.320635728413,4.));
#4119 = CARTESIAN_POINT('',(25.434814278314,12.292884822902,4.));
#4120 = CARTESIAN_POINT('',(25.534885383307,12.22962458412,4.));
#4121 = CARTESIAN_POINT('',(25.603286854816,12.200343832791,4.));
#4122 = CARTESIAN_POINT('',(25.677412024767,12.181416807019,4.));
#4123 = CARTESIAN_POINT('',(25.756341398955,12.17236328125,4.));
#4124 = CARTESIAN_POINT('',(25.839111328125,12.17236328125,4.));
#4125 = PCURVE('',#368,#4126);
#4126 = DEFINITIONAL_REPRESENTATION('',(#4127),#4138);
#4127 = B_SPLINE_CURVE_WITH_KNOTS('',5,(#4128,#4129,#4130,#4131,#4132,
    #4133,#4134,#4135,#4136,#4137),.UNSPECIFIED.,.F.,.F.,(6,4,6),(0.,
    0.379620237133,1.),.UNSPECIFIED.);
#4128 = CARTESIAN_POINT('',(25.307373046875,12.425048828125));
#4129 = CARTESIAN_POINT('',(25.335441346469,12.386924562928));
#4130 = CARTESIAN_POINT('',(25.366042281788,12.352040811963));
#4131 = CARTESIAN_POINT('',(25.399183533558,12.320635728413));
#4132 = CARTESIAN_POINT('',(25.434814278314,12.292884822902));
#4133 = CARTESIAN_POINT('',(25.534885383307,12.22962458412));
#4134 = CARTESIAN_POINT('',(25.603286854816,12.200343832791));
#4135 = CARTESIAN_POINT('',(25.677412024767,12.181416807019));
#4136 = CARTESIAN_POINT('',(25.756341398955,12.17236328125));
#4137 = CARTESIAN_POINT('',(25.839111328125,12.17236328125));
#4138 = ( GEOMETRIC_REPRESENTATION_CONTEXT(2) 
PARAMETRIC_REPRESENTATION_CONTEXT() REPRESENTATION_CONTEXT('2D SPACE',''
  ) );
#4139 = PCURVE('',#4140,#4147);
#4140 = SURFACE_OF_LINEAR_EXTRUSION('',#4141,#4145);
#4141 = B_SPLINE_CURVE_WITH_KNOTS('',2,(#4142,#4143,#4144),
  .UNSPECIFIED.,.F.,.F.,(3,3),(0.,1.),.PIECEWISE_BEZIER_KNOTS.);
#4142 = CARTESIAN_POINT('',(25.839111328125,12.17236328125,3.4));
#4143 = CARTESIAN_POINT('',(25.493408203125,12.17236328125,3.4));
#4144 = CARTESIAN_POINT('',(25.307373046875,12.425048828125,3.4));
#4145 = VECTOR('',#4146,1.);
#4146 = DIRECTION('',(-0.,-0.,-1.));
#4147 = DEFINITIONAL_REPRESENTATION('',(#4148),#4159);
#4148 = B_SPLINE_CURVE_WITH_KNOTS('',5,(#4149,#4150,#4151,#4152,#4153,
    #4154,#4155,#4156,#4157,#4158),.UNSPECIFIED.,.F.,.F.,(6,4,6),(0.,
    0.379620237133,1.),.UNSPECIFIED.);
#4149 = CARTESIAN_POINT('',(1.,-0.6));
#4150 = CARTESIAN_POINT('',(0.92456184046,-0.6));
#4151 = CARTESIAN_POINT('',(0.848422202677,-0.6));
#4152 = CARTESIAN_POINT('',(0.771787628714,-0.6));
#4153 = CARTESIAN_POINT('',(0.694892027116,-0.6));
#4154 = CARTESIAN_POINT('',(0.492342163873,-0.6));
#4155 = CARTESIAN_POINT('',(0.366651209417,-0.6));
#4156 = CARTESIAN_POINT('',(0.242144299333,-0.6));
#4157 = CARTESIAN_POINT('',(0.11971243993,-0.6));
#4158 = CARTESIAN_POINT('',(0.,-0.6));
#4159 = ( GEOMETRIC_REPRESENTATION_CONTEXT(2) 
PARAMETRIC_REPRESENTATION_CONTEXT() REPRESENTATION_CONTEXT('2D SPACE',''
  ) );
#4160 = ORIENTED_EDGE('',*,*,#4161,.F.);
#4161 = EDGE_CURVE('',#4162,#4111,#4164,.T.);
#4162 = VERTEX_POINT('',#4163);
#4163 = CARTESIAN_POINT('',(25.121337890625,13.14208984375,4.));
#4164 = SURFACE_CURVE('',#4165,(#4176,#4190),.PCURVE_S1.);
#4165 = B_SPLINE_CURVE_WITH_KNOTS('',5,(#4166,#4167,#4168,#4169,#4170,
    #4171,#4172,#4173,#4174,#4175),.UNSPECIFIED.,.F.,.F.,(6,4,6),(0.,
    0.518570586638,1.),.UNSPECIFIED.);
#4166 = CARTESIAN_POINT('',(25.121337890625,13.14208984375,4.));
#4167 = CARTESIAN_POINT('',(25.121337890625,13.053593101239,4.));
#4168 = CARTESIAN_POINT('',(25.125561379041,12.967677919854,4.));
#4169 = CARTESIAN_POINT('',(25.134430214896,12.884805600895,4.));
#4170 = CARTESIAN_POINT('',(25.148406312293,12.805581460503,4.));
#4171 = CARTESIAN_POINT('',(25.185894684937,12.661088874604,4.));
#4172 = CARTESIAN_POINT('',(25.208652854702,12.595224220306,4.));
#4173 = CARTESIAN_POINT('',(25.236399135567,12.533591596803,4.));
#4174 = CARTESIAN_POINT('',(25.269323234109,12.476730660426,4.));
#4175 = CARTESIAN_POINT('',(25.307373046875,12.425048828125,4.));
#4176 = PCURVE('',#368,#4177);
#4177 = DEFINITIONAL_REPRESENTATION('',(#4178),#4189);
#4178 = B_SPLINE_CURVE_WITH_KNOTS('',5,(#4179,#4180,#4181,#4182,#4183,
    #4184,#4185,#4186,#4187,#4188),.UNSPECIFIED.,.F.,.F.,(6,4,6),(0.,
    0.518570586638,1.),.UNSPECIFIED.);
#4179 = CARTESIAN_POINT('',(25.121337890625,13.14208984375));
#4180 = CARTESIAN_POINT('',(25.121337890625,13.053593101239));
#4181 = CARTESIAN_POINT('',(25.125561379041,12.967677919854));
#4182 = CARTESIAN_POINT('',(25.134430214896,12.884805600895));
#4183 = CARTESIAN_POINT('',(25.148406312293,12.805581460503));
#4184 = CARTESIAN_POINT('',(25.185894684937,12.661088874604));
#4185 = CARTESIAN_POINT('',(25.208652854702,12.595224220306));
#4186 = CARTESIAN_POINT('',(25.236399135567,12.533591596803));
#4187 = CARTESIAN_POINT('',(25.269323234109,12.476730660426));
#4188 = CARTESIAN_POINT('',(25.307373046875,12.425048828125));
#4189 = ( GEOMETRIC_REPRESENTATION_CONTEXT(2) 
PARAMETRIC_REPRESENTATION_CONTEXT() REPRESENTATION_CONTEXT('2D SPACE',''
  ) );
#4190 = PCURVE('',#4191,#4198);
#4191 = SURFACE_OF_LINEAR_EXTRUSION('',#4192,#4196);
#4192 = B_SPLINE_CURVE_WITH_KNOTS('',2,(#4193,#4194,#4195),
  .UNSPECIFIED.,.F.,.F.,(3,3),(0.,1.),.PIECEWISE_BEZIER_KNOTS.);
#4193 = CARTESIAN_POINT('',(25.307373046875,12.425048828125,3.4));
#4194 = CARTESIAN_POINT('',(25.121337890625,12.677734375,3.4));
#4195 = CARTESIAN_POINT('',(25.121337890625,13.14208984375,3.4));
#4196 = VECTOR('',#4197,1.);
#4197 = DIRECTION('',(-0.,-0.,-1.));
#4198 = DEFINITIONAL_REPRESENTATION('',(#4199),#4210);
#4199 = B_SPLINE_CURVE_WITH_KNOTS('',5,(#4200,#4201,#4202,#4203,#4204,
    #4205,#4206,#4207,#4208,#4209),.UNSPECIFIED.,.F.,.F.,(6,4,6),(0.,
    0.518570586638,1.),.UNSPECIFIED.);
#4200 = CARTESIAN_POINT('',(1.,-0.6));
#4201 = CARTESIAN_POINT('',(0.904710132143,-0.6));
#4202 = CARTESIAN_POINT('',(0.807025650473,-0.6));
#4203 = CARTESIAN_POINT('',(0.706926432579,-0.6));
#4204 = CARTESIAN_POINT('',(0.604498352816,-0.6));
#4205 = CARTESIAN_POINT('',(0.40298605052,-0.6));
#4206 = CARTESIAN_POINT('',(0.30418373364,-0.6));
#4207 = CARTESIAN_POINT('',(0.203827199629,-0.6));
#4208 = CARTESIAN_POINT('',(0.102265113576,-0.6));
#4209 = CARTESIAN_POINT('',(0.,-0.6));
#4210 = ( GEOMETRIC_REPRESENTATION_CONTEXT(2) 
PARAMETRIC_REPRESENTATION_CONTEXT() REPRESENTATION_CONTEXT('2D SPACE',''
  ) );
#4211 = ORIENTED_EDGE('',*,*,#4212,.F.);
#4212 = EDGE_CURVE('',#4213,#4162,#4215,.T.);
#4213 = VERTEX_POINT('',#4214);
#4214 = CARTESIAN_POINT('',(25.314697265625,13.93017578125,4.));
#4215 = SURFACE_CURVE('',#4216,(#4227,#4241),.PCURVE_S1.);
#4216 = B_SPLINE_CURVE_WITH_KNOTS('',5,(#4217,#4218,#4219,#4220,#4221,
    #4222,#4223,#4224,#4225,#4226),.UNSPECIFIED.,.F.,.F.,(6,4,6),(0.,
    0.480536147008,1.),.UNSPECIFIED.);
#4217 = CARTESIAN_POINT('',(25.314697265625,13.93017578125,4.));
#4218 = CARTESIAN_POINT('',(25.274765273737,13.872697914138,4.));
#4219 = CARTESIAN_POINT('',(25.240368170827,13.809597885344,4.));
#4220 = CARTESIAN_POINT('',(25.211516306115,13.741413747517,4.));
#4221 = CARTESIAN_POINT('',(25.187939340307,13.668814814524,4.));
#4222 = CARTESIAN_POINT('',(25.149133620153,13.50983037177,4.));
#4223 = CARTESIAN_POINT('',(25.134735560539,13.422802761408,4.));
#4224 = CARTESIAN_POINT('',(25.125648063107,13.33208759102,4.));
#4225 = CARTESIAN_POINT('',(25.121337890625,13.238355369646,4.));
#4226 = CARTESIAN_POINT('',(25.121337890625,13.14208984375,4.));
#4227 = PCURVE('',#368,#4228);
#4228 = DEFINITIONAL_REPRESENTATION('',(#4229),#4240);
#4229 = B_SPLINE_CURVE_WITH_KNOTS('',5,(#4230,#4231,#4232,#4233,#4234,
    #4235,#4236,#4237,#4238,#4239),.UNSPECIFIED.,.F.,.F.,(6,4,6),(0.,
    0.480536147008,1.),.UNSPECIFIED.);
#4230 = CARTESIAN_POINT('',(25.314697265625,13.93017578125));
#4231 = CARTESIAN_POINT('',(25.274765273737,13.872697914138));
#4232 = CARTESIAN_POINT('',(25.240368170827,13.809597885344));
#4233 = CARTESIAN_POINT('',(25.211516306115,13.741413747517));
#4234 = CARTESIAN_POINT('',(25.187939340307,13.668814814524));
#4235 = CARTESIAN_POINT('',(25.149133620153,13.50983037177));
#4236 = CARTESIAN_POINT('',(25.134735560539,13.422802761408));
#4237 = CARTESIAN_POINT('',(25.125648063107,13.33208759102));
#4238 = CARTESIAN_POINT('',(25.121337890625,13.238355369646));
#4239 = CARTESIAN_POINT('',(25.121337890625,13.14208984375));
#4240 = ( GEOMETRIC_REPRESENTATION_CONTEXT(2) 
PARAMETRIC_REPRESENTATION_CONTEXT() REPRESENTATION_CONTEXT('2D SPACE',''
  ) );
#4241 = PCURVE('',#4242,#4249);
#4242 = SURFACE_OF_LINEAR_EXTRUSION('',#4243,#4247);
#4243 = B_SPLINE_CURVE_WITH_KNOTS('',2,(#4244,#4245,#4246),
  .UNSPECIFIED.,.F.,.F.,(3,3),(0.,1.),.PIECEWISE_BEZIER_KNOTS.);
#4244 = CARTESIAN_POINT('',(25.121337890625,13.14208984375,3.4));
#4245 = CARTESIAN_POINT('',(25.121337890625,13.65185546875,3.4));
#4246 = CARTESIAN_POINT('',(25.314697265625,13.93017578125,3.4));
#4247 = VECTOR('',#4248,1.);
#4248 = DIRECTION('',(-0.,-0.,-1.));
#4249 = DEFINITIONAL_REPRESENTATION('',(#4250),#4261);
#4250 = B_SPLINE_CURVE_WITH_KNOTS('',5,(#4251,#4252,#4253,#4254,#4255,
    #4256,#4257,#4258,#4259,#4260),.UNSPECIFIED.,.F.,.F.,(6,4,6),(0.,
    0.480536147008,1.),.UNSPECIFIED.);
#4251 = CARTESIAN_POINT('',(1.,-0.6));
#4252 = CARTESIAN_POINT('',(0.896741515925,-0.6));
#4253 = CARTESIAN_POINT('',(0.794466751281,-0.6));
#4254 = CARTESIAN_POINT('',(0.693715601586,-0.6));
#4255 = CARTESIAN_POINT('',(0.59482716966,-0.6));
#4256 = CARTESIAN_POINT('',(0.393328967573,-0.6));
#4257 = CARTESIAN_POINT('',(0.291064665802,-0.6));
#4258 = CARTESIAN_POINT('',(0.19141825532,-0.6));
#4259 = CARTESIAN_POINT('',(9.44213587337E-02,-0.6));
#4260 = CARTESIAN_POINT('',(0.,-0.6));
#4261 = ( GEOMETRIC_REPRESENTATION_CONTEXT(2) 
PARAMETRIC_REPRESENTATION_CONTEXT() REPRESENTATION_CONTEXT('2D SPACE',''
  ) );
#4262 = ORIENTED_EDGE('',*,*,#4263,.F.);
#4263 = EDGE_CURVE('',#4264,#4213,#4266,.T.);
#4264 = VERTEX_POINT('',#4265);
#4265 = CARTESIAN_POINT('',(25.859619140625,14.20849609375,4.));
#4266 = SURFACE_CURVE('',#4267,(#4278,#4292),.PCURVE_S1.);
#4267 = B_SPLINE_CURVE_WITH_KNOTS('',5,(#4268,#4269,#4270,#4271,#4272,
    #4273,#4274,#4275,#4276,#4277),.UNSPECIFIED.,.F.,.F.,(6,4,6),(0.,
    0.543023008461,1.),.UNSPECIFIED.);
#4268 = CARTESIAN_POINT('',(25.859619140625,14.20849609375,4.));
#4269 = CARTESIAN_POINT('',(25.78549130544,14.20849609375,4.));
#4270 = CARTESIAN_POINT('',(25.71428480086,14.200762299909,4.));
#4271 = CARTESIAN_POINT('',(25.646715522144,14.184680527775,4.));
#4272 = CARTESIAN_POINT('',(25.583461119431,14.159912155145,4.));
#4273 = CARTESIAN_POINT('',(25.475802060638,14.09881612577,4.));
#4274 = CARTESIAN_POINT('',(25.429984415454,14.064933995961,4.));
#4275 = CARTESIAN_POINT('',(25.3878299519,14.025245331409,4.));
#4276 = CARTESIAN_POINT('',(25.349416803335,13.980150873408,4.));
#4277 = CARTESIAN_POINT('',(25.314697265625,13.93017578125,4.));
#4278 = PCURVE('',#368,#4279);
#4279 = DEFINITIONAL_REPRESENTATION('',(#4280),#4291);
#4280 = B_SPLINE_CURVE_WITH_KNOTS('',5,(#4281,#4282,#4283,#4284,#4285,
    #4286,#4287,#4288,#4289,#4290),.UNSPECIFIED.,.F.,.F.,(6,4,6),(0.,
    0.543023008461,1.),.UNSPECIFIED.);
#4281 = CARTESIAN_POINT('',(25.859619140625,14.20849609375));
#4282 = CARTESIAN_POINT('',(25.78549130544,14.20849609375));
#4283 = CARTESIAN_POINT('',(25.71428480086,14.200762299909));
#4284 = CARTESIAN_POINT('',(25.646715522144,14.184680527775));
#4285 = CARTESIAN_POINT('',(25.583461119431,14.159912155145));
#4286 = CARTESIAN_POINT('',(25.475802060638,14.09881612577));
#4287 = CARTESIAN_POINT('',(25.429984415454,14.064933995961));
#4288 = CARTESIAN_POINT('',(25.3878299519,14.025245331409));
#4289 = CARTESIAN_POINT('',(25.349416803335,13.980150873408));
#4290 = CARTESIAN_POINT('',(25.314697265625,13.93017578125));
#4291 = ( GEOMETRIC_REPRESENTATION_CONTEXT(2) 
PARAMETRIC_REPRESENTATION_CONTEXT() REPRESENTATION_CONTEXT('2D SPACE',''
  ) );
#4292 = PCURVE('',#4293,#4300);
#4293 = SURFACE_OF_LINEAR_EXTRUSION('',#4294,#4298);
#4294 = B_SPLINE_CURVE_WITH_KNOTS('',2,(#4295,#4296,#4297),
  .UNSPECIFIED.,.F.,.F.,(3,3),(0.,1.),.PIECEWISE_BEZIER_KNOTS.);
#4295 = CARTESIAN_POINT('',(25.314697265625,13.93017578125,3.4));
#4296 = CARTESIAN_POINT('',(25.508056640625,14.20849609375,3.4));
#4297 = CARTESIAN_POINT('',(25.859619140625,14.20849609375,3.4));
#4298 = VECTOR('',#4299,1.);
#4299 = DIRECTION('',(-0.,-0.,-1.));
#4300 = DEFINITIONAL_REPRESENTATION('',(#4301),#4312);
#4301 = B_SPLINE_CURVE_WITH_KNOTS('',5,(#4302,#4303,#4304,#4305,#4306,
    #4307,#4308,#4309,#4310,#4311),.UNSPECIFIED.,.F.,.F.,(6,4,6),(0.,
    0.543023008461,1.),.UNSPECIFIED.);
#4302 = CARTESIAN_POINT('',(1.,-0.6));
#4303 = CARTESIAN_POINT('',(0.894573745515,-0.6));
#4304 = CARTESIAN_POINT('',(0.787050110576,-0.6));
#4305 = CARTESIAN_POINT('',(0.67795073769,-0.6));
#4306 = CARTESIAN_POINT('',(0.567965646626,-0.6));
#4307 = CARTESIAN_POINT('',(0.365459224407,-0.6));
#4308 = CARTESIAN_POINT('',(0.272905324211,-0.6));
#4309 = CARTESIAN_POINT('',(0.180867157403,-0.6));
#4310 = CARTESIAN_POINT('',(8.977981468428E-02,-0.6));
#4311 = CARTESIAN_POINT('',(0.,-0.6));
#4312 = ( GEOMETRIC_REPRESENTATION_CONTEXT(2) 
PARAMETRIC_REPRESENTATION_CONTEXT() REPRESENTATION_CONTEXT('2D SPACE',''
  ) );
#4313 = ORIENTED_EDGE('',*,*,#4314,.F.);
#4314 = EDGE_CURVE('',#4315,#4264,#4317,.T.);
#4315 = VERTEX_POINT('',#4316);
#4316 = CARTESIAN_POINT('',(26.448486328125,13.7880859375,4.));
#4317 = SURFACE_CURVE('',#4318,(#4337,#4359),.PCURVE_S1.);
#4318 = B_SPLINE_CURVE_WITH_KNOTS('',5,(#4319,#4320,#4321,#4322,#4323,
    #4324,#4325,#4326,#4327,#4328,#4329,#4330,#4331,#4332,#4333,#4334,
    #4335,#4336),.UNSPECIFIED.,.F.,.F.,(6,4,4,4,6),(0.,0.153344343503,
    0.452313387942,0.805816125428,1.),.UNSPECIFIED.);
#4319 = CARTESIAN_POINT('',(26.448486328125,13.7880859375,4.));
#4320 = CARTESIAN_POINT('',(26.44134201078,13.812789781814,4.));
#4321 = CARTESIAN_POINT('',(26.433371803806,13.836863497267,4.));
#4322 = CARTESIAN_POINT('',(26.424545181257,13.860252117656,4.));
#4323 = CARTESIAN_POINT('',(26.414838179746,13.882899786264,4.));
#4324 = CARTESIAN_POINT('',(26.383557700451,13.947349726499,4.));
#4325 = CARTESIAN_POINT('',(26.359466337715,13.98692655465,4.));
#4326 = CARTESIAN_POINT('',(26.331845458714,14.023043721375,4.));
#4327 = CARTESIAN_POINT('',(26.300705048937,14.055338303309,4.));
#4328 = CARTESIAN_POINT('',(26.225570144531,14.117068664023,4.));
#4329 = CARTESIAN_POINT('',(26.180250827179,14.144921676616,4.));
#4330 = CARTESIAN_POINT('',(26.130702563485,14.166861588692,4.));
#4331 = CARTESIAN_POINT('',(26.077556140041,14.183072202103,4.));
#4332 = CARTESIAN_POINT('',(25.990690979004,14.199927776819,4.));
#4333 = CARTESIAN_POINT('',(25.959004926473,14.204296594449,4.));
#4334 = CARTESIAN_POINT('',(25.926534534319,14.207124680561,4.));
#4335 = CARTESIAN_POINT('',(25.893377789792,14.20849609375,4.));
#4336 = CARTESIAN_POINT('',(25.859619140625,14.20849609375,4.));
#4337 = PCURVE('',#368,#4338);
#4338 = DEFINITIONAL_REPRESENTATION('',(#4339),#4358);
#4339 = B_SPLINE_CURVE_WITH_KNOTS('',5,(#4340,#4341,#4342,#4343,#4344,
    #4345,#4346,#4347,#4348,#4349,#4350,#4351,#4352,#4353,#4354,#4355,
    #4356,#4357),.UNSPECIFIED.,.F.,.F.,(6,4,4,4,6),(0.,0.153344343503,
    0.452313387942,0.805816125428,1.),.UNSPECIFIED.);
#4340 = CARTESIAN_POINT('',(26.448486328125,13.7880859375));
#4341 = CARTESIAN_POINT('',(26.44134201078,13.812789781814));
#4342 = CARTESIAN_POINT('',(26.433371803806,13.836863497267));
#4343 = CARTESIAN_POINT('',(26.424545181257,13.860252117656));
#4344 = CARTESIAN_POINT('',(26.414838179746,13.882899786264));
#4345 = CARTESIAN_POINT('',(26.383557700451,13.947349726499));
#4346 = CARTESIAN_POINT('',(26.359466337715,13.98692655465));
#4347 = CARTESIAN_POINT('',(26.331845458714,14.023043721375));
#4348 = CARTESIAN_POINT('',(26.300705048937,14.055338303309));
#4349 = CARTESIAN_POINT('',(26.225570144531,14.117068664023));
#4350 = CARTESIAN_POINT('',(26.180250827179,14.144921676616));
#4351 = CARTESIAN_POINT('',(26.130702563485,14.166861588692));
#4352 = CARTESIAN_POINT('',(26.077556140041,14.183072202103));
#4353 = CARTESIAN_POINT('',(25.990690979004,14.199927776819));
#4354 = CARTESIAN_POINT('',(25.959004926473,14.204296594449));
#4355 = CARTESIAN_POINT('',(25.926534534319,14.207124680561));
#4356 = CARTESIAN_POINT('',(25.893377789792,14.20849609375));
#4357 = CARTESIAN_POINT('',(25.859619140625,14.20849609375));
#4358 = ( GEOMETRIC_REPRESENTATION_CONTEXT(2) 
PARAMETRIC_REPRESENTATION_CONTEXT() REPRESENTATION_CONTEXT('2D SPACE',''
  ) );
#4359 = PCURVE('',#4360,#4367);
#4360 = SURFACE_OF_LINEAR_EXTRUSION('',#4361,#4365);
#4361 = B_SPLINE_CURVE_WITH_KNOTS('',2,(#4362,#4363,#4364),
  .UNSPECIFIED.,.F.,.F.,(3,3),(0.,1.),.PIECEWISE_BEZIER_KNOTS.);
#4362 = CARTESIAN_POINT('',(25.859619140625,14.20849609375,3.4));
#4363 = CARTESIAN_POINT('',(26.326904296875,14.20849609375,3.4));
#4364 = CARTESIAN_POINT('',(26.448486328125,13.7880859375,3.4));
#4365 = VECTOR('',#4366,1.);
#4366 = DIRECTION('',(-0.,-0.,-1.));
#4367 = DEFINITIONAL_REPRESENTATION('',(#4368),#4387);
#4368 = B_SPLINE_CURVE_WITH_KNOTS('',5,(#4369,#4370,#4371,#4372,#4373,
    #4374,#4375,#4376,#4377,#4378,#4379,#4380,#4381,#4382,#4383,#4384,
    #4385,#4386),.UNSPECIFIED.,.F.,.F.,(6,4,4,4,6),(0.,0.153344343503,
    0.452313387942,0.805816125428,1.),.UNSPECIFIED.);
#4369 = CARTESIAN_POINT('',(1.,-0.6));
#4370 = CARTESIAN_POINT('',(0.970619353569,-0.6));
#4371 = CARTESIAN_POINT('',(0.940909427593,-0.6));
#4372 = CARTESIAN_POINT('',(0.910885922063,-0.6));
#4373 = CARTESIAN_POINT('',(0.88057234251,-0.6));
#4374 = CARTESIAN_POINT('',(0.790394384184,-0.6));
#4375 = CARTESIAN_POINT('',(0.729793941415,-0.6));
#4376 = CARTESIAN_POINT('',(0.668460928963,-0.6));
#4377 = CARTESIAN_POINT('',(0.606725356501,-0.6));
#4378 = CARTESIAN_POINT('',(0.472015579367,-0.6));
#4379 = CARTESIAN_POINT('',(0.399016427789,-0.6));
#4380 = CARTESIAN_POINT('',(0.326695014573,-0.6));
#4381 = CARTESIAN_POINT('',(0.255564566372,-0.6));
#4382 = CARTESIAN_POINT('',(0.147787235009,-0.6));
#4383 = CARTESIAN_POINT('',(0.110038839544,-0.6));
#4384 = CARTESIAN_POINT('',(7.280683472554E-02,-0.6));
#4385 = CARTESIAN_POINT('',(3.612210736341E-02,-0.6));
#4386 = CARTESIAN_POINT('',(0.,-0.6));
#4387 = ( GEOMETRIC_REPRESENTATION_CONTEXT(2) 
PARAMETRIC_REPRESENTATION_CONTEXT() REPRESENTATION_CONTEXT('2D SPACE',''
  ) );
#4388 = ORIENTED_EDGE('',*,*,#4389,.F.);
#4389 = EDGE_CURVE('',#4390,#4315,#4392,.T.);
#4390 = VERTEX_POINT('',#4391);
#4391 = CARTESIAN_POINT('',(26.196533203125,13.74267578125,4.));
#4392 = SURFACE_CURVE('',#4393,(#4397,#4403),.PCURVE_S1.);
#4393 = LINE('',#4394,#4395);
#4394 = CARTESIAN_POINT('',(12.436862596745,11.262735148705,4.));
#4395 = VECTOR('',#4396,1.);
#4396 = DIRECTION('',(0.984143395189,0.177374681691,-0.));
#4397 = PCURVE('',#368,#4398);
#4398 = DEFINITIONAL_REPRESENTATION('',(#4399),#4402);
#4399 = B_SPLINE_CURVE_WITH_KNOTS('',1,(#4400,#4401),.UNSPECIFIED.,.F.,
  .F.,(2,2),(13.981367627561,14.237380243438),.PIECEWISE_BEZIER_KNOTS.);
#4400 = CARTESIAN_POINT('',(26.196533203125,13.74267578125));
#4401 = CARTESIAN_POINT('',(26.448486328125,13.7880859375));
#4402 = ( GEOMETRIC_REPRESENTATION_CONTEXT(2) 
PARAMETRIC_REPRESENTATION_CONTEXT() REPRESENTATION_CONTEXT('2D SPACE',''
  ) );
#4403 = PCURVE('',#4404,#4409);
#4404 = PLANE('',#4405);
#4405 = AXIS2_PLACEMENT_3D('',#4406,#4407,#4408);
#4406 = CARTESIAN_POINT('',(26.448486328125,13.7880859375,3.4));
#4407 = DIRECTION('',(0.177374681691,-0.984143395189,0.));
#4408 = DIRECTION('',(-0.984143395189,-0.177374681691,0.));
#4409 = DEFINITIONAL_REPRESENTATION('',(#4410),#4413);
#4410 = B_SPLINE_CURVE_WITH_KNOTS('',1,(#4411,#4412),.UNSPECIFIED.,.F.,
  .F.,(2,2),(13.981367627561,14.237380243438),.PIECEWISE_BEZIER_KNOTS.);
#4411 = CARTESIAN_POINT('',(0.256012615876,-0.6));
#4412 = CARTESIAN_POINT('',(0.,-0.6));
#4413 = ( GEOMETRIC_REPRESENTATION_CONTEXT(2) 
PARAMETRIC_REPRESENTATION_CONTEXT() REPRESENTATION_CONTEXT('2D SPACE',''
  ) );
#4414 = ORIENTED_EDGE('',*,*,#4415,.F.);
#4415 = EDGE_CURVE('',#4416,#4390,#4418,.T.);
#4416 = VERTEX_POINT('',#4417);
#4417 = CARTESIAN_POINT('',(25.856689453125,13.99462890625,4.));
#4418 = SURFACE_CURVE('',#4419,(#4430,#4444),.PCURVE_S1.);
#4419 = B_SPLINE_CURVE_WITH_KNOTS('',5,(#4420,#4421,#4422,#4423,#4424,
    #4425,#4426,#4427,#4428,#4429),.UNSPECIFIED.,.F.,.F.,(6,4,6),(0.,
    0.495899229196,1.),.UNSPECIFIED.);
#4420 = CARTESIAN_POINT('',(25.856689453125,13.99462890625,4.));
#4421 = CARTESIAN_POINT('',(25.907381815195,13.99462890625,4.));
#4422 = CARTESIAN_POINT('',(25.954704658977,13.988743137359,4.));
#4423 = CARTESIAN_POINT('',(25.998097872736,13.976534706184,4.));
#4424 = CARTESIAN_POINT('',(26.037079335726,13.957770118874,4.));
#4425 = CARTESIAN_POINT('',(26.106271301308,13.907103146343,4.));
#4426 = CARTESIAN_POINT('',(26.136339223612,13.874978969197,4.));
#4427 = CARTESIAN_POINT('',(26.161317540665,13.836467877205,4.));
#4428 = CARTESIAN_POINT('',(26.181293582539,13.792132663151,4.));
#4429 = CARTESIAN_POINT('',(26.196533203125,13.74267578125,4.));
#4430 = PCURVE('',#368,#4431);
#4431 = DEFINITIONAL_REPRESENTATION('',(#4432),#4443);
#4432 = B_SPLINE_CURVE_WITH_KNOTS('',5,(#4433,#4434,#4435,#4436,#4437,
    #4438,#4439,#4440,#4441,#4442),.UNSPECIFIED.,.F.,.F.,(6,4,6),(0.,
    0.495899229196,1.),.UNSPECIFIED.);
#4433 = CARTESIAN_POINT('',(25.856689453125,13.99462890625));
#4434 = CARTESIAN_POINT('',(25.907381815195,13.99462890625));
#4435 = CARTESIAN_POINT('',(25.954704658977,13.988743137359));
#4436 = CARTESIAN_POINT('',(25.998097872736,13.976534706184));
#4437 = CARTESIAN_POINT('',(26.037079335726,13.957770118874));
#4438 = CARTESIAN_POINT('',(26.106271301308,13.907103146343));
#4439 = CARTESIAN_POINT('',(26.136339223612,13.874978969197));
#4440 = CARTESIAN_POINT('',(26.161317540665,13.836467877205));
#4441 = CARTESIAN_POINT('',(26.181293582539,13.792132663151));
#4442 = CARTESIAN_POINT('',(26.196533203125,13.74267578125));
#4443 = ( GEOMETRIC_REPRESENTATION_CONTEXT(2) 
PARAMETRIC_REPRESENTATION_CONTEXT() REPRESENTATION_CONTEXT('2D SPACE',''
  ) );
#4444 = PCURVE('',#4445,#4452);
#4445 = SURFACE_OF_LINEAR_EXTRUSION('',#4446,#4450);
#4446 = B_SPLINE_CURVE_WITH_KNOTS('',2,(#4447,#4448,#4449),
  .UNSPECIFIED.,.F.,.F.,(3,3),(0.,1.),.PIECEWISE_BEZIER_KNOTS.);
#4447 = CARTESIAN_POINT('',(26.196533203125,13.74267578125,3.4));
#4448 = CARTESIAN_POINT('',(26.118896484375,13.99462890625,3.4));
#4449 = CARTESIAN_POINT('',(25.856689453125,13.99462890625,3.4));
#4450 = VECTOR('',#4451,1.);
#4451 = DIRECTION('',(-0.,-0.,-1.));
#4452 = DEFINITIONAL_REPRESENTATION('',(#4453),#4464);
#4453 = B_SPLINE_CURVE_WITH_KNOTS('',5,(#4454,#4455,#4456,#4457,#4458,
    #4459,#4460,#4461,#4462,#4463),.UNSPECIFIED.,.F.,.F.,(6,4,6),(0.,
    0.495899229196,1.),.UNSPECIFIED.);
#4454 = CARTESIAN_POINT('',(1.,-0.6));
#4455 = CARTESIAN_POINT('',(0.903335235085,-0.6));
#4456 = CARTESIAN_POINT('',(0.804873894356,-0.6));
#4457 = CARTESIAN_POINT('',(0.705073749528,-0.6));
#4458 = CARTESIAN_POINT('',(0.60452798249,-0.6));
#4459 = CARTESIAN_POINT('',(0.401809412725,-0.6));
#4460 = CARTESIAN_POINT('',(0.29959867205,-0.6));
#4461 = CARTESIAN_POINT('',(0.19817131768,-0.6));
#4462 = CARTESIAN_POINT('',(9.814699043956E-02,-0.6));
#4463 = CARTESIAN_POINT('',(0.,-0.6));
#4464 = ( GEOMETRIC_REPRESENTATION_CONTEXT(2) 
PARAMETRIC_REPRESENTATION_CONTEXT() REPRESENTATION_CONTEXT('2D SPACE',''
  ) );
#4465 = ORIENTED_EDGE('',*,*,#4466,.F.);
#4466 = EDGE_CURVE('',#4467,#4416,#4469,.T.);
#4467 = VERTEX_POINT('',#4468);
#4468 = CARTESIAN_POINT('',(25.508056640625,13.791015625,4.));
#4469 = SURFACE_CURVE('',#4470,(#4481,#4495),.PCURVE_S1.);
#4470 = B_SPLINE_CURVE_WITH_KNOTS('',5,(#4471,#4472,#4473,#4474,#4475,
    #4476,#4477,#4478,#4479,#4480),.UNSPECIFIED.,.F.,.F.,(6,4,6),(0.,
    0.566922612588,1.),.UNSPECIFIED.);
#4471 = CARTESIAN_POINT('',(25.508056640625,13.791015625,4.));
#4472 = CARTESIAN_POINT('',(25.535736547905,13.836280414552,4.));
#4473 = CARTESIAN_POINT('',(25.56686056689,13.875856789392,4.));
#4474 = CARTESIAN_POINT('',(25.601489857523,13.909243809481,4.));
#4475 = CARTESIAN_POINT('',(25.639579041328,13.936084109412,4.));
#4476 = CARTESIAN_POINT('',(25.712490802019,13.97170275151,4.));
#4477 = CARTESIAN_POINT('',(25.745965180438,13.983251087278,4.));
#4478 = CARTESIAN_POINT('',(25.781245366725,13.990876463562,4.));
#4479 = CARTESIAN_POINT('',(25.818203941004,13.99462890625,4.));
#4480 = CARTESIAN_POINT('',(25.856689453125,13.99462890625,4.));
#4481 = PCURVE('',#368,#4482);
#4482 = DEFINITIONAL_REPRESENTATION('',(#4483),#4494);
#4483 = B_SPLINE_CURVE_WITH_KNOTS('',5,(#4484,#4485,#4486,#4487,#4488,
    #4489,#4490,#4491,#4492,#4493),.UNSPECIFIED.,.F.,.F.,(6,4,6),(0.,
    0.566922612588,1.),.UNSPECIFIED.);
#4484 = CARTESIAN_POINT('',(25.508056640625,13.791015625));
#4485 = CARTESIAN_POINT('',(25.535736547905,13.836280414552));
#4486 = CARTESIAN_POINT('',(25.56686056689,13.875856789392));
#4487 = CARTESIAN_POINT('',(25.601489857523,13.909243809481));
#4488 = CARTESIAN_POINT('',(25.639579041328,13.936084109412));
#4489 = CARTESIAN_POINT('',(25.712490802019,13.97170275151));
#4490 = CARTESIAN_POINT('',(25.745965180438,13.983251087278));
#4491 = CARTESIAN_POINT('',(25.781245366725,13.990876463562));
#4492 = CARTESIAN_POINT('',(25.818203941004,13.99462890625));
#4493 = CARTESIAN_POINT('',(25.856689453125,13.99462890625));
#4494 = ( GEOMETRIC_REPRESENTATION_CONTEXT(2) 
PARAMETRIC_REPRESENTATION_CONTEXT() REPRESENTATION_CONTEXT('2D SPACE',''
  ) );
#4495 = PCURVE('',#4496,#4503);
#4496 = SURFACE_OF_LINEAR_EXTRUSION('',#4497,#4501);
#4497 = B_SPLINE_CURVE_WITH_KNOTS('',2,(#4498,#4499,#4500),
  .UNSPECIFIED.,.F.,.F.,(3,3),(0.,1.),.PIECEWISE_BEZIER_KNOTS.);
#4498 = CARTESIAN_POINT('',(25.856689453125,13.99462890625,3.4));
#4499 = CARTESIAN_POINT('',(25.632568359375,13.99462890625,3.4));
#4500 = CARTESIAN_POINT('',(25.508056640625,13.791015625,3.4));
#4501 = VECTOR('',#4502,1.);
#4502 = DIRECTION('',(-0.,-0.,-1.));
#4503 = DEFINITIONAL_REPRESENTATION('',(#4504),#4515);
#4504 = B_SPLINE_CURVE_WITH_KNOTS('',5,(#4505,#4506,#4507,#4508,#4509,
    #4510,#4511,#4512,#4513,#4514),.UNSPECIFIED.,.F.,.F.,(6,4,6),(0.,
    0.566922612588,1.),.UNSPECIFIED.);
#4505 = CARTESIAN_POINT('',(1.,-0.6));
#4506 = CARTESIAN_POINT('',(0.888846176256,-0.6));
#4507 = CARTESIAN_POINT('',(0.776217056037,-0.6));
#4508 = CARTESIAN_POINT('',(0.662522918103,-0.6));
#4509 = CARTESIAN_POINT('',(0.548255025265,-0.6));
#4510 = CARTESIAN_POINT('',(0.346719537478,-0.6));
#4511 = CARTESIAN_POINT('',(0.259436534972,-0.6));
#4512 = CARTESIAN_POINT('',(0.172406381892,-0.6));
#4513 = CARTESIAN_POINT('',(8.585874599573E-02,-0.6));
#4514 = CARTESIAN_POINT('',(0.,-0.6));
#4515 = ( GEOMETRIC_REPRESENTATION_CONTEXT(2) 
PARAMETRIC_REPRESENTATION_CONTEXT() REPRESENTATION_CONTEXT('2D SPACE',''
  ) );
#4516 = ORIENTED_EDGE('',*,*,#4517,.F.);
#4517 = EDGE_CURVE('',#4518,#4467,#4520,.T.);
#4518 = VERTEX_POINT('',#4519);
#4519 = CARTESIAN_POINT('',(25.383544921875,13.2197265625,4.));
#4520 = SURFACE_CURVE('',#4521,(#4529,#4540),.PCURVE_S1.);
#4521 = B_SPLINE_CURVE_WITH_KNOTS('',6,(#4522,#4523,#4524,#4525,#4526,
    #4527,#4528),.UNSPECIFIED.,.F.,.F.,(7,7),(0.,1.),
  .PIECEWISE_BEZIER_KNOTS.);
#4522 = CARTESIAN_POINT('',(25.383544921875,13.2197265625,4.));
#4523 = CARTESIAN_POINT('',(25.383544921875,13.33462668619,4.));
#4524 = CARTESIAN_POINT('',(25.390840567341,13.443313909301,4.));
#4525 = CARTESIAN_POINT('',(25.406242499997,13.544638854598,4.));
#4526 = CARTESIAN_POINT('',(25.430562279067,13.637246389536,4.));
#4527 = CARTESIAN_POINT('',(25.464462477487,13.719726346457,4.));
#4528 = CARTESIAN_POINT('',(25.508056640625,13.791015625,4.));
#4529 = PCURVE('',#368,#4530);
#4530 = DEFINITIONAL_REPRESENTATION('',(#4531),#4539);
#4531 = B_SPLINE_CURVE_WITH_KNOTS('',6,(#4532,#4533,#4534,#4535,#4536,
    #4537,#4538),.UNSPECIFIED.,.F.,.F.,(7,7),(0.,1.),
  .PIECEWISE_BEZIER_KNOTS.);
#4532 = CARTESIAN_POINT('',(25.383544921875,13.2197265625));
#4533 = CARTESIAN_POINT('',(25.383544921875,13.33462668619));
#4534 = CARTESIAN_POINT('',(25.390840567341,13.443313909301));
#4535 = CARTESIAN_POINT('',(25.406242499997,13.544638854598));
#4536 = CARTESIAN_POINT('',(25.430562279067,13.637246389536));
#4537 = CARTESIAN_POINT('',(25.464462477487,13.719726346457));
#4538 = CARTESIAN_POINT('',(25.508056640625,13.791015625));
#4539 = ( GEOMETRIC_REPRESENTATION_CONTEXT(2) 
PARAMETRIC_REPRESENTATION_CONTEXT() REPRESENTATION_CONTEXT('2D SPACE',''
  ) );
#4540 = PCURVE('',#4541,#4548);
#4541 = SURFACE_OF_LINEAR_EXTRUSION('',#4542,#4546);
#4542 = B_SPLINE_CURVE_WITH_KNOTS('',2,(#4543,#4544,#4545),
  .UNSPECIFIED.,.F.,.F.,(3,3),(0.,1.),.PIECEWISE_BEZIER_KNOTS.);
#4543 = CARTESIAN_POINT('',(25.508056640625,13.791015625,3.4));
#4544 = CARTESIAN_POINT('',(25.383544921875,13.58740234375,3.4));
#4545 = CARTESIAN_POINT('',(25.383544921875,13.2197265625,3.4));
#4546 = VECTOR('',#4547,1.);
#4547 = DIRECTION('',(-0.,-0.,-1.));
#4548 = DEFINITIONAL_REPRESENTATION('',(#4549),#4557);
#4549 = B_SPLINE_CURVE_WITH_KNOTS('',6,(#4550,#4551,#4552,#4553,#4554,
    #4555,#4556),.UNSPECIFIED.,.F.,.F.,(7,7),(0.,1.),
  .PIECEWISE_BEZIER_KNOTS.);
#4550 = CARTESIAN_POINT('',(1.,-0.6));
#4551 = CARTESIAN_POINT('',(0.843748038967,-0.6));
#4552 = CARTESIAN_POINT('',(0.682872187285,-0.6));
#4553 = CARTESIAN_POINT('',(0.517482919399,-0.6));
#4554 = CARTESIAN_POINT('',(0.347968871075,-0.6));
#4555 = CARTESIAN_POINT('',(0.17506048256,-0.6));
#4556 = CARTESIAN_POINT('',(0.,-0.6));
#4557 = ( GEOMETRIC_REPRESENTATION_CONTEXT(2) 
PARAMETRIC_REPRESENTATION_CONTEXT() REPRESENTATION_CONTEXT('2D SPACE',''
  ) );
#4558 = ORIENTED_EDGE('',*,*,#4559,.F.);
#4559 = EDGE_CURVE('',#4560,#4518,#4562,.T.);
#4560 = VERTEX_POINT('',#4561);
#4561 = CARTESIAN_POINT('',(25.585693359375,13.422607421875,4.));
#4562 = SURFACE_CURVE('',#4563,(#4572,#4584),.PCURVE_S1.);
#4563 = B_SPLINE_CURVE_WITH_KNOTS('',4,(#4564,#4565,#4566,#4567,#4568,
    #4569,#4570,#4571),.UNSPECIFIED.,.F.,.F.,(5,3,5),(0.,0.428835727752,
    1.),.UNSPECIFIED.);
#4564 = CARTESIAN_POINT('',(25.585693359375,13.422607421875,4.));
#4565 = CARTESIAN_POINT('',(25.557775895785,13.407707651981,4.));
#4566 = CARTESIAN_POINT('',(25.531602607068,13.390834842964,4.));
#4567 = CARTESIAN_POINT('',(25.507210380565,13.371986523141,4.));
#4568 = CARTESIAN_POINT('',(25.454528745567,13.32346903993,4.));
#4569 = CARTESIAN_POINT('',(25.427632672905,13.292284500115,4.));
#4570 = CARTESIAN_POINT('',(25.403975872612,13.257669756727,4.));
#4571 = CARTESIAN_POINT('',(25.383544921875,13.2197265625,4.));
#4572 = PCURVE('',#368,#4573);
#4573 = DEFINITIONAL_REPRESENTATION('',(#4574),#4583);
#4574 = B_SPLINE_CURVE_WITH_KNOTS('',4,(#4575,#4576,#4577,#4578,#4579,
    #4580,#4581,#4582),.UNSPECIFIED.,.F.,.F.,(5,3,5),(0.,0.428835727752,
    1.),.UNSPECIFIED.);
#4575 = CARTESIAN_POINT('',(25.585693359375,13.422607421875));
#4576 = CARTESIAN_POINT('',(25.557775895785,13.407707651981));
#4577 = CARTESIAN_POINT('',(25.531602607068,13.390834842964));
#4578 = CARTESIAN_POINT('',(25.507210380565,13.371986523141));
#4579 = CARTESIAN_POINT('',(25.454528745567,13.32346903993));
#4580 = CARTESIAN_POINT('',(25.427632672905,13.292284500115));
#4581 = CARTESIAN_POINT('',(25.403975872612,13.257669756727));
#4582 = CARTESIAN_POINT('',(25.383544921875,13.2197265625));
#4583 = ( GEOMETRIC_REPRESENTATION_CONTEXT(2) 
PARAMETRIC_REPRESENTATION_CONTEXT() REPRESENTATION_CONTEXT('2D SPACE',''
  ) );
#4584 = PCURVE('',#4585,#4592);
#4585 = SURFACE_OF_LINEAR_EXTRUSION('',#4586,#4590);
#4586 = B_SPLINE_CURVE_WITH_KNOTS('',2,(#4587,#4588,#4589),
  .UNSPECIFIED.,.F.,.F.,(3,3),(0.,1.),.PIECEWISE_BEZIER_KNOTS.);
#4587 = CARTESIAN_POINT('',(25.383544921875,13.2197265625,3.4));
#4588 = CARTESIAN_POINT('',(25.455322265625,13.35302734375,3.4));
#4589 = CARTESIAN_POINT('',(25.585693359375,13.422607421875,3.4));
#4590 = VECTOR('',#4591,1.);
#4591 = DIRECTION('',(-0.,-0.,-1.));
#4592 = DEFINITIONAL_REPRESENTATION('',(#4593),#4602);
#4593 = B_SPLINE_CURVE_WITH_KNOTS('',4,(#4594,#4595,#4596,#4597,#4598,
    #4599,#4600,#4601),.UNSPECIFIED.,.F.,.F.,(5,3,5),(0.,0.428835727752,
    1.),.UNSPECIFIED.);
#4594 = CARTESIAN_POINT('',(1.,-0.6));
#4595 = CARTESIAN_POINT('',(0.892930776343,-0.6));
#4596 = CARTESIAN_POINT('',(0.785681174565,-0.6));
#4597 = CARTESIAN_POINT('',(0.678340245444,-0.6));
#4598 = CARTESIAN_POINT('',(0.428034036102,-0.6));
#4599 = CARTESIAN_POINT('',(0.285068463231,-0.6));
#4600 = CARTESIAN_POINT('',(0.142321724864,-0.6));
#4601 = CARTESIAN_POINT('',(0.,-0.6));
#4602 = ( GEOMETRIC_REPRESENTATION_CONTEXT(2) 
PARAMETRIC_REPRESENTATION_CONTEXT() REPRESENTATION_CONTEXT('2D SPACE',''
  ) );
#4603 = ORIENTED_EDGE('',*,*,#4604,.F.);
#4604 = EDGE_CURVE('',#4605,#4560,#4607,.T.);
#4605 = VERTEX_POINT('',#4606);
#4606 = CARTESIAN_POINT('',(25.884521484375,13.4921875,4.));
#4607 = SURFACE_CURVE('',#4608,(#4615,#4625),.PCURVE_S1.);
#4608 = B_SPLINE_CURVE_WITH_KNOTS('',5,(#4609,#4610,#4611,#4612,#4613,
    #4614),.UNSPECIFIED.,.F.,.F.,(6,6),(0.,1.),
  .PIECEWISE_BEZIER_KNOTS.);
#4609 = CARTESIAN_POINT('',(25.884521484375,13.4921875,4.));
#4610 = CARTESIAN_POINT('',(25.817664126271,13.4921875,4.));
#4611 = CARTESIAN_POINT('',(25.754172564156,13.485337598918,4.));
#4612 = CARTESIAN_POINT('',(25.694249048166,13.471480503776,4.));
#4613 = CARTESIAN_POINT('',(25.638053876485,13.450552641681,4.));
#4614 = CARTESIAN_POINT('',(25.585693359375,13.422607421875,4.));
#4615 = PCURVE('',#368,#4616);
#4616 = DEFINITIONAL_REPRESENTATION('',(#4617),#4624);
#4617 = B_SPLINE_CURVE_WITH_KNOTS('',5,(#4618,#4619,#4620,#4621,#4622,
    #4623),.UNSPECIFIED.,.F.,.F.,(6,6),(0.,1.),
  .PIECEWISE_BEZIER_KNOTS.);
#4618 = CARTESIAN_POINT('',(25.884521484375,13.4921875));
#4619 = CARTESIAN_POINT('',(25.817664126271,13.4921875));
#4620 = CARTESIAN_POINT('',(25.754172564156,13.485337598918));
#4621 = CARTESIAN_POINT('',(25.694249048166,13.471480503776));
#4622 = CARTESIAN_POINT('',(25.638053876485,13.450552641681));
#4623 = CARTESIAN_POINT('',(25.585693359375,13.422607421875));
#4624 = ( GEOMETRIC_REPRESENTATION_CONTEXT(2) 
PARAMETRIC_REPRESENTATION_CONTEXT() REPRESENTATION_CONTEXT('2D SPACE',''
  ) );
#4625 = PCURVE('',#4626,#4633);
#4626 = SURFACE_OF_LINEAR_EXTRUSION('',#4627,#4631);
#4627 = B_SPLINE_CURVE_WITH_KNOTS('',2,(#4628,#4629,#4630),
  .UNSPECIFIED.,.F.,.F.,(3,3),(0.,1.),.PIECEWISE_BEZIER_KNOTS.);
#4628 = CARTESIAN_POINT('',(25.585693359375,13.422607421875,3.4));
#4629 = CARTESIAN_POINT('',(25.716064453125,13.4921875,3.4));
#4630 = CARTESIAN_POINT('',(25.884521484375,13.4921875,3.4));
#4631 = VECTOR('',#4632,1.);
#4632 = DIRECTION('',(-0.,-0.,-1.));
#4633 = DEFINITIONAL_REPRESENTATION('',(#4634),#4641);
#4634 = B_SPLINE_CURVE_WITH_KNOTS('',5,(#4635,#4636,#4637,#4638,#4639,
    #4640),.UNSPECIFIED.,.F.,.F.,(6,6),(0.,1.),
  .PIECEWISE_BEZIER_KNOTS.);
#4635 = CARTESIAN_POINT('',(1.,-0.6));
#4636 = CARTESIAN_POINT('',(0.801559609568,-0.6));
#4637 = CARTESIAN_POINT('',(0.601980579961,-0.6));
#4638 = CARTESIAN_POINT('',(0.401607666535,-0.6));
#4639 = CARTESIAN_POINT('',(0.200813368989,-0.6));
#4640 = CARTESIAN_POINT('',(0.,-0.6));
#4641 = ( GEOMETRIC_REPRESENTATION_CONTEXT(2) 
PARAMETRIC_REPRESENTATION_CONTEXT() REPRESENTATION_CONTEXT('2D SPACE',''
  ) );
#4642 = ORIENTED_EDGE('',*,*,#4643,.F.);
#4643 = EDGE_CURVE('',#4644,#4605,#4646,.T.);
#4644 = VERTEX_POINT('',#4645);
#4645 = CARTESIAN_POINT('',(26.335693359375,13.318603515625,4.));
#4646 = SURFACE_CURVE('',#4647,(#4658,#4672),.PCURVE_S1.);
#4647 = B_SPLINE_CURVE_WITH_KNOTS('',5,(#4648,#4649,#4650,#4651,#4652,
    #4653,#4654,#4655,#4656,#4657),.UNSPECIFIED.,.F.,.F.,(6,4,6),(0.,
    0.261923939539,1.),.UNSPECIFIED.);
#4648 = CARTESIAN_POINT('',(26.335693359375,13.318603515625,4.));
#4649 = CARTESIAN_POINT('',(26.317807010408,13.336875346251,4.));
#4650 = CARTESIAN_POINT('',(26.299106953538,13.353988825003,4.));
#4651 = CARTESIAN_POINT('',(26.279599575243,13.369918159948,4.));
#4652 = CARTESIAN_POINT('',(26.259296678818,13.384644863016,4.));
#4653 = CARTESIAN_POINT('',(26.178810738968,13.436235744734,4.));
#4654 = CARTESIAN_POINT('',(26.113215872794,13.464682062533,4.));
#4655 = CARTESIAN_POINT('',(26.041841458929,13.483225487244,4.));
#4656 = CARTESIAN_POINT('',(25.965356243095,13.4921875,4.));
#4657 = CARTESIAN_POINT('',(25.884521484375,13.4921875,4.));
#4658 = PCURVE('',#368,#4659);
#4659 = DEFINITIONAL_REPRESENTATION('',(#4660),#4671);
#4660 = B_SPLINE_CURVE_WITH_KNOTS('',5,(#4661,#4662,#4663,#4664,#4665,
    #4666,#4667,#4668,#4669,#4670),.UNSPECIFIED.,.F.,.F.,(6,4,6),(0.,
    0.261923939539,1.),.UNSPECIFIED.);
#4661 = CARTESIAN_POINT('',(26.335693359375,13.318603515625));
#4662 = CARTESIAN_POINT('',(26.317807010408,13.336875346251));
#4663 = CARTESIAN_POINT('',(26.299106953538,13.353988825003));
#4664 = CARTESIAN_POINT('',(26.279599575243,13.369918159948));
#4665 = CARTESIAN_POINT('',(26.259296678818,13.384644863016));
#4666 = CARTESIAN_POINT('',(26.178810738968,13.436235744734));
#4667 = CARTESIAN_POINT('',(26.113215872794,13.464682062533));
#4668 = CARTESIAN_POINT('',(26.041841458929,13.483225487244));
#4669 = CARTESIAN_POINT('',(25.965356243095,13.4921875));
#4670 = CARTESIAN_POINT('',(25.884521484375,13.4921875));
#4671 = ( GEOMETRIC_REPRESENTATION_CONTEXT(2) 
PARAMETRIC_REPRESENTATION_CONTEXT() REPRESENTATION_CONTEXT('2D SPACE',''
  ) );
#4672 = PCURVE('',#4673,#4680);
#4673 = SURFACE_OF_LINEAR_EXTRUSION('',#4674,#4678);
#4674 = B_SPLINE_CURVE_WITH_KNOTS('',2,(#4675,#4676,#4677),
  .UNSPECIFIED.,.F.,.F.,(3,3),(0.,1.),.PIECEWISE_BEZIER_KNOTS.);
#4675 = CARTESIAN_POINT('',(25.884521484375,13.4921875,3.4));
#4676 = CARTESIAN_POINT('',(26.165771484375,13.4921875,3.4));
#4677 = CARTESIAN_POINT('',(26.335693359375,13.318603515625,3.4));
#4678 = VECTOR('',#4679,1.);
#4679 = DIRECTION('',(-0.,-0.,-1.));
#4680 = DEFINITIONAL_REPRESENTATION('',(#4681),#4692);
#4681 = B_SPLINE_CURVE_WITH_KNOTS('',5,(#4682,#4683,#4684,#4685,#4686,
    #4687,#4688,#4689,#4690,#4691),.UNSPECIFIED.,.F.,.F.,(6,4,6),(0.,
    0.261923939539,1.),.UNSPECIFIED.);
#4682 = CARTESIAN_POINT('',(1.,-0.6));
#4683 = CARTESIAN_POINT('',(0.947368904189,-0.6));
#4684 = CARTESIAN_POINT('',(0.89461194405,-0.6));
#4685 = CARTESIAN_POINT('',(0.841769880721,-0.6));
#4686 = CARTESIAN_POINT('',(0.78888477753,-0.6));
#4687 = CARTESIAN_POINT('',(0.586975866022,-0.6));
#4688 = CARTESIAN_POINT('',(0.437928900519,-0.6));
#4689 = CARTESIAN_POINT('',(0.289898245912,-0.6));
#4690 = CARTESIAN_POINT('',(0.143706237725,-0.6));
#4691 = CARTESIAN_POINT('',(0.,-0.6));
#4692 = ( GEOMETRIC_REPRESENTATION_CONTEXT(2) 
PARAMETRIC_REPRESENTATION_CONTEXT() REPRESENTATION_CONTEXT('2D SPACE',''
  ) );
#4693 = ORIENTED_EDGE('',*,*,#4694,.F.);
#4694 = EDGE_CURVE('',#4009,#4644,#4695,.T.);
#4695 = SURFACE_CURVE('',#4696,(#4707,#4721),.PCURVE_S1.);
#4696 = B_SPLINE_CURVE_WITH_KNOTS('',5,(#4697,#4698,#4699,#4700,#4701,
    #4702,#4703,#4704,#4705,#4706),.UNSPECIFIED.,.F.,.F.,(6,4,6),(0.,
    0.798151669814,1.),.UNSPECIFIED.);
#4697 = CARTESIAN_POINT('',(26.505615234375,12.85498046875,4.));
#4698 = CARTESIAN_POINT('',(26.505615234375,12.944804226633,4.));
#4699 = CARTESIAN_POINT('',(26.495429117138,13.029429239527,4.));
#4700 = CARTESIAN_POINT('',(26.474250053581,13.107857948758,4.));
#4701 = CARTESIAN_POINT('',(26.441634622545,13.179199119949,4.));
#4702 = CARTESIAN_POINT('',(26.386902409894,13.259053285429,4.));
#4703 = CARTESIAN_POINT('',(26.37514628483,13.274686157933,4.));
#4704 = CARTESIAN_POINT('',(26.362687008843,13.28982569441,4.));
#4705 = CARTESIAN_POINT('',(26.34953252667,13.304466090414,4.));
#4706 = CARTESIAN_POINT('',(26.335693359375,13.318603515625,4.));
#4707 = PCURVE('',#368,#4708);
#4708 = DEFINITIONAL_REPRESENTATION('',(#4709),#4720);
#4709 = B_SPLINE_CURVE_WITH_KNOTS('',5,(#4710,#4711,#4712,#4713,#4714,
    #4715,#4716,#4717,#4718,#4719),.UNSPECIFIED.,.F.,.F.,(6,4,6),(0.,
    0.798151669814,1.),.UNSPECIFIED.);
#4710 = CARTESIAN_POINT('',(26.505615234375,12.85498046875));
#4711 = CARTESIAN_POINT('',(26.505615234375,12.944804226633));
#4712 = CARTESIAN_POINT('',(26.495429117138,13.029429239527));
#4713 = CARTESIAN_POINT('',(26.474250053581,13.107857948758));
#4714 = CARTESIAN_POINT('',(26.441634622545,13.179199119949));
#4715 = CARTESIAN_POINT('',(26.386902409894,13.259053285429));
#4716 = CARTESIAN_POINT('',(26.37514628483,13.274686157933));
#4717 = CARTESIAN_POINT('',(26.362687008843,13.28982569441));
#4718 = CARTESIAN_POINT('',(26.34953252667,13.304466090414));
#4719 = CARTESIAN_POINT('',(26.335693359375,13.318603515625));
#4720 = ( GEOMETRIC_REPRESENTATION_CONTEXT(2) 
PARAMETRIC_REPRESENTATION_CONTEXT() REPRESENTATION_CONTEXT('2D SPACE',''
  ) );
#4721 = PCURVE('',#4722,#4729);
#4722 = SURFACE_OF_LINEAR_EXTRUSION('',#4723,#4727);
#4723 = B_SPLINE_CURVE_WITH_KNOTS('',2,(#4724,#4725,#4726),
  .UNSPECIFIED.,.F.,.F.,(3,3),(0.,1.),.PIECEWISE_BEZIER_KNOTS.);
#4724 = CARTESIAN_POINT('',(26.335693359375,13.318603515625,3.4));
#4725 = CARTESIAN_POINT('',(26.505615234375,13.14501953125,3.4));
#4726 = CARTESIAN_POINT('',(26.505615234375,12.85498046875,3.4));
#4727 = VECTOR('',#4728,1.);
#4728 = DIRECTION('',(-0.,-0.,-1.));
#4729 = DEFINITIONAL_REPRESENTATION('',(#4730),#4741);
#4730 = B_SPLINE_CURVE_WITH_KNOTS('',5,(#4731,#4732,#4733,#4734,#4735,
    #4736,#4737,#4738,#4739,#4740),.UNSPECIFIED.,.F.,.F.,(6,4,6),(0.,
    0.798151669814,1.),.UNSPECIFIED.);
#4731 = CARTESIAN_POINT('',(1.,-0.6));
#4732 = CARTESIAN_POINT('',(0.845152309642,-0.6));
#4733 = CARTESIAN_POINT('',(0.68723217491,-0.6));
#4734 = CARTESIAN_POINT('',(0.527006048657,-0.6));
#4735 = CARTESIAN_POINT('',(0.365486446188,-0.6));
#4736 = CARTESIAN_POINT('',(0.163160933011,-0.6));
#4737 = CARTESIAN_POINT('',(0.122321827057,-0.6));
#4738 = CARTESIAN_POINT('',(8.150243427313E-02,-0.6));
#4739 = CARTESIAN_POINT('',(4.072214744355E-02,-0.6));
#4740 = CARTESIAN_POINT('',(0.,-0.6));
#4741 = ( GEOMETRIC_REPRESENTATION_CONTEXT(2) 
PARAMETRIC_REPRESENTATION_CONTEXT() REPRESENTATION_CONTEXT('2D SPACE',''
  ) );
#4742 = FACE_BOUND('',#4743,.T.);
#4743 = EDGE_LOOP('',(#4744,#4772,#4798,#4824));
#4744 = ORIENTED_EDGE('',*,*,#4745,.F.);
#4745 = EDGE_CURVE('',#4746,#4748,#4750,.T.);
#4746 = VERTEX_POINT('',#4747);
#4747 = CARTESIAN_POINT('',(39.826416015625,12.20166015625,4.));
#4748 = VERTEX_POINT('',#4749);
#4749 = CARTESIAN_POINT('',(40.170654296875,12.20166015625,4.));
#4750 = SURFACE_CURVE('',#4751,(#4755,#4761),.PCURVE_S1.);
#4751 = LINE('',#4752,#4753);
#4752 = CARTESIAN_POINT('',(20.085327148438,12.20166015625,4.));
#4753 = VECTOR('',#4754,1.);
#4754 = DIRECTION('',(1.,0.,-0.));
#4755 = PCURVE('',#368,#4756);
#4756 = DEFINITIONAL_REPRESENTATION('',(#4757),#4760);
#4757 = B_SPLINE_CURVE_WITH_KNOTS('',1,(#4758,#4759),.UNSPECIFIED.,.F.,
  .F.,(2,2),(19.741088867188,20.085327148438),.PIECEWISE_BEZIER_KNOTS.);
#4758 = CARTESIAN_POINT('',(39.826416015625,12.20166015625));
#4759 = CARTESIAN_POINT('',(40.170654296875,12.20166015625));
#4760 = ( GEOMETRIC_REPRESENTATION_CONTEXT(2) 
PARAMETRIC_REPRESENTATION_CONTEXT() REPRESENTATION_CONTEXT('2D SPACE',''
  ) );
#4761 = PCURVE('',#4762,#4767);
#4762 = PLANE('',#4763);
#4763 = AXIS2_PLACEMENT_3D('',#4764,#4765,#4766);
#4764 = CARTESIAN_POINT('',(40.170654296875,12.20166015625,3.4));
#4765 = DIRECTION('',(0.,-1.,0.));
#4766 = DIRECTION('',(-1.,0.,0.));
#4767 = DEFINITIONAL_REPRESENTATION('',(#4768),#4771);
#4768 = B_SPLINE_CURVE_WITH_KNOTS('',1,(#4769,#4770),.UNSPECIFIED.,.F.,
  .F.,(2,2),(19.741088867188,20.085327148438),.PIECEWISE_BEZIER_KNOTS.);
#4769 = CARTESIAN_POINT('',(0.34423828125,-0.6));
#4770 = CARTESIAN_POINT('',(0.,-0.6));
#4771 = ( GEOMETRIC_REPRESENTATION_CONTEXT(2) 
PARAMETRIC_REPRESENTATION_CONTEXT() REPRESENTATION_CONTEXT('2D SPACE',''
  ) );
#4772 = ORIENTED_EDGE('',*,*,#4773,.F.);
#4773 = EDGE_CURVE('',#4774,#4746,#4776,.T.);
#4774 = VERTEX_POINT('',#4775);
#4775 = CARTESIAN_POINT('',(39.826416015625,12.6396484375,4.));
#4776 = SURFACE_CURVE('',#4777,(#4781,#4787),.PCURVE_S1.);
#4777 = LINE('',#4778,#4779);
#4778 = CARTESIAN_POINT('',(39.826416015625,6.100830078125,4.));
#4779 = VECTOR('',#4780,1.);
#4780 = DIRECTION('',(0.,-1.,0.));
#4781 = PCURVE('',#368,#4782);
#4782 = DEFINITIONAL_REPRESENTATION('',(#4783),#4786);
#4783 = B_SPLINE_CURVE_WITH_KNOTS('',1,(#4784,#4785),.UNSPECIFIED.,.F.,
  .F.,(2,2),(-6.538818359375,-6.100830078125),.PIECEWISE_BEZIER_KNOTS.);
#4784 = CARTESIAN_POINT('',(39.826416015625,12.6396484375));
#4785 = CARTESIAN_POINT('',(39.826416015625,12.20166015625));
#4786 = ( GEOMETRIC_REPRESENTATION_CONTEXT(2) 
PARAMETRIC_REPRESENTATION_CONTEXT() REPRESENTATION_CONTEXT('2D SPACE',''
  ) );
#4787 = PCURVE('',#4788,#4793);
#4788 = PLANE('',#4789);
#4789 = AXIS2_PLACEMENT_3D('',#4790,#4791,#4792);
#4790 = CARTESIAN_POINT('',(39.826416015625,12.20166015625,3.4));
#4791 = DIRECTION('',(-1.,0.,0.));
#4792 = DIRECTION('',(0.,1.,0.));
#4793 = DEFINITIONAL_REPRESENTATION('',(#4794),#4797);
#4794 = B_SPLINE_CURVE_WITH_KNOTS('',1,(#4795,#4796),.UNSPECIFIED.,.F.,
  .F.,(2,2),(-6.538818359375,-6.100830078125),.PIECEWISE_BEZIER_KNOTS.);
#4795 = CARTESIAN_POINT('',(0.43798828125,-0.6));
#4796 = CARTESIAN_POINT('',(0.,-0.6));
#4797 = ( GEOMETRIC_REPRESENTATION_CONTEXT(2) 
PARAMETRIC_REPRESENTATION_CONTEXT() REPRESENTATION_CONTEXT('2D SPACE',''
  ) );
#4798 = ORIENTED_EDGE('',*,*,#4799,.F.);
#4799 = EDGE_CURVE('',#4800,#4774,#4802,.T.);
#4800 = VERTEX_POINT('',#4801);
#4801 = CARTESIAN_POINT('',(40.170654296875,12.6396484375,4.));
#4802 = SURFACE_CURVE('',#4803,(#4807,#4813),.PCURVE_S1.);
#4803 = LINE('',#4804,#4805);
#4804 = CARTESIAN_POINT('',(19.913208007812,12.6396484375,4.));
#4805 = VECTOR('',#4806,1.);
#4806 = DIRECTION('',(-1.,0.,0.));
#4807 = PCURVE('',#368,#4808);
#4808 = DEFINITIONAL_REPRESENTATION('',(#4809),#4812);
#4809 = B_SPLINE_CURVE_WITH_KNOTS('',1,(#4810,#4811),.UNSPECIFIED.,.F.,
  .F.,(2,2),(-20.25744628906,-19.91320800781),.PIECEWISE_BEZIER_KNOTS.);
#4810 = CARTESIAN_POINT('',(40.170654296875,12.6396484375));
#4811 = CARTESIAN_POINT('',(39.826416015625,12.6396484375));
#4812 = ( GEOMETRIC_REPRESENTATION_CONTEXT(2) 
PARAMETRIC_REPRESENTATION_CONTEXT() REPRESENTATION_CONTEXT('2D SPACE',''
  ) );
#4813 = PCURVE('',#4814,#4819);
#4814 = PLANE('',#4815);
#4815 = AXIS2_PLACEMENT_3D('',#4816,#4817,#4818);
#4816 = CARTESIAN_POINT('',(39.826416015625,12.6396484375,3.4));
#4817 = DIRECTION('',(0.,1.,0.));
#4818 = DIRECTION('',(1.,0.,0.));
#4819 = DEFINITIONAL_REPRESENTATION('',(#4820),#4823);
#4820 = B_SPLINE_CURVE_WITH_KNOTS('',1,(#4821,#4822),.UNSPECIFIED.,.F.,
  .F.,(2,2),(-20.25744628906,-19.91320800781),.PIECEWISE_BEZIER_KNOTS.);
#4821 = CARTESIAN_POINT('',(0.34423828125,-0.6));
#4822 = CARTESIAN_POINT('',(0.,-0.6));
#4823 = ( GEOMETRIC_REPRESENTATION_CONTEXT(2) 
PARAMETRIC_REPRESENTATION_CONTEXT() REPRESENTATION_CONTEXT('2D SPACE',''
  ) );
#4824 = ORIENTED_EDGE('',*,*,#4825,.F.);
#4825 = EDGE_CURVE('',#4748,#4800,#4826,.T.);
#4826 = SURFACE_CURVE('',#4827,(#4831,#4837),.PCURVE_S1.);
#4827 = LINE('',#4828,#4829);
#4828 = CARTESIAN_POINT('',(40.170654296875,6.31982421875,4.));
#4829 = VECTOR('',#4830,1.);
#4830 = DIRECTION('',(0.,1.,0.));
#4831 = PCURVE('',#368,#4832);
#4832 = DEFINITIONAL_REPRESENTATION('',(#4833),#4836);
#4833 = B_SPLINE_CURVE_WITH_KNOTS('',1,(#4834,#4835),.UNSPECIFIED.,.F.,
  .F.,(2,2),(5.8818359375,6.31982421875),.PIECEWISE_BEZIER_KNOTS.);
#4834 = CARTESIAN_POINT('',(40.170654296875,12.20166015625));
#4835 = CARTESIAN_POINT('',(40.170654296875,12.6396484375));
#4836 = ( GEOMETRIC_REPRESENTATION_CONTEXT(2) 
PARAMETRIC_REPRESENTATION_CONTEXT() REPRESENTATION_CONTEXT('2D SPACE',''
  ) );
#4837 = PCURVE('',#4838,#4843);
#4838 = PLANE('',#4839);
#4839 = AXIS2_PLACEMENT_3D('',#4840,#4841,#4842);
#4840 = CARTESIAN_POINT('',(40.170654296875,12.6396484375,3.4));
#4841 = DIRECTION('',(1.,0.,0.));
#4842 = DIRECTION('',(0.,-1.,0.));
#4843 = DEFINITIONAL_REPRESENTATION('',(#4844),#4847);
#4844 = B_SPLINE_CURVE_WITH_KNOTS('',1,(#4845,#4846),.UNSPECIFIED.,.F.,
  .F.,(2,2),(5.8818359375,6.31982421875),.PIECEWISE_BEZIER_KNOTS.);
#4845 = CARTESIAN_POINT('',(0.43798828125,-0.6));
#4846 = CARTESIAN_POINT('',(0.,-0.6));
#4847 = ( GEOMETRIC_REPRESENTATION_CONTEXT(2) 
PARAMETRIC_REPRESENTATION_CONTEXT() REPRESENTATION_CONTEXT('2D SPACE',''
  ) );
#4848 = FACE_BOUND('',#4849,.T.);
#4849 = EDGE_LOOP('',(#4850,#4878,#4904,#4943,#4982,#5024,#5063,#5114,
    #5153,#5204,#5255,#5281,#5332,#5383,#5425,#5476,#5515,#5554,#5596,
    #5635,#5661));
#4850 = ORIENTED_EDGE('',*,*,#4851,.F.);
#4851 = EDGE_CURVE('',#4852,#4854,#4856,.T.);
#4852 = VERTEX_POINT('',#4853);
#4853 = CARTESIAN_POINT('',(37.510498046875,12.20166015625,4.));
#4854 = VERTEX_POINT('',#4855);
#4855 = CARTESIAN_POINT('',(38.887451171875,12.20166015625,4.));
#4856 = SURFACE_CURVE('',#4857,(#4861,#4867),.PCURVE_S1.);
#4857 = LINE('',#4858,#4859);
#4858 = CARTESIAN_POINT('',(19.443725585938,12.20166015625,4.));
#4859 = VECTOR('',#4860,1.);
#4860 = DIRECTION('',(1.,0.,-0.));
#4861 = PCURVE('',#368,#4862);
#4862 = DEFINITIONAL_REPRESENTATION('',(#4863),#4866);
#4863 = B_SPLINE_CURVE_WITH_KNOTS('',1,(#4864,#4865),.UNSPECIFIED.,.F.,
  .F.,(2,2),(18.066772460938,19.443725585938),.PIECEWISE_BEZIER_KNOTS.);
#4864 = CARTESIAN_POINT('',(37.510498046875,12.20166015625));
#4865 = CARTESIAN_POINT('',(38.887451171875,12.20166015625));
#4866 = ( GEOMETRIC_REPRESENTATION_CONTEXT(2) 
PARAMETRIC_REPRESENTATION_CONTEXT() REPRESENTATION_CONTEXT('2D SPACE',''
  ) );
#4867 = PCURVE('',#4868,#4873);
#4868 = PLANE('',#4869);
#4869 = AXIS2_PLACEMENT_3D('',#4870,#4871,#4872);
#4870 = CARTESIAN_POINT('',(38.887451171875,12.20166015625,3.4));
#4871 = DIRECTION('',(0.,-1.,0.));
#4872 = DIRECTION('',(-1.,0.,0.));
#4873 = DEFINITIONAL_REPRESENTATION('',(#4874),#4877);
#4874 = B_SPLINE_CURVE_WITH_KNOTS('',1,(#4875,#4876),.UNSPECIFIED.,.F.,
  .F.,(2,2),(18.066772460938,19.443725585938),.PIECEWISE_BEZIER_KNOTS.);
#4875 = CARTESIAN_POINT('',(1.376953125,-0.6));
#4876 = CARTESIAN_POINT('',(0.,-0.6));
#4877 = ( GEOMETRIC_REPRESENTATION_CONTEXT(2) 
PARAMETRIC_REPRESENTATION_CONTEXT() REPRESENTATION_CONTEXT('2D SPACE',''
  ) );
#4878 = ORIENTED_EDGE('',*,*,#4879,.F.);
#4879 = EDGE_CURVE('',#4880,#4852,#4882,.T.);
#4880 = VERTEX_POINT('',#4881);
#4881 = CARTESIAN_POINT('',(37.510498046875,12.373046875,4.));
#4882 = SURFACE_CURVE('',#4883,(#4887,#4893),.PCURVE_S1.);
#4883 = LINE('',#4884,#4885);
#4884 = CARTESIAN_POINT('',(37.510498046875,6.100830078125,4.));
#4885 = VECTOR('',#4886,1.);
#4886 = DIRECTION('',(0.,-1.,0.));
#4887 = PCURVE('',#368,#4888);
#4888 = DEFINITIONAL_REPRESENTATION('',(#4889),#4892);
#4889 = B_SPLINE_CURVE_WITH_KNOTS('',1,(#4890,#4891),.UNSPECIFIED.,.F.,
  .F.,(2,2),(-6.272216796875,-6.100830078125),.PIECEWISE_BEZIER_KNOTS.);
#4890 = CARTESIAN_POINT('',(37.510498046875,12.373046875));
#4891 = CARTESIAN_POINT('',(37.510498046875,12.20166015625));
#4892 = ( GEOMETRIC_REPRESENTATION_CONTEXT(2) 
PARAMETRIC_REPRESENTATION_CONTEXT() REPRESENTATION_CONTEXT('2D SPACE',''
  ) );
#4893 = PCURVE('',#4894,#4899);
#4894 = PLANE('',#4895);
#4895 = AXIS2_PLACEMENT_3D('',#4896,#4897,#4898);
#4896 = CARTESIAN_POINT('',(37.510498046875,12.20166015625,3.4));
#4897 = DIRECTION('',(-1.,0.,0.));
#4898 = DIRECTION('',(0.,1.,0.));
#4899 = DEFINITIONAL_REPRESENTATION('',(#4900),#4903);
#4900 = B_SPLINE_CURVE_WITH_KNOTS('',1,(#4901,#4902),.UNSPECIFIED.,.F.,
  .F.,(2,2),(-6.272216796875,-6.100830078125),.PIECEWISE_BEZIER_KNOTS.);
#4901 = CARTESIAN_POINT('',(0.17138671875,-0.6));
#4902 = CARTESIAN_POINT('',(0.,-0.6));
#4903 = ( GEOMETRIC_REPRESENTATION_CONTEXT(2) 
PARAMETRIC_REPRESENTATION_CONTEXT() REPRESENTATION_CONTEXT('2D SPACE',''
  ) );
#4904 = ORIENTED_EDGE('',*,*,#4905,.F.);
#4905 = EDGE_CURVE('',#4906,#4880,#4908,.T.);
#4906 = VERTEX_POINT('',#4907);
#4907 = CARTESIAN_POINT('',(37.73388671875,12.694580078125,4.));
#4908 = SURFACE_CURVE('',#4909,(#4916,#4926),.PCURVE_S1.);
#4909 = B_SPLINE_CURVE_WITH_KNOTS('',5,(#4910,#4911,#4912,#4913,#4914,
    #4915),.UNSPECIFIED.,.F.,.F.,(6,6),(0.,1.),
  .PIECEWISE_BEZIER_KNOTS.);
#4910 = CARTESIAN_POINT('',(37.73388671875,12.694580078125,4.));
#4911 = CARTESIAN_POINT('',(37.674301446295,12.630964883862,4.));
#4912 = CARTESIAN_POINT('',(37.621812830531,12.566910189799,4.));
#4913 = CARTESIAN_POINT('',(37.576807283725,12.502500436169,4.));
#4914 = CARTESIAN_POINT('',(37.539624461383,12.437838286865,4.));
#4915 = CARTESIAN_POINT('',(37.510498046875,12.373046875,4.));
#4916 = PCURVE('',#368,#4917);
#4917 = DEFINITIONAL_REPRESENTATION('',(#4918),#4925);
#4918 = B_SPLINE_CURVE_WITH_KNOTS('',5,(#4919,#4920,#4921,#4922,#4923,
    #4924),.UNSPECIFIED.,.F.,.F.,(6,6),(0.,1.),
  .PIECEWISE_BEZIER_KNOTS.);
#4919 = CARTESIAN_POINT('',(37.73388671875,12.694580078125));
#4920 = CARTESIAN_POINT('',(37.674301446295,12.630964883862));
#4921 = CARTESIAN_POINT('',(37.621812830531,12.566910189799));
#4922 = CARTESIAN_POINT('',(37.576807283725,12.502500436169));
#4923 = CARTESIAN_POINT('',(37.539624461383,12.437838286865));
#4924 = CARTESIAN_POINT('',(37.510498046875,12.373046875));
#4925 = ( GEOMETRIC_REPRESENTATION_CONTEXT(2) 
PARAMETRIC_REPRESENTATION_CONTEXT() REPRESENTATION_CONTEXT('2D SPACE',''
  ) );
#4926 = PCURVE('',#4927,#4934);
#4927 = SURFACE_OF_LINEAR_EXTRUSION('',#4928,#4932);
#4928 = B_SPLINE_CURVE_WITH_KNOTS('',2,(#4929,#4930,#4931),
  .UNSPECIFIED.,.F.,.F.,(3,3),(0.,1.),.PIECEWISE_BEZIER_KNOTS.);
#4929 = CARTESIAN_POINT('',(37.510498046875,12.373046875,3.4));
#4930 = CARTESIAN_POINT('',(37.582275390625,12.53271484375,3.4));
#4931 = CARTESIAN_POINT('',(37.73388671875,12.694580078125,3.4));
#4932 = VECTOR('',#4933,1.);
#4933 = DIRECTION('',(-0.,-0.,-1.));
#4934 = DEFINITIONAL_REPRESENTATION('',(#4935),#4942);
#4935 = B_SPLINE_CURVE_WITH_KNOTS('',5,(#4936,#4937,#4938,#4939,#4940,
    #4941),.UNSPECIFIED.,.F.,.F.,(6,6),(0.,1.),
  .PIECEWISE_BEZIER_KNOTS.);
#4936 = CARTESIAN_POINT('',(1.,-0.6));
#4937 = CARTESIAN_POINT('',(0.803493336575,-0.6));
#4938 = CARTESIAN_POINT('',(0.604973829022,-0.6));
#4939 = CARTESIAN_POINT('',(0.404675493092,-0.6));
#4940 = CARTESIAN_POINT('',(0.202894207187,-0.6));
#4941 = CARTESIAN_POINT('',(0.,-0.6));
#4942 = ( GEOMETRIC_REPRESENTATION_CONTEXT(2) 
PARAMETRIC_REPRESENTATION_CONTEXT() REPRESENTATION_CONTEXT('2D SPACE',''
  ) );
#4943 = ORIENTED_EDGE('',*,*,#4944,.F.);
#4944 = EDGE_CURVE('',#4945,#4906,#4947,.T.);
#4945 = VERTEX_POINT('',#4946);
#4946 = CARTESIAN_POINT('',(38.146240234375,13.064453125,4.));
#4947 = SURFACE_CURVE('',#4948,(#4955,#4965),.PCURVE_S1.);
#4948 = B_SPLINE_CURVE_WITH_KNOTS('',5,(#4949,#4950,#4951,#4952,#4953,
    #4954),.UNSPECIFIED.,.F.,.F.,(6,6),(0.,1.),
  .PIECEWISE_BEZIER_KNOTS.);
#4949 = CARTESIAN_POINT('',(38.146240234375,13.064453125,4.));
#4950 = CARTESIAN_POINT('',(38.046914456539,12.985215706726,4.));
#4951 = CARTESIAN_POINT('',(37.954998471089,12.908178217621,4.));
#4952 = CARTESIAN_POINT('',(37.871429174243,12.833718148296,4.));
#4953 = CARTESIAN_POINT('',(37.797349902112,12.762335457463,4.));
#4954 = CARTESIAN_POINT('',(37.73388671875,12.694580078125,4.));
#4955 = PCURVE('',#368,#4956);
#4956 = DEFINITIONAL_REPRESENTATION('',(#4957),#4964);
#4957 = B_SPLINE_CURVE_WITH_KNOTS('',5,(#4958,#4959,#4960,#4961,#4962,
    #4963),.UNSPECIFIED.,.F.,.F.,(6,6),(0.,1.),
  .PIECEWISE_BEZIER_KNOTS.);
#4958 = CARTESIAN_POINT('',(38.146240234375,13.064453125));
#4959 = CARTESIAN_POINT('',(38.046914456539,12.985215706726));
#4960 = CARTESIAN_POINT('',(37.954998471089,12.908178217621));
#4961 = CARTESIAN_POINT('',(37.871429174243,12.833718148296));
#4962 = CARTESIAN_POINT('',(37.797349902112,12.762335457463));
#4963 = CARTESIAN_POINT('',(37.73388671875,12.694580078125));
#4964 = ( GEOMETRIC_REPRESENTATION_CONTEXT(2) 
PARAMETRIC_REPRESENTATION_CONTEXT() REPRESENTATION_CONTEXT('2D SPACE',''
  ) );
#4965 = PCURVE('',#4966,#4973);
#4966 = SURFACE_OF_LINEAR_EXTRUSION('',#4967,#4971);
#4967 = B_SPLINE_CURVE_WITH_KNOTS('',2,(#4968,#4969,#4970),
  .UNSPECIFIED.,.F.,.F.,(3,3),(0.,1.),.PIECEWISE_BEZIER_KNOTS.);
#4968 = CARTESIAN_POINT('',(37.73388671875,12.694580078125,3.4));
#4969 = CARTESIAN_POINT('',(37.885498046875,12.8564453125,3.4));
#4970 = CARTESIAN_POINT('',(38.146240234375,13.064453125,3.4));
#4971 = VECTOR('',#4972,1.);
#4972 = DIRECTION('',(-0.,-0.,-1.));
#4973 = DEFINITIONAL_REPRESENTATION('',(#4974),#4981);
#4974 = B_SPLINE_CURVE_WITH_KNOTS('',5,(#4975,#4976,#4977,#4978,#4979,
    #4980),.UNSPECIFIED.,.F.,.F.,(6,6),(0.,1.),
  .PIECEWISE_BEZIER_KNOTS.);
#4975 = CARTESIAN_POINT('',(1.,-0.6));
#4976 = CARTESIAN_POINT('',(0.809532590817,-0.6));
#4977 = CARTESIAN_POINT('',(0.614292986217,-0.6));
#4978 = CARTESIAN_POINT('',(0.414185817434,-0.6));
#4979 = CARTESIAN_POINT('',(0.209295651409,-0.6));
#4980 = CARTESIAN_POINT('',(0.,-0.6));
#4981 = ( GEOMETRIC_REPRESENTATION_CONTEXT(2) 
PARAMETRIC_REPRESENTATION_CONTEXT() REPRESENTATION_CONTEXT('2D SPACE',''
  ) );
#4982 = ORIENTED_EDGE('',*,*,#4983,.F.);
#4983 = EDGE_CURVE('',#4984,#4945,#4986,.T.);
#4984 = VERTEX_POINT('',#4985);
#4985 = CARTESIAN_POINT('',(38.481689453125,13.38818359375,4.));
#4986 = SURFACE_CURVE('',#4987,(#4995,#5006),.PCURVE_S1.);
#4987 = B_SPLINE_CURVE_WITH_KNOTS('',6,(#4988,#4989,#4990,#4991,#4992,
    #4993,#4994),.UNSPECIFIED.,.F.,.F.,(7,7),(0.,1.),
  .PIECEWISE_BEZIER_KNOTS.);
#4988 = CARTESIAN_POINT('',(38.481689453125,13.38818359375,4.));
#4989 = CARTESIAN_POINT('',(38.445941206385,13.34017880527,4.));
#4990 = CARTESIAN_POINT('',(38.401222699886,13.289370186928,4.));
#4991 = CARTESIAN_POINT('',(38.348163952885,13.236082596672,4.));
#4992 = CARTESIAN_POINT('',(38.28750752737,13.180644781202,4.));
#4993 = CARTESIAN_POINT('',(38.219980397731,13.123352500762,4.));
#4994 = CARTESIAN_POINT('',(38.146240234375,13.064453125,4.));
#4995 = PCURVE('',#368,#4996);
#4996 = DEFINITIONAL_REPRESENTATION('',(#4997),#5005);
#4997 = B_SPLINE_CURVE_WITH_KNOTS('',6,(#4998,#4999,#5000,#5001,#5002,
    #5003,#5004),.UNSPECIFIED.,.F.,.F.,(7,7),(0.,1.),
  .PIECEWISE_BEZIER_KNOTS.);
#4998 = CARTESIAN_POINT('',(38.481689453125,13.38818359375));
#4999 = CARTESIAN_POINT('',(38.445941206385,13.34017880527));
#5000 = CARTESIAN_POINT('',(38.401222699886,13.289370186928));
#5001 = CARTESIAN_POINT('',(38.348163952885,13.236082596672));
#5002 = CARTESIAN_POINT('',(38.28750752737,13.180644781202));
#5003 = CARTESIAN_POINT('',(38.219980397731,13.123352500762));
#5004 = CARTESIAN_POINT('',(38.146240234375,13.064453125));
#5005 = ( GEOMETRIC_REPRESENTATION_CONTEXT(2) 
PARAMETRIC_REPRESENTATION_CONTEXT() REPRESENTATION_CONTEXT('2D SPACE',''
  ) );
#5006 = PCURVE('',#5007,#5014);
#5007 = SURFACE_OF_LINEAR_EXTRUSION('',#5008,#5012);
#5008 = B_SPLINE_CURVE_WITH_KNOTS('',2,(#5009,#5010,#5011),
  .UNSPECIFIED.,.F.,.F.,(3,3),(0.,1.),.PIECEWISE_BEZIER_KNOTS.);
#5009 = CARTESIAN_POINT('',(38.146240234375,13.064453125,3.4));
#5010 = CARTESIAN_POINT('',(38.379150390625,13.25048828125,3.4));
#5011 = CARTESIAN_POINT('',(38.481689453125,13.38818359375,3.4));
#5012 = VECTOR('',#5013,1.);
#5013 = DIRECTION('',(-0.,-0.,-1.));
#5014 = DEFINITIONAL_REPRESENTATION('',(#5015),#5023);
#5015 = B_SPLINE_CURVE_WITH_KNOTS('',6,(#5016,#5017,#5018,#5019,#5020,
    #5021,#5022),.UNSPECIFIED.,.F.,.F.,(7,7),(0.,1.),
  .PIECEWISE_BEZIER_KNOTS.);
#5016 = CARTESIAN_POINT('',(1.,-0.6));
#5017 = CARTESIAN_POINT('',(0.825684739705,-0.6));
#5018 = CARTESIAN_POINT('',(0.653989095185,-0.6));
#5019 = CARTESIAN_POINT('',(0.485370829725,-0.6));
#5020 = CARTESIAN_POINT('',(0.320097887204,-0.6));
#5021 = CARTESIAN_POINT('',(0.158301734332,-0.6));
#5022 = CARTESIAN_POINT('',(0.,-0.6));
#5023 = ( GEOMETRIC_REPRESENTATION_CONTEXT(2) 
PARAMETRIC_REPRESENTATION_CONTEXT() REPRESENTATION_CONTEXT('2D SPACE',''
  ) );
#5024 = ORIENTED_EDGE('',*,*,#5025,.F.);
#5025 = EDGE_CURVE('',#5026,#4984,#5028,.T.);
#5026 = VERTEX_POINT('',#5027);
#5027 = CARTESIAN_POINT('',(38.584228515625,13.6533203125,4.));
#5028 = SURFACE_CURVE('',#5029,(#5036,#5046),.PCURVE_S1.);
#5029 = B_SPLINE_CURVE_WITH_KNOTS('',5,(#5030,#5031,#5032,#5033,#5034,
    #5035),.UNSPECIFIED.,.F.,.F.,(6,6),(0.,1.),
  .PIECEWISE_BEZIER_KNOTS.);
#5030 = CARTESIAN_POINT('',(38.584228515625,13.6533203125,4.));
#5031 = CARTESIAN_POINT('',(38.584228515625,13.601883660893,4.));
#5032 = CARTESIAN_POINT('',(38.57378868402,13.549464251475,4.));
#5033 = CARTESIAN_POINT('',(38.552958690237,13.496248704762,4.));
#5034 = CARTESIAN_POINT('',(38.522083329753,13.442426799508,4.));
#5035 = CARTESIAN_POINT('',(38.481689453125,13.38818359375,4.));
#5036 = PCURVE('',#368,#5037);
#5037 = DEFINITIONAL_REPRESENTATION('',(#5038),#5045);
#5038 = B_SPLINE_CURVE_WITH_KNOTS('',5,(#5039,#5040,#5041,#5042,#5043,
    #5044),.UNSPECIFIED.,.F.,.F.,(6,6),(0.,1.),
  .PIECEWISE_BEZIER_KNOTS.);
#5039 = CARTESIAN_POINT('',(38.584228515625,13.6533203125));
#5040 = CARTESIAN_POINT('',(38.584228515625,13.601883660893));
#5041 = CARTESIAN_POINT('',(38.57378868402,13.549464251475));
#5042 = CARTESIAN_POINT('',(38.552958690237,13.496248704762));
#5043 = CARTESIAN_POINT('',(38.522083329753,13.442426799508));
#5044 = CARTESIAN_POINT('',(38.481689453125,13.38818359375));
#5045 = ( GEOMETRIC_REPRESENTATION_CONTEXT(2) 
PARAMETRIC_REPRESENTATION_CONTEXT() REPRESENTATION_CONTEXT('2D SPACE',''
  ) );
#5046 = PCURVE('',#5047,#5054);
#5047 = SURFACE_OF_LINEAR_EXTRUSION('',#5048,#5052);
#5048 = B_SPLINE_CURVE_WITH_KNOTS('',2,(#5049,#5050,#5051),
  .UNSPECIFIED.,.F.,.F.,(3,3),(0.,1.),.PIECEWISE_BEZIER_KNOTS.);
#5049 = CARTESIAN_POINT('',(38.481689453125,13.38818359375,3.4));
#5050 = CARTESIAN_POINT('',(38.584228515625,13.52587890625,3.4));
#5051 = CARTESIAN_POINT('',(38.584228515625,13.6533203125,3.4));
#5052 = VECTOR('',#5053,1.);
#5053 = DIRECTION('',(-0.,-0.,-1.));
#5054 = DEFINITIONAL_REPRESENTATION('',(#5055),#5062);
#5055 = B_SPLINE_CURVE_WITH_KNOTS('',5,(#5056,#5057,#5058,#5059,#5060,
    #5061),.UNSPECIFIED.,.F.,.F.,(6,6),(0.,1.),
  .PIECEWISE_BEZIER_KNOTS.);
#5056 = CARTESIAN_POINT('',(1.,-0.6));
#5057 = CARTESIAN_POINT('',(0.798194899443,-0.6));
#5058 = CARTESIAN_POINT('',(0.596630008687,-0.6));
#5059 = CARTESIAN_POINT('',(0.396018022206,-0.6));
#5060 = CARTESIAN_POINT('',(0.196968236511,-0.6));
#5061 = CARTESIAN_POINT('',(0.,-0.6));
#5062 = ( GEOMETRIC_REPRESENTATION_CONTEXT(2) 
PARAMETRIC_REPRESENTATION_CONTEXT() REPRESENTATION_CONTEXT('2D SPACE',''
  ) );
#5063 = ORIENTED_EDGE('',*,*,#5064,.F.);
#5064 = EDGE_CURVE('',#5065,#5026,#5067,.T.);
#5065 = VERTEX_POINT('',#5066);
#5066 = CARTESIAN_POINT('',(38.483154296875,13.90380859375,4.));
#5067 = SURFACE_CURVE('',#5068,(#5079,#5093),.PCURVE_S1.);
#5068 = B_SPLINE_CURVE_WITH_KNOTS('',5,(#5069,#5070,#5071,#5072,#5073,
    #5074,#5075,#5076,#5077,#5078),.UNSPECIFIED.,.F.,.F.,(6,4,6),(0.,
    0.230069315821,1.),.UNSPECIFIED.);
#5069 = CARTESIAN_POINT('',(38.483154296875,13.90380859375,4.));
#5070 = CARTESIAN_POINT('',(38.492483750512,13.89569602537,4.));
#5071 = CARTESIAN_POINT('',(38.50128233091,13.887179271975,4.));
#5072 = CARTESIAN_POINT('',(38.50954591766,13.878259182431,4.));
#5073 = CARTESIAN_POINT('',(38.517271497547,13.868937464154,4.));
#5074 = CARTESIAN_POINT('',(38.548504115327,13.826685932202,4.));
#5075 = CARTESIAN_POINT('',(38.566505576507,13.78968461759,4.));
#5076 = CARTESIAN_POINT('',(38.578386328574,13.748312055809,4.));
#5077 = CARTESIAN_POINT('',(38.584228515625,13.702767589594,4.));
#5078 = CARTESIAN_POINT('',(38.584228515625,13.6533203125,4.));
#5079 = PCURVE('',#368,#5080);
#5080 = DEFINITIONAL_REPRESENTATION('',(#5081),#5092);
#5081 = B_SPLINE_CURVE_WITH_KNOTS('',5,(#5082,#5083,#5084,#5085,#5086,
    #5087,#5088,#5089,#5090,#5091),.UNSPECIFIED.,.F.,.F.,(6,4,6),(0.,
    0.230069315821,1.),.UNSPECIFIED.);
#5082 = CARTESIAN_POINT('',(38.483154296875,13.90380859375));
#5083 = CARTESIAN_POINT('',(38.492483750512,13.89569602537));
#5084 = CARTESIAN_POINT('',(38.50128233091,13.887179271975));
#5085 = CARTESIAN_POINT('',(38.50954591766,13.878259182431));
#5086 = CARTESIAN_POINT('',(38.517271497547,13.868937464154));
#5087 = CARTESIAN_POINT('',(38.548504115327,13.826685932202));
#5088 = CARTESIAN_POINT('',(38.566505576507,13.78968461759));
#5089 = CARTESIAN_POINT('',(38.578386328574,13.748312055809));
#5090 = CARTESIAN_POINT('',(38.584228515625,13.702767589594));
#5091 = CARTESIAN_POINT('',(38.584228515625,13.6533203125));
#5092 = ( GEOMETRIC_REPRESENTATION_CONTEXT(2) 
PARAMETRIC_REPRESENTATION_CONTEXT() REPRESENTATION_CONTEXT('2D SPACE',''
  ) );
#5093 = PCURVE('',#5094,#5101);
#5094 = SURFACE_OF_LINEAR_EXTRUSION('',#5095,#5099);
#5095 = B_SPLINE_CURVE_WITH_KNOTS('',2,(#5096,#5097,#5098),
  .UNSPECIFIED.,.F.,.F.,(3,3),(0.,1.),.PIECEWISE_BEZIER_KNOTS.);
#5096 = CARTESIAN_POINT('',(38.584228515625,13.6533203125,3.4));
#5097 = CARTESIAN_POINT('',(38.584228515625,13.81591796875,3.4));
#5098 = CARTESIAN_POINT('',(38.483154296875,13.90380859375,3.4));
#5099 = VECTOR('',#5100,1.);
#5100 = DIRECTION('',(-0.,-0.,-1.));
#5101 = DEFINITIONAL_REPRESENTATION('',(#5102),#5113);
#5102 = B_SPLINE_CURVE_WITH_KNOTS('',5,(#5103,#5104,#5105,#5106,#5107,
    #5108,#5109,#5110,#5111,#5112),.UNSPECIFIED.,.F.,.F.,(6,4,6),(0.,
    0.230069315821,1.),.UNSPECIFIED.);
#5103 = CARTESIAN_POINT('',(1.,-0.6));
#5104 = CARTESIAN_POINT('',(0.953848499885,-0.6));
#5105 = CARTESIAN_POINT('',(0.907660712504,-0.6));
#5106 = CARTESIAN_POINT('',(0.861448613395,-0.6));
#5107 = CARTESIAN_POINT('',(0.815224301667,-0.6));
#5108 = CARTESIAN_POINT('',(0.614309627314,-0.6));
#5109 = CARTESIAN_POINT('',(0.459612617527,-0.6));
#5110 = CARTESIAN_POINT('',(0.305385341506,-0.6));
#5111 = CARTESIAN_POINT('',(0.152054089321,-0.6));
#5112 = CARTESIAN_POINT('',(0.,-0.6));
#5113 = ( GEOMETRIC_REPRESENTATION_CONTEXT(2) 
PARAMETRIC_REPRESENTATION_CONTEXT() REPRESENTATION_CONTEXT('2D SPACE',''
  ) );
#5114 = ORIENTED_EDGE('',*,*,#5115,.F.);
#5115 = EDGE_CURVE('',#5116,#5065,#5118,.T.);
#5116 = VERTEX_POINT('',#5117);
#5117 = CARTESIAN_POINT('',(38.194580078125,13.99169921875,4.));
#5118 = SURFACE_CURVE('',#5119,(#5126,#5136),.PCURVE_S1.);
#5119 = B_SPLINE_CURVE_WITH_KNOTS('',5,(#5120,#5121,#5122,#5123,#5124,
    #5125),.UNSPECIFIED.,.F.,.F.,(6,6),(0.,1.),
  .PIECEWISE_BEZIER_KNOTS.);
#5120 = CARTESIAN_POINT('',(38.194580078125,13.99169921875,4.));
#5121 = CARTESIAN_POINT('',(38.268095152833,13.99169921875,4.));
#5122 = CARTESIAN_POINT('',(38.334338809415,13.983254694881,4.));
#5123 = CARTESIAN_POINT('',(38.392585938361,13.965891628542,4.));
#5124 = CARTESIAN_POINT('',(38.442271294987,13.939359030175,4.));
#5125 = CARTESIAN_POINT('',(38.483154296875,13.90380859375,4.));
#5126 = PCURVE('',#368,#5127);
#5127 = DEFINITIONAL_REPRESENTATION('',(#5128),#5135);
#5128 = B_SPLINE_CURVE_WITH_KNOTS('',5,(#5129,#5130,#5131,#5132,#5133,
    #5134),.UNSPECIFIED.,.F.,.F.,(6,6),(0.,1.),
  .PIECEWISE_BEZIER_KNOTS.);
#5129 = CARTESIAN_POINT('',(38.194580078125,13.99169921875));
#5130 = CARTESIAN_POINT('',(38.268095152833,13.99169921875));
#5131 = CARTESIAN_POINT('',(38.334338809415,13.983254694881));
#5132 = CARTESIAN_POINT('',(38.392585938361,13.965891628542));
#5133 = CARTESIAN_POINT('',(38.442271294987,13.939359030175));
#5134 = CARTESIAN_POINT('',(38.483154296875,13.90380859375));
#5135 = ( GEOMETRIC_REPRESENTATION_CONTEXT(2) 
PARAMETRIC_REPRESENTATION_CONTEXT() REPRESENTATION_CONTEXT('2D SPACE',''
  ) );
#5136 = PCURVE('',#5137,#5144);
#5137 = SURFACE_OF_LINEAR_EXTRUSION('',#5138,#5142);
#5138 = B_SPLINE_CURVE_WITH_KNOTS('',2,(#5139,#5140,#5141),
  .UNSPECIFIED.,.F.,.F.,(3,3),(0.,1.),.PIECEWISE_BEZIER_KNOTS.);
#5139 = CARTESIAN_POINT('',(38.483154296875,13.90380859375,3.4));
#5140 = CARTESIAN_POINT('',(38.382080078125,13.99169921875,3.4));
#5141 = CARTESIAN_POINT('',(38.194580078125,13.99169921875,3.4));
#5142 = VECTOR('',#5143,1.);
#5143 = DIRECTION('',(-0.,-0.,-1.));
#5144 = DEFINITIONAL_REPRESENTATION('',(#5145),#5152);
#5145 = B_SPLINE_CURVE_WITH_KNOTS('',5,(#5146,#5147,#5148,#5149,#5150,
    #5151),.UNSPECIFIED.,.F.,.F.,(6,6),(0.,1.),
  .PIECEWISE_BEZIER_KNOTS.);
#5146 = CARTESIAN_POINT('',(1.,-0.6));
#5147 = CARTESIAN_POINT('',(0.803959800779,-0.6));
#5148 = CARTESIAN_POINT('',(0.605166631749,-0.6));
#5149 = CARTESIAN_POINT('',(0.40431113616,-0.6));
#5150 = CARTESIAN_POINT('',(0.202242482772,-0.6));
#5151 = CARTESIAN_POINT('',(0.,-0.6));
#5152 = ( GEOMETRIC_REPRESENTATION_CONTEXT(2) 
PARAMETRIC_REPRESENTATION_CONTEXT() REPRESENTATION_CONTEXT('2D SPACE',''
  ) );
#5153 = ORIENTED_EDGE('',*,*,#5154,.F.);
#5154 = EDGE_CURVE('',#5155,#5116,#5157,.T.);
#5155 = VERTEX_POINT('',#5156);
#5156 = CARTESIAN_POINT('',(37.92431640625,13.900146484375,4.));
#5157 = SURFACE_CURVE('',#5158,(#5169,#5183),.PCURVE_S1.);
#5158 = B_SPLINE_CURVE_WITH_KNOTS('',5,(#5159,#5160,#5161,#5162,#5163,
    #5164,#5165,#5166,#5167,#5168),.UNSPECIFIED.,.F.,.F.,(6,4,6),(0.,
    0.14333283011,1.),.UNSPECIFIED.);
#5159 = CARTESIAN_POINT('',(37.92431640625,13.900146484375,4.));
#5160 = CARTESIAN_POINT('',(37.930262926488,13.905418222175,4.));
#5161 = CARTESIAN_POINT('',(37.936342925849,13.910501509095,4.));
#5162 = CARTESIAN_POINT('',(37.942556058085,13.915395742078,4.));
#5163 = CARTESIAN_POINT('',(37.948901890961,13.920100438143,4.));
#5164 = CARTESIAN_POINT('',(37.994097505144,13.951599127096,4.));
#5165 = CARTESIAN_POINT('',(38.037538434849,13.971800571771,4.));
#5166 = CARTESIAN_POINT('',(38.085588242115,13.985137665916,4.));
#5167 = CARTESIAN_POINT('',(38.138031150371,13.99169921875,4.));
#5168 = CARTESIAN_POINT('',(38.194580078125,13.99169921875,4.));
#5169 = PCURVE('',#368,#5170);
#5170 = DEFINITIONAL_REPRESENTATION('',(#5171),#5182);
#5171 = B_SPLINE_CURVE_WITH_KNOTS('',5,(#5172,#5173,#5174,#5175,#5176,
    #5177,#5178,#5179,#5180,#5181),.UNSPECIFIED.,.F.,.F.,(6,4,6),(0.,
    0.14333283011,1.),.UNSPECIFIED.);
#5172 = CARTESIAN_POINT('',(37.92431640625,13.900146484375));
#5173 = CARTESIAN_POINT('',(37.930262926488,13.905418222175));
#5174 = CARTESIAN_POINT('',(37.936342925849,13.910501509095));
#5175 = CARTESIAN_POINT('',(37.942556058085,13.915395742078));
#5176 = CARTESIAN_POINT('',(37.948901890961,13.920100438143));
#5177 = CARTESIAN_POINT('',(37.994097505144,13.951599127096));
#5178 = CARTESIAN_POINT('',(38.037538434849,13.971800571771));
#5179 = CARTESIAN_POINT('',(38.085588242115,13.985137665916));
#5180 = CARTESIAN_POINT('',(38.138031150371,13.99169921875));
#5181 = CARTESIAN_POINT('',(38.194580078125,13.99169921875));
#5182 = ( GEOMETRIC_REPRESENTATION_CONTEXT(2) 
PARAMETRIC_REPRESENTATION_CONTEXT() REPRESENTATION_CONTEXT('2D SPACE',''
  ) );
#5183 = PCURVE('',#5184,#5191);
#5184 = SURFACE_OF_LINEAR_EXTRUSION('',#5185,#5189);
#5185 = B_SPLINE_CURVE_WITH_KNOTS('',2,(#5186,#5187,#5188),
  .UNSPECIFIED.,.F.,.F.,(3,3),(0.,1.),.PIECEWISE_BEZIER_KNOTS.);
#5186 = CARTESIAN_POINT('',(38.194580078125,13.99169921875,3.4));
#5187 = CARTESIAN_POINT('',(38.027587890625,13.99169921875,3.4));
#5188 = CARTESIAN_POINT('',(37.92431640625,13.900146484375,3.4));
#5189 = VECTOR('',#5190,1.);
#5190 = DIRECTION('',(-0.,-0.,-1.));
#5191 = DEFINITIONAL_REPRESENTATION('',(#5192),#5203);
#5192 = B_SPLINE_CURVE_WITH_KNOTS('',5,(#5193,#5194,#5195,#5196,#5197,
    #5198,#5199,#5200,#5201,#5202),.UNSPECIFIED.,.F.,.F.,(6,4,6),(0.,
    0.14333283011,1.),.UNSPECIFIED.);
#5193 = CARTESIAN_POINT('',(1.,-0.6));
#5194 = CARTESIAN_POINT('',(0.971209282628,-0.6));
#5195 = CARTESIAN_POINT('',(0.942411626879,-0.6));
#5196 = CARTESIAN_POINT('',(0.913609326195,-0.6));
#5197 = CARTESIAN_POINT('',(0.884804681258,-0.6));
#5198 = CARTESIAN_POINT('',(0.683841083203,-0.6));
#5199 = CARTESIAN_POINT('',(0.511673941555,-0.6));
#5200 = CARTESIAN_POINT('',(0.340011944516,-0.6));
#5201 = CARTESIAN_POINT('',(0.169316087779,-0.6));
#5202 = CARTESIAN_POINT('',(0.,-0.6));
#5203 = ( GEOMETRIC_REPRESENTATION_CONTEXT(2) 
PARAMETRIC_REPRESENTATION_CONTEXT() REPRESENTATION_CONTEXT('2D SPACE',''
  ) );
#5204 = ORIENTED_EDGE('',*,*,#5205,.F.);
#5205 = EDGE_CURVE('',#5206,#5155,#5208,.T.);
#5206 = VERTEX_POINT('',#5207);
#5207 = CARTESIAN_POINT('',(37.802001953125,13.64306640625,4.));
#5208 = SURFACE_CURVE('',#5209,(#5220,#5234),.PCURVE_S1.);
#5209 = B_SPLINE_CURVE_WITH_KNOTS('',5,(#5210,#5211,#5212,#5213,#5214,
    #5215,#5216,#5217,#5218,#5219),.UNSPECIFIED.,.F.,.F.,(6,4,6),(0.,
    0.846696941322,1.),.UNSPECIFIED.);
#5210 = CARTESIAN_POINT('',(37.802001953125,13.64306640625,4.));
#5211 = CARTESIAN_POINT('',(37.808375921213,13.69847089809,4.));
#5212 = CARTESIAN_POINT('',(37.820699028054,13.749142036181,4.));
#5213 = CARTESIAN_POINT('',(37.839146075356,13.794779072413,4.));
#5214 = CARTESIAN_POINT('',(37.863778931532,13.835163753026,4.));
#5215 = CARTESIAN_POINT('',(37.900069863396,13.876536416155,4.));
#5216 = CARTESIAN_POINT('',(37.905833211222,13.882703478707,4.));
#5217 = CARTESIAN_POINT('',(37.911795881734,13.888694460039,4.));
#5218 = CARTESIAN_POINT('',(37.917957215162,13.894508903623,4.));
#5219 = CARTESIAN_POINT('',(37.92431640625,13.900146484375,4.));
#5220 = PCURVE('',#368,#5221);
#5221 = DEFINITIONAL_REPRESENTATION('',(#5222),#5233);
#5222 = B_SPLINE_CURVE_WITH_KNOTS('',5,(#5223,#5224,#5225,#5226,#5227,
    #5228,#5229,#5230,#5231,#5232),.UNSPECIFIED.,.F.,.F.,(6,4,6),(0.,
    0.846696941322,1.),.UNSPECIFIED.);
#5223 = CARTESIAN_POINT('',(37.802001953125,13.64306640625));
#5224 = CARTESIAN_POINT('',(37.808375921213,13.69847089809));
#5225 = CARTESIAN_POINT('',(37.820699028054,13.749142036181));
#5226 = CARTESIAN_POINT('',(37.839146075356,13.794779072413));
#5227 = CARTESIAN_POINT('',(37.863778931532,13.835163753026));
#5228 = CARTESIAN_POINT('',(37.900069863396,13.876536416155));
#5229 = CARTESIAN_POINT('',(37.905833211222,13.882703478707));
#5230 = CARTESIAN_POINT('',(37.911795881734,13.888694460039));
#5231 = CARTESIAN_POINT('',(37.917957215162,13.894508903623));
#5232 = CARTESIAN_POINT('',(37.92431640625,13.900146484375));
#5233 = ( GEOMETRIC_REPRESENTATION_CONTEXT(2) 
PARAMETRIC_REPRESENTATION_CONTEXT() REPRESENTATION_CONTEXT('2D SPACE',''
  ) );
#5234 = PCURVE('',#5235,#5242);
#5235 = SURFACE_OF_LINEAR_EXTRUSION('',#5236,#5240);
#5236 = B_SPLINE_CURVE_WITH_KNOTS('',2,(#5237,#5238,#5239),
  .UNSPECIFIED.,.F.,.F.,(3,3),(0.,1.),.PIECEWISE_BEZIER_KNOTS.);
#5237 = CARTESIAN_POINT('',(37.92431640625,13.900146484375,3.4));
#5238 = CARTESIAN_POINT('',(37.821044921875,13.80859375,3.4));
#5239 = CARTESIAN_POINT('',(37.802001953125,13.64306640625,3.4));
#5240 = VECTOR('',#5241,1.);
#5241 = DIRECTION('',(-0.,-0.,-1.));
#5242 = DEFINITIONAL_REPRESENTATION('',(#5243),#5254);
#5243 = B_SPLINE_CURVE_WITH_KNOTS('',5,(#5244,#5245,#5246,#5247,#5248,
    #5249,#5250,#5251,#5252,#5253),.UNSPECIFIED.,.F.,.F.,(6,4,6),(0.,
    0.846696941322,1.),.UNSPECIFIED.);
#5244 = CARTESIAN_POINT('',(1.,-0.6));
#5245 = CARTESIAN_POINT('',(0.832642478927,-0.6));
#5246 = CARTESIAN_POINT('',(0.663936435137,-0.6));
#5247 = CARTESIAN_POINT('',(0.494285778001,-0.6));
#5248 = CARTESIAN_POINT('',(0.324140206619,-0.6));
#5249 = CARTESIAN_POINT('',(0.123194391989,-0.6));
#5250 = CARTESIAN_POINT('',(9.238874079846E-02,-0.6));
#5251 = CARTESIAN_POINT('',(6.158589864445E-02,-0.6));
#5252 = CARTESIAN_POINT('',(3.078870768064E-02,-0.6));
#5253 = CARTESIAN_POINT('',(0.,-0.6));
#5254 = ( GEOMETRIC_REPRESENTATION_CONTEXT(2) 
PARAMETRIC_REPRESENTATION_CONTEXT() REPRESENTATION_CONTEXT('2D SPACE',''
  ) );
#5255 = ORIENTED_EDGE('',*,*,#5256,.F.);
#5256 = EDGE_CURVE('',#5257,#5206,#5259,.T.);
#5257 = VERTEX_POINT('',#5258);
#5258 = CARTESIAN_POINT('',(37.532470703125,13.66796875,4.));
#5259 = SURFACE_CURVE('',#5260,(#5264,#5270),.PCURVE_S1.);
#5260 = LINE('',#5261,#5262);
#5261 = CARTESIAN_POINT('',(19.685893205047,15.316837323192,4.));
#5262 = VECTOR('',#5263,1.);
#5263 = DIRECTION('',(0.995759055224,-9.199947792832E-02,0.));
#5264 = PCURVE('',#368,#5265);
#5265 = DEFINITIONAL_REPRESENTATION('',(#5266),#5269);
#5266 = B_SPLINE_CURVE_WITH_KNOTS('',1,(#5267,#5268),.UNSPECIFIED.,.F.,
  .F.,(2,2),(17.922586196377,18.193265381855),.PIECEWISE_BEZIER_KNOTS.);
#5267 = CARTESIAN_POINT('',(37.532470703125,13.66796875));
#5268 = CARTESIAN_POINT('',(37.802001953125,13.64306640625));
#5269 = ( GEOMETRIC_REPRESENTATION_CONTEXT(2) 
PARAMETRIC_REPRESENTATION_CONTEXT() REPRESENTATION_CONTEXT('2D SPACE',''
  ) );
#5270 = PCURVE('',#5271,#5276);
#5271 = PLANE('',#5272);
#5272 = AXIS2_PLACEMENT_3D('',#5273,#5274,#5275);
#5273 = CARTESIAN_POINT('',(37.802001953125,13.64306640625,3.4));
#5274 = DIRECTION('',(-9.199947792832E-02,-0.995759055224,0.));
#5275 = DIRECTION('',(-0.995759055224,9.199947792832E-02,0.));
#5276 = DEFINITIONAL_REPRESENTATION('',(#5277),#5280);
#5277 = B_SPLINE_CURVE_WITH_KNOTS('',1,(#5278,#5279),.UNSPECIFIED.,.F.,
  .F.,(2,2),(17.922586196377,18.193265381855),.PIECEWISE_BEZIER_KNOTS.);
#5278 = CARTESIAN_POINT('',(0.270679185478,-0.6));
#5279 = CARTESIAN_POINT('',(0.,-0.6));
#5280 = ( GEOMETRIC_REPRESENTATION_CONTEXT(2) 
PARAMETRIC_REPRESENTATION_CONTEXT() REPRESENTATION_CONTEXT('2D SPACE',''
  ) );
#5281 = ORIENTED_EDGE('',*,*,#5282,.F.);
#5282 = EDGE_CURVE('',#5283,#5257,#5285,.T.);
#5283 = VERTEX_POINT('',#5284);
#5284 = CARTESIAN_POINT('',(37.736083984375,14.062744140625,4.));
#5285 = SURFACE_CURVE('',#5286,(#5297,#5311),.PCURVE_S1.);
#5286 = B_SPLINE_CURVE_WITH_KNOTS('',5,(#5287,#5288,#5289,#5290,#5291,
    #5292,#5293,#5294,#5295,#5296),.UNSPECIFIED.,.F.,.F.,(6,4,6),(0.,
    0.320654729039,1.),.UNSPECIFIED.);
#5287 = CARTESIAN_POINT('',(37.736083984375,14.062744140625,4.));
#5288 = CARTESIAN_POINT('',(37.713714031853,14.044039852592,4.));
#5289 = CARTESIAN_POINT('',(37.692775732824,14.024221691963,4.));
#5290 = CARTESIAN_POINT('',(37.673305171092,14.003294289501,4.));
#5291 = CARTESIAN_POINT('',(37.655328196279,13.981270675988,4.));
#5292 = CARTESIAN_POINT('',(37.603971484653,13.909235581322,4.));
#5293 = CARTESIAN_POINT('',(37.575853477766,13.855470764802,4.));
#5294 = CARTESIAN_POINT('',(37.554661596631,13.797090196763,4.));
#5295 = CARTESIAN_POINT('',(37.540291506664,13.73444558008,4.));
#5296 = CARTESIAN_POINT('',(37.532470703125,13.66796875,4.));
#5297 = PCURVE('',#368,#5298);
#5298 = DEFINITIONAL_REPRESENTATION('',(#5299),#5310);
#5299 = B_SPLINE_CURVE_WITH_KNOTS('',5,(#5300,#5301,#5302,#5303,#5304,
    #5305,#5306,#5307,#5308,#5309),.UNSPECIFIED.,.F.,.F.,(6,4,6),(0.,
    0.320654729039,1.),.UNSPECIFIED.);
#5300 = CARTESIAN_POINT('',(37.736083984375,14.062744140625));
#5301 = CARTESIAN_POINT('',(37.713714031853,14.044039852592));
#5302 = CARTESIAN_POINT('',(37.692775732824,14.024221691963));
#5303 = CARTESIAN_POINT('',(37.673305171092,14.003294289501));
#5304 = CARTESIAN_POINT('',(37.655328196279,13.981270675988));
#5305 = CARTESIAN_POINT('',(37.603971484653,13.909235581322));
#5306 = CARTESIAN_POINT('',(37.575853477766,13.855470764802));
#5307 = CARTESIAN_POINT('',(37.554661596631,13.797090196763));
#5308 = CARTESIAN_POINT('',(37.540291506664,13.73444558008));
#5309 = CARTESIAN_POINT('',(37.532470703125,13.66796875));
#5310 = ( GEOMETRIC_REPRESENTATION_CONTEXT(2) 
PARAMETRIC_REPRESENTATION_CONTEXT() REPRESENTATION_CONTEXT('2D SPACE',''
  ) );
#5311 = PCURVE('',#5312,#5319);
#5312 = SURFACE_OF_LINEAR_EXTRUSION('',#5313,#5317);
#5313 = B_SPLINE_CURVE_WITH_KNOTS('',2,(#5314,#5315,#5316),
  .UNSPECIFIED.,.F.,.F.,(3,3),(0.,1.),.PIECEWISE_BEZIER_KNOTS.);
#5314 = CARTESIAN_POINT('',(37.532470703125,13.66796875,3.4));
#5315 = CARTESIAN_POINT('',(37.561767578125,13.9169921875,3.4));
#5316 = CARTESIAN_POINT('',(37.736083984375,14.062744140625,3.4));
#5317 = VECTOR('',#5318,1.);
#5318 = DIRECTION('',(-0.,-0.,-1.));
#5319 = DEFINITIONAL_REPRESENTATION('',(#5320),#5331);
#5320 = B_SPLINE_CURVE_WITH_KNOTS('',5,(#5321,#5322,#5323,#5324,#5325,
    #5326,#5327,#5328,#5329,#5330),.UNSPECIFIED.,.F.,.F.,(6,4,6),(0.,
    0.320654729039,1.),.UNSPECIFIED.);
#5321 = CARTESIAN_POINT('',(1.,-0.6));
#5322 = CARTESIAN_POINT('',(0.935835206212,-0.6));
#5323 = CARTESIAN_POINT('',(0.871495594819,-0.6));
#5324 = CARTESIAN_POINT('',(0.807037350217,-0.6));
#5325 = CARTESIAN_POINT('',(0.742518717009,-0.6));
#5326 = CARTESIAN_POINT('',(0.54130940629,-0.6));
#5327 = CARTESIAN_POINT('',(0.404606972212,-0.6));
#5328 = CARTESIAN_POINT('',(0.268490876664,-0.6));
#5329 = CARTESIAN_POINT('',(0.133475047063,-0.6));
#5330 = CARTESIAN_POINT('',(0.,-0.6));
#5331 = ( GEOMETRIC_REPRESENTATION_CONTEXT(2) 
PARAMETRIC_REPRESENTATION_CONTEXT() REPRESENTATION_CONTEXT('2D SPACE',''
  ) );
#5332 = ORIENTED_EDGE('',*,*,#5333,.F.);
#5333 = EDGE_CURVE('',#5334,#5283,#5336,.T.);
#5334 = VERTEX_POINT('',#5335);
#5335 = CARTESIAN_POINT('',(38.194580078125,14.20849609375,4.));
#5336 = SURFACE_CURVE('',#5337,(#5348,#5362),.PCURVE_S1.);
#5337 = B_SPLINE_CURVE_WITH_KNOTS('',5,(#5338,#5339,#5340,#5341,#5342,
    #5343,#5344,#5345,#5346,#5347),.UNSPECIFIED.,.F.,.F.,(6,4,6),(0.,
    0.938906564749,1.),.UNSPECIFIED.);
#5338 = CARTESIAN_POINT('',(38.194580078125,14.20849609375,4.));
#5339 = CARTESIAN_POINT('',(38.091168886827,14.20849609375,4.));
#5340 = CARTESIAN_POINT('',(37.994594678676,14.196432993153,4.));
#5341 = CARTESIAN_POINT('',(37.906193991687,14.171257118301,4.));
#5342 = CARTESIAN_POINT('',(37.827160914137,14.132368025867,4.));
#5343 = CARTESIAN_POINT('',(37.753629230021,14.076866322589,4.));
#5344 = CARTESIAN_POINT('',(37.749179170755,14.073419502295,4.));
#5345 = CARTESIAN_POINT('',(37.744771514282,14.069916771851,4.));
#5346 = CARTESIAN_POINT('',(37.740406407311,14.066358267365,4.));
#5347 = CARTESIAN_POINT('',(37.736083984375,14.062744140625,4.));
#5348 = PCURVE('',#368,#5349);
#5349 = DEFINITIONAL_REPRESENTATION('',(#5350),#5361);
#5350 = B_SPLINE_CURVE_WITH_KNOTS('',5,(#5351,#5352,#5353,#5354,#5355,
    #5356,#5357,#5358,#5359,#5360),.UNSPECIFIED.,.F.,.F.,(6,4,6),(0.,
    0.938906564749,1.),.UNSPECIFIED.);
#5351 = CARTESIAN_POINT('',(38.194580078125,14.20849609375));
#5352 = CARTESIAN_POINT('',(38.091168886827,14.20849609375));
#5353 = CARTESIAN_POINT('',(37.994594678676,14.196432993153));
#5354 = CARTESIAN_POINT('',(37.906193991687,14.171257118301));
#5355 = CARTESIAN_POINT('',(37.827160914137,14.132368025867));
#5356 = CARTESIAN_POINT('',(37.753629230021,14.076866322589));
#5357 = CARTESIAN_POINT('',(37.749179170755,14.073419502295));
#5358 = CARTESIAN_POINT('',(37.744771514282,14.069916771851));
#5359 = CARTESIAN_POINT('',(37.740406407311,14.066358267365));
#5360 = CARTESIAN_POINT('',(37.736083984375,14.062744140625));
#5361 = ( GEOMETRIC_REPRESENTATION_CONTEXT(2) 
PARAMETRIC_REPRESENTATION_CONTEXT() REPRESENTATION_CONTEXT('2D SPACE',''
  ) );
#5362 = PCURVE('',#5363,#5370);
#5363 = SURFACE_OF_LINEAR_EXTRUSION('',#5364,#5368);
#5364 = B_SPLINE_CURVE_WITH_KNOTS('',2,(#5365,#5366,#5367),
  .UNSPECIFIED.,.F.,.F.,(3,3),(0.,1.),.PIECEWISE_BEZIER_KNOTS.);
#5365 = CARTESIAN_POINT('',(37.736083984375,14.062744140625,3.4));
#5366 = CARTESIAN_POINT('',(37.910400390625,14.20849609375,3.4));
#5367 = CARTESIAN_POINT('',(38.194580078125,14.20849609375,3.4));
#5368 = VECTOR('',#5369,1.);
#5369 = DIRECTION('',(-0.,-0.,-1.));
#5370 = DEFINITIONAL_REPRESENTATION('',(#5371),#5382);
#5371 = B_SPLINE_CURVE_WITH_KNOTS('',5,(#5372,#5373,#5374,#5375,#5376,
    #5377,#5378,#5379,#5380,#5381),.UNSPECIFIED.,.F.,.F.,(6,4,6),(0.,
    0.938906564749,1.),.UNSPECIFIED.);
#5372 = CARTESIAN_POINT('',(1.,-0.6));
#5373 = CARTESIAN_POINT('',(0.818053161702,-0.6));
#5374 = CARTESIAN_POINT('',(0.632137344715,-0.6));
#5375 = CARTESIAN_POINT('',(0.44321202422,-0.6));
#5376 = CARTESIAN_POINT('',(0.252581819858,-0.6));
#5377 = CARTESIAN_POINT('',(4.959908758898E-02,-0.6));
#5378 = CARTESIAN_POINT('',(3.719819244098E-02,-0.6));
#5379 = CARTESIAN_POINT('',(2.479775380902E-02,-0.6));
#5380 = CARTESIAN_POINT('',(1.239821032506E-02,-0.6));
#5381 = CARTESIAN_POINT('',(0.,-0.6));
#5382 = ( GEOMETRIC_REPRESENTATION_CONTEXT(2) 
PARAMETRIC_REPRESENTATION_CONTEXT() REPRESENTATION_CONTEXT('2D SPACE',''
  ) );
#5383 = ORIENTED_EDGE('',*,*,#5384,.F.);
#5384 = EDGE_CURVE('',#5385,#5334,#5387,.T.);
#5385 = VERTEX_POINT('',#5386);
#5386 = CARTESIAN_POINT('',(38.680908203125,14.06787109375,4.));
#5387 = SURFACE_CURVE('',#5388,(#5396,#5407),.PCURVE_S1.);
#5388 = B_SPLINE_CURVE_WITH_KNOTS('',6,(#5389,#5390,#5391,#5392,#5393,
    #5394,#5395),.UNSPECIFIED.,.F.,.F.,(7,7),(0.,1.),
  .PIECEWISE_BEZIER_KNOTS.);
#5389 = CARTESIAN_POINT('',(38.680908203125,14.06787109375,4.));
#5390 = CARTESIAN_POINT('',(38.621182616392,14.116053079686,4.));
#5391 = CARTESIAN_POINT('',(38.551918843738,14.154200570772,4.));
#5392 = CARTESIAN_POINT('',(38.473660389321,14.182053014485,4.));
#5393 = CARTESIAN_POINT('',(38.387318853918,14.199938784792,4.));
#5394 = CARTESIAN_POINT('',(38.293944636657,14.20849609375,4.));
#5395 = CARTESIAN_POINT('',(38.194580078125,14.20849609375,4.));
#5396 = PCURVE('',#368,#5397);
#5397 = DEFINITIONAL_REPRESENTATION('',(#5398),#5406);
#5398 = B_SPLINE_CURVE_WITH_KNOTS('',6,(#5399,#5400,#5401,#5402,#5403,
    #5404,#5405),.UNSPECIFIED.,.F.,.F.,(7,7),(0.,1.),
  .PIECEWISE_BEZIER_KNOTS.);
#5399 = CARTESIAN_POINT('',(38.680908203125,14.06787109375));
#5400 = CARTESIAN_POINT('',(38.621182616392,14.116053079686));
#5401 = CARTESIAN_POINT('',(38.551918843738,14.154200570772));
#5402 = CARTESIAN_POINT('',(38.473660389321,14.182053014485));
#5403 = CARTESIAN_POINT('',(38.387318853918,14.199938784792));
#5404 = CARTESIAN_POINT('',(38.293944636657,14.20849609375));
#5405 = CARTESIAN_POINT('',(38.194580078125,14.20849609375));
#5406 = ( GEOMETRIC_REPRESENTATION_CONTEXT(2) 
PARAMETRIC_REPRESENTATION_CONTEXT() REPRESENTATION_CONTEXT('2D SPACE',''
  ) );
#5407 = PCURVE('',#5408,#5415);
#5408 = SURFACE_OF_LINEAR_EXTRUSION('',#5409,#5413);
#5409 = B_SPLINE_CURVE_WITH_KNOTS('',2,(#5410,#5411,#5412),
  .UNSPECIFIED.,.F.,.F.,(3,3),(0.,1.),.PIECEWISE_BEZIER_KNOTS.);
#5410 = CARTESIAN_POINT('',(38.194580078125,14.20849609375,3.4));
#5411 = CARTESIAN_POINT('',(38.506591796875,14.20849609375,3.4));
#5412 = CARTESIAN_POINT('',(38.680908203125,14.06787109375,3.4));
#5413 = VECTOR('',#5414,1.);
#5414 = DIRECTION('',(-0.,-0.,-1.));
#5415 = DEFINITIONAL_REPRESENTATION('',(#5416),#5424);
#5416 = B_SPLINE_CURVE_WITH_KNOTS('',6,(#5417,#5418,#5419,#5420,#5421,
    #5422,#5423),.UNSPECIFIED.,.F.,.F.,(7,7),(0.,1.),
  .PIECEWISE_BEZIER_KNOTS.);
#5417 = CARTESIAN_POINT('',(1.,-0.6));
#5418 = CARTESIAN_POINT('',(0.828686272228,-0.6));
#5419 = CARTESIAN_POINT('',(0.657832874845,-0.6));
#5420 = CARTESIAN_POINT('',(0.488719613159,-0.6));
#5421 = CARTESIAN_POINT('',(0.322292073334,-0.6));
#5422 = CARTESIAN_POINT('',(0.159232093797,-0.6));
#5423 = CARTESIAN_POINT('',(0.,-0.6));
#5424 = ( GEOMETRIC_REPRESENTATION_CONTEXT(2) 
PARAMETRIC_REPRESENTATION_CONTEXT() REPRESENTATION_CONTEXT('2D SPACE',''
  ) );
#5425 = ORIENTED_EDGE('',*,*,#5426,.F.);
#5426 = EDGE_CURVE('',#5427,#5385,#5429,.T.);
#5427 = VERTEX_POINT('',#5428);
#5428 = CARTESIAN_POINT('',(38.855224609375,13.66943359375,4.));
#5429 = SURFACE_CURVE('',#5430,(#5441,#5455),.PCURVE_S1.);
#5430 = B_SPLINE_CURVE_WITH_KNOTS('',5,(#5431,#5432,#5433,#5434,#5435,
    #5436,#5437,#5438,#5439,#5440),.UNSPECIFIED.,.F.,.F.,(6,4,6),(0.,
    0.685943378029,1.),.UNSPECIFIED.);
#5431 = CARTESIAN_POINT('',(38.855224609375,13.66943359375,4.));
#5432 = CARTESIAN_POINT('',(38.855224609375,13.738411042344,4.));
#5433 = CARTESIAN_POINT('',(38.847425813415,13.803259136138,4.));
#5434 = CARTESIAN_POINT('',(38.831325013775,13.863344478333,4.));
#5435 = CARTESIAN_POINT('',(38.806667614795,13.918127241812,4.));
#5436 = CARTESIAN_POINT('',(38.758561629608,13.9898051361,4.));
#5437 = CARTESIAN_POINT('',(38.74170403644,14.01114042038,4.));
#5438 = CARTESIAN_POINT('',(38.723116384664,14.031271676615,4.));
#5439 = CARTESIAN_POINT('',(38.702834040118,14.050183023571,4.));
#5440 = CARTESIAN_POINT('',(38.680908203125,14.06787109375,4.));
#5441 = PCURVE('',#368,#5442);
#5442 = DEFINITIONAL_REPRESENTATION('',(#5443),#5454);
#5443 = B_SPLINE_CURVE_WITH_KNOTS('',5,(#5444,#5445,#5446,#5447,#5448,
    #5449,#5450,#5451,#5452,#5453),.UNSPECIFIED.,.F.,.F.,(6,4,6),(0.,
    0.685943378029,1.),.UNSPECIFIED.);
#5444 = CARTESIAN_POINT('',(38.855224609375,13.66943359375));
#5445 = CARTESIAN_POINT('',(38.855224609375,13.738411042344));
#5446 = CARTESIAN_POINT('',(38.847425813415,13.803259136138));
#5447 = CARTESIAN_POINT('',(38.831325013775,13.863344478333));
#5448 = CARTESIAN_POINT('',(38.806667614795,13.918127241812));
#5449 = CARTESIAN_POINT('',(38.758561629608,13.9898051361));
#5450 = CARTESIAN_POINT('',(38.74170403644,14.01114042038));
#5451 = CARTESIAN_POINT('',(38.723116384664,14.031271676615));
#5452 = CARTESIAN_POINT('',(38.702834040118,14.050183023571));
#5453 = CARTESIAN_POINT('',(38.680908203125,14.06787109375));
#5454 = ( GEOMETRIC_REPRESENTATION_CONTEXT(2) 
PARAMETRIC_REPRESENTATION_CONTEXT() REPRESENTATION_CONTEXT('2D SPACE',''
  ) );
#5455 = PCURVE('',#5456,#5463);
#5456 = SURFACE_OF_LINEAR_EXTRUSION('',#5457,#5461);
#5457 = B_SPLINE_CURVE_WITH_KNOTS('',2,(#5458,#5459,#5460),
  .UNSPECIFIED.,.F.,.F.,(3,3),(0.,1.),.PIECEWISE_BEZIER_KNOTS.);
#5458 = CARTESIAN_POINT('',(38.680908203125,14.06787109375,3.4));
#5459 = CARTESIAN_POINT('',(38.855224609375,13.92724609375,3.4));
#5460 = CARTESIAN_POINT('',(38.855224609375,13.66943359375,3.4));
#5461 = VECTOR('',#5462,1.);
#5462 = DIRECTION('',(-0.,-0.,-1.));
#5463 = DEFINITIONAL_REPRESENTATION('',(#5464),#5475);
#5464 = B_SPLINE_CURVE_WITH_KNOTS('',5,(#5465,#5466,#5467,#5468,#5469,
    #5470,#5471,#5472,#5473,#5474),.UNSPECIFIED.,.F.,.F.,(6,4,6),(0.,
    0.685943378029,1.),.UNSPECIFIED.);
#5465 = CARTESIAN_POINT('',(1.,-0.6));
#5466 = CARTESIAN_POINT('',(0.866225554243,-0.6));
#5467 = CARTESIAN_POINT('',(0.730291528866,-0.6));
#5468 = CARTESIAN_POINT('',(0.592770250457,-0.6));
#5469 = CARTESIAN_POINT('',(0.454376716095,-0.6));
#5470 = CARTESIAN_POINT('',(0.252644735691,-0.6));
#5471 = CARTESIAN_POINT('',(0.189288381706,-0.6));
#5472 = CARTESIAN_POINT('',(0.126011471957,-0.6));
#5473 = CARTESIAN_POINT('',(6.289091619248E-02,-0.6));
#5474 = CARTESIAN_POINT('',(0.,-0.6));
#5475 = ( GEOMETRIC_REPRESENTATION_CONTEXT(2) 
PARAMETRIC_REPRESENTATION_CONTEXT() REPRESENTATION_CONTEXT('2D SPACE',''
  ) );
#5476 = ORIENTED_EDGE('',*,*,#5477,.F.);
#5477 = EDGE_CURVE('',#5478,#5427,#5480,.T.);
#5478 = VERTEX_POINT('',#5479);
#5479 = CARTESIAN_POINT('',(38.743896484375,13.333251953125,4.));
#5480 = SURFACE_CURVE('',#5481,(#5488,#5498),.PCURVE_S1.);
#5481 = B_SPLINE_CURVE_WITH_KNOTS('',5,(#5482,#5483,#5484,#5485,#5486,
    #5487),.UNSPECIFIED.,.F.,.F.,(6,6),(0.,1.),
  .PIECEWISE_BEZIER_KNOTS.);
#5482 = CARTESIAN_POINT('',(38.743896484375,13.333251953125,4.));
#5483 = CARTESIAN_POINT('',(38.787797777693,13.3993927174,4.));
#5484 = CARTESIAN_POINT('',(38.82133939512,13.466298231358,4.));
#5485 = CARTESIAN_POINT('',(38.84393230838,13.533768064142,4.));
#5486 = CARTESIAN_POINT('',(38.855224609375,13.601569708355,4.));
#5487 = CARTESIAN_POINT('',(38.855224609375,13.66943359375,4.));
#5488 = PCURVE('',#368,#5489);
#5489 = DEFINITIONAL_REPRESENTATION('',(#5490),#5497);
#5490 = B_SPLINE_CURVE_WITH_KNOTS('',5,(#5491,#5492,#5493,#5494,#5495,
    #5496),.UNSPECIFIED.,.F.,.F.,(6,6),(0.,1.),
  .PIECEWISE_BEZIER_KNOTS.);
#5491 = CARTESIAN_POINT('',(38.743896484375,13.333251953125));
#5492 = CARTESIAN_POINT('',(38.787797777693,13.3993927174));
#5493 = CARTESIAN_POINT('',(38.82133939512,13.466298231358));
#5494 = CARTESIAN_POINT('',(38.84393230838,13.533768064142));
#5495 = CARTESIAN_POINT('',(38.855224609375,13.601569708355));
#5496 = CARTESIAN_POINT('',(38.855224609375,13.66943359375));
#5497 = ( GEOMETRIC_REPRESENTATION_CONTEXT(2) 
PARAMETRIC_REPRESENTATION_CONTEXT() REPRESENTATION_CONTEXT('2D SPACE',''
  ) );
#5498 = PCURVE('',#5499,#5506);
#5499 = SURFACE_OF_LINEAR_EXTRUSION('',#5500,#5504);
#5500 = B_SPLINE_CURVE_WITH_KNOTS('',2,(#5501,#5502,#5503),
  .UNSPECIFIED.,.F.,.F.,(3,3),(0.,1.),.PIECEWISE_BEZIER_KNOTS.);
#5501 = CARTESIAN_POINT('',(38.855224609375,13.66943359375,3.4));
#5502 = CARTESIAN_POINT('',(38.855224609375,13.5009765625,3.4));
#5503 = CARTESIAN_POINT('',(38.743896484375,13.333251953125,3.4));
#5504 = VECTOR('',#5505,1.);
#5505 = DIRECTION('',(-0.,-0.,-1.));
#5506 = DEFINITIONAL_REPRESENTATION('',(#5507),#5514);
#5507 = B_SPLINE_CURVE_WITH_KNOTS('',5,(#5508,#5509,#5510,#5511,#5512,
    #5513),.UNSPECIFIED.,.F.,.F.,(6,6),(0.,1.),
  .PIECEWISE_BEZIER_KNOTS.);
#5508 = CARTESIAN_POINT('',(1.,-0.6));
#5509 = CARTESIAN_POINT('',(0.802829279133,-0.6));
#5510 = CARTESIAN_POINT('',(0.603590986747,-0.6));
#5511 = CARTESIAN_POINT('',(0.402891526862,-0.6));
#5512 = CARTESIAN_POINT('',(0.201427880128,-0.6));
#5513 = CARTESIAN_POINT('',(0.,-0.6));
#5514 = ( GEOMETRIC_REPRESENTATION_CONTEXT(2) 
PARAMETRIC_REPRESENTATION_CONTEXT() REPRESENTATION_CONTEXT('2D SPACE',''
  ) );
#5515 = ORIENTED_EDGE('',*,*,#5516,.F.);
#5516 = EDGE_CURVE('',#5517,#5478,#5519,.T.);
#5517 = VERTEX_POINT('',#5518);
#5518 = CARTESIAN_POINT('',(38.411376953125,12.98974609375,4.));
#5519 = SURFACE_CURVE('',#5520,(#5527,#5537),.PCURVE_S1.);
#5520 = B_SPLINE_CURVE_WITH_KNOTS('',5,(#5521,#5522,#5523,#5524,#5525,
    #5526),.UNSPECIFIED.,.F.,.F.,(6,6),(0.,1.),
  .PIECEWISE_BEZIER_KNOTS.);
#5521 = CARTESIAN_POINT('',(38.411376953125,12.98974609375,4.));
#5522 = CARTESIAN_POINT('',(38.496882205258,13.057697287498,4.));
#5523 = CARTESIAN_POINT('',(38.573738710703,13.126177486915,4.));
#5524 = CARTESIAN_POINT('',(38.64108965274,13.195061882513,4.));
#5525 = CARTESIAN_POINT('',(38.698041903845,13.264168407458,4.));
#5526 = CARTESIAN_POINT('',(38.743896484375,13.333251953125,4.));
#5527 = PCURVE('',#368,#5528);
#5528 = DEFINITIONAL_REPRESENTATION('',(#5529),#5536);
#5529 = B_SPLINE_CURVE_WITH_KNOTS('',5,(#5530,#5531,#5532,#5533,#5534,
    #5535),.UNSPECIFIED.,.F.,.F.,(6,6),(0.,1.),
  .PIECEWISE_BEZIER_KNOTS.);
#5530 = CARTESIAN_POINT('',(38.411376953125,12.98974609375));
#5531 = CARTESIAN_POINT('',(38.496882205258,13.057697287498));
#5532 = CARTESIAN_POINT('',(38.573738710703,13.126177486915));
#5533 = CARTESIAN_POINT('',(38.64108965274,13.195061882513));
#5534 = CARTESIAN_POINT('',(38.698041903845,13.264168407458));
#5535 = CARTESIAN_POINT('',(38.743896484375,13.333251953125));
#5536 = ( GEOMETRIC_REPRESENTATION_CONTEXT(2) 
PARAMETRIC_REPRESENTATION_CONTEXT() REPRESENTATION_CONTEXT('2D SPACE',''
  ) );
#5537 = PCURVE('',#5538,#5545);
#5538 = SURFACE_OF_LINEAR_EXTRUSION('',#5539,#5543);
#5539 = B_SPLINE_CURVE_WITH_KNOTS('',2,(#5540,#5541,#5542),
  .UNSPECIFIED.,.F.,.F.,(3,3),(0.,1.),.PIECEWISE_BEZIER_KNOTS.);
#5540 = CARTESIAN_POINT('',(38.743896484375,13.333251953125,3.4));
#5541 = CARTESIAN_POINT('',(38.632568359375,13.16552734375,3.4));
#5542 = CARTESIAN_POINT('',(38.411376953125,12.98974609375,3.4));
#5543 = VECTOR('',#5544,1.);
#5544 = DIRECTION('',(-0.,-0.,-1.));
#5545 = DEFINITIONAL_REPRESENTATION('',(#5546),#5553);
#5546 = B_SPLINE_CURVE_WITH_KNOTS('',5,(#5547,#5548,#5549,#5550,#5551,
    #5552),.UNSPECIFIED.,.F.,.F.,(6,6),(0.,1.),
  .PIECEWISE_BEZIER_KNOTS.);
#5547 = CARTESIAN_POINT('',(1.,-0.6));
#5548 = CARTESIAN_POINT('',(0.806716604451,-0.6));
#5549 = CARTESIAN_POINT('',(0.609788050009,-0.6));
#5550 = CARTESIAN_POINT('',(0.409408545902,-0.6));
#5551 = CARTESIAN_POINT('',(0.205943379223,-0.6));
#5552 = CARTESIAN_POINT('',(0.,-0.6));
#5553 = ( GEOMETRIC_REPRESENTATION_CONTEXT(2) 
PARAMETRIC_REPRESENTATION_CONTEXT() REPRESENTATION_CONTEXT('2D SPACE',''
  ) );
#5554 = ORIENTED_EDGE('',*,*,#5555,.F.);
#5555 = EDGE_CURVE('',#5556,#5517,#5558,.T.);
#5556 = VERTEX_POINT('',#5557);
#5557 = CARTESIAN_POINT('',(37.9931640625,12.635986328125,4.));
#5558 = SURFACE_CURVE('',#5559,(#5567,#5578),.PCURVE_S1.);
#5559 = B_SPLINE_CURVE_WITH_KNOTS('',6,(#5560,#5561,#5562,#5563,#5564,
    #5565,#5566),.UNSPECIFIED.,.F.,.F.,(7,7),(0.,1.),
  .PIECEWISE_BEZIER_KNOTS.);
#5560 = CARTESIAN_POINT('',(37.9931640625,12.635986328125,4.));
#5561 = CARTESIAN_POINT('',(38.035473212018,12.677231096523,4.));
#5562 = CARTESIAN_POINT('',(38.09123283201,12.727316460773,4.));
#5563 = CARTESIAN_POINT('',(38.158597415579,12.784909486696,4.));
#5564 = CARTESIAN_POINT('',(38.235454499994,12.848549186647,4.));
#5565 = CARTESIAN_POINT('',(38.32011403519,12.9170901785,4.));
#5566 = CARTESIAN_POINT('',(38.411376953125,12.98974609375,4.));
#5567 = PCURVE('',#368,#5568);
#5568 = DEFINITIONAL_REPRESENTATION('',(#5569),#5577);
#5569 = B_SPLINE_CURVE_WITH_KNOTS('',6,(#5570,#5571,#5572,#5573,#5574,
    #5575,#5576),.UNSPECIFIED.,.F.,.F.,(7,7),(0.,1.),
  .PIECEWISE_BEZIER_KNOTS.);
#5570 = CARTESIAN_POINT('',(37.9931640625,12.635986328125));
#5571 = CARTESIAN_POINT('',(38.035473212018,12.677231096523));
#5572 = CARTESIAN_POINT('',(38.09123283201,12.727316460773));
#5573 = CARTESIAN_POINT('',(38.158597415579,12.784909486696));
#5574 = CARTESIAN_POINT('',(38.235454499994,12.848549186647));
#5575 = CARTESIAN_POINT('',(38.32011403519,12.9170901785));
#5576 = CARTESIAN_POINT('',(38.411376953125,12.98974609375));
#5577 = ( GEOMETRIC_REPRESENTATION_CONTEXT(2) 
PARAMETRIC_REPRESENTATION_CONTEXT() REPRESENTATION_CONTEXT('2D SPACE',''
  ) );
#5578 = PCURVE('',#5579,#5586);
#5579 = SURFACE_OF_LINEAR_EXTRUSION('',#5580,#5584);
#5580 = B_SPLINE_CURVE_WITH_KNOTS('',2,(#5581,#5582,#5583),
  .UNSPECIFIED.,.F.,.F.,(3,3),(0.,1.),.PIECEWISE_BEZIER_KNOTS.);
#5581 = CARTESIAN_POINT('',(38.411376953125,12.98974609375,3.4));
#5582 = CARTESIAN_POINT('',(38.109619140625,12.74951171875,3.4));
#5583 = CARTESIAN_POINT('',(37.9931640625,12.635986328125,3.4));
#5584 = VECTOR('',#5585,1.);
#5585 = DIRECTION('',(-0.,-0.,-1.));
#5586 = DEFINITIONAL_REPRESENTATION('',(#5587),#5595);
#5587 = B_SPLINE_CURVE_WITH_KNOTS('',6,(#5588,#5589,#5590,#5591,#5592,
    #5593,#5594),.UNSPECIFIED.,.F.,.F.,(7,7),(0.,1.),
  .PIECEWISE_BEZIER_KNOTS.);
#5588 = CARTESIAN_POINT('',(1.,-0.6));
#5589 = CARTESIAN_POINT('',(0.818345622195,-0.6));
#5590 = CARTESIAN_POINT('',(0.641954135679,-0.6));
#5591 = CARTESIAN_POINT('',(0.471872726764,-0.6));
#5592 = CARTESIAN_POINT('',(0.308344761415,-0.6));
#5593 = CARTESIAN_POINT('',(0.151218815479,-0.6));
#5594 = CARTESIAN_POINT('',(0.,-0.6));
#5595 = ( GEOMETRIC_REPRESENTATION_CONTEXT(2) 
PARAMETRIC_REPRESENTATION_CONTEXT() REPRESENTATION_CONTEXT('2D SPACE',''
  ) );
#5596 = ORIENTED_EDGE('',*,*,#5597,.F.);
#5597 = EDGE_CURVE('',#5598,#5556,#5600,.T.);
#5598 = VERTEX_POINT('',#5599);
#5599 = CARTESIAN_POINT('',(37.828369140625,12.41552734375,4.));
#5600 = SURFACE_CURVE('',#5601,(#5608,#5618),.PCURVE_S1.);
#5601 = B_SPLINE_CURVE_WITH_KNOTS('',5,(#5602,#5603,#5604,#5605,#5606,
    #5607),.UNSPECIFIED.,.F.,.F.,(6,6),(0.,1.),
  .PIECEWISE_BEZIER_KNOTS.);
#5602 = CARTESIAN_POINT('',(37.828369140625,12.41552734375,4.));
#5603 = CARTESIAN_POINT('',(37.847907271012,12.458748056425,4.));
#5604 = CARTESIAN_POINT('',(37.874325489884,12.50247667941,4.));
#5605 = CARTESIAN_POINT('',(37.907488932476,12.546639883037,4.));
#5606 = CARTESIAN_POINT('',(37.947186962909,12.591165885128,4.));
#5607 = CARTESIAN_POINT('',(37.9931640625,12.635986328125,4.));
#5608 = PCURVE('',#368,#5609);
#5609 = DEFINITIONAL_REPRESENTATION('',(#5610),#5617);
#5610 = B_SPLINE_CURVE_WITH_KNOTS('',5,(#5611,#5612,#5613,#5614,#5615,
    #5616),.UNSPECIFIED.,.F.,.F.,(6,6),(0.,1.),
  .PIECEWISE_BEZIER_KNOTS.);
#5611 = CARTESIAN_POINT('',(37.828369140625,12.41552734375));
#5612 = CARTESIAN_POINT('',(37.847907271012,12.458748056425));
#5613 = CARTESIAN_POINT('',(37.874325489884,12.50247667941));
#5614 = CARTESIAN_POINT('',(37.907488932476,12.546639883037));
#5615 = CARTESIAN_POINT('',(37.947186962909,12.591165885128));
#5616 = CARTESIAN_POINT('',(37.9931640625,12.635986328125));
#5617 = ( GEOMETRIC_REPRESENTATION_CONTEXT(2) 
PARAMETRIC_REPRESENTATION_CONTEXT() REPRESENTATION_CONTEXT('2D SPACE',''
  ) );
#5618 = PCURVE('',#5619,#5626);
#5619 = SURFACE_OF_LINEAR_EXTRUSION('',#5620,#5624);
#5620 = B_SPLINE_CURVE_WITH_KNOTS('',2,(#5621,#5622,#5623),
  .UNSPECIFIED.,.F.,.F.,(3,3),(0.,1.),.PIECEWISE_BEZIER_KNOTS.);
#5621 = CARTESIAN_POINT('',(37.9931640625,12.635986328125,3.4));
#5622 = CARTESIAN_POINT('',(37.876708984375,12.5224609375,3.4));
#5623 = CARTESIAN_POINT('',(37.828369140625,12.41552734375,3.4));
#5624 = VECTOR('',#5625,1.);
#5625 = DIRECTION('',(-0.,-0.,-1.));
#5626 = DEFINITIONAL_REPRESENTATION('',(#5627),#5634);
#5627 = B_SPLINE_CURVE_WITH_KNOTS('',5,(#5628,#5629,#5630,#5631,#5632,
    #5633),.UNSPECIFIED.,.F.,.F.,(6,6),(0.,1.),
  .PIECEWISE_BEZIER_KNOTS.);
#5628 = CARTESIAN_POINT('',(1.,-0.6));
#5629 = CARTESIAN_POINT('',(0.797908631145,-0.6));
#5630 = CARTESIAN_POINT('',(0.596589370568,-0.6));
#5631 = CARTESIAN_POINT('',(0.396336961405,-0.6));
#5632 = CARTESIAN_POINT('',(0.197402725288,-0.6));
#5633 = CARTESIAN_POINT('',(0.,-0.6));
#5634 = ( GEOMETRIC_REPRESENTATION_CONTEXT(2) 
PARAMETRIC_REPRESENTATION_CONTEXT() REPRESENTATION_CONTEXT('2D SPACE',''
  ) );
#5635 = ORIENTED_EDGE('',*,*,#5636,.F.);
#5636 = EDGE_CURVE('',#5637,#5598,#5639,.T.);
#5637 = VERTEX_POINT('',#5638);
#5638 = CARTESIAN_POINT('',(38.887451171875,12.41552734375,4.));
#5639 = SURFACE_CURVE('',#5640,(#5644,#5650),.PCURVE_S1.);
#5640 = LINE('',#5641,#5642);
#5641 = CARTESIAN_POINT('',(18.914184570312,12.41552734375,4.));
#5642 = VECTOR('',#5643,1.);
#5643 = DIRECTION('',(-1.,0.,0.));
#5644 = PCURVE('',#368,#5645);
#5645 = DEFINITIONAL_REPRESENTATION('',(#5646),#5649);
#5646 = B_SPLINE_CURVE_WITH_KNOTS('',1,(#5647,#5648),.UNSPECIFIED.,.F.,
  .F.,(2,2),(-19.97326660156,-18.91418457031),.PIECEWISE_BEZIER_KNOTS.);
#5647 = CARTESIAN_POINT('',(38.887451171875,12.41552734375));
#5648 = CARTESIAN_POINT('',(37.828369140625,12.41552734375));
#5649 = ( GEOMETRIC_REPRESENTATION_CONTEXT(2) 
PARAMETRIC_REPRESENTATION_CONTEXT() REPRESENTATION_CONTEXT('2D SPACE',''
  ) );
#5650 = PCURVE('',#5651,#5656);
#5651 = PLANE('',#5652);
#5652 = AXIS2_PLACEMENT_3D('',#5653,#5654,#5655);
#5653 = CARTESIAN_POINT('',(37.828369140625,12.41552734375,3.4));
#5654 = DIRECTION('',(0.,1.,0.));
#5655 = DIRECTION('',(1.,0.,0.));
#5656 = DEFINITIONAL_REPRESENTATION('',(#5657),#5660);
#5657 = B_SPLINE_CURVE_WITH_KNOTS('',1,(#5658,#5659),.UNSPECIFIED.,.F.,
  .F.,(2,2),(-19.97326660156,-18.91418457031),.PIECEWISE_BEZIER_KNOTS.);
#5658 = CARTESIAN_POINT('',(1.05908203125,-0.6));
#5659 = CARTESIAN_POINT('',(0.,-0.6));
#5660 = ( GEOMETRIC_REPRESENTATION_CONTEXT(2) 
PARAMETRIC_REPRESENTATION_CONTEXT() REPRESENTATION_CONTEXT('2D SPACE',''
  ) );
#5661 = ORIENTED_EDGE('',*,*,#5662,.F.);
#5662 = EDGE_CURVE('',#4854,#5637,#5663,.T.);
#5663 = SURFACE_CURVE('',#5664,(#5668,#5674),.PCURVE_S1.);
#5664 = LINE('',#5665,#5666);
#5665 = CARTESIAN_POINT('',(38.887451171875,6.207763671875,4.));
#5666 = VECTOR('',#5667,1.);
#5667 = DIRECTION('',(0.,1.,0.));
#5668 = PCURVE('',#368,#5669);
#5669 = DEFINITIONAL_REPRESENTATION('',(#5670),#5673);
#5670 = B_SPLINE_CURVE_WITH_KNOTS('',1,(#5671,#5672),.UNSPECIFIED.,.F.,
  .F.,(2,2),(5.993896484375,6.207763671875),.PIECEWISE_BEZIER_KNOTS.);
#5671 = CARTESIAN_POINT('',(38.887451171875,12.20166015625));
#5672 = CARTESIAN_POINT('',(38.887451171875,12.41552734375));
#5673 = ( GEOMETRIC_REPRESENTATION_CONTEXT(2) 
PARAMETRIC_REPRESENTATION_CONTEXT() REPRESENTATION_CONTEXT('2D SPACE',''
  ) );
#5674 = PCURVE('',#5675,#5680);
#5675 = PLANE('',#5676);
#5676 = AXIS2_PLACEMENT_3D('',#5677,#5678,#5679);
#5677 = CARTESIAN_POINT('',(38.887451171875,12.41552734375,3.4));
#5678 = DIRECTION('',(1.,0.,0.));
#5679 = DIRECTION('',(0.,-1.,0.));
#5680 = DEFINITIONAL_REPRESENTATION('',(#5681),#5684);
#5681 = B_SPLINE_CURVE_WITH_KNOTS('',1,(#5682,#5683),.UNSPECIFIED.,.F.,
  .F.,(2,2),(5.993896484375,6.207763671875),.PIECEWISE_BEZIER_KNOTS.);
#5682 = CARTESIAN_POINT('',(0.2138671875,-0.6));
#5683 = CARTESIAN_POINT('',(0.,-0.6));
#5684 = ( GEOMETRIC_REPRESENTATION_CONTEXT(2) 
PARAMETRIC_REPRESENTATION_CONTEXT() REPRESENTATION_CONTEXT('2D SPACE',''
  ) );
#5685 = FACE_BOUND('',#5686,.T.);
#5686 = EDGE_LOOP('',(#5687,#5715,#5772,#5798,#5840,#5882,#5908,#5934));
#5687 = ORIENTED_EDGE('',*,*,#5688,.F.);
#5688 = EDGE_CURVE('',#5689,#5691,#5693,.T.);
#5689 = VERTEX_POINT('',#5690);
#5690 = CARTESIAN_POINT('',(42.466064453125,13.97412109375,4.));
#5691 = VERTEX_POINT('',#5692);
#5692 = CARTESIAN_POINT('',(42.466064453125,14.177734375,4.));
#5693 = SURFACE_CURVE('',#5694,(#5698,#5704),.PCURVE_S1.);
#5694 = LINE('',#5695,#5696);
#5695 = CARTESIAN_POINT('',(42.466064453125,7.0888671875,4.));
#5696 = VECTOR('',#5697,1.);
#5697 = DIRECTION('',(0.,1.,0.));
#5698 = PCURVE('',#368,#5699);
#5699 = DEFINITIONAL_REPRESENTATION('',(#5700),#5703);
#5700 = B_SPLINE_CURVE_WITH_KNOTS('',1,(#5701,#5702),.UNSPECIFIED.,.F.,
  .F.,(2,2),(6.88525390625,7.0888671875),.PIECEWISE_BEZIER_KNOTS.);
#5701 = CARTESIAN_POINT('',(42.466064453125,13.97412109375));
#5702 = CARTESIAN_POINT('',(42.466064453125,14.177734375));
#5703 = ( GEOMETRIC_REPRESENTATION_CONTEXT(2) 
PARAMETRIC_REPRESENTATION_CONTEXT() REPRESENTATION_CONTEXT('2D SPACE',''
  ) );
#5704 = PCURVE('',#5705,#5710);
#5705 = PLANE('',#5706);
#5706 = AXIS2_PLACEMENT_3D('',#5707,#5708,#5709);
#5707 = CARTESIAN_POINT('',(42.466064453125,14.177734375,3.4));
#5708 = DIRECTION('',(1.,0.,0.));
#5709 = DIRECTION('',(0.,-1.,0.));
#5710 = DEFINITIONAL_REPRESENTATION('',(#5711),#5714);
#5711 = B_SPLINE_CURVE_WITH_KNOTS('',1,(#5712,#5713),.UNSPECIFIED.,.F.,
  .F.,(2,2),(6.88525390625,7.0888671875),.PIECEWISE_BEZIER_KNOTS.);
#5712 = CARTESIAN_POINT('',(0.20361328125,-0.6));
#5713 = CARTESIAN_POINT('',(0.,-0.6));
#5714 = ( GEOMETRIC_REPRESENTATION_CONTEXT(2) 
PARAMETRIC_REPRESENTATION_CONTEXT() REPRESENTATION_CONTEXT('2D SPACE',''
  ) );
#5715 = ORIENTED_EDGE('',*,*,#5716,.F.);
#5716 = EDGE_CURVE('',#5717,#5689,#5719,.T.);
#5717 = VERTEX_POINT('',#5718);
#5718 = CARTESIAN_POINT('',(41.773193359375,12.20166015625,4.));
#5719 = SURFACE_CURVE('',#5720,(#5733,#5749),.PCURVE_S1.);
#5720 = B_SPLINE_CURVE_WITH_KNOTS('',6,(#5721,#5722,#5723,#5724,#5725,
    #5726,#5727,#5728,#5729,#5730,#5731,#5732),.UNSPECIFIED.,.F.,.F.,(7,
    5,7),(0.,0.400710536442,1.),.UNSPECIFIED.);
#5721 = CARTESIAN_POINT('',(41.773193359375,12.20166015625,4.));
#5722 = CARTESIAN_POINT('',(41.773193359375,12.323992416101,4.));
#5723 = CARTESIAN_POINT('',(41.783515295843,12.447263413298,4.));
#5724 = CARTESIAN_POINT('',(41.803418884031,12.570631529066,4.));
#5725 = CARTESIAN_POINT('',(41.831853105417,12.693474846846,4.));
#5726 = CARTESIAN_POINT('',(41.867805471093,12.81538014004,4.));
#5727 = CARTESIAN_POINT('',(41.974100870759,13.116740235774,4.));
#5728 = CARTESIAN_POINT('',(42.052621933803,13.294674188121,4.));
#5729 = CARTESIAN_POINT('',(42.143073559112,13.469448454077,4.));
#5730 = CARTESIAN_POINT('',(42.243156041352,13.640854723425,4.));
#5731 = CARTESIAN_POINT('',(42.351181934173,13.808962292719,4.));
#5732 = CARTESIAN_POINT('',(42.466064453125,13.97412109375,4.));
#5733 = PCURVE('',#368,#5734);
#5734 = DEFINITIONAL_REPRESENTATION('',(#5735),#5748);
#5735 = B_SPLINE_CURVE_WITH_KNOTS('',6,(#5736,#5737,#5738,#5739,#5740,
    #5741,#5742,#5743,#5744,#5745,#5746,#5747),.UNSPECIFIED.,.F.,.F.,(7,
    5,7),(0.,0.400710536442,1.),.UNSPECIFIED.);
#5736 = CARTESIAN_POINT('',(41.773193359375,12.20166015625));
#5737 = CARTESIAN_POINT('',(41.773193359375,12.323992416101));
#5738 = CARTESIAN_POINT('',(41.783515295843,12.447263413298));
#5739 = CARTESIAN_POINT('',(41.803418884031,12.570631529066));
#5740 = CARTESIAN_POINT('',(41.831853105417,12.693474846846));
#5741 = CARTESIAN_POINT('',(41.867805471093,12.81538014004));
#5742 = CARTESIAN_POINT('',(41.974100870759,13.116740235774));
#5743 = CARTESIAN_POINT('',(42.052621933803,13.294674188121));
#5744 = CARTESIAN_POINT('',(42.143073559112,13.469448454077));
#5745 = CARTESIAN_POINT('',(42.243156041352,13.640854723425));
#5746 = CARTESIAN_POINT('',(42.351181934173,13.808962292719));
#5747 = CARTESIAN_POINT('',(42.466064453125,13.97412109375));
#5748 = ( GEOMETRIC_REPRESENTATION_CONTEXT(2) 
PARAMETRIC_REPRESENTATION_CONTEXT() REPRESENTATION_CONTEXT('2D SPACE',''
  ) );
#5749 = PCURVE('',#5750,#5757);
#5750 = SURFACE_OF_LINEAR_EXTRUSION('',#5751,#5755);
#5751 = B_SPLINE_CURVE_WITH_KNOTS('',2,(#5752,#5753,#5754),
  .UNSPECIFIED.,.F.,.F.,(3,3),(0.,1.),.PIECEWISE_BEZIER_KNOTS.);
#5752 = CARTESIAN_POINT('',(42.466064453125,13.97412109375,3.4));
#5753 = CARTESIAN_POINT('',(41.773193359375,12.97802734375,3.4));
#5754 = CARTESIAN_POINT('',(41.773193359375,12.20166015625,3.4));
#5755 = VECTOR('',#5756,1.);
#5756 = DIRECTION('',(-0.,-0.,-1.));
#5757 = DEFINITIONAL_REPRESENTATION('',(#5758),#5771);
#5758 = B_SPLINE_CURVE_WITH_KNOTS('',6,(#5759,#5760,#5761,#5762,#5763,
    #5764,#5765,#5766,#5767,#5768,#5769,#5770),.UNSPECIFIED.,.F.,.F.,(7,
    5,7),(0.,0.400710536442,1.),.UNSPECIFIED.);
#5759 = CARTESIAN_POINT('',(1.,-0.6));
#5760 = CARTESIAN_POINT('',(0.921214947115,-0.6));
#5761 = CARTESIAN_POINT('',(0.843933437956,-0.6));
#5762 = CARTESIAN_POINT('',(0.768546303165,-0.6));
#5763 = CARTESIAN_POINT('',(0.695239416507,-0.6));
#5764 = CARTESIAN_POINT('',(0.624072119312,-0.6));
#5765 = CARTESIAN_POINT('',(0.451698016236,-0.6));
#5766 = CARTESIAN_POINT('',(0.353140926599,-0.6));
#5767 = CARTESIAN_POINT('',(0.259055408473,-0.6));
#5768 = CARTESIAN_POINT('',(0.169105935553,-0.6));
#5769 = CARTESIAN_POINT('',(8.290324130182E-02,-0.6));
#5770 = CARTESIAN_POINT('',(0.,-0.6));
#5771 = ( GEOMETRIC_REPRESENTATION_CONTEXT(2) 
PARAMETRIC_REPRESENTATION_CONTEXT() REPRESENTATION_CONTEXT('2D SPACE',''
  ) );
#5772 = ORIENTED_EDGE('',*,*,#5773,.F.);
#5773 = EDGE_CURVE('',#5774,#5717,#5776,.T.);
#5774 = VERTEX_POINT('',#5775);
#5775 = CARTESIAN_POINT('',(41.497802734375,12.20166015625,4.));
#5776 = SURFACE_CURVE('',#5777,(#5781,#5787),.PCURVE_S1.);
#5777 = LINE('',#5778,#5779);
#5778 = CARTESIAN_POINT('',(20.886596679688,12.20166015625,4.));
#5779 = VECTOR('',#5780,1.);
#5780 = DIRECTION('',(1.,0.,-0.));
#5781 = PCURVE('',#368,#5782);
#5782 = DEFINITIONAL_REPRESENTATION('',(#5783),#5786);
#5783 = B_SPLINE_CURVE_WITH_KNOTS('',1,(#5784,#5785),.UNSPECIFIED.,.F.,
  .F.,(2,2),(20.611206054688,20.886596679688),.PIECEWISE_BEZIER_KNOTS.);
#5784 = CARTESIAN_POINT('',(41.497802734375,12.20166015625));
#5785 = CARTESIAN_POINT('',(41.773193359375,12.20166015625));
#5786 = ( GEOMETRIC_REPRESENTATION_CONTEXT(2) 
PARAMETRIC_REPRESENTATION_CONTEXT() REPRESENTATION_CONTEXT('2D SPACE',''
  ) );
#5787 = PCURVE('',#5788,#5793);
#5788 = PLANE('',#5789);
#5789 = AXIS2_PLACEMENT_3D('',#5790,#5791,#5792);
#5790 = CARTESIAN_POINT('',(41.773193359375,12.20166015625,3.4));
#5791 = DIRECTION('',(0.,-1.,0.));
#5792 = DIRECTION('',(-1.,0.,0.));
#5793 = DEFINITIONAL_REPRESENTATION('',(#5794),#5797);
#5794 = B_SPLINE_CURVE_WITH_KNOTS('',1,(#5795,#5796),.UNSPECIFIED.,.F.,
  .F.,(2,2),(20.611206054688,20.886596679688),.PIECEWISE_BEZIER_KNOTS.);
#5795 = CARTESIAN_POINT('',(0.275390625,-0.6));
#5796 = CARTESIAN_POINT('',(0.,-0.6));
#5797 = ( GEOMETRIC_REPRESENTATION_CONTEXT(2) 
PARAMETRIC_REPRESENTATION_CONTEXT() REPRESENTATION_CONTEXT('2D SPACE',''
  ) );
#5798 = ORIENTED_EDGE('',*,*,#5799,.F.);
#5799 = EDGE_CURVE('',#5800,#5774,#5802,.T.);
#5800 = VERTEX_POINT('',#5801);
#5801 = CARTESIAN_POINT('',(41.67724609375,13.032958984375,4.));
#5802 = SURFACE_CURVE('',#5803,(#5811,#5822),.PCURVE_S1.);
#5803 = B_SPLINE_CURVE_WITH_KNOTS('',6,(#5804,#5805,#5806,#5807,#5808,
    #5809,#5810),.UNSPECIFIED.,.F.,.F.,(7,7),(0.,1.),
  .PIECEWISE_BEZIER_KNOTS.);
#5804 = CARTESIAN_POINT('',(41.67724609375,13.032958984375,4.));
#5805 = CARTESIAN_POINT('',(41.620474941551,12.891842120338,4.));
#5806 = CARTESIAN_POINT('',(41.573146901252,12.751061748279,4.));
#5807 = CARTESIAN_POINT('',(41.536250925334,12.611037151434,4.));
#5808 = CARTESIAN_POINT('',(41.510818731249,12.472326446431,4.));
#5809 = CARTESIAN_POINT('',(41.497802734375,12.335610977529,4.));
#5810 = CARTESIAN_POINT('',(41.497802734375,12.20166015625,4.));
#5811 = PCURVE('',#368,#5812);
#5812 = DEFINITIONAL_REPRESENTATION('',(#5813),#5821);
#5813 = B_SPLINE_CURVE_WITH_KNOTS('',6,(#5814,#5815,#5816,#5817,#5818,
    #5819,#5820),.UNSPECIFIED.,.F.,.F.,(7,7),(0.,1.),
  .PIECEWISE_BEZIER_KNOTS.);
#5814 = CARTESIAN_POINT('',(41.67724609375,13.032958984375));
#5815 = CARTESIAN_POINT('',(41.620474941551,12.891842120338));
#5816 = CARTESIAN_POINT('',(41.573146901252,12.751061748279));
#5817 = CARTESIAN_POINT('',(41.536250925334,12.611037151434));
#5818 = CARTESIAN_POINT('',(41.510818731249,12.472326446431));
#5819 = CARTESIAN_POINT('',(41.497802734375,12.335610977529));
#5820 = CARTESIAN_POINT('',(41.497802734375,12.20166015625));
#5821 = ( GEOMETRIC_REPRESENTATION_CONTEXT(2) 
PARAMETRIC_REPRESENTATION_CONTEXT() REPRESENTATION_CONTEXT('2D SPACE',''
  ) );
#5822 = PCURVE('',#5823,#5830);
#5823 = SURFACE_OF_LINEAR_EXTRUSION('',#5824,#5828);
#5824 = B_SPLINE_CURVE_WITH_KNOTS('',2,(#5825,#5826,#5827),
  .UNSPECIFIED.,.F.,.F.,(3,3),(0.,1.),.PIECEWISE_BEZIER_KNOTS.);
#5825 = CARTESIAN_POINT('',(41.497802734375,12.20166015625,3.4));
#5826 = CARTESIAN_POINT('',(41.497802734375,12.5869140625,3.4));
#5827 = CARTESIAN_POINT('',(41.67724609375,13.032958984375,3.4));
#5828 = VECTOR('',#5829,1.);
#5829 = DIRECTION('',(-0.,-0.,-1.));
#5830 = DEFINITIONAL_REPRESENTATION('',(#5831),#5839);
#5831 = B_SPLINE_CURVE_WITH_KNOTS('',6,(#5832,#5833,#5834,#5835,#5836,
    #5837,#5838),.UNSPECIFIED.,.F.,.F.,(7,7),(0.,1.),
  .PIECEWISE_BEZIER_KNOTS.);
#5832 = CARTESIAN_POINT('',(1.,-0.6));
#5833 = CARTESIAN_POINT('',(0.841813170472,-0.6));
#5834 = CARTESIAN_POINT('',(0.679911124787,-0.6));
#5835 = CARTESIAN_POINT('',(0.514403206879,-0.6));
#5836 = CARTESIAN_POINT('',(0.345560142129,-0.6));
#5837 = CARTESIAN_POINT('',(0.173847453725,-0.6));
#5838 = CARTESIAN_POINT('',(0.,-0.6));
#5839 = ( GEOMETRIC_REPRESENTATION_CONTEXT(2) 
PARAMETRIC_REPRESENTATION_CONTEXT() REPRESENTATION_CONTEXT('2D SPACE',''
  ) );
#5840 = ORIENTED_EDGE('',*,*,#5841,.F.);
#5841 = EDGE_CURVE('',#5842,#5800,#5844,.T.);
#5842 = VERTEX_POINT('',#5843);
#5843 = CARTESIAN_POINT('',(42.211181640625,13.96533203125,4.));
#5844 = SURFACE_CURVE('',#5845,(#5853,#5864),.PCURVE_S1.);
#5845 = B_SPLINE_CURVE_WITH_KNOTS('',6,(#5846,#5847,#5848,#5849,#5850,
    #5851,#5852),.UNSPECIFIED.,.F.,.F.,(7,7),(0.,1.),
  .PIECEWISE_BEZIER_KNOTS.);
#5846 = CARTESIAN_POINT('',(42.211181640625,13.96533203125,4.));
#5847 = CARTESIAN_POINT('',(42.100136167326,13.812988654657,4.));
#5848 = CARTESIAN_POINT('',(41.99661966549,13.659207041442,4.));
#5849 = CARTESIAN_POINT('',(41.901492963768,13.504063671491,4.));
#5850 = CARTESIAN_POINT('',(41.815784631277,13.347747949015,4.));
#5851 = CARTESIAN_POINT('',(41.74065154976,13.190566832172,4.));
#5852 = CARTESIAN_POINT('',(41.67724609375,13.032958984375,4.));
#5853 = PCURVE('',#368,#5854);
#5854 = DEFINITIONAL_REPRESENTATION('',(#5855),#5863);
#5855 = B_SPLINE_CURVE_WITH_KNOTS('',6,(#5856,#5857,#5858,#5859,#5860,
    #5861,#5862),.UNSPECIFIED.,.F.,.F.,(7,7),(0.,1.),
  .PIECEWISE_BEZIER_KNOTS.);
#5856 = CARTESIAN_POINT('',(42.211181640625,13.96533203125));
#5857 = CARTESIAN_POINT('',(42.100136167326,13.812988654657));
#5858 = CARTESIAN_POINT('',(41.99661966549,13.659207041442));
#5859 = CARTESIAN_POINT('',(41.901492963768,13.504063671491));
#5860 = CARTESIAN_POINT('',(41.815784631277,13.347747949015));
#5861 = CARTESIAN_POINT('',(41.74065154976,13.190566832172));
#5862 = CARTESIAN_POINT('',(41.67724609375,13.032958984375));
#5863 = ( GEOMETRIC_REPRESENTATION_CONTEXT(2) 
PARAMETRIC_REPRESENTATION_CONTEXT() REPRESENTATION_CONTEXT('2D SPACE',''
  ) );
#5864 = PCURVE('',#5865,#5872);
#5865 = SURFACE_OF_LINEAR_EXTRUSION('',#5866,#5870);
#5866 = B_SPLINE_CURVE_WITH_KNOTS('',2,(#5867,#5868,#5869),
  .UNSPECIFIED.,.F.,.F.,(3,3),(0.,1.),.PIECEWISE_BEZIER_KNOTS.);
#5867 = CARTESIAN_POINT('',(41.67724609375,13.032958984375,3.4));
#5868 = CARTESIAN_POINT('',(41.856689453125,13.47900390625,3.4));
#5869 = CARTESIAN_POINT('',(42.211181640625,13.96533203125,3.4));
#5870 = VECTOR('',#5871,1.);
#5871 = DIRECTION('',(-0.,-0.,-1.));
#5872 = DEFINITIONAL_REPRESENTATION('',(#5873),#5881);
#5873 = B_SPLINE_CURVE_WITH_KNOTS('',6,(#5874,#5875,#5876,#5877,#5878,
    #5879,#5880),.UNSPECIFIED.,.F.,.F.,(7,7),(0.,1.),
  .PIECEWISE_BEZIER_KNOTS.);
#5874 = CARTESIAN_POINT('',(1.,-0.6));
#5875 = CARTESIAN_POINT('',(0.843373877881,-0.6));
#5876 = CARTESIAN_POINT('',(0.682830718343,-0.6));
#5877 = CARTESIAN_POINT('',(0.518220282194,-0.6));
#5878 = CARTESIAN_POINT('',(0.349484143557,-0.6));
#5879 = CARTESIAN_POINT('',(0.176672617563,-0.6));
#5880 = CARTESIAN_POINT('',(0.,-0.6));
#5881 = ( GEOMETRIC_REPRESENTATION_CONTEXT(2) 
PARAMETRIC_REPRESENTATION_CONTEXT() REPRESENTATION_CONTEXT('2D SPACE',''
  ) );
#5882 = ORIENTED_EDGE('',*,*,#5883,.F.);
#5883 = EDGE_CURVE('',#5884,#5842,#5886,.T.);
#5884 = VERTEX_POINT('',#5885);
#5885 = CARTESIAN_POINT('',(41.131591796875,13.96533203125,4.));
#5886 = SURFACE_CURVE('',#5887,(#5891,#5897),.PCURVE_S1.);
#5887 = LINE('',#5888,#5889);
#5888 = CARTESIAN_POINT('',(21.105590820312,13.96533203125,4.));
#5889 = VECTOR('',#5890,1.);
#5890 = DIRECTION('',(1.,0.,-0.));
#5891 = PCURVE('',#368,#5892);
#5892 = DEFINITIONAL_REPRESENTATION('',(#5893),#5896);
#5893 = B_SPLINE_CURVE_WITH_KNOTS('',1,(#5894,#5895),.UNSPECIFIED.,.F.,
  .F.,(2,2),(20.026000976562,21.105590820312),.PIECEWISE_BEZIER_KNOTS.);
#5894 = CARTESIAN_POINT('',(41.131591796875,13.96533203125));
#5895 = CARTESIAN_POINT('',(42.211181640625,13.96533203125));
#5896 = ( GEOMETRIC_REPRESENTATION_CONTEXT(2) 
PARAMETRIC_REPRESENTATION_CONTEXT() REPRESENTATION_CONTEXT('2D SPACE',''
  ) );
#5897 = PCURVE('',#5898,#5903);
#5898 = PLANE('',#5899);
#5899 = AXIS2_PLACEMENT_3D('',#5900,#5901,#5902);
#5900 = CARTESIAN_POINT('',(42.211181640625,13.96533203125,3.4));
#5901 = DIRECTION('',(0.,-1.,0.));
#5902 = DIRECTION('',(-1.,0.,0.));
#5903 = DEFINITIONAL_REPRESENTATION('',(#5904),#5907);
#5904 = B_SPLINE_CURVE_WITH_KNOTS('',1,(#5905,#5906),.UNSPECIFIED.,.F.,
  .F.,(2,2),(20.026000976562,21.105590820312),.PIECEWISE_BEZIER_KNOTS.);
#5905 = CARTESIAN_POINT('',(1.07958984375,-0.6));
#5906 = CARTESIAN_POINT('',(0.,-0.6));
#5907 = ( GEOMETRIC_REPRESENTATION_CONTEXT(2) 
PARAMETRIC_REPRESENTATION_CONTEXT() REPRESENTATION_CONTEXT('2D SPACE',''
  ) );
#5908 = ORIENTED_EDGE('',*,*,#5909,.F.);
#5909 = EDGE_CURVE('',#5910,#5884,#5912,.T.);
#5910 = VERTEX_POINT('',#5911);
#5911 = CARTESIAN_POINT('',(41.131591796875,14.177734375,4.));
#5912 = SURFACE_CURVE('',#5913,(#5917,#5923),.PCURVE_S1.);
#5913 = LINE('',#5914,#5915);
#5914 = CARTESIAN_POINT('',(41.131591796875,6.982666015625,4.));
#5915 = VECTOR('',#5916,1.);
#5916 = DIRECTION('',(0.,-1.,0.));
#5917 = PCURVE('',#368,#5918);
#5918 = DEFINITIONAL_REPRESENTATION('',(#5919),#5922);
#5919 = B_SPLINE_CURVE_WITH_KNOTS('',1,(#5920,#5921),.UNSPECIFIED.,.F.,
  .F.,(2,2),(-7.195068359375,-6.982666015625),.PIECEWISE_BEZIER_KNOTS.);
#5920 = CARTESIAN_POINT('',(41.131591796875,14.177734375));
#5921 = CARTESIAN_POINT('',(41.131591796875,13.96533203125));
#5922 = ( GEOMETRIC_REPRESENTATION_CONTEXT(2) 
PARAMETRIC_REPRESENTATION_CONTEXT() REPRESENTATION_CONTEXT('2D SPACE',''
  ) );
#5923 = PCURVE('',#5924,#5929);
#5924 = PLANE('',#5925);
#5925 = AXIS2_PLACEMENT_3D('',#5926,#5927,#5928);
#5926 = CARTESIAN_POINT('',(41.131591796875,13.96533203125,3.4));
#5927 = DIRECTION('',(-1.,0.,0.));
#5928 = DIRECTION('',(0.,1.,0.));
#5929 = DEFINITIONAL_REPRESENTATION('',(#5930),#5933);
#5930 = B_SPLINE_CURVE_WITH_KNOTS('',1,(#5931,#5932),.UNSPECIFIED.,.F.,
  .F.,(2,2),(-7.195068359375,-6.982666015625),.PIECEWISE_BEZIER_KNOTS.);
#5931 = CARTESIAN_POINT('',(0.21240234375,-0.6));
#5932 = CARTESIAN_POINT('',(0.,-0.6));
#5933 = ( GEOMETRIC_REPRESENTATION_CONTEXT(2) 
PARAMETRIC_REPRESENTATION_CONTEXT() REPRESENTATION_CONTEXT('2D SPACE',''
  ) );
#5934 = ORIENTED_EDGE('',*,*,#5935,.F.);
#5935 = EDGE_CURVE('',#5691,#5910,#5936,.T.);
#5936 = SURFACE_CURVE('',#5937,(#5941,#5947),.PCURVE_S1.);
#5937 = LINE('',#5938,#5939);
#5938 = CARTESIAN_POINT('',(20.565795898438,14.177734375,4.));
#5939 = VECTOR('',#5940,1.);
#5940 = DIRECTION('',(-1.,0.,0.));
#5941 = PCURVE('',#368,#5942);
#5942 = DEFINITIONAL_REPRESENTATION('',(#5943),#5946);
#5943 = B_SPLINE_CURVE_WITH_KNOTS('',1,(#5944,#5945),.UNSPECIFIED.,.F.,
  .F.,(2,2),(-21.90026855468,-20.56579589843),.PIECEWISE_BEZIER_KNOTS.);
#5944 = CARTESIAN_POINT('',(42.466064453125,14.177734375));
#5945 = CARTESIAN_POINT('',(41.131591796875,14.177734375));
#5946 = ( GEOMETRIC_REPRESENTATION_CONTEXT(2) 
PARAMETRIC_REPRESENTATION_CONTEXT() REPRESENTATION_CONTEXT('2D SPACE',''
  ) );
#5947 = PCURVE('',#5948,#5953);
#5948 = PLANE('',#5949);
#5949 = AXIS2_PLACEMENT_3D('',#5950,#5951,#5952);
#5950 = CARTESIAN_POINT('',(41.131591796875,14.177734375,3.4));
#5951 = DIRECTION('',(0.,1.,0.));
#5952 = DIRECTION('',(1.,0.,0.));
#5953 = DEFINITIONAL_REPRESENTATION('',(#5954),#5957);
#5954 = B_SPLINE_CURVE_WITH_KNOTS('',1,(#5955,#5956),.UNSPECIFIED.,.F.,
  .F.,(2,2),(-21.90026855468,-20.56579589843),.PIECEWISE_BEZIER_KNOTS.);
#5955 = CARTESIAN_POINT('',(1.33447265625,-0.6));
#5956 = CARTESIAN_POINT('',(0.,-0.6));
#5957 = ( GEOMETRIC_REPRESENTATION_CONTEXT(2) 
PARAMETRIC_REPRESENTATION_CONTEXT() REPRESENTATION_CONTEXT('2D SPACE',''
  ) );
#5958 = ADVANCED_FACE('',(#5959),#343,.T.);
#5959 = FACE_BOUND('',#5960,.F.);
#5960 = EDGE_LOOP('',(#5961,#5962,#5963,#5982));
#5961 = ORIENTED_EDGE('',*,*,#328,.F.);
#5962 = ORIENTED_EDGE('',*,*,#436,.T.);
#5963 = ORIENTED_EDGE('',*,*,#5964,.T.);
#5964 = EDGE_CURVE('',#409,#1077,#5965,.T.);
#5965 = SURFACE_CURVE('',#5966,(#5970,#5976),.PCURVE_S1.);
#5966 = LINE('',#5967,#5968);
#5967 = CARTESIAN_POINT('',(2.,18.,3.7));
#5968 = VECTOR('',#5969,1.);
#5969 = DIRECTION('',(4.329780281177E-17,-0.707106781187,0.707106781187)
  );
#5970 = PCURVE('',#343,#5971);
#5971 = DEFINITIONAL_REPRESENTATION('',(#5972),#5975);
#5972 = B_SPLINE_CURVE_WITH_KNOTS('',1,(#5973,#5974),.UNSPECIFIED.,.F.,
  .F.,(2,2),(0.,0.424264068712),.PIECEWISE_BEZIER_KNOTS.);
#5973 = CARTESIAN_POINT('',(1.570796326795,0.));
#5974 = CARTESIAN_POINT('',(1.570796326795,-0.3));
#5975 = ( GEOMETRIC_REPRESENTATION_CONTEXT(2) 
PARAMETRIC_REPRESENTATION_CONTEXT() REPRESENTATION_CONTEXT('2D SPACE',''
  ) );
#5976 = PCURVE('',#1092,#5977);
#5977 = DEFINITIONAL_REPRESENTATION('',(#5978),#5981);
#5978 = B_SPLINE_CURVE_WITH_KNOTS('',1,(#5979,#5980),.UNSPECIFIED.,.F.,
  .F.,(2,2),(0.,0.424264068712),.PIECEWISE_BEZIER_KNOTS.);
#5979 = CARTESIAN_POINT('',(0.,-0.212132034356));
#5980 = CARTESIAN_POINT('',(0.,0.212132034356));
#5981 = ( GEOMETRIC_REPRESENTATION_CONTEXT(2) 
PARAMETRIC_REPRESENTATION_CONTEXT() REPRESENTATION_CONTEXT('2D SPACE',''
  ) );
#5982 = ORIENTED_EDGE('',*,*,#1104,.F.);
#5983 = ADVANCED_FACE('',(#5984),#424,.T.);
#5984 = FACE_BOUND('',#5985,.T.);
#5985 = EDGE_LOOP('',(#5986,#5987,#6010,#6038));
#5986 = ORIENTED_EDGE('',*,*,#408,.T.);
#5987 = ORIENTED_EDGE('',*,*,#5988,.T.);
#5988 = EDGE_CURVE('',#409,#5989,#5991,.T.);
#5989 = VERTEX_POINT('',#5990);
#5990 = CARTESIAN_POINT('',(46.,18.,3.7));
#5991 = SURFACE_CURVE('',#5992,(#5996,#6003),.PCURVE_S1.);
#5992 = LINE('',#5993,#5994);
#5993 = CARTESIAN_POINT('',(2.,18.,3.7));
#5994 = VECTOR('',#5995,1.);
#5995 = DIRECTION('',(1.,0.,0.));
#5996 = PCURVE('',#424,#5997);
#5997 = DEFINITIONAL_REPRESENTATION('',(#5998),#6002);
#5998 = LINE('',#5999,#6000);
#5999 = CARTESIAN_POINT('',(3.7,2.));
#6000 = VECTOR('',#6001,1.);
#6001 = DIRECTION('',(0.,1.));
#6002 = ( GEOMETRIC_REPRESENTATION_CONTEXT(2) 
PARAMETRIC_REPRESENTATION_CONTEXT() REPRESENTATION_CONTEXT('2D SPACE',''
  ) );
#6003 = PCURVE('',#1092,#6004);
#6004 = DEFINITIONAL_REPRESENTATION('',(#6005),#6009);
#6005 = LINE('',#6006,#6007);
#6006 = CARTESIAN_POINT('',(-0.,-0.212132034356));
#6007 = VECTOR('',#6008,1.);
#6008 = DIRECTION('',(-1.,0.));
#6009 = ( GEOMETRIC_REPRESENTATION_CONTEXT(2) 
PARAMETRIC_REPRESENTATION_CONTEXT() REPRESENTATION_CONTEXT('2D SPACE',''
  ) );
#6010 = ORIENTED_EDGE('',*,*,#6011,.F.);
#6011 = EDGE_CURVE('',#6012,#5989,#6014,.T.);
#6012 = VERTEX_POINT('',#6013);
#6013 = CARTESIAN_POINT('',(46.,18.,0.3));
#6014 = SURFACE_CURVE('',#6015,(#6019,#6026),.PCURVE_S1.);
#6015 = LINE('',#6016,#6017);
#6016 = CARTESIAN_POINT('',(46.,18.,0.));
#6017 = VECTOR('',#6018,1.);
#6018 = DIRECTION('',(0.,0.,1.));
#6019 = PCURVE('',#424,#6020);
#6020 = DEFINITIONAL_REPRESENTATION('',(#6021),#6025);
#6021 = LINE('',#6022,#6023);
#6022 = CARTESIAN_POINT('',(0.,46.));
#6023 = VECTOR('',#6024,1.);
#6024 = DIRECTION('',(1.,0.));
#6025 = ( GEOMETRIC_REPRESENTATION_CONTEXT(2) 
PARAMETRIC_REPRESENTATION_CONTEXT() REPRESENTATION_CONTEXT('2D SPACE',''
  ) );
#6026 = PCURVE('',#6027,#6032);
#6027 = CYLINDRICAL_SURFACE('',#6028,2.);
#6028 = AXIS2_PLACEMENT_3D('',#6029,#6030,#6031);
#6029 = CARTESIAN_POINT('',(46.,16.,0.));
#6030 = DIRECTION('',(0.,0.,1.));
#6031 = DIRECTION('',(1.,0.,-0.));
#6032 = DEFINITIONAL_REPRESENTATION('',(#6033),#6037);
#6033 = LINE('',#6034,#6035);
#6034 = CARTESIAN_POINT('',(1.570796326795,0.));
#6035 = VECTOR('',#6036,1.);
#6036 = DIRECTION('',(0.,1.));
#6037 = ( GEOMETRIC_REPRESENTATION_CONTEXT(2) 
PARAMETRIC_REPRESENTATION_CONTEXT() REPRESENTATION_CONTEXT('2D SPACE',''
  ) );
#6038 = ORIENTED_EDGE('',*,*,#6039,.F.);
#6039 = EDGE_CURVE('',#385,#6012,#6040,.T.);
#6040 = SURFACE_CURVE('',#6041,(#6045,#6052),.PCURVE_S1.);
#6041 = LINE('',#6042,#6043);
#6042 = CARTESIAN_POINT('',(2.,18.,0.3));
#6043 = VECTOR('',#6044,1.);
#6044 = DIRECTION('',(1.,0.,0.));
#6045 = PCURVE('',#424,#6046);
#6046 = DEFINITIONAL_REPRESENTATION('',(#6047),#6051);
#6047 = LINE('',#6048,#6049);
#6048 = CARTESIAN_POINT('',(0.3,2.));
#6049 = VECTOR('',#6050,1.);
#6050 = DIRECTION('',(0.,1.));
#6051 = ( GEOMETRIC_REPRESENTATION_CONTEXT(2) 
PARAMETRIC_REPRESENTATION_CONTEXT() REPRESENTATION_CONTEXT('2D SPACE',''
  ) );
#6052 = PCURVE('',#786,#6053);
#6053 = DEFINITIONAL_REPRESENTATION('',(#6054),#6058);
#6054 = LINE('',#6055,#6056);
#6055 = CARTESIAN_POINT('',(-0.,-0.212132034356));
#6056 = VECTOR('',#6057,1.);
#6057 = DIRECTION('',(-1.,0.));
#6058 = ( GEOMETRIC_REPRESENTATION_CONTEXT(2) 
PARAMETRIC_REPRESENTATION_CONTEXT() REPRESENTATION_CONTEXT('2D SPACE',''
  ) );
#6059 = ADVANCED_FACE('',(#6060),#476,.T.);
#6060 = FACE_BOUND('',#6061,.T.);
#6061 = EDGE_LOOP('',(#6062,#6081,#6082,#6083));
#6062 = ORIENTED_EDGE('',*,*,#6063,.F.);
#6063 = EDGE_CURVE('',#600,#654,#6064,.T.);
#6064 = SURFACE_CURVE('',#6065,(#6069,#6075),.PCURVE_S1.);
#6065 = LINE('',#6066,#6067);
#6066 = CARTESIAN_POINT('',(46.,-4.440892098501E-16,0.3));
#6067 = VECTOR('',#6068,1.);
#6068 = DIRECTION('',(-2.003070486802E-16,0.707106781187,-0.707106781187
    ));
#6069 = PCURVE('',#476,#6070);
#6070 = DEFINITIONAL_REPRESENTATION('',(#6071),#6074);
#6071 = B_SPLINE_CURVE_WITH_KNOTS('',1,(#6072,#6073),.UNSPECIFIED.,.F.,
  .F.,(2,2),(0.,0.424264068712),.PIECEWISE_BEZIER_KNOTS.);
#6072 = CARTESIAN_POINT('',(0.,-0.212132034356));
#6073 = CARTESIAN_POINT('',(0.,0.212132034356));
#6074 = ( GEOMETRIC_REPRESENTATION_CONTEXT(2) 
PARAMETRIC_REPRESENTATION_CONTEXT() REPRESENTATION_CONTEXT('2D SPACE',''
  ) );
#6075 = PCURVE('',#697,#6076);
#6076 = DEFINITIONAL_REPRESENTATION('',(#6077),#6080);
#6077 = B_SPLINE_CURVE_WITH_KNOTS('',1,(#6078,#6079),.UNSPECIFIED.,.F.,
  .F.,(2,2),(0.,0.424264068712),.PIECEWISE_BEZIER_KNOTS.);
#6078 = CARTESIAN_POINT('',(-1.570796326795,0.));
#6079 = CARTESIAN_POINT('',(-1.570796326795,-0.3));
#6080 = ( GEOMETRIC_REPRESENTATION_CONTEXT(2) 
PARAMETRIC_REPRESENTATION_CONTEXT() REPRESENTATION_CONTEXT('2D SPACE',''
  ) );
#6081 = ORIENTED_EDGE('',*,*,#627,.T.);
#6082 = ORIENTED_EDGE('',*,*,#461,.T.);
#6083 = ORIENTED_EDGE('',*,*,#653,.F.);
#6084 = ADVANCED_FACE('',(#6085),#533,.F.);
#6085 = FACE_BOUND('',#6086,.F.);
#6086 = EDGE_LOOP('',(#6087,#6106,#6107,#6108));
#6087 = ORIENTED_EDGE('',*,*,#6088,.F.);
#6088 = EDGE_CURVE('',#577,#960,#6089,.T.);
#6089 = SURFACE_CURVE('',#6090,(#6094,#6100),.PCURVE_S1.);
#6090 = LINE('',#6091,#6092);
#6091 = CARTESIAN_POINT('',(46.,-4.440892098501E-16,3.7));
#6092 = VECTOR('',#6093,1.);
#6093 = DIRECTION('',(-2.003070486802E-16,0.707106781187,0.707106781187)
  );
#6094 = PCURVE('',#533,#6095);
#6095 = DEFINITIONAL_REPRESENTATION('',(#6096),#6099);
#6096 = B_SPLINE_CURVE_WITH_KNOTS('',1,(#6097,#6098),.UNSPECIFIED.,.F.,
  .F.,(2,2),(0.,0.424264068712),.PIECEWISE_BEZIER_KNOTS.);
#6097 = CARTESIAN_POINT('',(0.,-0.212132034356));
#6098 = CARTESIAN_POINT('',(0.,0.212132034356));
#6099 = ( GEOMETRIC_REPRESENTATION_CONTEXT(2) 
PARAMETRIC_REPRESENTATION_CONTEXT() REPRESENTATION_CONTEXT('2D SPACE',''
  ) );
#6100 = PCURVE('',#1003,#6101);
#6101 = DEFINITIONAL_REPRESENTATION('',(#6102),#6105);
#6102 = B_SPLINE_CURVE_WITH_KNOTS('',1,(#6103,#6104),.UNSPECIFIED.,.F.,
  .F.,(2,2),(0.,0.424264068712),.PIECEWISE_BEZIER_KNOTS.);
#6103 = CARTESIAN_POINT('',(1.570796326795,0.));
#6104 = CARTESIAN_POINT('',(1.570796326795,-0.3));
#6105 = ( GEOMETRIC_REPRESENTATION_CONTEXT(2) 
PARAMETRIC_REPRESENTATION_CONTEXT() REPRESENTATION_CONTEXT('2D SPACE',''
  ) );
#6106 = ORIENTED_EDGE('',*,*,#576,.T.);
#6107 = ORIENTED_EDGE('',*,*,#518,.T.);
#6108 = ORIENTED_EDGE('',*,*,#959,.F.);
#6109 = ADVANCED_FACE('',(#6110),#615,.T.);
#6110 = FACE_BOUND('',#6111,.F.);
#6111 = EDGE_LOOP('',(#6112,#6142,#6164,#6165));
#6112 = ORIENTED_EDGE('',*,*,#6113,.F.);
#6113 = EDGE_CURVE('',#6114,#6116,#6118,.T.);
#6114 = VERTEX_POINT('',#6115);
#6115 = CARTESIAN_POINT('',(48.,2.,0.3));
#6116 = VERTEX_POINT('',#6117);
#6117 = CARTESIAN_POINT('',(48.,2.,3.7));
#6118 = SURFACE_CURVE('',#6119,(#6123,#6130),.PCURVE_S1.);
#6119 = LINE('',#6120,#6121);
#6120 = CARTESIAN_POINT('',(48.,2.,0.));
#6121 = VECTOR('',#6122,1.);
#6122 = DIRECTION('',(0.,0.,1.));
#6123 = PCURVE('',#615,#6124);
#6124 = DEFINITIONAL_REPRESENTATION('',(#6125),#6129);
#6125 = LINE('',#6126,#6127);
#6126 = CARTESIAN_POINT('',(-0.,0.));
#6127 = VECTOR('',#6128,1.);
#6128 = DIRECTION('',(-0.,1.));
#6129 = ( GEOMETRIC_REPRESENTATION_CONTEXT(2) 
PARAMETRIC_REPRESENTATION_CONTEXT() REPRESENTATION_CONTEXT('2D SPACE',''
  ) );
#6130 = PCURVE('',#6131,#6136);
#6131 = PLANE('',#6132);
#6132 = AXIS2_PLACEMENT_3D('',#6133,#6134,#6135);
#6133 = CARTESIAN_POINT('',(48.,0.,0.));
#6134 = DIRECTION('',(1.,0.,0.));
#6135 = DIRECTION('',(0.,0.,1.));
#6136 = DEFINITIONAL_REPRESENTATION('',(#6137),#6141);
#6137 = LINE('',#6138,#6139);
#6138 = CARTESIAN_POINT('',(0.,-2.));
#6139 = VECTOR('',#6140,1.);
#6140 = DIRECTION('',(1.,0.));
#6141 = ( GEOMETRIC_REPRESENTATION_CONTEXT(2) 
PARAMETRIC_REPRESENTATION_CONTEXT() REPRESENTATION_CONTEXT('2D SPACE',''
  ) );
#6142 = ORIENTED_EDGE('',*,*,#6143,.T.);
#6143 = EDGE_CURVE('',#6114,#600,#6144,.T.);
#6144 = SURFACE_CURVE('',#6145,(#6150,#6157),.PCURVE_S1.);
#6145 = CIRCLE('',#6146,2.);
#6146 = AXIS2_PLACEMENT_3D('',#6147,#6148,#6149);
#6147 = CARTESIAN_POINT('',(46.,2.,0.3));
#6148 = DIRECTION('',(0.,-0.,-1.));
#6149 = DIRECTION('',(1.,2.22044604925E-16,-0.));
#6150 = PCURVE('',#615,#6151);
#6151 = DEFINITIONAL_REPRESENTATION('',(#6152),#6156);
#6152 = LINE('',#6153,#6154);
#6153 = CARTESIAN_POINT('',(-0.,0.3));
#6154 = VECTOR('',#6155,1.);
#6155 = DIRECTION('',(-1.,0.));
#6156 = ( GEOMETRIC_REPRESENTATION_CONTEXT(2) 
PARAMETRIC_REPRESENTATION_CONTEXT() REPRESENTATION_CONTEXT('2D SPACE',''
  ) );
#6157 = PCURVE('',#697,#6158);
#6158 = DEFINITIONAL_REPRESENTATION('',(#6159),#6163);
#6159 = LINE('',#6160,#6161);
#6160 = CARTESIAN_POINT('',(-0.,-0.));
#6161 = VECTOR('',#6162,1.);
#6162 = DIRECTION('',(-1.,-0.));
#6163 = ( GEOMETRIC_REPRESENTATION_CONTEXT(2) 
PARAMETRIC_REPRESENTATION_CONTEXT() REPRESENTATION_CONTEXT('2D SPACE',''
  ) );
#6164 = ORIENTED_EDGE('',*,*,#599,.T.);
#6165 = ORIENTED_EDGE('',*,*,#6166,.F.);
#6166 = EDGE_CURVE('',#6116,#577,#6167,.T.);
#6167 = SURFACE_CURVE('',#6168,(#6173,#6180),.PCURVE_S1.);
#6168 = CIRCLE('',#6169,2.);
#6169 = AXIS2_PLACEMENT_3D('',#6170,#6171,#6172);
#6170 = CARTESIAN_POINT('',(46.,2.,3.7));
#6171 = DIRECTION('',(0.,-0.,-1.));
#6172 = DIRECTION('',(1.,2.22044604925E-16,-0.));
#6173 = PCURVE('',#615,#6174);
#6174 = DEFINITIONAL_REPRESENTATION('',(#6175),#6179);
#6175 = LINE('',#6176,#6177);
#6176 = CARTESIAN_POINT('',(-0.,3.7));
#6177 = VECTOR('',#6178,1.);
#6178 = DIRECTION('',(-1.,0.));
#6179 = ( GEOMETRIC_REPRESENTATION_CONTEXT(2) 
PARAMETRIC_REPRESENTATION_CONTEXT() REPRESENTATION_CONTEXT('2D SPACE',''
  ) );
#6180 = PCURVE('',#1003,#6181);
#6181 = DEFINITIONAL_REPRESENTATION('',(#6182),#6186);
#6182 = LINE('',#6183,#6184);
#6183 = CARTESIAN_POINT('',(0.,-0.));
#6184 = VECTOR('',#6185,1.);
#6185 = DIRECTION('',(1.,-0.));
#6186 = ( GEOMETRIC_REPRESENTATION_CONTEXT(2) 
PARAMETRIC_REPRESENTATION_CONTEXT() REPRESENTATION_CONTEXT('2D SPACE',''
  ) );
#6187 = ADVANCED_FACE('',(#6188),#786,.F.);
#6188 = FACE_BOUND('',#6189,.T.);
#6189 = EDGE_LOOP('',(#6190,#6191,#6192,#6211));
#6190 = ORIENTED_EDGE('',*,*,#934,.F.);
#6191 = ORIENTED_EDGE('',*,*,#6039,.T.);
#6192 = ORIENTED_EDGE('',*,*,#6193,.T.);
#6193 = EDGE_CURVE('',#6012,#738,#6194,.T.);
#6194 = SURFACE_CURVE('',#6195,(#6199,#6205),.PCURVE_S1.);
#6195 = LINE('',#6196,#6197);
#6196 = CARTESIAN_POINT('',(46.,17.85,0.15));
#6197 = VECTOR('',#6198,1.);
#6198 = DIRECTION('',(0.,-0.707106781187,-0.707106781187));
#6199 = PCURVE('',#786,#6200);
#6200 = DEFINITIONAL_REPRESENTATION('',(#6201),#6204);
#6201 = B_SPLINE_CURVE_WITH_KNOTS('',1,(#6202,#6203),.UNSPECIFIED.,.F.,
  .F.,(2,2),(-0.212132034356,0.212132034356),.PIECEWISE_BEZIER_KNOTS.);
#6202 = CARTESIAN_POINT('',(-44.,-0.212132034356));
#6203 = CARTESIAN_POINT('',(-44.,0.212132034356));
#6204 = ( GEOMETRIC_REPRESENTATION_CONTEXT(2) 
PARAMETRIC_REPRESENTATION_CONTEXT() REPRESENTATION_CONTEXT('2D SPACE',''
  ) );
#6205 = PCURVE('',#758,#6206);
#6206 = DEFINITIONAL_REPRESENTATION('',(#6207),#6210);
#6207 = B_SPLINE_CURVE_WITH_KNOTS('',1,(#6208,#6209),.UNSPECIFIED.,.F.,
  .F.,(2,2),(-0.212132034356,0.212132034356),.PIECEWISE_BEZIER_KNOTS.);
#6208 = CARTESIAN_POINT('',(0.,0.));
#6209 = CARTESIAN_POINT('',(0.,-0.3));
#6210 = ( GEOMETRIC_REPRESENTATION_CONTEXT(2) 
PARAMETRIC_REPRESENTATION_CONTEXT() REPRESENTATION_CONTEXT('2D SPACE',''
  ) );
#6211 = ORIENTED_EDGE('',*,*,#770,.F.);
#6212 = ADVANCED_FACE('',(#6213),#697,.T.);
#6213 = FACE_BOUND('',#6214,.T.);
#6214 = EDGE_LOOP('',(#6215,#6234,#6235,#6236));
#6215 = ORIENTED_EDGE('',*,*,#6216,.F.);
#6216 = EDGE_CURVE('',#6114,#677,#6217,.T.);
#6217 = SURFACE_CURVE('',#6218,(#6222,#6228),.PCURVE_S1.);
#6218 = LINE('',#6219,#6220);
#6219 = CARTESIAN_POINT('',(47.85,2.,0.15));
#6220 = VECTOR('',#6221,1.);
#6221 = DIRECTION('',(-0.707106781187,-0.,-0.707106781187));
#6222 = PCURVE('',#697,#6223);
#6223 = DEFINITIONAL_REPRESENTATION('',(#6224),#6227);
#6224 = B_SPLINE_CURVE_WITH_KNOTS('',1,(#6225,#6226),.UNSPECIFIED.,.F.,
  .F.,(2,2),(-0.212132034356,0.212132034356),.PIECEWISE_BEZIER_KNOTS.);
#6225 = CARTESIAN_POINT('',(0.,0.));
#6226 = CARTESIAN_POINT('',(0.,-0.3));
#6227 = ( GEOMETRIC_REPRESENTATION_CONTEXT(2) 
PARAMETRIC_REPRESENTATION_CONTEXT() REPRESENTATION_CONTEXT('2D SPACE',''
  ) );
#6228 = PCURVE('',#725,#6229);
#6229 = DEFINITIONAL_REPRESENTATION('',(#6230),#6233);
#6230 = B_SPLINE_CURVE_WITH_KNOTS('',1,(#6231,#6232),.UNSPECIFIED.,.F.,
  .F.,(2,2),(-0.212132034356,0.212132034356),.PIECEWISE_BEZIER_KNOTS.);
#6231 = CARTESIAN_POINT('',(-14.,-0.212132034356));
#6232 = CARTESIAN_POINT('',(-14.,0.212132034356));
#6233 = ( GEOMETRIC_REPRESENTATION_CONTEXT(2) 
PARAMETRIC_REPRESENTATION_CONTEXT() REPRESENTATION_CONTEXT('2D SPACE',''
  ) );
#6234 = ORIENTED_EDGE('',*,*,#6143,.T.);
#6235 = ORIENTED_EDGE('',*,*,#6063,.T.);
#6236 = ORIENTED_EDGE('',*,*,#676,.F.);
#6237 = ADVANCED_FACE('',(#6238),#758,.T.);
#6238 = FACE_BOUND('',#6239,.T.);
#6239 = EDGE_LOOP('',(#6240,#6241,#6265,#6284));
#6240 = ORIENTED_EDGE('',*,*,#6193,.F.);
#6241 = ORIENTED_EDGE('',*,*,#6242,.T.);
#6242 = EDGE_CURVE('',#6012,#6243,#6245,.T.);
#6243 = VERTEX_POINT('',#6244);
#6244 = CARTESIAN_POINT('',(48.,16.,0.3));
#6245 = SURFACE_CURVE('',#6246,(#6251,#6258),.PCURVE_S1.);
#6246 = CIRCLE('',#6247,2.);
#6247 = AXIS2_PLACEMENT_3D('',#6248,#6249,#6250);
#6248 = CARTESIAN_POINT('',(46.,16.,0.3));
#6249 = DIRECTION('',(0.,-0.,-1.));
#6250 = DIRECTION('',(0.,1.,-0.));
#6251 = PCURVE('',#758,#6252);
#6252 = DEFINITIONAL_REPRESENTATION('',(#6253),#6257);
#6253 = LINE('',#6254,#6255);
#6254 = CARTESIAN_POINT('',(-0.,-0.));
#6255 = VECTOR('',#6256,1.);
#6256 = DIRECTION('',(-1.,-0.));
#6257 = ( GEOMETRIC_REPRESENTATION_CONTEXT(2) 
PARAMETRIC_REPRESENTATION_CONTEXT() REPRESENTATION_CONTEXT('2D SPACE',''
  ) );
#6258 = PCURVE('',#6027,#6259);
#6259 = DEFINITIONAL_REPRESENTATION('',(#6260),#6264);
#6260 = LINE('',#6261,#6262);
#6261 = CARTESIAN_POINT('',(1.570796326795,0.3));
#6262 = VECTOR('',#6263,1.);
#6263 = DIRECTION('',(-1.,-0.));
#6264 = ( GEOMETRIC_REPRESENTATION_CONTEXT(2) 
PARAMETRIC_REPRESENTATION_CONTEXT() REPRESENTATION_CONTEXT('2D SPACE',''
  ) );
#6265 = ORIENTED_EDGE('',*,*,#6266,.T.);
#6266 = EDGE_CURVE('',#6243,#710,#6267,.T.);
#6267 = SURFACE_CURVE('',#6268,(#6272,#6278),.PCURVE_S1.);
#6268 = LINE('',#6269,#6270);
#6269 = CARTESIAN_POINT('',(48.,16.,0.3));
#6270 = VECTOR('',#6271,1.);
#6271 = DIRECTION('',(-0.707106781187,-4.329780281177E-17,
    -0.707106781187));
#6272 = PCURVE('',#758,#6273);
#6273 = DEFINITIONAL_REPRESENTATION('',(#6274),#6277);
#6274 = B_SPLINE_CURVE_WITH_KNOTS('',1,(#6275,#6276),.UNSPECIFIED.,.F.,
  .F.,(2,2),(0.,0.424264068712),.PIECEWISE_BEZIER_KNOTS.);
#6275 = CARTESIAN_POINT('',(-1.570796326795,0.));
#6276 = CARTESIAN_POINT('',(-1.570796326795,-0.3));
#6277 = ( GEOMETRIC_REPRESENTATION_CONTEXT(2) 
PARAMETRIC_REPRESENTATION_CONTEXT() REPRESENTATION_CONTEXT('2D SPACE',''
  ) );
#6278 = PCURVE('',#725,#6279);
#6279 = DEFINITIONAL_REPRESENTATION('',(#6280),#6283);
#6280 = B_SPLINE_CURVE_WITH_KNOTS('',1,(#6281,#6282),.UNSPECIFIED.,.F.,
  .F.,(2,2),(0.,0.424264068712),.PIECEWISE_BEZIER_KNOTS.);
#6281 = CARTESIAN_POINT('',(0.,-0.212132034356));
#6282 = CARTESIAN_POINT('',(0.,0.212132034356));
#6283 = ( GEOMETRIC_REPRESENTATION_CONTEXT(2) 
PARAMETRIC_REPRESENTATION_CONTEXT() REPRESENTATION_CONTEXT('2D SPACE',''
  ) );
#6284 = ORIENTED_EDGE('',*,*,#737,.F.);
#6285 = ADVANCED_FACE('',(#6286),#725,.F.);
#6286 = FACE_BOUND('',#6287,.T.);
#6287 = EDGE_LOOP('',(#6288,#6289,#6310,#6311));
#6288 = ORIENTED_EDGE('',*,*,#6266,.F.);
#6289 = ORIENTED_EDGE('',*,*,#6290,.T.);
#6290 = EDGE_CURVE('',#6243,#6114,#6291,.T.);
#6291 = SURFACE_CURVE('',#6292,(#6296,#6303),.PCURVE_S1.);
#6292 = LINE('',#6293,#6294);
#6293 = CARTESIAN_POINT('',(48.,16.,0.3));
#6294 = VECTOR('',#6295,1.);
#6295 = DIRECTION('',(-0.,-1.,-0.));
#6296 = PCURVE('',#725,#6297);
#6297 = DEFINITIONAL_REPRESENTATION('',(#6298),#6302);
#6298 = LINE('',#6299,#6300);
#6299 = CARTESIAN_POINT('',(-0.,-0.212132034356));
#6300 = VECTOR('',#6301,1.);
#6301 = DIRECTION('',(-1.,0.));
#6302 = ( GEOMETRIC_REPRESENTATION_CONTEXT(2) 
PARAMETRIC_REPRESENTATION_CONTEXT() REPRESENTATION_CONTEXT('2D SPACE',''
  ) );
#6303 = PCURVE('',#6131,#6304);
#6304 = DEFINITIONAL_REPRESENTATION('',(#6305),#6309);
#6305 = LINE('',#6306,#6307);
#6306 = CARTESIAN_POINT('',(0.3,-16.));
#6307 = VECTOR('',#6308,1.);
#6308 = DIRECTION('',(-0.,1.));
#6309 = ( GEOMETRIC_REPRESENTATION_CONTEXT(2) 
PARAMETRIC_REPRESENTATION_CONTEXT() REPRESENTATION_CONTEXT('2D SPACE',''
  ) );
#6310 = ORIENTED_EDGE('',*,*,#6216,.T.);
#6311 = ORIENTED_EDGE('',*,*,#709,.F.);
#6312 = ADVANCED_FACE('',(#6313),#847,.F.);
#6313 = FACE_BOUND('',#6314,.T.);
#6314 = EDGE_LOOP('',(#6315,#6316,#6337,#6338));
#6315 = ORIENTED_EDGE('',*,*,#826,.T.);
#6316 = ORIENTED_EDGE('',*,*,#6317,.T.);
#6317 = EDGE_CURVE('',#827,#1133,#6318,.T.);
#6318 = SEAM_CURVE('',#6319,(#6323,#6330),.PCURVE_S1.);
#6319 = LINE('',#6320,#6321);
#6320 = CARTESIAN_POINT('',(9.25,6.,-1.));
#6321 = VECTOR('',#6322,1.);
#6322 = DIRECTION('',(0.,0.,1.));
#6323 = PCURVE('',#847,#6324);
#6324 = DEFINITIONAL_REPRESENTATION('',(#6325),#6329);
#6325 = LINE('',#6326,#6327);
#6326 = CARTESIAN_POINT('',(-6.28318530718,0.));
#6327 = VECTOR('',#6328,1.);
#6328 = DIRECTION('',(-0.,-1.));
#6329 = ( GEOMETRIC_REPRESENTATION_CONTEXT(2) 
PARAMETRIC_REPRESENTATION_CONTEXT() REPRESENTATION_CONTEXT('2D SPACE',''
  ) );
#6330 = PCURVE('',#847,#6331);
#6331 = DEFINITIONAL_REPRESENTATION('',(#6332),#6336);
#6332 = LINE('',#6333,#6334);
#6333 = CARTESIAN_POINT('',(-0.,0.));
#6334 = VECTOR('',#6335,1.);
#6335 = DIRECTION('',(-0.,-1.));
#6336 = ( GEOMETRIC_REPRESENTATION_CONTEXT(2) 
PARAMETRIC_REPRESENTATION_CONTEXT() REPRESENTATION_CONTEXT('2D SPACE',''
  ) );
#6337 = ORIENTED_EDGE('',*,*,#1132,.F.);
#6338 = ORIENTED_EDGE('',*,*,#6317,.F.);
#6339 = ADVANCED_FACE('',(#6340),#882,.F.);
#6340 = FACE_BOUND('',#6341,.T.);
#6341 = EDGE_LOOP('',(#6342,#6343,#6364,#6365));
#6342 = ORIENTED_EDGE('',*,*,#861,.T.);
#6343 = ORIENTED_EDGE('',*,*,#6344,.T.);
#6344 = EDGE_CURVE('',#862,#1163,#6345,.T.);
#6345 = SEAM_CURVE('',#6346,(#6350,#6357),.PCURVE_S1.);
#6346 = LINE('',#6347,#6348);
#6347 = CARTESIAN_POINT('',(25.3,6.,-1.));
#6348 = VECTOR('',#6349,1.);
#6349 = DIRECTION('',(0.,0.,1.));
#6350 = PCURVE('',#882,#6351);
#6351 = DEFINITIONAL_REPRESENTATION('',(#6352),#6356);
#6352 = LINE('',#6353,#6354);
#6353 = CARTESIAN_POINT('',(-6.28318530718,0.));
#6354 = VECTOR('',#6355,1.);
#6355 = DIRECTION('',(-0.,-1.));
#6356 = ( GEOMETRIC_REPRESENTATION_CONTEXT(2) 
PARAMETRIC_REPRESENTATION_CONTEXT() REPRESENTATION_CONTEXT('2D SPACE',''
  ) );
#6357 = PCURVE('',#882,#6358);
#6358 = DEFINITIONAL_REPRESENTATION('',(#6359),#6363);
#6359 = LINE('',#6360,#6361);
#6360 = CARTESIAN_POINT('',(-0.,0.));
#6361 = VECTOR('',#6362,1.);
#6362 = DIRECTION('',(-0.,-1.));
#6363 = ( GEOMETRIC_REPRESENTATION_CONTEXT(2) 
PARAMETRIC_REPRESENTATION_CONTEXT() REPRESENTATION_CONTEXT('2D SPACE',''
  ) );
#6364 = ORIENTED_EDGE('',*,*,#1162,.F.);
#6365 = ORIENTED_EDGE('',*,*,#6344,.F.);
#6366 = ADVANCED_FACE('',(#6367),#917,.F.);
#6367 = FACE_BOUND('',#6368,.T.);
#6368 = EDGE_LOOP('',(#6369,#6370,#6391,#6392));
#6369 = ORIENTED_EDGE('',*,*,#896,.T.);
#6370 = ORIENTED_EDGE('',*,*,#6371,.T.);
#6371 = EDGE_CURVE('',#897,#1193,#6372,.T.);
#6372 = SEAM_CURVE('',#6373,(#6377,#6384),.PCURVE_S1.);
#6373 = LINE('',#6374,#6375);
#6374 = CARTESIAN_POINT('',(41.35,6.,-1.));
#6375 = VECTOR('',#6376,1.);
#6376 = DIRECTION('',(0.,0.,1.));
#6377 = PCURVE('',#917,#6378);
#6378 = DEFINITIONAL_REPRESENTATION('',(#6379),#6383);
#6379 = LINE('',#6380,#6381);
#6380 = CARTESIAN_POINT('',(-6.28318530718,0.));
#6381 = VECTOR('',#6382,1.);
#6382 = DIRECTION('',(-0.,-1.));
#6383 = ( GEOMETRIC_REPRESENTATION_CONTEXT(2) 
PARAMETRIC_REPRESENTATION_CONTEXT() REPRESENTATION_CONTEXT('2D SPACE',''
  ) );
#6384 = PCURVE('',#917,#6385);
#6385 = DEFINITIONAL_REPRESENTATION('',(#6386),#6390);
#6386 = LINE('',#6387,#6388);
#6387 = CARTESIAN_POINT('',(-0.,0.));
#6388 = VECTOR('',#6389,1.);
#6389 = DIRECTION('',(-0.,-1.));
#6390 = ( GEOMETRIC_REPRESENTATION_CONTEXT(2) 
PARAMETRIC_REPRESENTATION_CONTEXT() REPRESENTATION_CONTEXT('2D SPACE',''
  ) );
#6391 = ORIENTED_EDGE('',*,*,#1192,.F.);
#6392 = ORIENTED_EDGE('',*,*,#6371,.F.);
#6393 = ADVANCED_FACE('',(#6394),#1092,.T.);
#6394 = FACE_BOUND('',#6395,.F.);
#6395 = EDGE_LOOP('',(#6396,#6397,#6398,#6417));
#6396 = ORIENTED_EDGE('',*,*,#5964,.F.);
#6397 = ORIENTED_EDGE('',*,*,#5988,.T.);
#6398 = ORIENTED_EDGE('',*,*,#6399,.T.);
#6399 = EDGE_CURVE('',#5989,#1044,#6400,.T.);
#6400 = SURFACE_CURVE('',#6401,(#6405,#6411),.PCURVE_S1.);
#6401 = LINE('',#6402,#6403);
#6402 = CARTESIAN_POINT('',(46.,17.85,3.85));
#6403 = VECTOR('',#6404,1.);
#6404 = DIRECTION('',(0.,-0.707106781187,0.707106781187));
#6405 = PCURVE('',#1092,#6406);
#6406 = DEFINITIONAL_REPRESENTATION('',(#6407),#6410);
#6407 = B_SPLINE_CURVE_WITH_KNOTS('',1,(#6408,#6409),.UNSPECIFIED.,.F.,
  .F.,(2,2),(-0.212132034356,0.212132034356),.PIECEWISE_BEZIER_KNOTS.);
#6408 = CARTESIAN_POINT('',(-44.,-0.212132034356));
#6409 = CARTESIAN_POINT('',(-44.,0.212132034356));
#6410 = ( GEOMETRIC_REPRESENTATION_CONTEXT(2) 
PARAMETRIC_REPRESENTATION_CONTEXT() REPRESENTATION_CONTEXT('2D SPACE',''
  ) );
#6411 = PCURVE('',#1064,#6412);
#6412 = DEFINITIONAL_REPRESENTATION('',(#6413),#6416);
#6413 = B_SPLINE_CURVE_WITH_KNOTS('',1,(#6414,#6415),.UNSPECIFIED.,.F.,
  .F.,(2,2),(-0.212132034356,0.212132034356),.PIECEWISE_BEZIER_KNOTS.);
#6414 = CARTESIAN_POINT('',(0.,0.));
#6415 = CARTESIAN_POINT('',(0.,-0.3));
#6416 = ( GEOMETRIC_REPRESENTATION_CONTEXT(2) 
PARAMETRIC_REPRESENTATION_CONTEXT() REPRESENTATION_CONTEXT('2D SPACE',''
  ) );
#6417 = ORIENTED_EDGE('',*,*,#1076,.F.);
#6418 = ADVANCED_FACE('',(#6419),#1003,.T.);
#6419 = FACE_BOUND('',#6420,.F.);
#6420 = EDGE_LOOP('',(#6421,#6440,#6441,#6442));
#6421 = ORIENTED_EDGE('',*,*,#6422,.F.);
#6422 = EDGE_CURVE('',#6116,#983,#6423,.T.);
#6423 = SURFACE_CURVE('',#6424,(#6428,#6434),.PCURVE_S1.);
#6424 = LINE('',#6425,#6426);
#6425 = CARTESIAN_POINT('',(47.85,2.,3.85));
#6426 = VECTOR('',#6427,1.);
#6427 = DIRECTION('',(-0.707106781187,-0.,0.707106781187));
#6428 = PCURVE('',#1003,#6429);
#6429 = DEFINITIONAL_REPRESENTATION('',(#6430),#6433);
#6430 = B_SPLINE_CURVE_WITH_KNOTS('',1,(#6431,#6432),.UNSPECIFIED.,.F.,
  .F.,(2,2),(-0.212132034356,0.212132034356),.PIECEWISE_BEZIER_KNOTS.);
#6431 = CARTESIAN_POINT('',(0.,0.));
#6432 = CARTESIAN_POINT('',(0.,-0.3));
#6433 = ( GEOMETRIC_REPRESENTATION_CONTEXT(2) 
PARAMETRIC_REPRESENTATION_CONTEXT() REPRESENTATION_CONTEXT('2D SPACE',''
  ) );
#6434 = PCURVE('',#1031,#6435);
#6435 = DEFINITIONAL_REPRESENTATION('',(#6436),#6439);
#6436 = B_SPLINE_CURVE_WITH_KNOTS('',1,(#6437,#6438),.UNSPECIFIED.,.F.,
  .F.,(2,2),(-0.212132034356,0.212132034356),.PIECEWISE_BEZIER_KNOTS.);
#6437 = CARTESIAN_POINT('',(-14.,-0.212132034356));
#6438 = CARTESIAN_POINT('',(-14.,0.212132034356));
#6439 = ( GEOMETRIC_REPRESENTATION_CONTEXT(2) 
PARAMETRIC_REPRESENTATION_CONTEXT() REPRESENTATION_CONTEXT('2D SPACE',''
  ) );
#6440 = ORIENTED_EDGE('',*,*,#6166,.T.);
#6441 = ORIENTED_EDGE('',*,*,#6088,.T.);
#6442 = ORIENTED_EDGE('',*,*,#982,.F.);
#6443 = ADVANCED_FACE('',(#6444),#1064,.T.);
#6444 = FACE_BOUND('',#6445,.F.);
#6445 = EDGE_LOOP('',(#6446,#6447,#6471,#6490));
#6446 = ORIENTED_EDGE('',*,*,#6399,.F.);
#6447 = ORIENTED_EDGE('',*,*,#6448,.T.);
#6448 = EDGE_CURVE('',#5989,#6449,#6451,.T.);
#6449 = VERTEX_POINT('',#6450);
#6450 = CARTESIAN_POINT('',(48.,16.,3.7));
#6451 = SURFACE_CURVE('',#6452,(#6457,#6464),.PCURVE_S1.);
#6452 = CIRCLE('',#6453,2.);
#6453 = AXIS2_PLACEMENT_3D('',#6454,#6455,#6456);
#6454 = CARTESIAN_POINT('',(46.,16.,3.7));
#6455 = DIRECTION('',(0.,-0.,-1.));
#6456 = DIRECTION('',(0.,1.,-0.));
#6457 = PCURVE('',#1064,#6458);
#6458 = DEFINITIONAL_REPRESENTATION('',(#6459),#6463);
#6459 = LINE('',#6460,#6461);
#6460 = CARTESIAN_POINT('',(0.,-0.));
#6461 = VECTOR('',#6462,1.);
#6462 = DIRECTION('',(1.,-0.));
#6463 = ( GEOMETRIC_REPRESENTATION_CONTEXT(2) 
PARAMETRIC_REPRESENTATION_CONTEXT() REPRESENTATION_CONTEXT('2D SPACE',''
  ) );
#6464 = PCURVE('',#6027,#6465);
#6465 = DEFINITIONAL_REPRESENTATION('',(#6466),#6470);
#6466 = LINE('',#6467,#6468);
#6467 = CARTESIAN_POINT('',(1.570796326795,3.7));
#6468 = VECTOR('',#6469,1.);
#6469 = DIRECTION('',(-1.,-0.));
#6470 = ( GEOMETRIC_REPRESENTATION_CONTEXT(2) 
PARAMETRIC_REPRESENTATION_CONTEXT() REPRESENTATION_CONTEXT('2D SPACE',''
  ) );
#6471 = ORIENTED_EDGE('',*,*,#6472,.T.);
#6472 = EDGE_CURVE('',#6449,#1016,#6473,.T.);
#6473 = SURFACE_CURVE('',#6474,(#6478,#6484),.PCURVE_S1.);
#6474 = LINE('',#6475,#6476);
#6475 = CARTESIAN_POINT('',(48.,16.,3.7));
#6476 = VECTOR('',#6477,1.);
#6477 = DIRECTION('',(-0.707106781187,-4.329780281177E-17,0.707106781187
    ));
#6478 = PCURVE('',#1064,#6479);
#6479 = DEFINITIONAL_REPRESENTATION('',(#6480),#6483);
#6480 = B_SPLINE_CURVE_WITH_KNOTS('',1,(#6481,#6482),.UNSPECIFIED.,.F.,
  .F.,(2,2),(0.,0.424264068712),.PIECEWISE_BEZIER_KNOTS.);
#6481 = CARTESIAN_POINT('',(1.570796326795,0.));
#6482 = CARTESIAN_POINT('',(1.570796326795,-0.3));
#6483 = ( GEOMETRIC_REPRESENTATION_CONTEXT(2) 
PARAMETRIC_REPRESENTATION_CONTEXT() REPRESENTATION_CONTEXT('2D SPACE',''
  ) );
#6484 = PCURVE('',#1031,#6485);
#6485 = DEFINITIONAL_REPRESENTATION('',(#6486),#6489);
#6486 = B_SPLINE_CURVE_WITH_KNOTS('',1,(#6487,#6488),.UNSPECIFIED.,.F.,
  .F.,(2,2),(0.,0.424264068712),.PIECEWISE_BEZIER_KNOTS.);
#6487 = CARTESIAN_POINT('',(0.,-0.212132034356));
#6488 = CARTESIAN_POINT('',(0.,0.212132034356));
#6489 = ( GEOMETRIC_REPRESENTATION_CONTEXT(2) 
PARAMETRIC_REPRESENTATION_CONTEXT() REPRESENTATION_CONTEXT('2D SPACE',''
  ) );
#6490 = ORIENTED_EDGE('',*,*,#1043,.F.);
#6491 = ADVANCED_FACE('',(#6492),#1031,.T.);
#6492 = FACE_BOUND('',#6493,.F.);
#6493 = EDGE_LOOP('',(#6494,#6495,#6516,#6517));
#6494 = ORIENTED_EDGE('',*,*,#6472,.F.);
#6495 = ORIENTED_EDGE('',*,*,#6496,.T.);
#6496 = EDGE_CURVE('',#6449,#6116,#6497,.T.);
#6497 = SURFACE_CURVE('',#6498,(#6502,#6509),.PCURVE_S1.);
#6498 = LINE('',#6499,#6500);
#6499 = CARTESIAN_POINT('',(48.,16.,3.7));
#6500 = VECTOR('',#6501,1.);
#6501 = DIRECTION('',(-0.,-1.,-0.));
#6502 = PCURVE('',#1031,#6503);
#6503 = DEFINITIONAL_REPRESENTATION('',(#6504),#6508);
#6504 = LINE('',#6505,#6506);
#6505 = CARTESIAN_POINT('',(-0.,-0.212132034356));
#6506 = VECTOR('',#6507,1.);
#6507 = DIRECTION('',(-1.,0.));
#6508 = ( GEOMETRIC_REPRESENTATION_CONTEXT(2) 
PARAMETRIC_REPRESENTATION_CONTEXT() REPRESENTATION_CONTEXT('2D SPACE',''
  ) );
#6509 = PCURVE('',#6131,#6510);
#6510 = DEFINITIONAL_REPRESENTATION('',(#6511),#6515);
#6511 = LINE('',#6512,#6513);
#6512 = CARTESIAN_POINT('',(3.7,-16.));
#6513 = VECTOR('',#6514,1.);
#6514 = DIRECTION('',(-0.,1.));
#6515 = ( GEOMETRIC_REPRESENTATION_CONTEXT(2) 
PARAMETRIC_REPRESENTATION_CONTEXT() REPRESENTATION_CONTEXT('2D SPACE',''
  ) );
#6516 = ORIENTED_EDGE('',*,*,#6422,.T.);
#6517 = ORIENTED_EDGE('',*,*,#1015,.F.);
#6518 = ADVANCED_FACE('',(#6519),#1239,.F.);
#6519 = FACE_BOUND('',#6520,.F.);
#6520 = EDGE_LOOP('',(#6521,#6551,#6572,#6573));
#6521 = ORIENTED_EDGE('',*,*,#6522,.F.);
#6522 = EDGE_CURVE('',#6523,#6525,#6527,.T.);
#6523 = VERTEX_POINT('',#6524);
#6524 = CARTESIAN_POINT('',(8.170654296875,12.20166015625,3.4));
#6525 = VERTEX_POINT('',#6526);
#6526 = CARTESIAN_POINT('',(7.826416015625,12.20166015625,3.4));
#6527 = SURFACE_CURVE('',#6528,(#6532,#6539),.PCURVE_S1.);
#6528 = LINE('',#6529,#6530);
#6529 = CARTESIAN_POINT('',(8.170654296875,12.20166015625,3.4));
#6530 = VECTOR('',#6531,1.);
#6531 = DIRECTION('',(-1.,0.,0.));
#6532 = PCURVE('',#1239,#6533);
#6533 = DEFINITIONAL_REPRESENTATION('',(#6534),#6538);
#6534 = LINE('',#6535,#6536);
#6535 = CARTESIAN_POINT('',(0.,-0.));
#6536 = VECTOR('',#6537,1.);
#6537 = DIRECTION('',(1.,0.));
#6538 = ( GEOMETRIC_REPRESENTATION_CONTEXT(2) 
PARAMETRIC_REPRESENTATION_CONTEXT() REPRESENTATION_CONTEXT('2D SPACE',''
  ) );
#6539 = PCURVE('',#6540,#6545);
#6540 = PLANE('',#6541);
#6541 = AXIS2_PLACEMENT_3D('',#6542,#6543,#6544);
#6542 = CARTESIAN_POINT('',(7.099853515625,12.20166015625,3.4));
#6543 = DIRECTION('',(0.,0.,1.));
#6544 = DIRECTION('',(1.,0.,0.));
#6545 = DEFINITIONAL_REPRESENTATION('',(#6546),#6550);
#6546 = LINE('',#6547,#6548);
#6547 = CARTESIAN_POINT('',(1.07080078125,0.));
#6548 = VECTOR('',#6549,1.);
#6549 = DIRECTION('',(-1.,0.));
#6550 = ( GEOMETRIC_REPRESENTATION_CONTEXT(2) 
PARAMETRIC_REPRESENTATION_CONTEXT() REPRESENTATION_CONTEXT('2D SPACE',''
  ) );
#6551 = ORIENTED_EDGE('',*,*,#6552,.T.);
#6552 = EDGE_CURVE('',#6523,#1225,#6553,.T.);
#6553 = SURFACE_CURVE('',#6554,(#6558,#6565),.PCURVE_S1.);
#6554 = LINE('',#6555,#6556);
#6555 = CARTESIAN_POINT('',(8.170654296875,12.20166015625,3.4));
#6556 = VECTOR('',#6557,1.);
#6557 = DIRECTION('',(0.,0.,1.));
#6558 = PCURVE('',#1239,#6559);
#6559 = DEFINITIONAL_REPRESENTATION('',(#6560),#6564);
#6560 = LINE('',#6561,#6562);
#6561 = CARTESIAN_POINT('',(0.,-0.));
#6562 = VECTOR('',#6563,1.);
#6563 = DIRECTION('',(0.,-1.));
#6564 = ( GEOMETRIC_REPRESENTATION_CONTEXT(2) 
PARAMETRIC_REPRESENTATION_CONTEXT() REPRESENTATION_CONTEXT('2D SPACE',''
  ) );
#6565 = PCURVE('',#1315,#6566);
#6566 = DEFINITIONAL_REPRESENTATION('',(#6567),#6571);
#6567 = LINE('',#6568,#6569);
#6568 = CARTESIAN_POINT('',(0.43798828125,0.));
#6569 = VECTOR('',#6570,1.);
#6570 = DIRECTION('',(0.,-1.));
#6571 = ( GEOMETRIC_REPRESENTATION_CONTEXT(2) 
PARAMETRIC_REPRESENTATION_CONTEXT() REPRESENTATION_CONTEXT('2D SPACE',''
  ) );
#6572 = ORIENTED_EDGE('',*,*,#1222,.F.);
#6573 = ORIENTED_EDGE('',*,*,#6574,.F.);
#6574 = EDGE_CURVE('',#6525,#1223,#6575,.T.);
#6575 = SURFACE_CURVE('',#6576,(#6580,#6587),.PCURVE_S1.);
#6576 = LINE('',#6577,#6578);
#6577 = CARTESIAN_POINT('',(7.826416015625,12.20166015625,3.4));
#6578 = VECTOR('',#6579,1.);
#6579 = DIRECTION('',(0.,0.,1.));
#6580 = PCURVE('',#1239,#6581);
#6581 = DEFINITIONAL_REPRESENTATION('',(#6582),#6586);
#6582 = LINE('',#6583,#6584);
#6583 = CARTESIAN_POINT('',(0.34423828125,0.));
#6584 = VECTOR('',#6585,1.);
#6585 = DIRECTION('',(0.,-1.));
#6586 = ( GEOMETRIC_REPRESENTATION_CONTEXT(2) 
PARAMETRIC_REPRESENTATION_CONTEXT() REPRESENTATION_CONTEXT('2D SPACE',''
  ) );
#6587 = PCURVE('',#1265,#6588);
#6588 = DEFINITIONAL_REPRESENTATION('',(#6589),#6593);
#6589 = LINE('',#6590,#6591);
#6590 = CARTESIAN_POINT('',(0.,0.));
#6591 = VECTOR('',#6592,1.);
#6592 = DIRECTION('',(0.,-1.));
#6593 = ( GEOMETRIC_REPRESENTATION_CONTEXT(2) 
PARAMETRIC_REPRESENTATION_CONTEXT() REPRESENTATION_CONTEXT('2D SPACE',''
  ) );
#6594 = ADVANCED_FACE('',(#6595),#1265,.F.);
#6595 = FACE_BOUND('',#6596,.F.);
#6596 = EDGE_LOOP('',(#6597,#6620,#6621,#6622));
#6597 = ORIENTED_EDGE('',*,*,#6598,.F.);
#6598 = EDGE_CURVE('',#6525,#6599,#6601,.T.);
#6599 = VERTEX_POINT('',#6600);
#6600 = CARTESIAN_POINT('',(7.826416015625,12.6396484375,3.4));
#6601 = SURFACE_CURVE('',#6602,(#6606,#6613),.PCURVE_S1.);
#6602 = LINE('',#6603,#6604);
#6603 = CARTESIAN_POINT('',(7.826416015625,12.20166015625,3.4));
#6604 = VECTOR('',#6605,1.);
#6605 = DIRECTION('',(0.,1.,0.));
#6606 = PCURVE('',#1265,#6607);
#6607 = DEFINITIONAL_REPRESENTATION('',(#6608),#6612);
#6608 = LINE('',#6609,#6610);
#6609 = CARTESIAN_POINT('',(0.,0.));
#6610 = VECTOR('',#6611,1.);
#6611 = DIRECTION('',(1.,0.));
#6612 = ( GEOMETRIC_REPRESENTATION_CONTEXT(2) 
PARAMETRIC_REPRESENTATION_CONTEXT() REPRESENTATION_CONTEXT('2D SPACE',''
  ) );
#6613 = PCURVE('',#6540,#6614);
#6614 = DEFINITIONAL_REPRESENTATION('',(#6615),#6619);
#6615 = LINE('',#6616,#6617);
#6616 = CARTESIAN_POINT('',(0.7265625,0.));
#6617 = VECTOR('',#6618,1.);
#6618 = DIRECTION('',(0.,1.));
#6619 = ( GEOMETRIC_REPRESENTATION_CONTEXT(2) 
PARAMETRIC_REPRESENTATION_CONTEXT() REPRESENTATION_CONTEXT('2D SPACE',''
  ) );
#6620 = ORIENTED_EDGE('',*,*,#6574,.T.);
#6621 = ORIENTED_EDGE('',*,*,#1250,.F.);
#6622 = ORIENTED_EDGE('',*,*,#6623,.F.);
#6623 = EDGE_CURVE('',#6599,#1251,#6624,.T.);
#6624 = SURFACE_CURVE('',#6625,(#6629,#6636),.PCURVE_S1.);
#6625 = LINE('',#6626,#6627);
#6626 = CARTESIAN_POINT('',(7.826416015625,12.6396484375,3.4));
#6627 = VECTOR('',#6628,1.);
#6628 = DIRECTION('',(0.,0.,1.));
#6629 = PCURVE('',#1265,#6630);
#6630 = DEFINITIONAL_REPRESENTATION('',(#6631),#6635);
#6631 = LINE('',#6632,#6633);
#6632 = CARTESIAN_POINT('',(0.43798828125,0.));
#6633 = VECTOR('',#6634,1.);
#6634 = DIRECTION('',(0.,-1.));
#6635 = ( GEOMETRIC_REPRESENTATION_CONTEXT(2) 
PARAMETRIC_REPRESENTATION_CONTEXT() REPRESENTATION_CONTEXT('2D SPACE',''
  ) );
#6636 = PCURVE('',#1291,#6637);
#6637 = DEFINITIONAL_REPRESENTATION('',(#6638),#6642);
#6638 = LINE('',#6639,#6640);
#6639 = CARTESIAN_POINT('',(0.,0.));
#6640 = VECTOR('',#6641,1.);
#6641 = DIRECTION('',(0.,-1.));
#6642 = ( GEOMETRIC_REPRESENTATION_CONTEXT(2) 
PARAMETRIC_REPRESENTATION_CONTEXT() REPRESENTATION_CONTEXT('2D SPACE',''
  ) );
#6643 = ADVANCED_FACE('',(#6644),#1315,.F.);
#6644 = FACE_BOUND('',#6645,.F.);
#6645 = EDGE_LOOP('',(#6646,#6669,#6690,#6691));
#6646 = ORIENTED_EDGE('',*,*,#6647,.F.);
#6647 = EDGE_CURVE('',#6648,#6523,#6650,.T.);
#6648 = VERTEX_POINT('',#6649);
#6649 = CARTESIAN_POINT('',(8.170654296875,12.6396484375,3.4));
#6650 = SURFACE_CURVE('',#6651,(#6655,#6662),.PCURVE_S1.);
#6651 = LINE('',#6652,#6653);
#6652 = CARTESIAN_POINT('',(8.170654296875,12.6396484375,3.4));
#6653 = VECTOR('',#6654,1.);
#6654 = DIRECTION('',(0.,-1.,0.));
#6655 = PCURVE('',#1315,#6656);
#6656 = DEFINITIONAL_REPRESENTATION('',(#6657),#6661);
#6657 = LINE('',#6658,#6659);
#6658 = CARTESIAN_POINT('',(0.,0.));
#6659 = VECTOR('',#6660,1.);
#6660 = DIRECTION('',(1.,0.));
#6661 = ( GEOMETRIC_REPRESENTATION_CONTEXT(2) 
PARAMETRIC_REPRESENTATION_CONTEXT() REPRESENTATION_CONTEXT('2D SPACE',''
  ) );
#6662 = PCURVE('',#6540,#6663);
#6663 = DEFINITIONAL_REPRESENTATION('',(#6664),#6668);
#6664 = LINE('',#6665,#6666);
#6665 = CARTESIAN_POINT('',(1.07080078125,0.43798828125));
#6666 = VECTOR('',#6667,1.);
#6667 = DIRECTION('',(0.,-1.));
#6668 = ( GEOMETRIC_REPRESENTATION_CONTEXT(2) 
PARAMETRIC_REPRESENTATION_CONTEXT() REPRESENTATION_CONTEXT('2D SPACE',''
  ) );
#6669 = ORIENTED_EDGE('',*,*,#6670,.T.);
#6670 = EDGE_CURVE('',#6648,#1277,#6671,.T.);
#6671 = SURFACE_CURVE('',#6672,(#6676,#6683),.PCURVE_S1.);
#6672 = LINE('',#6673,#6674);
#6673 = CARTESIAN_POINT('',(8.170654296875,12.6396484375,3.4));
#6674 = VECTOR('',#6675,1.);
#6675 = DIRECTION('',(0.,0.,1.));
#6676 = PCURVE('',#1315,#6677);
#6677 = DEFINITIONAL_REPRESENTATION('',(#6678),#6682);
#6678 = LINE('',#6679,#6680);
#6679 = CARTESIAN_POINT('',(0.,0.));
#6680 = VECTOR('',#6681,1.);
#6681 = DIRECTION('',(0.,-1.));
#6682 = ( GEOMETRIC_REPRESENTATION_CONTEXT(2) 
PARAMETRIC_REPRESENTATION_CONTEXT() REPRESENTATION_CONTEXT('2D SPACE',''
  ) );
#6683 = PCURVE('',#1291,#6684);
#6684 = DEFINITIONAL_REPRESENTATION('',(#6685),#6689);
#6685 = LINE('',#6686,#6687);
#6686 = CARTESIAN_POINT('',(0.34423828125,0.));
#6687 = VECTOR('',#6688,1.);
#6688 = DIRECTION('',(0.,-1.));
#6689 = ( GEOMETRIC_REPRESENTATION_CONTEXT(2) 
PARAMETRIC_REPRESENTATION_CONTEXT() REPRESENTATION_CONTEXT('2D SPACE',''
  ) );
#6690 = ORIENTED_EDGE('',*,*,#1302,.F.);
#6691 = ORIENTED_EDGE('',*,*,#6552,.F.);
#6692 = ADVANCED_FACE('',(#6693),#1291,.F.);
#6693 = FACE_BOUND('',#6694,.F.);
#6694 = EDGE_LOOP('',(#6695,#6716,#6717,#6718));
#6695 = ORIENTED_EDGE('',*,*,#6696,.F.);
#6696 = EDGE_CURVE('',#6599,#6648,#6697,.T.);
#6697 = SURFACE_CURVE('',#6698,(#6702,#6709),.PCURVE_S1.);
#6698 = LINE('',#6699,#6700);
#6699 = CARTESIAN_POINT('',(7.826416015625,12.6396484375,3.4));
#6700 = VECTOR('',#6701,1.);
#6701 = DIRECTION('',(1.,0.,0.));
#6702 = PCURVE('',#1291,#6703);
#6703 = DEFINITIONAL_REPRESENTATION('',(#6704),#6708);
#6704 = LINE('',#6705,#6706);
#6705 = CARTESIAN_POINT('',(0.,0.));
#6706 = VECTOR('',#6707,1.);
#6707 = DIRECTION('',(1.,0.));
#6708 = ( GEOMETRIC_REPRESENTATION_CONTEXT(2) 
PARAMETRIC_REPRESENTATION_CONTEXT() REPRESENTATION_CONTEXT('2D SPACE',''
  ) );
#6709 = PCURVE('',#6540,#6710);
#6710 = DEFINITIONAL_REPRESENTATION('',(#6711),#6715);
#6711 = LINE('',#6712,#6713);
#6712 = CARTESIAN_POINT('',(0.7265625,0.43798828125));
#6713 = VECTOR('',#6714,1.);
#6714 = DIRECTION('',(1.,0.));
#6715 = ( GEOMETRIC_REPRESENTATION_CONTEXT(2) 
PARAMETRIC_REPRESENTATION_CONTEXT() REPRESENTATION_CONTEXT('2D SPACE',''
  ) );
#6716 = ORIENTED_EDGE('',*,*,#6623,.T.);
#6717 = ORIENTED_EDGE('',*,*,#1276,.F.);
#6718 = ORIENTED_EDGE('',*,*,#6670,.F.);
#6719 = ADVANCED_FACE('',(#6720),#1345,.F.);
#6720 = FACE_BOUND('',#6721,.F.);
#6721 = EDGE_LOOP('',(#6722,#6752,#6773,#6774));
#6722 = ORIENTED_EDGE('',*,*,#6723,.F.);
#6723 = EDGE_CURVE('',#6724,#6726,#6728,.T.);
#6724 = VERTEX_POINT('',#6725);
#6725 = CARTESIAN_POINT('',(6.887451171875,12.20166015625,3.4));
#6726 = VERTEX_POINT('',#6727);
#6727 = CARTESIAN_POINT('',(5.510498046875,12.20166015625,3.4));
#6728 = SURFACE_CURVE('',#6729,(#6733,#6740),.PCURVE_S1.);
#6729 = LINE('',#6730,#6731);
#6730 = CARTESIAN_POINT('',(6.887451171875,12.20166015625,3.4));
#6731 = VECTOR('',#6732,1.);
#6732 = DIRECTION('',(-1.,0.,0.));
#6733 = PCURVE('',#1345,#6734);
#6734 = DEFINITIONAL_REPRESENTATION('',(#6735),#6739);
#6735 = LINE('',#6736,#6737);
#6736 = CARTESIAN_POINT('',(0.,-0.));
#6737 = VECTOR('',#6738,1.);
#6738 = DIRECTION('',(1.,0.));
#6739 = ( GEOMETRIC_REPRESENTATION_CONTEXT(2) 
PARAMETRIC_REPRESENTATION_CONTEXT() REPRESENTATION_CONTEXT('2D SPACE',''
  ) );
#6740 = PCURVE('',#6741,#6746);
#6741 = PLANE('',#6742);
#6742 = AXIS2_PLACEMENT_3D('',#6743,#6744,#6745);
#6743 = CARTESIAN_POINT('',(5.299560546875,12.20166015625,3.4));
#6744 = DIRECTION('',(0.,0.,1.));
#6745 = DIRECTION('',(1.,0.,0.));
#6746 = DEFINITIONAL_REPRESENTATION('',(#6747),#6751);
#6747 = LINE('',#6748,#6749);
#6748 = CARTESIAN_POINT('',(1.587890625,0.));
#6749 = VECTOR('',#6750,1.);
#6750 = DIRECTION('',(-1.,0.));
#6751 = ( GEOMETRIC_REPRESENTATION_CONTEXT(2) 
PARAMETRIC_REPRESENTATION_CONTEXT() REPRESENTATION_CONTEXT('2D SPACE',''
  ) );
#6752 = ORIENTED_EDGE('',*,*,#6753,.T.);
#6753 = EDGE_CURVE('',#6724,#1331,#6754,.T.);
#6754 = SURFACE_CURVE('',#6755,(#6759,#6766),.PCURVE_S1.);
#6755 = LINE('',#6756,#6757);
#6756 = CARTESIAN_POINT('',(6.887451171875,12.20166015625,3.4));
#6757 = VECTOR('',#6758,1.);
#6758 = DIRECTION('',(0.,0.,1.));
#6759 = PCURVE('',#1345,#6760);
#6760 = DEFINITIONAL_REPRESENTATION('',(#6761),#6765);
#6761 = LINE('',#6762,#6763);
#6762 = CARTESIAN_POINT('',(0.,-0.));
#6763 = VECTOR('',#6764,1.);
#6764 = DIRECTION('',(0.,-1.));
#6765 = ( GEOMETRIC_REPRESENTATION_CONTEXT(2) 
PARAMETRIC_REPRESENTATION_CONTEXT() REPRESENTATION_CONTEXT('2D SPACE',''
  ) );
#6766 = PCURVE('',#2152,#6767);
#6767 = DEFINITIONAL_REPRESENTATION('',(#6768),#6772);
#6768 = LINE('',#6769,#6770);
#6769 = CARTESIAN_POINT('',(0.2138671875,0.));
#6770 = VECTOR('',#6771,1.);
#6771 = DIRECTION('',(0.,-1.));
#6772 = ( GEOMETRIC_REPRESENTATION_CONTEXT(2) 
PARAMETRIC_REPRESENTATION_CONTEXT() REPRESENTATION_CONTEXT('2D SPACE',''
  ) );
#6773 = ORIENTED_EDGE('',*,*,#1328,.F.);
#6774 = ORIENTED_EDGE('',*,*,#6775,.F.);
#6775 = EDGE_CURVE('',#6726,#1329,#6776,.T.);
#6776 = SURFACE_CURVE('',#6777,(#6781,#6788),.PCURVE_S1.);
#6777 = LINE('',#6778,#6779);
#6778 = CARTESIAN_POINT('',(5.510498046875,12.20166015625,3.4));
#6779 = VECTOR('',#6780,1.);
#6780 = DIRECTION('',(0.,0.,1.));
#6781 = PCURVE('',#1345,#6782);
#6782 = DEFINITIONAL_REPRESENTATION('',(#6783),#6787);
#6783 = LINE('',#6784,#6785);
#6784 = CARTESIAN_POINT('',(1.376953125,0.));
#6785 = VECTOR('',#6786,1.);
#6786 = DIRECTION('',(0.,-1.));
#6787 = ( GEOMETRIC_REPRESENTATION_CONTEXT(2) 
PARAMETRIC_REPRESENTATION_CONTEXT() REPRESENTATION_CONTEXT('2D SPACE',''
  ) );
#6788 = PCURVE('',#1371,#6789);
#6789 = DEFINITIONAL_REPRESENTATION('',(#6790),#6794);
#6790 = LINE('',#6791,#6792);
#6791 = CARTESIAN_POINT('',(0.,0.));
#6792 = VECTOR('',#6793,1.);
#6793 = DIRECTION('',(0.,-1.));
#6794 = ( GEOMETRIC_REPRESENTATION_CONTEXT(2) 
PARAMETRIC_REPRESENTATION_CONTEXT() REPRESENTATION_CONTEXT('2D SPACE',''
  ) );
#6795 = ADVANCED_FACE('',(#6796),#1371,.F.);
#6796 = FACE_BOUND('',#6797,.F.);
#6797 = EDGE_LOOP('',(#6798,#6821,#6822,#6823));
#6798 = ORIENTED_EDGE('',*,*,#6799,.F.);
#6799 = EDGE_CURVE('',#6726,#6800,#6802,.T.);
#6800 = VERTEX_POINT('',#6801);
#6801 = CARTESIAN_POINT('',(5.510498046875,12.373046875,3.4));
#6802 = SURFACE_CURVE('',#6803,(#6807,#6814),.PCURVE_S1.);
#6803 = LINE('',#6804,#6805);
#6804 = CARTESIAN_POINT('',(5.510498046875,12.20166015625,3.4));
#6805 = VECTOR('',#6806,1.);
#6806 = DIRECTION('',(0.,1.,0.));
#6807 = PCURVE('',#1371,#6808);
#6808 = DEFINITIONAL_REPRESENTATION('',(#6809),#6813);
#6809 = LINE('',#6810,#6811);
#6810 = CARTESIAN_POINT('',(0.,0.));
#6811 = VECTOR('',#6812,1.);
#6812 = DIRECTION('',(1.,0.));
#6813 = ( GEOMETRIC_REPRESENTATION_CONTEXT(2) 
PARAMETRIC_REPRESENTATION_CONTEXT() REPRESENTATION_CONTEXT('2D SPACE',''
  ) );
#6814 = PCURVE('',#6741,#6815);
#6815 = DEFINITIONAL_REPRESENTATION('',(#6816),#6820);
#6816 = LINE('',#6817,#6818);
#6817 = CARTESIAN_POINT('',(0.2109375,0.));
#6818 = VECTOR('',#6819,1.);
#6819 = DIRECTION('',(0.,1.));
#6820 = ( GEOMETRIC_REPRESENTATION_CONTEXT(2) 
PARAMETRIC_REPRESENTATION_CONTEXT() REPRESENTATION_CONTEXT('2D SPACE',''
  ) );
#6821 = ORIENTED_EDGE('',*,*,#6775,.T.);
#6822 = ORIENTED_EDGE('',*,*,#1356,.F.);
#6823 = ORIENTED_EDGE('',*,*,#6824,.F.);
#6824 = EDGE_CURVE('',#6800,#1357,#6825,.T.);
#6825 = SURFACE_CURVE('',#6826,(#6830,#6837),.PCURVE_S1.);
#6826 = LINE('',#6827,#6828);
#6827 = CARTESIAN_POINT('',(5.510498046875,12.373046875,3.4));
#6828 = VECTOR('',#6829,1.);
#6829 = DIRECTION('',(0.,0.,1.));
#6830 = PCURVE('',#1371,#6831);
#6831 = DEFINITIONAL_REPRESENTATION('',(#6832),#6836);
#6832 = LINE('',#6833,#6834);
#6833 = CARTESIAN_POINT('',(0.17138671875,0.));
#6834 = VECTOR('',#6835,1.);
#6835 = DIRECTION('',(0.,-1.));
#6836 = ( GEOMETRIC_REPRESENTATION_CONTEXT(2) 
PARAMETRIC_REPRESENTATION_CONTEXT() REPRESENTATION_CONTEXT('2D SPACE',''
  ) );
#6837 = PCURVE('',#1404,#6838);
#6838 = DEFINITIONAL_REPRESENTATION('',(#6839),#6843);
#6839 = LINE('',#6840,#6841);
#6840 = CARTESIAN_POINT('',(0.,0.));
#6841 = VECTOR('',#6842,1.);
#6842 = DIRECTION('',(0.,-1.));
#6843 = ( GEOMETRIC_REPRESENTATION_CONTEXT(2) 
PARAMETRIC_REPRESENTATION_CONTEXT() REPRESENTATION_CONTEXT('2D SPACE',''
  ) );
#6844 = ADVANCED_FACE('',(#6845),#2152,.F.);
#6845 = FACE_BOUND('',#6846,.F.);
#6846 = EDGE_LOOP('',(#6847,#6870,#6891,#6892));
#6847 = ORIENTED_EDGE('',*,*,#6848,.F.);
#6848 = EDGE_CURVE('',#6849,#6724,#6851,.T.);
#6849 = VERTEX_POINT('',#6850);
#6850 = CARTESIAN_POINT('',(6.887451171875,12.41552734375,3.4));
#6851 = SURFACE_CURVE('',#6852,(#6856,#6863),.PCURVE_S1.);
#6852 = LINE('',#6853,#6854);
#6853 = CARTESIAN_POINT('',(6.887451171875,12.41552734375,3.4));
#6854 = VECTOR('',#6855,1.);
#6855 = DIRECTION('',(0.,-1.,0.));
#6856 = PCURVE('',#2152,#6857);
#6857 = DEFINITIONAL_REPRESENTATION('',(#6858),#6862);
#6858 = LINE('',#6859,#6860);
#6859 = CARTESIAN_POINT('',(0.,0.));
#6860 = VECTOR('',#6861,1.);
#6861 = DIRECTION('',(1.,0.));
#6862 = ( GEOMETRIC_REPRESENTATION_CONTEXT(2) 
PARAMETRIC_REPRESENTATION_CONTEXT() REPRESENTATION_CONTEXT('2D SPACE',''
  ) );
#6863 = PCURVE('',#6741,#6864);
#6864 = DEFINITIONAL_REPRESENTATION('',(#6865),#6869);
#6865 = LINE('',#6866,#6867);
#6866 = CARTESIAN_POINT('',(1.587890625,0.2138671875));
#6867 = VECTOR('',#6868,1.);
#6868 = DIRECTION('',(0.,-1.));
#6869 = ( GEOMETRIC_REPRESENTATION_CONTEXT(2) 
PARAMETRIC_REPRESENTATION_CONTEXT() REPRESENTATION_CONTEXT('2D SPACE',''
  ) );
#6870 = ORIENTED_EDGE('',*,*,#6871,.T.);
#6871 = EDGE_CURVE('',#6849,#2114,#6872,.T.);
#6872 = SURFACE_CURVE('',#6873,(#6877,#6884),.PCURVE_S1.);
#6873 = LINE('',#6874,#6875);
#6874 = CARTESIAN_POINT('',(6.887451171875,12.41552734375,3.4));
#6875 = VECTOR('',#6876,1.);
#6876 = DIRECTION('',(0.,0.,1.));
#6877 = PCURVE('',#2152,#6878);
#6878 = DEFINITIONAL_REPRESENTATION('',(#6879),#6883);
#6879 = LINE('',#6880,#6881);
#6880 = CARTESIAN_POINT('',(0.,0.));
#6881 = VECTOR('',#6882,1.);
#6882 = DIRECTION('',(0.,-1.));
#6883 = ( GEOMETRIC_REPRESENTATION_CONTEXT(2) 
PARAMETRIC_REPRESENTATION_CONTEXT() REPRESENTATION_CONTEXT('2D SPACE',''
  ) );
#6884 = PCURVE('',#2128,#6885);
#6885 = DEFINITIONAL_REPRESENTATION('',(#6886),#6890);
#6886 = LINE('',#6887,#6888);
#6887 = CARTESIAN_POINT('',(1.05908203125,0.));
#6888 = VECTOR('',#6889,1.);
#6889 = DIRECTION('',(0.,-1.));
#6890 = ( GEOMETRIC_REPRESENTATION_CONTEXT(2) 
PARAMETRIC_REPRESENTATION_CONTEXT() REPRESENTATION_CONTEXT('2D SPACE',''
  ) );
#6891 = ORIENTED_EDGE('',*,*,#2139,.F.);
#6892 = ORIENTED_EDGE('',*,*,#6753,.F.);
#6893 = ADVANCED_FACE('',(#6894),#1404,.F.);
#6894 = FACE_BOUND('',#6895,.F.);
#6895 = EDGE_LOOP('',(#6896,#6919,#6920,#6921));
#6896 = ORIENTED_EDGE('',*,*,#6897,.F.);
#6897 = EDGE_CURVE('',#6800,#6898,#6900,.T.);
#6898 = VERTEX_POINT('',#6899);
#6899 = CARTESIAN_POINT('',(5.73388671875,12.694580078125,3.4));
#6900 = SURFACE_CURVE('',#6901,(#6905,#6912),.PCURVE_S1.);
#6901 = B_SPLINE_CURVE_WITH_KNOTS('',2,(#6902,#6903,#6904),
  .UNSPECIFIED.,.F.,.F.,(3,3),(0.,1.),.PIECEWISE_BEZIER_KNOTS.);
#6902 = CARTESIAN_POINT('',(5.510498046875,12.373046875,3.4));
#6903 = CARTESIAN_POINT('',(5.582275390625,12.53271484375,3.4));
#6904 = CARTESIAN_POINT('',(5.73388671875,12.694580078125,3.4));
#6905 = PCURVE('',#1404,#6906);
#6906 = DEFINITIONAL_REPRESENTATION('',(#6907),#6911);
#6907 = LINE('',#6908,#6909);
#6908 = CARTESIAN_POINT('',(0.,0.));
#6909 = VECTOR('',#6910,1.);
#6910 = DIRECTION('',(1.,0.));
#6911 = ( GEOMETRIC_REPRESENTATION_CONTEXT(2) 
PARAMETRIC_REPRESENTATION_CONTEXT() REPRESENTATION_CONTEXT('2D SPACE',''
  ) );
#6912 = PCURVE('',#6741,#6913);
#6913 = DEFINITIONAL_REPRESENTATION('',(#6914),#6918);
#6914 = B_SPLINE_CURVE_WITH_KNOTS('',2,(#6915,#6916,#6917),
  .UNSPECIFIED.,.F.,.F.,(3,3),(0.,1.),.PIECEWISE_BEZIER_KNOTS.);
#6915 = CARTESIAN_POINT('',(0.2109375,0.17138671875));
#6916 = CARTESIAN_POINT('',(0.28271484375,0.3310546875));
#6917 = CARTESIAN_POINT('',(0.434326171875,0.492919921875));
#6918 = ( GEOMETRIC_REPRESENTATION_CONTEXT(2) 
PARAMETRIC_REPRESENTATION_CONTEXT() REPRESENTATION_CONTEXT('2D SPACE',''
  ) );
#6919 = ORIENTED_EDGE('',*,*,#6824,.T.);
#6920 = ORIENTED_EDGE('',*,*,#1382,.F.);
#6921 = ORIENTED_EDGE('',*,*,#6922,.F.);
#6922 = EDGE_CURVE('',#6898,#1383,#6923,.T.);
#6923 = SURFACE_CURVE('',#6924,(#6928,#6935),.PCURVE_S1.);
#6924 = LINE('',#6925,#6926);
#6925 = CARTESIAN_POINT('',(5.73388671875,12.694580078125,3.4));
#6926 = VECTOR('',#6927,1.);
#6927 = DIRECTION('',(0.,0.,1.));
#6928 = PCURVE('',#1404,#6929);
#6929 = DEFINITIONAL_REPRESENTATION('',(#6930),#6934);
#6930 = LINE('',#6931,#6932);
#6931 = CARTESIAN_POINT('',(1.,0.));
#6932 = VECTOR('',#6933,1.);
#6933 = DIRECTION('',(0.,-1.));
#6934 = ( GEOMETRIC_REPRESENTATION_CONTEXT(2) 
PARAMETRIC_REPRESENTATION_CONTEXT() REPRESENTATION_CONTEXT('2D SPACE',''
  ) );
#6935 = PCURVE('',#1443,#6936);
#6936 = DEFINITIONAL_REPRESENTATION('',(#6937),#6941);
#6937 = LINE('',#6938,#6939);
#6938 = CARTESIAN_POINT('',(0.,0.));
#6939 = VECTOR('',#6940,1.);
#6940 = DIRECTION('',(0.,-1.));
#6941 = ( GEOMETRIC_REPRESENTATION_CONTEXT(2) 
PARAMETRIC_REPRESENTATION_CONTEXT() REPRESENTATION_CONTEXT('2D SPACE',''
  ) );
#6942 = ADVANCED_FACE('',(#6943),#2128,.F.);
#6943 = FACE_BOUND('',#6944,.F.);
#6944 = EDGE_LOOP('',(#6945,#6968,#6989,#6990));
#6945 = ORIENTED_EDGE('',*,*,#6946,.F.);
#6946 = EDGE_CURVE('',#6947,#6849,#6949,.T.);
#6947 = VERTEX_POINT('',#6948);
#6948 = CARTESIAN_POINT('',(5.828369140625,12.41552734375,3.4));
#6949 = SURFACE_CURVE('',#6950,(#6954,#6961),.PCURVE_S1.);
#6950 = LINE('',#6951,#6952);
#6951 = CARTESIAN_POINT('',(5.828369140625,12.41552734375,3.4));
#6952 = VECTOR('',#6953,1.);
#6953 = DIRECTION('',(1.,0.,0.));
#6954 = PCURVE('',#2128,#6955);
#6955 = DEFINITIONAL_REPRESENTATION('',(#6956),#6960);
#6956 = LINE('',#6957,#6958);
#6957 = CARTESIAN_POINT('',(0.,0.));
#6958 = VECTOR('',#6959,1.);
#6959 = DIRECTION('',(1.,0.));
#6960 = ( GEOMETRIC_REPRESENTATION_CONTEXT(2) 
PARAMETRIC_REPRESENTATION_CONTEXT() REPRESENTATION_CONTEXT('2D SPACE',''
  ) );
#6961 = PCURVE('',#6741,#6962);
#6962 = DEFINITIONAL_REPRESENTATION('',(#6963),#6967);
#6963 = LINE('',#6964,#6965);
#6964 = CARTESIAN_POINT('',(0.52880859375,0.2138671875));
#6965 = VECTOR('',#6966,1.);
#6966 = DIRECTION('',(1.,0.));
#6967 = ( GEOMETRIC_REPRESENTATION_CONTEXT(2) 
PARAMETRIC_REPRESENTATION_CONTEXT() REPRESENTATION_CONTEXT('2D SPACE',''
  ) );
#6968 = ORIENTED_EDGE('',*,*,#6969,.T.);
#6969 = EDGE_CURVE('',#6947,#2075,#6970,.T.);
#6970 = SURFACE_CURVE('',#6971,(#6975,#6982),.PCURVE_S1.);
#6971 = LINE('',#6972,#6973);
#6972 = CARTESIAN_POINT('',(5.828369140625,12.41552734375,3.4));
#6973 = VECTOR('',#6974,1.);
#6974 = DIRECTION('',(0.,0.,1.));
#6975 = PCURVE('',#2128,#6976);
#6976 = DEFINITIONAL_REPRESENTATION('',(#6977),#6981);
#6977 = LINE('',#6978,#6979);
#6978 = CARTESIAN_POINT('',(0.,0.));
#6979 = VECTOR('',#6980,1.);
#6980 = DIRECTION('',(0.,-1.));
#6981 = ( GEOMETRIC_REPRESENTATION_CONTEXT(2) 
PARAMETRIC_REPRESENTATION_CONTEXT() REPRESENTATION_CONTEXT('2D SPACE',''
  ) );
#6982 = PCURVE('',#2096,#6983);
#6983 = DEFINITIONAL_REPRESENTATION('',(#6984),#6988);
#6984 = LINE('',#6985,#6986);
#6985 = CARTESIAN_POINT('',(1.,0.));
#6986 = VECTOR('',#6987,1.);
#6987 = DIRECTION('',(0.,-1.));
#6988 = ( GEOMETRIC_REPRESENTATION_CONTEXT(2) 
PARAMETRIC_REPRESENTATION_CONTEXT() REPRESENTATION_CONTEXT('2D SPACE',''
  ) );
#6989 = ORIENTED_EDGE('',*,*,#2113,.F.);
#6990 = ORIENTED_EDGE('',*,*,#6871,.F.);
#6991 = ADVANCED_FACE('',(#6992),#1443,.F.);
#6992 = FACE_BOUND('',#6993,.F.);
#6993 = EDGE_LOOP('',(#6994,#7017,#7018,#7019));
#6994 = ORIENTED_EDGE('',*,*,#6995,.F.);
#6995 = EDGE_CURVE('',#6898,#6996,#6998,.T.);
#6996 = VERTEX_POINT('',#6997);
#6997 = CARTESIAN_POINT('',(6.146240234375,13.064453125,3.4));
#6998 = SURFACE_CURVE('',#6999,(#7003,#7010),.PCURVE_S1.);
#6999 = B_SPLINE_CURVE_WITH_KNOTS('',2,(#7000,#7001,#7002),
  .UNSPECIFIED.,.F.,.F.,(3,3),(0.,1.),.PIECEWISE_BEZIER_KNOTS.);
#7000 = CARTESIAN_POINT('',(5.73388671875,12.694580078125,3.4));
#7001 = CARTESIAN_POINT('',(5.885498046875,12.8564453125,3.4));
#7002 = CARTESIAN_POINT('',(6.146240234375,13.064453125,3.4));
#7003 = PCURVE('',#1443,#7004);
#7004 = DEFINITIONAL_REPRESENTATION('',(#7005),#7009);
#7005 = LINE('',#7006,#7007);
#7006 = CARTESIAN_POINT('',(0.,0.));
#7007 = VECTOR('',#7008,1.);
#7008 = DIRECTION('',(1.,0.));
#7009 = ( GEOMETRIC_REPRESENTATION_CONTEXT(2) 
PARAMETRIC_REPRESENTATION_CONTEXT() REPRESENTATION_CONTEXT('2D SPACE',''
  ) );
#7010 = PCURVE('',#6741,#7011);
#7011 = DEFINITIONAL_REPRESENTATION('',(#7012),#7016);
#7012 = B_SPLINE_CURVE_WITH_KNOTS('',2,(#7013,#7014,#7015),
  .UNSPECIFIED.,.F.,.F.,(3,3),(0.,1.),.PIECEWISE_BEZIER_KNOTS.);
#7013 = CARTESIAN_POINT('',(0.434326171875,0.492919921875));
#7014 = CARTESIAN_POINT('',(0.5859375,0.65478515625));
#7015 = CARTESIAN_POINT('',(0.8466796875,0.86279296875));
#7016 = ( GEOMETRIC_REPRESENTATION_CONTEXT(2) 
PARAMETRIC_REPRESENTATION_CONTEXT() REPRESENTATION_CONTEXT('2D SPACE',''
  ) );
#7017 = ORIENTED_EDGE('',*,*,#6922,.T.);
#7018 = ORIENTED_EDGE('',*,*,#1421,.F.);
#7019 = ORIENTED_EDGE('',*,*,#7020,.F.);
#7020 = EDGE_CURVE('',#6996,#1422,#7021,.T.);
#7021 = SURFACE_CURVE('',#7022,(#7026,#7033),.PCURVE_S1.);
#7022 = LINE('',#7023,#7024);
#7023 = CARTESIAN_POINT('',(6.146240234375,13.064453125,3.4));
#7024 = VECTOR('',#7025,1.);
#7025 = DIRECTION('',(0.,0.,1.));
#7026 = PCURVE('',#1443,#7027);
#7027 = DEFINITIONAL_REPRESENTATION('',(#7028),#7032);
#7028 = LINE('',#7029,#7030);
#7029 = CARTESIAN_POINT('',(1.,0.));
#7030 = VECTOR('',#7031,1.);
#7031 = DIRECTION('',(0.,-1.));
#7032 = ( GEOMETRIC_REPRESENTATION_CONTEXT(2) 
PARAMETRIC_REPRESENTATION_CONTEXT() REPRESENTATION_CONTEXT('2D SPACE',''
  ) );
#7033 = PCURVE('',#1484,#7034);
#7034 = DEFINITIONAL_REPRESENTATION('',(#7035),#7039);
#7035 = LINE('',#7036,#7037);
#7036 = CARTESIAN_POINT('',(0.,0.));
#7037 = VECTOR('',#7038,1.);
#7038 = DIRECTION('',(0.,-1.));
#7039 = ( GEOMETRIC_REPRESENTATION_CONTEXT(2) 
PARAMETRIC_REPRESENTATION_CONTEXT() REPRESENTATION_CONTEXT('2D SPACE',''
  ) );
#7040 = ADVANCED_FACE('',(#7041),#2096,.F.);
#7041 = FACE_BOUND('',#7042,.F.);
#7042 = EDGE_LOOP('',(#7043,#7066,#7087,#7088));
#7043 = ORIENTED_EDGE('',*,*,#7044,.F.);
#7044 = EDGE_CURVE('',#7045,#6947,#7047,.T.);
#7045 = VERTEX_POINT('',#7046);
#7046 = CARTESIAN_POINT('',(5.9931640625,12.635986328125,3.4));
#7047 = SURFACE_CURVE('',#7048,(#7052,#7059),.PCURVE_S1.);
#7048 = B_SPLINE_CURVE_WITH_KNOTS('',2,(#7049,#7050,#7051),
  .UNSPECIFIED.,.F.,.F.,(3,3),(0.,1.),.PIECEWISE_BEZIER_KNOTS.);
#7049 = CARTESIAN_POINT('',(5.9931640625,12.635986328125,3.4));
#7050 = CARTESIAN_POINT('',(5.876708984375,12.5224609375,3.4));
#7051 = CARTESIAN_POINT('',(5.828369140625,12.41552734375,3.4));
#7052 = PCURVE('',#2096,#7053);
#7053 = DEFINITIONAL_REPRESENTATION('',(#7054),#7058);
#7054 = LINE('',#7055,#7056);
#7055 = CARTESIAN_POINT('',(0.,0.));
#7056 = VECTOR('',#7057,1.);
#7057 = DIRECTION('',(1.,0.));
#7058 = ( GEOMETRIC_REPRESENTATION_CONTEXT(2) 
PARAMETRIC_REPRESENTATION_CONTEXT() REPRESENTATION_CONTEXT('2D SPACE',''
  ) );
#7059 = PCURVE('',#6741,#7060);
#7060 = DEFINITIONAL_REPRESENTATION('',(#7061),#7065);
#7061 = B_SPLINE_CURVE_WITH_KNOTS('',2,(#7062,#7063,#7064),
  .UNSPECIFIED.,.F.,.F.,(3,3),(0.,1.),.PIECEWISE_BEZIER_KNOTS.);
#7062 = CARTESIAN_POINT('',(0.693603515625,0.434326171875));
#7063 = CARTESIAN_POINT('',(0.5771484375,0.32080078125));
#7064 = CARTESIAN_POINT('',(0.52880859375,0.2138671875));
#7065 = ( GEOMETRIC_REPRESENTATION_CONTEXT(2) 
PARAMETRIC_REPRESENTATION_CONTEXT() REPRESENTATION_CONTEXT('2D SPACE',''
  ) );
#7066 = ORIENTED_EDGE('',*,*,#7067,.T.);
#7067 = EDGE_CURVE('',#7045,#2033,#7068,.T.);
#7068 = SURFACE_CURVE('',#7069,(#7073,#7080),.PCURVE_S1.);
#7069 = LINE('',#7070,#7071);
#7070 = CARTESIAN_POINT('',(5.9931640625,12.635986328125,3.4));
#7071 = VECTOR('',#7072,1.);
#7072 = DIRECTION('',(0.,0.,1.));
#7073 = PCURVE('',#2096,#7074);
#7074 = DEFINITIONAL_REPRESENTATION('',(#7075),#7079);
#7075 = LINE('',#7076,#7077);
#7076 = CARTESIAN_POINT('',(0.,0.));
#7077 = VECTOR('',#7078,1.);
#7078 = DIRECTION('',(0.,-1.));
#7079 = ( GEOMETRIC_REPRESENTATION_CONTEXT(2) 
PARAMETRIC_REPRESENTATION_CONTEXT() REPRESENTATION_CONTEXT('2D SPACE',''
  ) );
#7080 = PCURVE('',#2056,#7081);
#7081 = DEFINITIONAL_REPRESENTATION('',(#7082),#7086);
#7082 = LINE('',#7083,#7084);
#7083 = CARTESIAN_POINT('',(1.,0.));
#7084 = VECTOR('',#7085,1.);
#7085 = DIRECTION('',(0.,-1.));
#7086 = ( GEOMETRIC_REPRESENTATION_CONTEXT(2) 
PARAMETRIC_REPRESENTATION_CONTEXT() REPRESENTATION_CONTEXT('2D SPACE',''
  ) );
#7087 = ORIENTED_EDGE('',*,*,#2074,.F.);
#7088 = ORIENTED_EDGE('',*,*,#6969,.F.);
#7089 = ADVANCED_FACE('',(#7090),#1484,.F.);
#7090 = FACE_BOUND('',#7091,.F.);
#7091 = EDGE_LOOP('',(#7092,#7115,#7116,#7117));
#7092 = ORIENTED_EDGE('',*,*,#7093,.F.);
#7093 = EDGE_CURVE('',#6996,#7094,#7096,.T.);
#7094 = VERTEX_POINT('',#7095);
#7095 = CARTESIAN_POINT('',(6.481689453125,13.38818359375,3.4));
#7096 = SURFACE_CURVE('',#7097,(#7101,#7108),.PCURVE_S1.);
#7097 = B_SPLINE_CURVE_WITH_KNOTS('',2,(#7098,#7099,#7100),
  .UNSPECIFIED.,.F.,.F.,(3,3),(0.,1.),.PIECEWISE_BEZIER_KNOTS.);
#7098 = CARTESIAN_POINT('',(6.146240234375,13.064453125,3.4));
#7099 = CARTESIAN_POINT('',(6.379150390625,13.25048828125,3.4));
#7100 = CARTESIAN_POINT('',(6.481689453125,13.38818359375,3.4));
#7101 = PCURVE('',#1484,#7102);
#7102 = DEFINITIONAL_REPRESENTATION('',(#7103),#7107);
#7103 = LINE('',#7104,#7105);
#7104 = CARTESIAN_POINT('',(0.,0.));
#7105 = VECTOR('',#7106,1.);
#7106 = DIRECTION('',(1.,0.));
#7107 = ( GEOMETRIC_REPRESENTATION_CONTEXT(2) 
PARAMETRIC_REPRESENTATION_CONTEXT() REPRESENTATION_CONTEXT('2D SPACE',''
  ) );
#7108 = PCURVE('',#6741,#7109);
#7109 = DEFINITIONAL_REPRESENTATION('',(#7110),#7114);
#7110 = B_SPLINE_CURVE_WITH_KNOTS('',2,(#7111,#7112,#7113),
  .UNSPECIFIED.,.F.,.F.,(3,3),(0.,1.),.PIECEWISE_BEZIER_KNOTS.);
#7111 = CARTESIAN_POINT('',(0.8466796875,0.86279296875));
#7112 = CARTESIAN_POINT('',(1.07958984375,1.048828125));
#7113 = CARTESIAN_POINT('',(1.18212890625,1.1865234375));
#7114 = ( GEOMETRIC_REPRESENTATION_CONTEXT(2) 
PARAMETRIC_REPRESENTATION_CONTEXT() REPRESENTATION_CONTEXT('2D SPACE',''
  ) );
#7115 = ORIENTED_EDGE('',*,*,#7020,.T.);
#7116 = ORIENTED_EDGE('',*,*,#1460,.F.);
#7117 = ORIENTED_EDGE('',*,*,#7118,.F.);
#7118 = EDGE_CURVE('',#7094,#1461,#7119,.T.);
#7119 = SURFACE_CURVE('',#7120,(#7124,#7131),.PCURVE_S1.);
#7120 = LINE('',#7121,#7122);
#7121 = CARTESIAN_POINT('',(6.481689453125,13.38818359375,3.4));
#7122 = VECTOR('',#7123,1.);
#7123 = DIRECTION('',(0.,0.,1.));
#7124 = PCURVE('',#1484,#7125);
#7125 = DEFINITIONAL_REPRESENTATION('',(#7126),#7130);
#7126 = LINE('',#7127,#7128);
#7127 = CARTESIAN_POINT('',(1.,0.));
#7128 = VECTOR('',#7129,1.);
#7129 = DIRECTION('',(0.,-1.));
#7130 = ( GEOMETRIC_REPRESENTATION_CONTEXT(2) 
PARAMETRIC_REPRESENTATION_CONTEXT() REPRESENTATION_CONTEXT('2D SPACE',''
  ) );
#7131 = PCURVE('',#1524,#7132);
#7132 = DEFINITIONAL_REPRESENTATION('',(#7133),#7137);
#7133 = LINE('',#7134,#7135);
#7134 = CARTESIAN_POINT('',(0.,0.));
#7135 = VECTOR('',#7136,1.);
#7136 = DIRECTION('',(0.,-1.));
#7137 = ( GEOMETRIC_REPRESENTATION_CONTEXT(2) 
PARAMETRIC_REPRESENTATION_CONTEXT() REPRESENTATION_CONTEXT('2D SPACE',''
  ) );
#7138 = ADVANCED_FACE('',(#7139),#2056,.F.);
#7139 = FACE_BOUND('',#7140,.F.);
#7140 = EDGE_LOOP('',(#7141,#7164,#7185,#7186));
#7141 = ORIENTED_EDGE('',*,*,#7142,.F.);
#7142 = EDGE_CURVE('',#7143,#7045,#7145,.T.);
#7143 = VERTEX_POINT('',#7144);
#7144 = CARTESIAN_POINT('',(6.411376953125,12.98974609375,3.4));
#7145 = SURFACE_CURVE('',#7146,(#7150,#7157),.PCURVE_S1.);
#7146 = B_SPLINE_CURVE_WITH_KNOTS('',2,(#7147,#7148,#7149),
  .UNSPECIFIED.,.F.,.F.,(3,3),(0.,1.),.PIECEWISE_BEZIER_KNOTS.);
#7147 = CARTESIAN_POINT('',(6.411376953125,12.98974609375,3.4));
#7148 = CARTESIAN_POINT('',(6.109619140625,12.74951171875,3.4));
#7149 = CARTESIAN_POINT('',(5.9931640625,12.635986328125,3.4));
#7150 = PCURVE('',#2056,#7151);
#7151 = DEFINITIONAL_REPRESENTATION('',(#7152),#7156);
#7152 = LINE('',#7153,#7154);
#7153 = CARTESIAN_POINT('',(0.,0.));
#7154 = VECTOR('',#7155,1.);
#7155 = DIRECTION('',(1.,0.));
#7156 = ( GEOMETRIC_REPRESENTATION_CONTEXT(2) 
PARAMETRIC_REPRESENTATION_CONTEXT() REPRESENTATION_CONTEXT('2D SPACE',''
  ) );
#7157 = PCURVE('',#6741,#7158);
#7158 = DEFINITIONAL_REPRESENTATION('',(#7159),#7163);
#7159 = B_SPLINE_CURVE_WITH_KNOTS('',2,(#7160,#7161,#7162),
  .UNSPECIFIED.,.F.,.F.,(3,3),(0.,1.),.PIECEWISE_BEZIER_KNOTS.);
#7160 = CARTESIAN_POINT('',(1.11181640625,0.7880859375));
#7161 = CARTESIAN_POINT('',(0.81005859375,0.5478515625));
#7162 = CARTESIAN_POINT('',(0.693603515625,0.434326171875));
#7163 = ( GEOMETRIC_REPRESENTATION_CONTEXT(2) 
PARAMETRIC_REPRESENTATION_CONTEXT() REPRESENTATION_CONTEXT('2D SPACE',''
  ) );
#7164 = ORIENTED_EDGE('',*,*,#7165,.T.);
#7165 = EDGE_CURVE('',#7143,#1994,#7166,.T.);
#7166 = SURFACE_CURVE('',#7167,(#7171,#7178),.PCURVE_S1.);
#7167 = LINE('',#7168,#7169);
#7168 = CARTESIAN_POINT('',(6.411376953125,12.98974609375,3.4));
#7169 = VECTOR('',#7170,1.);
#7170 = DIRECTION('',(0.,0.,1.));
#7171 = PCURVE('',#2056,#7172);
#7172 = DEFINITIONAL_REPRESENTATION('',(#7173),#7177);
#7173 = LINE('',#7174,#7175);
#7174 = CARTESIAN_POINT('',(0.,0.));
#7175 = VECTOR('',#7176,1.);
#7176 = DIRECTION('',(0.,-1.));
#7177 = ( GEOMETRIC_REPRESENTATION_CONTEXT(2) 
PARAMETRIC_REPRESENTATION_CONTEXT() REPRESENTATION_CONTEXT('2D SPACE',''
  ) );
#7178 = PCURVE('',#2015,#7179);
#7179 = DEFINITIONAL_REPRESENTATION('',(#7180),#7184);
#7180 = LINE('',#7181,#7182);
#7181 = CARTESIAN_POINT('',(1.,0.));
#7182 = VECTOR('',#7183,1.);
#7183 = DIRECTION('',(0.,-1.));
#7184 = ( GEOMETRIC_REPRESENTATION_CONTEXT(2) 
PARAMETRIC_REPRESENTATION_CONTEXT() REPRESENTATION_CONTEXT('2D SPACE',''
  ) );
#7185 = ORIENTED_EDGE('',*,*,#2032,.F.);
#7186 = ORIENTED_EDGE('',*,*,#7067,.F.);
#7187 = ADVANCED_FACE('',(#7188),#1524,.F.);
#7188 = FACE_BOUND('',#7189,.F.);
#7189 = EDGE_LOOP('',(#7190,#7213,#7214,#7215));
#7190 = ORIENTED_EDGE('',*,*,#7191,.F.);
#7191 = EDGE_CURVE('',#7094,#7192,#7194,.T.);
#7192 = VERTEX_POINT('',#7193);
#7193 = CARTESIAN_POINT('',(6.584228515625,13.6533203125,3.4));
#7194 = SURFACE_CURVE('',#7195,(#7199,#7206),.PCURVE_S1.);
#7195 = B_SPLINE_CURVE_WITH_KNOTS('',2,(#7196,#7197,#7198),
  .UNSPECIFIED.,.F.,.F.,(3,3),(0.,1.),.PIECEWISE_BEZIER_KNOTS.);
#7196 = CARTESIAN_POINT('',(6.481689453125,13.38818359375,3.4));
#7197 = CARTESIAN_POINT('',(6.584228515625,13.52587890625,3.4));
#7198 = CARTESIAN_POINT('',(6.584228515625,13.6533203125,3.4));
#7199 = PCURVE('',#1524,#7200);
#7200 = DEFINITIONAL_REPRESENTATION('',(#7201),#7205);
#7201 = LINE('',#7202,#7203);
#7202 = CARTESIAN_POINT('',(0.,0.));
#7203 = VECTOR('',#7204,1.);
#7204 = DIRECTION('',(1.,0.));
#7205 = ( GEOMETRIC_REPRESENTATION_CONTEXT(2) 
PARAMETRIC_REPRESENTATION_CONTEXT() REPRESENTATION_CONTEXT('2D SPACE',''
  ) );
#7206 = PCURVE('',#6741,#7207);
#7207 = DEFINITIONAL_REPRESENTATION('',(#7208),#7212);
#7208 = B_SPLINE_CURVE_WITH_KNOTS('',2,(#7209,#7210,#7211),
  .UNSPECIFIED.,.F.,.F.,(3,3),(0.,1.),.PIECEWISE_BEZIER_KNOTS.);
#7209 = CARTESIAN_POINT('',(1.18212890625,1.1865234375));
#7210 = CARTESIAN_POINT('',(1.28466796875,1.32421875));
#7211 = CARTESIAN_POINT('',(1.28466796875,1.45166015625));
#7212 = ( GEOMETRIC_REPRESENTATION_CONTEXT(2) 
PARAMETRIC_REPRESENTATION_CONTEXT() REPRESENTATION_CONTEXT('2D SPACE',''
  ) );
#7213 = ORIENTED_EDGE('',*,*,#7118,.T.);
#7214 = ORIENTED_EDGE('',*,*,#1502,.F.);
#7215 = ORIENTED_EDGE('',*,*,#7216,.F.);
#7216 = EDGE_CURVE('',#7192,#1503,#7217,.T.);
#7217 = SURFACE_CURVE('',#7218,(#7222,#7229),.PCURVE_S1.);
#7218 = LINE('',#7219,#7220);
#7219 = CARTESIAN_POINT('',(6.584228515625,13.6533203125,3.4));
#7220 = VECTOR('',#7221,1.);
#7221 = DIRECTION('',(0.,0.,1.));
#7222 = PCURVE('',#1524,#7223);
#7223 = DEFINITIONAL_REPRESENTATION('',(#7224),#7228);
#7224 = LINE('',#7225,#7226);
#7225 = CARTESIAN_POINT('',(1.,0.));
#7226 = VECTOR('',#7227,1.);
#7227 = DIRECTION('',(0.,-1.));
#7228 = ( GEOMETRIC_REPRESENTATION_CONTEXT(2) 
PARAMETRIC_REPRESENTATION_CONTEXT() REPRESENTATION_CONTEXT('2D SPACE',''
  ) );
#7229 = PCURVE('',#1571,#7230);
#7230 = DEFINITIONAL_REPRESENTATION('',(#7231),#7235);
#7231 = LINE('',#7232,#7233);
#7232 = CARTESIAN_POINT('',(0.,0.));
#7233 = VECTOR('',#7234,1.);
#7234 = DIRECTION('',(0.,-1.));
#7235 = ( GEOMETRIC_REPRESENTATION_CONTEXT(2) 
PARAMETRIC_REPRESENTATION_CONTEXT() REPRESENTATION_CONTEXT('2D SPACE',''
  ) );
#7236 = ADVANCED_FACE('',(#7237),#2015,.F.);
#7237 = FACE_BOUND('',#7238,.F.);
#7238 = EDGE_LOOP('',(#7239,#7262,#7283,#7284));
#7239 = ORIENTED_EDGE('',*,*,#7240,.F.);
#7240 = EDGE_CURVE('',#7241,#7143,#7243,.T.);
#7241 = VERTEX_POINT('',#7242);
#7242 = CARTESIAN_POINT('',(6.743896484375,13.333251953125,3.4));
#7243 = SURFACE_CURVE('',#7244,(#7248,#7255),.PCURVE_S1.);
#7244 = B_SPLINE_CURVE_WITH_KNOTS('',2,(#7245,#7246,#7247),
  .UNSPECIFIED.,.F.,.F.,(3,3),(0.,1.),.PIECEWISE_BEZIER_KNOTS.);
#7245 = CARTESIAN_POINT('',(6.743896484375,13.333251953125,3.4));
#7246 = CARTESIAN_POINT('',(6.632568359375,13.16552734375,3.4));
#7247 = CARTESIAN_POINT('',(6.411376953125,12.98974609375,3.4));
#7248 = PCURVE('',#2015,#7249);
#7249 = DEFINITIONAL_REPRESENTATION('',(#7250),#7254);
#7250 = LINE('',#7251,#7252);
#7251 = CARTESIAN_POINT('',(0.,0.));
#7252 = VECTOR('',#7253,1.);
#7253 = DIRECTION('',(1.,0.));
#7254 = ( GEOMETRIC_REPRESENTATION_CONTEXT(2) 
PARAMETRIC_REPRESENTATION_CONTEXT() REPRESENTATION_CONTEXT('2D SPACE',''
  ) );
#7255 = PCURVE('',#6741,#7256);
#7256 = DEFINITIONAL_REPRESENTATION('',(#7257),#7261);
#7257 = B_SPLINE_CURVE_WITH_KNOTS('',2,(#7258,#7259,#7260),
  .UNSPECIFIED.,.F.,.F.,(3,3),(0.,1.),.PIECEWISE_BEZIER_KNOTS.);
#7258 = CARTESIAN_POINT('',(1.4443359375,1.131591796875));
#7259 = CARTESIAN_POINT('',(1.3330078125,0.9638671875));
#7260 = CARTESIAN_POINT('',(1.11181640625,0.7880859375));
#7261 = ( GEOMETRIC_REPRESENTATION_CONTEXT(2) 
PARAMETRIC_REPRESENTATION_CONTEXT() REPRESENTATION_CONTEXT('2D SPACE',''
  ) );
#7262 = ORIENTED_EDGE('',*,*,#7263,.T.);
#7263 = EDGE_CURVE('',#7241,#1955,#7264,.T.);
#7264 = SURFACE_CURVE('',#7265,(#7269,#7276),.PCURVE_S1.);
#7265 = LINE('',#7266,#7267);
#7266 = CARTESIAN_POINT('',(6.743896484375,13.333251953125,3.4));
#7267 = VECTOR('',#7268,1.);
#7268 = DIRECTION('',(0.,0.,1.));
#7269 = PCURVE('',#2015,#7270);
#7270 = DEFINITIONAL_REPRESENTATION('',(#7271),#7275);
#7271 = LINE('',#7272,#7273);
#7272 = CARTESIAN_POINT('',(0.,0.));
#7273 = VECTOR('',#7274,1.);
#7274 = DIRECTION('',(0.,-1.));
#7275 = ( GEOMETRIC_REPRESENTATION_CONTEXT(2) 
PARAMETRIC_REPRESENTATION_CONTEXT() REPRESENTATION_CONTEXT('2D SPACE',''
  ) );
#7276 = PCURVE('',#1976,#7277);
#7277 = DEFINITIONAL_REPRESENTATION('',(#7278),#7282);
#7278 = LINE('',#7279,#7280);
#7279 = CARTESIAN_POINT('',(1.,0.));
#7280 = VECTOR('',#7281,1.);
#7281 = DIRECTION('',(0.,-1.));
#7282 = ( GEOMETRIC_REPRESENTATION_CONTEXT(2) 
PARAMETRIC_REPRESENTATION_CONTEXT() REPRESENTATION_CONTEXT('2D SPACE',''
  ) );
#7283 = ORIENTED_EDGE('',*,*,#1993,.F.);
#7284 = ORIENTED_EDGE('',*,*,#7165,.F.);
#7285 = ADVANCED_FACE('',(#7286),#1571,.F.);
#7286 = FACE_BOUND('',#7287,.F.);
#7287 = EDGE_LOOP('',(#7288,#7311,#7312,#7313));
#7288 = ORIENTED_EDGE('',*,*,#7289,.F.);
#7289 = EDGE_CURVE('',#7192,#7290,#7292,.T.);
#7290 = VERTEX_POINT('',#7291);
#7291 = CARTESIAN_POINT('',(6.483154296875,13.90380859375,3.4));
#7292 = SURFACE_CURVE('',#7293,(#7297,#7304),.PCURVE_S1.);
#7293 = B_SPLINE_CURVE_WITH_KNOTS('',2,(#7294,#7295,#7296),
  .UNSPECIFIED.,.F.,.F.,(3,3),(0.,1.),.PIECEWISE_BEZIER_KNOTS.);
#7294 = CARTESIAN_POINT('',(6.584228515625,13.6533203125,3.4));
#7295 = CARTESIAN_POINT('',(6.584228515625,13.81591796875,3.4));
#7296 = CARTESIAN_POINT('',(6.483154296875,13.90380859375,3.4));
#7297 = PCURVE('',#1571,#7298);
#7298 = DEFINITIONAL_REPRESENTATION('',(#7299),#7303);
#7299 = LINE('',#7300,#7301);
#7300 = CARTESIAN_POINT('',(0.,0.));
#7301 = VECTOR('',#7302,1.);
#7302 = DIRECTION('',(1.,0.));
#7303 = ( GEOMETRIC_REPRESENTATION_CONTEXT(2) 
PARAMETRIC_REPRESENTATION_CONTEXT() REPRESENTATION_CONTEXT('2D SPACE',''
  ) );
#7304 = PCURVE('',#6741,#7305);
#7305 = DEFINITIONAL_REPRESENTATION('',(#7306),#7310);
#7306 = B_SPLINE_CURVE_WITH_KNOTS('',2,(#7307,#7308,#7309),
  .UNSPECIFIED.,.F.,.F.,(3,3),(0.,1.),.PIECEWISE_BEZIER_KNOTS.);
#7307 = CARTESIAN_POINT('',(1.28466796875,1.45166015625));
#7308 = CARTESIAN_POINT('',(1.28466796875,1.6142578125));
#7309 = CARTESIAN_POINT('',(1.18359375,1.7021484375));
#7310 = ( GEOMETRIC_REPRESENTATION_CONTEXT(2) 
PARAMETRIC_REPRESENTATION_CONTEXT() REPRESENTATION_CONTEXT('2D SPACE',''
  ) );
#7311 = ORIENTED_EDGE('',*,*,#7216,.T.);
#7312 = ORIENTED_EDGE('',*,*,#1541,.F.);
#7313 = ORIENTED_EDGE('',*,*,#7314,.F.);
#7314 = EDGE_CURVE('',#7290,#1542,#7315,.T.);
#7315 = SURFACE_CURVE('',#7316,(#7320,#7327),.PCURVE_S1.);
#7316 = LINE('',#7317,#7318);
#7317 = CARTESIAN_POINT('',(6.483154296875,13.90380859375,3.4));
#7318 = VECTOR('',#7319,1.);
#7319 = DIRECTION('',(0.,0.,1.));
#7320 = PCURVE('',#1571,#7321);
#7321 = DEFINITIONAL_REPRESENTATION('',(#7322),#7326);
#7322 = LINE('',#7323,#7324);
#7323 = CARTESIAN_POINT('',(1.,0.));
#7324 = VECTOR('',#7325,1.);
#7325 = DIRECTION('',(0.,-1.));
#7326 = ( GEOMETRIC_REPRESENTATION_CONTEXT(2) 
PARAMETRIC_REPRESENTATION_CONTEXT() REPRESENTATION_CONTEXT('2D SPACE',''
  ) );
#7327 = PCURVE('',#1614,#7328);
#7328 = DEFINITIONAL_REPRESENTATION('',(#7329),#7333);
#7329 = LINE('',#7330,#7331);
#7330 = CARTESIAN_POINT('',(0.,0.));
#7331 = VECTOR('',#7332,1.);
#7332 = DIRECTION('',(0.,-1.));
#7333 = ( GEOMETRIC_REPRESENTATION_CONTEXT(2) 
PARAMETRIC_REPRESENTATION_CONTEXT() REPRESENTATION_CONTEXT('2D SPACE',''
  ) );
#7334 = ADVANCED_FACE('',(#7335),#1976,.F.);
#7335 = FACE_BOUND('',#7336,.F.);
#7336 = EDGE_LOOP('',(#7337,#7360,#7381,#7382));
#7337 = ORIENTED_EDGE('',*,*,#7338,.F.);
#7338 = EDGE_CURVE('',#7339,#7241,#7341,.T.);
#7339 = VERTEX_POINT('',#7340);
#7340 = CARTESIAN_POINT('',(6.855224609375,13.66943359375,3.4));
#7341 = SURFACE_CURVE('',#7342,(#7346,#7353),.PCURVE_S1.);
#7342 = B_SPLINE_CURVE_WITH_KNOTS('',2,(#7343,#7344,#7345),
  .UNSPECIFIED.,.F.,.F.,(3,3),(0.,1.),.PIECEWISE_BEZIER_KNOTS.);
#7343 = CARTESIAN_POINT('',(6.855224609375,13.66943359375,3.4));
#7344 = CARTESIAN_POINT('',(6.855224609375,13.5009765625,3.4));
#7345 = CARTESIAN_POINT('',(6.743896484375,13.333251953125,3.4));
#7346 = PCURVE('',#1976,#7347);
#7347 = DEFINITIONAL_REPRESENTATION('',(#7348),#7352);
#7348 = LINE('',#7349,#7350);
#7349 = CARTESIAN_POINT('',(0.,0.));
#7350 = VECTOR('',#7351,1.);
#7351 = DIRECTION('',(1.,0.));
#7352 = ( GEOMETRIC_REPRESENTATION_CONTEXT(2) 
PARAMETRIC_REPRESENTATION_CONTEXT() REPRESENTATION_CONTEXT('2D SPACE',''
  ) );
#7353 = PCURVE('',#6741,#7354);
#7354 = DEFINITIONAL_REPRESENTATION('',(#7355),#7359);
#7355 = B_SPLINE_CURVE_WITH_KNOTS('',2,(#7356,#7357,#7358),
  .UNSPECIFIED.,.F.,.F.,(3,3),(0.,1.),.PIECEWISE_BEZIER_KNOTS.);
#7356 = CARTESIAN_POINT('',(1.5556640625,1.4677734375));
#7357 = CARTESIAN_POINT('',(1.5556640625,1.29931640625));
#7358 = CARTESIAN_POINT('',(1.4443359375,1.131591796875));
#7359 = ( GEOMETRIC_REPRESENTATION_CONTEXT(2) 
PARAMETRIC_REPRESENTATION_CONTEXT() REPRESENTATION_CONTEXT('2D SPACE',''
  ) );
#7360 = ORIENTED_EDGE('',*,*,#7361,.T.);
#7361 = EDGE_CURVE('',#7339,#1904,#7362,.T.);
#7362 = SURFACE_CURVE('',#7363,(#7367,#7374),.PCURVE_S1.);
#7363 = LINE('',#7364,#7365);
#7364 = CARTESIAN_POINT('',(6.855224609375,13.66943359375,3.4));
#7365 = VECTOR('',#7366,1.);
#7366 = DIRECTION('',(0.,0.,1.));
#7367 = PCURVE('',#1976,#7368);
#7368 = DEFINITIONAL_REPRESENTATION('',(#7369),#7373);
#7369 = LINE('',#7370,#7371);
#7370 = CARTESIAN_POINT('',(0.,0.));
#7371 = VECTOR('',#7372,1.);
#7372 = DIRECTION('',(0.,-1.));
#7373 = ( GEOMETRIC_REPRESENTATION_CONTEXT(2) 
PARAMETRIC_REPRESENTATION_CONTEXT() REPRESENTATION_CONTEXT('2D SPACE',''
  ) );
#7374 = PCURVE('',#1933,#7375);
#7375 = DEFINITIONAL_REPRESENTATION('',(#7376),#7380);
#7376 = LINE('',#7377,#7378);
#7377 = CARTESIAN_POINT('',(1.,0.));
#7378 = VECTOR('',#7379,1.);
#7379 = DIRECTION('',(0.,-1.));
#7380 = ( GEOMETRIC_REPRESENTATION_CONTEXT(2) 
PARAMETRIC_REPRESENTATION_CONTEXT() REPRESENTATION_CONTEXT('2D SPACE',''
  ) );
#7381 = ORIENTED_EDGE('',*,*,#1954,.F.);
#7382 = ORIENTED_EDGE('',*,*,#7263,.F.);
#7383 = ADVANCED_FACE('',(#7384),#1614,.F.);
#7384 = FACE_BOUND('',#7385,.F.);
#7385 = EDGE_LOOP('',(#7386,#7409,#7410,#7411));
#7386 = ORIENTED_EDGE('',*,*,#7387,.F.);
#7387 = EDGE_CURVE('',#7290,#7388,#7390,.T.);
#7388 = VERTEX_POINT('',#7389);
#7389 = CARTESIAN_POINT('',(6.194580078125,13.99169921875,3.4));
#7390 = SURFACE_CURVE('',#7391,(#7395,#7402),.PCURVE_S1.);
#7391 = B_SPLINE_CURVE_WITH_KNOTS('',2,(#7392,#7393,#7394),
  .UNSPECIFIED.,.F.,.F.,(3,3),(0.,1.),.PIECEWISE_BEZIER_KNOTS.);
#7392 = CARTESIAN_POINT('',(6.483154296875,13.90380859375,3.4));
#7393 = CARTESIAN_POINT('',(6.382080078125,13.99169921875,3.4));
#7394 = CARTESIAN_POINT('',(6.194580078125,13.99169921875,3.4));
#7395 = PCURVE('',#1614,#7396);
#7396 = DEFINITIONAL_REPRESENTATION('',(#7397),#7401);
#7397 = LINE('',#7398,#7399);
#7398 = CARTESIAN_POINT('',(0.,0.));
#7399 = VECTOR('',#7400,1.);
#7400 = DIRECTION('',(1.,0.));
#7401 = ( GEOMETRIC_REPRESENTATION_CONTEXT(2) 
PARAMETRIC_REPRESENTATION_CONTEXT() REPRESENTATION_CONTEXT('2D SPACE',''
  ) );
#7402 = PCURVE('',#6741,#7403);
#7403 = DEFINITIONAL_REPRESENTATION('',(#7404),#7408);
#7404 = B_SPLINE_CURVE_WITH_KNOTS('',2,(#7405,#7406,#7407),
  .UNSPECIFIED.,.F.,.F.,(3,3),(0.,1.),.PIECEWISE_BEZIER_KNOTS.);
#7405 = CARTESIAN_POINT('',(1.18359375,1.7021484375));
#7406 = CARTESIAN_POINT('',(1.08251953125,1.7900390625));
#7407 = CARTESIAN_POINT('',(0.89501953125,1.7900390625));
#7408 = ( GEOMETRIC_REPRESENTATION_CONTEXT(2) 
PARAMETRIC_REPRESENTATION_CONTEXT() REPRESENTATION_CONTEXT('2D SPACE',''
  ) );
#7409 = ORIENTED_EDGE('',*,*,#7314,.T.);
#7410 = ORIENTED_EDGE('',*,*,#1592,.F.);
#7411 = ORIENTED_EDGE('',*,*,#7412,.F.);
#7412 = EDGE_CURVE('',#7388,#1593,#7413,.T.);
#7413 = SURFACE_CURVE('',#7414,(#7418,#7425),.PCURVE_S1.);
#7414 = LINE('',#7415,#7416);
#7415 = CARTESIAN_POINT('',(6.194580078125,13.99169921875,3.4));
#7416 = VECTOR('',#7417,1.);
#7417 = DIRECTION('',(0.,0.,1.));
#7418 = PCURVE('',#1614,#7419);
#7419 = DEFINITIONAL_REPRESENTATION('',(#7420),#7424);
#7420 = LINE('',#7421,#7422);
#7421 = CARTESIAN_POINT('',(1.,0.));
#7422 = VECTOR('',#7423,1.);
#7423 = DIRECTION('',(0.,-1.));
#7424 = ( GEOMETRIC_REPRESENTATION_CONTEXT(2) 
PARAMETRIC_REPRESENTATION_CONTEXT() REPRESENTATION_CONTEXT('2D SPACE',''
  ) );
#7425 = PCURVE('',#1661,#7426);
#7426 = DEFINITIONAL_REPRESENTATION('',(#7427),#7431);
#7427 = LINE('',#7428,#7429);
#7428 = CARTESIAN_POINT('',(0.,0.));
#7429 = VECTOR('',#7430,1.);
#7430 = DIRECTION('',(0.,-1.));
#7431 = ( GEOMETRIC_REPRESENTATION_CONTEXT(2) 
PARAMETRIC_REPRESENTATION_CONTEXT() REPRESENTATION_CONTEXT('2D SPACE',''
  ) );
#7432 = ADVANCED_FACE('',(#7433),#1933,.F.);
#7433 = FACE_BOUND('',#7434,.F.);
#7434 = EDGE_LOOP('',(#7435,#7458,#7479,#7480));
#7435 = ORIENTED_EDGE('',*,*,#7436,.F.);
#7436 = EDGE_CURVE('',#7437,#7339,#7439,.T.);
#7437 = VERTEX_POINT('',#7438);
#7438 = CARTESIAN_POINT('',(6.680908203125,14.06787109375,3.4));
#7439 = SURFACE_CURVE('',#7440,(#7444,#7451),.PCURVE_S1.);
#7440 = B_SPLINE_CURVE_WITH_KNOTS('',2,(#7441,#7442,#7443),
  .UNSPECIFIED.,.F.,.F.,(3,3),(0.,1.),.PIECEWISE_BEZIER_KNOTS.);
#7441 = CARTESIAN_POINT('',(6.680908203125,14.06787109375,3.4));
#7442 = CARTESIAN_POINT('',(6.855224609375,13.92724609375,3.4));
#7443 = CARTESIAN_POINT('',(6.855224609375,13.66943359375,3.4));
#7444 = PCURVE('',#1933,#7445);
#7445 = DEFINITIONAL_REPRESENTATION('',(#7446),#7450);
#7446 = LINE('',#7447,#7448);
#7447 = CARTESIAN_POINT('',(0.,0.));
#7448 = VECTOR('',#7449,1.);
#7449 = DIRECTION('',(1.,0.));
#7450 = ( GEOMETRIC_REPRESENTATION_CONTEXT(2) 
PARAMETRIC_REPRESENTATION_CONTEXT() REPRESENTATION_CONTEXT('2D SPACE',''
  ) );
#7451 = PCURVE('',#6741,#7452);
#7452 = DEFINITIONAL_REPRESENTATION('',(#7453),#7457);
#7453 = B_SPLINE_CURVE_WITH_KNOTS('',2,(#7454,#7455,#7456),
  .UNSPECIFIED.,.F.,.F.,(3,3),(0.,1.),.PIECEWISE_BEZIER_KNOTS.);
#7454 = CARTESIAN_POINT('',(1.38134765625,1.8662109375));
#7455 = CARTESIAN_POINT('',(1.5556640625,1.7255859375));
#7456 = CARTESIAN_POINT('',(1.5556640625,1.4677734375));
#7457 = ( GEOMETRIC_REPRESENTATION_CONTEXT(2) 
PARAMETRIC_REPRESENTATION_CONTEXT() REPRESENTATION_CONTEXT('2D SPACE',''
  ) );
#7458 = ORIENTED_EDGE('',*,*,#7459,.T.);
#7459 = EDGE_CURVE('',#7437,#1862,#7460,.T.);
#7460 = SURFACE_CURVE('',#7461,(#7465,#7472),.PCURVE_S1.);
#7461 = LINE('',#7462,#7463);
#7462 = CARTESIAN_POINT('',(6.680908203125,14.06787109375,3.4));
#7463 = VECTOR('',#7464,1.);
#7464 = DIRECTION('',(0.,0.,1.));
#7465 = PCURVE('',#1933,#7466);
#7466 = DEFINITIONAL_REPRESENTATION('',(#7467),#7471);
#7467 = LINE('',#7468,#7469);
#7468 = CARTESIAN_POINT('',(0.,0.));
#7469 = VECTOR('',#7470,1.);
#7470 = DIRECTION('',(0.,-1.));
#7471 = ( GEOMETRIC_REPRESENTATION_CONTEXT(2) 
PARAMETRIC_REPRESENTATION_CONTEXT() REPRESENTATION_CONTEXT('2D SPACE',''
  ) );
#7472 = PCURVE('',#1885,#7473);
#7473 = DEFINITIONAL_REPRESENTATION('',(#7474),#7478);
#7474 = LINE('',#7475,#7476);
#7475 = CARTESIAN_POINT('',(1.,0.));
#7476 = VECTOR('',#7477,1.);
#7477 = DIRECTION('',(0.,-1.));
#7478 = ( GEOMETRIC_REPRESENTATION_CONTEXT(2) 
PARAMETRIC_REPRESENTATION_CONTEXT() REPRESENTATION_CONTEXT('2D SPACE',''
  ) );
#7479 = ORIENTED_EDGE('',*,*,#1903,.F.);
#7480 = ORIENTED_EDGE('',*,*,#7361,.F.);
#7481 = ADVANCED_FACE('',(#7482),#1661,.F.);
#7482 = FACE_BOUND('',#7483,.F.);
#7483 = EDGE_LOOP('',(#7484,#7507,#7508,#7509));
#7484 = ORIENTED_EDGE('',*,*,#7485,.F.);
#7485 = EDGE_CURVE('',#7388,#7486,#7488,.T.);
#7486 = VERTEX_POINT('',#7487);
#7487 = CARTESIAN_POINT('',(5.92431640625,13.900146484375,3.4));
#7488 = SURFACE_CURVE('',#7489,(#7493,#7500),.PCURVE_S1.);
#7489 = B_SPLINE_CURVE_WITH_KNOTS('',2,(#7490,#7491,#7492),
  .UNSPECIFIED.,.F.,.F.,(3,3),(0.,1.),.PIECEWISE_BEZIER_KNOTS.);
#7490 = CARTESIAN_POINT('',(6.194580078125,13.99169921875,3.4));
#7491 = CARTESIAN_POINT('',(6.027587890625,13.99169921875,3.4));
#7492 = CARTESIAN_POINT('',(5.92431640625,13.900146484375,3.4));
#7493 = PCURVE('',#1661,#7494);
#7494 = DEFINITIONAL_REPRESENTATION('',(#7495),#7499);
#7495 = LINE('',#7496,#7497);
#7496 = CARTESIAN_POINT('',(0.,0.));
#7497 = VECTOR('',#7498,1.);
#7498 = DIRECTION('',(1.,0.));
#7499 = ( GEOMETRIC_REPRESENTATION_CONTEXT(2) 
PARAMETRIC_REPRESENTATION_CONTEXT() REPRESENTATION_CONTEXT('2D SPACE',''
  ) );
#7500 = PCURVE('',#6741,#7501);
#7501 = DEFINITIONAL_REPRESENTATION('',(#7502),#7506);
#7502 = B_SPLINE_CURVE_WITH_KNOTS('',2,(#7503,#7504,#7505),
  .UNSPECIFIED.,.F.,.F.,(3,3),(0.,1.),.PIECEWISE_BEZIER_KNOTS.);
#7503 = CARTESIAN_POINT('',(0.89501953125,1.7900390625));
#7504 = CARTESIAN_POINT('',(0.72802734375,1.7900390625));
#7505 = CARTESIAN_POINT('',(0.624755859375,1.698486328125));
#7506 = ( GEOMETRIC_REPRESENTATION_CONTEXT(2) 
PARAMETRIC_REPRESENTATION_CONTEXT() REPRESENTATION_CONTEXT('2D SPACE',''
  ) );
#7507 = ORIENTED_EDGE('',*,*,#7412,.T.);
#7508 = ORIENTED_EDGE('',*,*,#1631,.F.);
#7509 = ORIENTED_EDGE('',*,*,#7510,.F.);
#7510 = EDGE_CURVE('',#7486,#1632,#7511,.T.);
#7511 = SURFACE_CURVE('',#7512,(#7516,#7523),.PCURVE_S1.);
#7512 = LINE('',#7513,#7514);
#7513 = CARTESIAN_POINT('',(5.92431640625,13.900146484375,3.4));
#7514 = VECTOR('',#7515,1.);
#7515 = DIRECTION('',(0.,0.,1.));
#7516 = PCURVE('',#1661,#7517);
#7517 = DEFINITIONAL_REPRESENTATION('',(#7518),#7522);
#7518 = LINE('',#7519,#7520);
#7519 = CARTESIAN_POINT('',(1.,0.));
#7520 = VECTOR('',#7521,1.);
#7521 = DIRECTION('',(0.,-1.));
#7522 = ( GEOMETRIC_REPRESENTATION_CONTEXT(2) 
PARAMETRIC_REPRESENTATION_CONTEXT() REPRESENTATION_CONTEXT('2D SPACE',''
  ) );
#7523 = PCURVE('',#1712,#7524);
#7524 = DEFINITIONAL_REPRESENTATION('',(#7525),#7529);
#7525 = LINE('',#7526,#7527);
#7526 = CARTESIAN_POINT('',(0.,0.));
#7527 = VECTOR('',#7528,1.);
#7528 = DIRECTION('',(0.,-1.));
#7529 = ( GEOMETRIC_REPRESENTATION_CONTEXT(2) 
PARAMETRIC_REPRESENTATION_CONTEXT() REPRESENTATION_CONTEXT('2D SPACE',''
  ) );
#7530 = ADVANCED_FACE('',(#7531),#1885,.F.);
#7531 = FACE_BOUND('',#7532,.F.);
#7532 = EDGE_LOOP('',(#7533,#7556,#7577,#7578));
#7533 = ORIENTED_EDGE('',*,*,#7534,.F.);
#7534 = EDGE_CURVE('',#7535,#7437,#7537,.T.);
#7535 = VERTEX_POINT('',#7536);
#7536 = CARTESIAN_POINT('',(6.194580078125,14.20849609375,3.4));
#7537 = SURFACE_CURVE('',#7538,(#7542,#7549),.PCURVE_S1.);
#7538 = B_SPLINE_CURVE_WITH_KNOTS('',2,(#7539,#7540,#7541),
  .UNSPECIFIED.,.F.,.F.,(3,3),(0.,1.),.PIECEWISE_BEZIER_KNOTS.);
#7539 = CARTESIAN_POINT('',(6.194580078125,14.20849609375,3.4));
#7540 = CARTESIAN_POINT('',(6.506591796875,14.20849609375,3.4));
#7541 = CARTESIAN_POINT('',(6.680908203125,14.06787109375,3.4));
#7542 = PCURVE('',#1885,#7543);
#7543 = DEFINITIONAL_REPRESENTATION('',(#7544),#7548);
#7544 = LINE('',#7545,#7546);
#7545 = CARTESIAN_POINT('',(0.,0.));
#7546 = VECTOR('',#7547,1.);
#7547 = DIRECTION('',(1.,0.));
#7548 = ( GEOMETRIC_REPRESENTATION_CONTEXT(2) 
PARAMETRIC_REPRESENTATION_CONTEXT() REPRESENTATION_CONTEXT('2D SPACE',''
  ) );
#7549 = PCURVE('',#6741,#7550);
#7550 = DEFINITIONAL_REPRESENTATION('',(#7551),#7555);
#7551 = B_SPLINE_CURVE_WITH_KNOTS('',2,(#7552,#7553,#7554),
  .UNSPECIFIED.,.F.,.F.,(3,3),(0.,1.),.PIECEWISE_BEZIER_KNOTS.);
#7552 = CARTESIAN_POINT('',(0.89501953125,2.0068359375));
#7553 = CARTESIAN_POINT('',(1.20703125,2.0068359375));
#7554 = CARTESIAN_POINT('',(1.38134765625,1.8662109375));
#7555 = ( GEOMETRIC_REPRESENTATION_CONTEXT(2) 
PARAMETRIC_REPRESENTATION_CONTEXT() REPRESENTATION_CONTEXT('2D SPACE',''
  ) );
#7556 = ORIENTED_EDGE('',*,*,#7557,.T.);
#7557 = EDGE_CURVE('',#7535,#1811,#7558,.T.);
#7558 = SURFACE_CURVE('',#7559,(#7563,#7570),.PCURVE_S1.);
#7559 = LINE('',#7560,#7561);
#7560 = CARTESIAN_POINT('',(6.194580078125,14.20849609375,3.4));
#7561 = VECTOR('',#7562,1.);
#7562 = DIRECTION('',(0.,0.,1.));
#7563 = PCURVE('',#1885,#7564);
#7564 = DEFINITIONAL_REPRESENTATION('',(#7565),#7569);
#7565 = LINE('',#7566,#7567);
#7566 = CARTESIAN_POINT('',(0.,0.));
#7567 = VECTOR('',#7568,1.);
#7568 = DIRECTION('',(0.,-1.));
#7569 = ( GEOMETRIC_REPRESENTATION_CONTEXT(2) 
PARAMETRIC_REPRESENTATION_CONTEXT() REPRESENTATION_CONTEXT('2D SPACE',''
  ) );
#7570 = PCURVE('',#1840,#7571);
#7571 = DEFINITIONAL_REPRESENTATION('',(#7572),#7576);
#7572 = LINE('',#7573,#7574);
#7573 = CARTESIAN_POINT('',(1.,0.));
#7574 = VECTOR('',#7575,1.);
#7575 = DIRECTION('',(0.,-1.));
#7576 = ( GEOMETRIC_REPRESENTATION_CONTEXT(2) 
PARAMETRIC_REPRESENTATION_CONTEXT() REPRESENTATION_CONTEXT('2D SPACE',''
  ) );
#7577 = ORIENTED_EDGE('',*,*,#1861,.F.);
#7578 = ORIENTED_EDGE('',*,*,#7459,.F.);
#7579 = ADVANCED_FACE('',(#7580),#1712,.F.);
#7580 = FACE_BOUND('',#7581,.F.);
#7581 = EDGE_LOOP('',(#7582,#7605,#7606,#7607));
#7582 = ORIENTED_EDGE('',*,*,#7583,.F.);
#7583 = EDGE_CURVE('',#7486,#7584,#7586,.T.);
#7584 = VERTEX_POINT('',#7585);
#7585 = CARTESIAN_POINT('',(5.802001953125,13.64306640625,3.4));
#7586 = SURFACE_CURVE('',#7587,(#7591,#7598),.PCURVE_S1.);
#7587 = B_SPLINE_CURVE_WITH_KNOTS('',2,(#7588,#7589,#7590),
  .UNSPECIFIED.,.F.,.F.,(3,3),(0.,1.),.PIECEWISE_BEZIER_KNOTS.);
#7588 = CARTESIAN_POINT('',(5.92431640625,13.900146484375,3.4));
#7589 = CARTESIAN_POINT('',(5.821044921875,13.80859375,3.4));
#7590 = CARTESIAN_POINT('',(5.802001953125,13.64306640625,3.4));
#7591 = PCURVE('',#1712,#7592);
#7592 = DEFINITIONAL_REPRESENTATION('',(#7593),#7597);
#7593 = LINE('',#7594,#7595);
#7594 = CARTESIAN_POINT('',(0.,0.));
#7595 = VECTOR('',#7596,1.);
#7596 = DIRECTION('',(1.,0.));
#7597 = ( GEOMETRIC_REPRESENTATION_CONTEXT(2) 
PARAMETRIC_REPRESENTATION_CONTEXT() REPRESENTATION_CONTEXT('2D SPACE',''
  ) );
#7598 = PCURVE('',#6741,#7599);
#7599 = DEFINITIONAL_REPRESENTATION('',(#7600),#7604);
#7600 = B_SPLINE_CURVE_WITH_KNOTS('',2,(#7601,#7602,#7603),
  .UNSPECIFIED.,.F.,.F.,(3,3),(0.,1.),.PIECEWISE_BEZIER_KNOTS.);
#7601 = CARTESIAN_POINT('',(0.624755859375,1.698486328125));
#7602 = CARTESIAN_POINT('',(0.521484375,1.60693359375));
#7603 = CARTESIAN_POINT('',(0.50244140625,1.44140625));
#7604 = ( GEOMETRIC_REPRESENTATION_CONTEXT(2) 
PARAMETRIC_REPRESENTATION_CONTEXT() REPRESENTATION_CONTEXT('2D SPACE',''
  ) );
#7605 = ORIENTED_EDGE('',*,*,#7510,.T.);
#7606 = ORIENTED_EDGE('',*,*,#1682,.F.);
#7607 = ORIENTED_EDGE('',*,*,#7608,.F.);
#7608 = EDGE_CURVE('',#7584,#1683,#7609,.T.);
#7609 = SURFACE_CURVE('',#7610,(#7614,#7621),.PCURVE_S1.);
#7610 = LINE('',#7611,#7612);
#7611 = CARTESIAN_POINT('',(5.802001953125,13.64306640625,3.4));
#7612 = VECTOR('',#7613,1.);
#7613 = DIRECTION('',(0.,0.,1.));
#7614 = PCURVE('',#1712,#7615);
#7615 = DEFINITIONAL_REPRESENTATION('',(#7616),#7620);
#7616 = LINE('',#7617,#7618);
#7617 = CARTESIAN_POINT('',(1.,0.));
#7618 = VECTOR('',#7619,1.);
#7619 = DIRECTION('',(0.,-1.));
#7620 = ( GEOMETRIC_REPRESENTATION_CONTEXT(2) 
PARAMETRIC_REPRESENTATION_CONTEXT() REPRESENTATION_CONTEXT('2D SPACE',''
  ) );
#7621 = PCURVE('',#1748,#7622);
#7622 = DEFINITIONAL_REPRESENTATION('',(#7623),#7627);
#7623 = LINE('',#7624,#7625);
#7624 = CARTESIAN_POINT('',(0.,0.));
#7625 = VECTOR('',#7626,1.);
#7626 = DIRECTION('',(0.,-1.));
#7627 = ( GEOMETRIC_REPRESENTATION_CONTEXT(2) 
PARAMETRIC_REPRESENTATION_CONTEXT() REPRESENTATION_CONTEXT('2D SPACE',''
  ) );
#7628 = ADVANCED_FACE('',(#7629),#1840,.F.);
#7629 = FACE_BOUND('',#7630,.F.);
#7630 = EDGE_LOOP('',(#7631,#7654,#7675,#7676));
#7631 = ORIENTED_EDGE('',*,*,#7632,.F.);
#7632 = EDGE_CURVE('',#7633,#7535,#7635,.T.);
#7633 = VERTEX_POINT('',#7634);
#7634 = CARTESIAN_POINT('',(5.736083984375,14.062744140625,3.4));
#7635 = SURFACE_CURVE('',#7636,(#7640,#7647),.PCURVE_S1.);
#7636 = B_SPLINE_CURVE_WITH_KNOTS('',2,(#7637,#7638,#7639),
  .UNSPECIFIED.,.F.,.F.,(3,3),(0.,1.),.PIECEWISE_BEZIER_KNOTS.);
#7637 = CARTESIAN_POINT('',(5.736083984375,14.062744140625,3.4));
#7638 = CARTESIAN_POINT('',(5.910400390625,14.20849609375,3.4));
#7639 = CARTESIAN_POINT('',(6.194580078125,14.20849609375,3.4));
#7640 = PCURVE('',#1840,#7641);
#7641 = DEFINITIONAL_REPRESENTATION('',(#7642),#7646);
#7642 = LINE('',#7643,#7644);
#7643 = CARTESIAN_POINT('',(0.,0.));
#7644 = VECTOR('',#7645,1.);
#7645 = DIRECTION('',(1.,0.));
#7646 = ( GEOMETRIC_REPRESENTATION_CONTEXT(2) 
PARAMETRIC_REPRESENTATION_CONTEXT() REPRESENTATION_CONTEXT('2D SPACE',''
  ) );
#7647 = PCURVE('',#6741,#7648);
#7648 = DEFINITIONAL_REPRESENTATION('',(#7649),#7653);
#7649 = B_SPLINE_CURVE_WITH_KNOTS('',2,(#7650,#7651,#7652),
  .UNSPECIFIED.,.F.,.F.,(3,3),(0.,1.),.PIECEWISE_BEZIER_KNOTS.);
#7650 = CARTESIAN_POINT('',(0.4365234375,1.861083984375));
#7651 = CARTESIAN_POINT('',(0.61083984375,2.0068359375));
#7652 = CARTESIAN_POINT('',(0.89501953125,2.0068359375));
#7653 = ( GEOMETRIC_REPRESENTATION_CONTEXT(2) 
PARAMETRIC_REPRESENTATION_CONTEXT() REPRESENTATION_CONTEXT('2D SPACE',''
  ) );
#7654 = ORIENTED_EDGE('',*,*,#7655,.T.);
#7655 = EDGE_CURVE('',#7633,#1760,#7656,.T.);
#7656 = SURFACE_CURVE('',#7657,(#7661,#7668),.PCURVE_S1.);
#7657 = LINE('',#7658,#7659);
#7658 = CARTESIAN_POINT('',(5.736083984375,14.062744140625,3.4));
#7659 = VECTOR('',#7660,1.);
#7660 = DIRECTION('',(0.,0.,1.));
#7661 = PCURVE('',#1840,#7662);
#7662 = DEFINITIONAL_REPRESENTATION('',(#7663),#7667);
#7663 = LINE('',#7664,#7665);
#7664 = CARTESIAN_POINT('',(0.,0.));
#7665 = VECTOR('',#7666,1.);
#7666 = DIRECTION('',(0.,-1.));
#7667 = ( GEOMETRIC_REPRESENTATION_CONTEXT(2) 
PARAMETRIC_REPRESENTATION_CONTEXT() REPRESENTATION_CONTEXT('2D SPACE',''
  ) );
#7668 = PCURVE('',#1789,#7669);
#7669 = DEFINITIONAL_REPRESENTATION('',(#7670),#7674);
#7670 = LINE('',#7671,#7672);
#7671 = CARTESIAN_POINT('',(1.,0.));
#7672 = VECTOR('',#7673,1.);
#7673 = DIRECTION('',(0.,-1.));
#7674 = ( GEOMETRIC_REPRESENTATION_CONTEXT(2) 
PARAMETRIC_REPRESENTATION_CONTEXT() REPRESENTATION_CONTEXT('2D SPACE',''
  ) );
#7675 = ORIENTED_EDGE('',*,*,#1810,.F.);
#7676 = ORIENTED_EDGE('',*,*,#7557,.F.);
#7677 = ADVANCED_FACE('',(#7678),#1748,.F.);
#7678 = FACE_BOUND('',#7679,.F.);
#7679 = EDGE_LOOP('',(#7680,#7703,#7704,#7705));
#7680 = ORIENTED_EDGE('',*,*,#7681,.F.);
#7681 = EDGE_CURVE('',#7584,#7682,#7684,.T.);
#7682 = VERTEX_POINT('',#7683);
#7683 = CARTESIAN_POINT('',(5.532470703125,13.66796875,3.4));
#7684 = SURFACE_CURVE('',#7685,(#7689,#7696),.PCURVE_S1.);
#7685 = LINE('',#7686,#7687);
#7686 = CARTESIAN_POINT('',(5.802001953125,13.64306640625,3.4));
#7687 = VECTOR('',#7688,1.);
#7688 = DIRECTION('',(-0.995759055224,9.199947792832E-02,0.));
#7689 = PCURVE('',#1748,#7690);
#7690 = DEFINITIONAL_REPRESENTATION('',(#7691),#7695);
#7691 = LINE('',#7692,#7693);
#7692 = CARTESIAN_POINT('',(0.,0.));
#7693 = VECTOR('',#7694,1.);
#7694 = DIRECTION('',(1.,0.));
#7695 = ( GEOMETRIC_REPRESENTATION_CONTEXT(2) 
PARAMETRIC_REPRESENTATION_CONTEXT() REPRESENTATION_CONTEXT('2D SPACE',''
  ) );
#7696 = PCURVE('',#6741,#7697);
#7697 = DEFINITIONAL_REPRESENTATION('',(#7698),#7702);
#7698 = LINE('',#7699,#7700);
#7699 = CARTESIAN_POINT('',(0.50244140625,1.44140625));
#7700 = VECTOR('',#7701,1.);
#7701 = DIRECTION('',(-0.995759055224,9.199947792832E-02));
#7702 = ( GEOMETRIC_REPRESENTATION_CONTEXT(2) 
PARAMETRIC_REPRESENTATION_CONTEXT() REPRESENTATION_CONTEXT('2D SPACE',''
  ) );
#7703 = ORIENTED_EDGE('',*,*,#7608,.T.);
#7704 = ORIENTED_EDGE('',*,*,#1733,.F.);
#7705 = ORIENTED_EDGE('',*,*,#7706,.F.);
#7706 = EDGE_CURVE('',#7682,#1734,#7707,.T.);
#7707 = SURFACE_CURVE('',#7708,(#7712,#7719),.PCURVE_S1.);
#7708 = LINE('',#7709,#7710);
#7709 = CARTESIAN_POINT('',(5.532470703125,13.66796875,3.4));
#7710 = VECTOR('',#7711,1.);
#7711 = DIRECTION('',(0.,0.,1.));
#7712 = PCURVE('',#1748,#7713);
#7713 = DEFINITIONAL_REPRESENTATION('',(#7714),#7718);
#7714 = LINE('',#7715,#7716);
#7715 = CARTESIAN_POINT('',(0.270679185478,0.));
#7716 = VECTOR('',#7717,1.);
#7717 = DIRECTION('',(0.,-1.));
#7718 = ( GEOMETRIC_REPRESENTATION_CONTEXT(2) 
PARAMETRIC_REPRESENTATION_CONTEXT() REPRESENTATION_CONTEXT('2D SPACE',''
  ) );
#7719 = PCURVE('',#1789,#7720);
#7720 = DEFINITIONAL_REPRESENTATION('',(#7721),#7725);
#7721 = LINE('',#7722,#7723);
#7722 = CARTESIAN_POINT('',(0.,0.));
#7723 = VECTOR('',#7724,1.);
#7724 = DIRECTION('',(0.,-1.));
#7725 = ( GEOMETRIC_REPRESENTATION_CONTEXT(2) 
PARAMETRIC_REPRESENTATION_CONTEXT() REPRESENTATION_CONTEXT('2D SPACE',''
  ) );
#7726 = ADVANCED_FACE('',(#7727),#1789,.F.);
#7727 = FACE_BOUND('',#7728,.F.);
#7728 = EDGE_LOOP('',(#7729,#7750,#7751,#7752));
#7729 = ORIENTED_EDGE('',*,*,#7730,.F.);
#7730 = EDGE_CURVE('',#7682,#7633,#7731,.T.);
#7731 = SURFACE_CURVE('',#7732,(#7736,#7743),.PCURVE_S1.);
#7732 = B_SPLINE_CURVE_WITH_KNOTS('',2,(#7733,#7734,#7735),
  .UNSPECIFIED.,.F.,.F.,(3,3),(0.,1.),.PIECEWISE_BEZIER_KNOTS.);
#7733 = CARTESIAN_POINT('',(5.532470703125,13.66796875,3.4));
#7734 = CARTESIAN_POINT('',(5.561767578125,13.9169921875,3.4));
#7735 = CARTESIAN_POINT('',(5.736083984375,14.062744140625,3.4));
#7736 = PCURVE('',#1789,#7737);
#7737 = DEFINITIONAL_REPRESENTATION('',(#7738),#7742);
#7738 = LINE('',#7739,#7740);
#7739 = CARTESIAN_POINT('',(0.,0.));
#7740 = VECTOR('',#7741,1.);
#7741 = DIRECTION('',(1.,0.));
#7742 = ( GEOMETRIC_REPRESENTATION_CONTEXT(2) 
PARAMETRIC_REPRESENTATION_CONTEXT() REPRESENTATION_CONTEXT('2D SPACE',''
  ) );
#7743 = PCURVE('',#6741,#7744);
#7744 = DEFINITIONAL_REPRESENTATION('',(#7745),#7749);
#7745 = B_SPLINE_CURVE_WITH_KNOTS('',2,(#7746,#7747,#7748),
  .UNSPECIFIED.,.F.,.F.,(3,3),(0.,1.),.PIECEWISE_BEZIER_KNOTS.);
#7746 = CARTESIAN_POINT('',(0.23291015625,1.46630859375));
#7747 = CARTESIAN_POINT('',(0.26220703125,1.71533203125));
#7748 = CARTESIAN_POINT('',(0.4365234375,1.861083984375));
#7749 = ( GEOMETRIC_REPRESENTATION_CONTEXT(2) 
PARAMETRIC_REPRESENTATION_CONTEXT() REPRESENTATION_CONTEXT('2D SPACE',''
  ) );
#7750 = ORIENTED_EDGE('',*,*,#7706,.T.);
#7751 = ORIENTED_EDGE('',*,*,#1759,.F.);
#7752 = ORIENTED_EDGE('',*,*,#7655,.F.);
#7753 = ADVANCED_FACE('',(#7754),#2189,.F.);
#7754 = FACE_BOUND('',#7755,.F.);
#7755 = EDGE_LOOP('',(#7756,#7786,#7807,#7808));
#7756 = ORIENTED_EDGE('',*,*,#7757,.F.);
#7757 = EDGE_CURVE('',#7758,#7760,#7762,.T.);
#7758 = VERTEX_POINT('',#7759);
#7759 = CARTESIAN_POINT('',(10.510009765625,12.85205078125,3.4));
#7760 = VERTEX_POINT('',#7761);
#7761 = CARTESIAN_POINT('',(10.423583984375,12.49462890625,3.4));
#7762 = SURFACE_CURVE('',#7763,(#7767,#7774),.PCURVE_S1.);
#7763 = B_SPLINE_CURVE_WITH_KNOTS('',2,(#7764,#7765,#7766),
  .UNSPECIFIED.,.F.,.F.,(3,3),(0.,1.),.PIECEWISE_BEZIER_KNOTS.);
#7764 = CARTESIAN_POINT('',(10.510009765625,12.85205078125,3.4));
#7765 = CARTESIAN_POINT('',(10.510009765625,12.6484375,3.4));
#7766 = CARTESIAN_POINT('',(10.423583984375,12.49462890625,3.4));
#7767 = PCURVE('',#2189,#7768);
#7768 = DEFINITIONAL_REPRESENTATION('',(#7769),#7773);
#7769 = LINE('',#7770,#7771);
#7770 = CARTESIAN_POINT('',(0.,0.));
#7771 = VECTOR('',#7772,1.);
#7772 = DIRECTION('',(1.,0.));
#7773 = ( GEOMETRIC_REPRESENTATION_CONTEXT(2) 
PARAMETRIC_REPRESENTATION_CONTEXT() REPRESENTATION_CONTEXT('2D SPACE',''
  ) );
#7774 = PCURVE('',#7775,#7780);
#7775 = PLANE('',#7776);
#7776 = AXIS2_PLACEMENT_3D('',#7777,#7778,#7779);
#7777 = CARTESIAN_POINT('',(8.900146484375,12.20166015625,3.4));
#7778 = DIRECTION('',(0.,0.,1.));
#7779 = DIRECTION('',(1.,0.,0.));
#7780 = DEFINITIONAL_REPRESENTATION('',(#7781),#7785);
#7781 = B_SPLINE_CURVE_WITH_KNOTS('',2,(#7782,#7783,#7784),
  .UNSPECIFIED.,.F.,.F.,(3,3),(0.,1.),.PIECEWISE_BEZIER_KNOTS.);
#7782 = CARTESIAN_POINT('',(1.60986328125,0.650390625));
#7783 = CARTESIAN_POINT('',(1.60986328125,0.44677734375));
#7784 = CARTESIAN_POINT('',(1.5234375,0.29296875));
#7785 = ( GEOMETRIC_REPRESENTATION_CONTEXT(2) 
PARAMETRIC_REPRESENTATION_CONTEXT() REPRESENTATION_CONTEXT('2D SPACE',''
  ) );
#7786 = ORIENTED_EDGE('',*,*,#7787,.T.);
#7787 = EDGE_CURVE('',#7758,#2168,#7788,.T.);
#7788 = SURFACE_CURVE('',#7789,(#7793,#7800),.PCURVE_S1.);
#7789 = LINE('',#7790,#7791);
#7790 = CARTESIAN_POINT('',(10.510009765625,12.85205078125,3.4));
#7791 = VECTOR('',#7792,1.);
#7792 = DIRECTION('',(0.,0.,1.));
#7793 = PCURVE('',#2189,#7794);
#7794 = DEFINITIONAL_REPRESENTATION('',(#7795),#7799);
#7795 = LINE('',#7796,#7797);
#7796 = CARTESIAN_POINT('',(0.,0.));
#7797 = VECTOR('',#7798,1.);
#7798 = DIRECTION('',(0.,-1.));
#7799 = ( GEOMETRIC_REPRESENTATION_CONTEXT(2) 
PARAMETRIC_REPRESENTATION_CONTEXT() REPRESENTATION_CONTEXT('2D SPACE',''
  ) );
#7800 = PCURVE('',#3040,#7801);
#7801 = DEFINITIONAL_REPRESENTATION('',(#7802),#7806);
#7802 = LINE('',#7803,#7804);
#7803 = CARTESIAN_POINT('',(1.,0.));
#7804 = VECTOR('',#7805,1.);
#7805 = DIRECTION('',(0.,-1.));
#7806 = ( GEOMETRIC_REPRESENTATION_CONTEXT(2) 
PARAMETRIC_REPRESENTATION_CONTEXT() REPRESENTATION_CONTEXT('2D SPACE',''
  ) );
#7807 = ORIENTED_EDGE('',*,*,#2165,.F.);
#7808 = ORIENTED_EDGE('',*,*,#7809,.F.);
#7809 = EDGE_CURVE('',#7760,#2166,#7810,.T.);
#7810 = SURFACE_CURVE('',#7811,(#7815,#7822),.PCURVE_S1.);
#7811 = LINE('',#7812,#7813);
#7812 = CARTESIAN_POINT('',(10.423583984375,12.49462890625,3.4));
#7813 = VECTOR('',#7814,1.);
#7814 = DIRECTION('',(0.,0.,1.));
#7815 = PCURVE('',#2189,#7816);
#7816 = DEFINITIONAL_REPRESENTATION('',(#7817),#7821);
#7817 = LINE('',#7818,#7819);
#7818 = CARTESIAN_POINT('',(1.,0.));
#7819 = VECTOR('',#7820,1.);
#7820 = DIRECTION('',(0.,-1.));
#7821 = ( GEOMETRIC_REPRESENTATION_CONTEXT(2) 
PARAMETRIC_REPRESENTATION_CONTEXT() REPRESENTATION_CONTEXT('2D SPACE',''
  ) );
#7822 = PCURVE('',#2236,#7823);
#7823 = DEFINITIONAL_REPRESENTATION('',(#7824),#7828);
#7824 = LINE('',#7825,#7826);
#7825 = CARTESIAN_POINT('',(0.,0.));
#7826 = VECTOR('',#7827,1.);
#7827 = DIRECTION('',(0.,-1.));
#7828 = ( GEOMETRIC_REPRESENTATION_CONTEXT(2) 
PARAMETRIC_REPRESENTATION_CONTEXT() REPRESENTATION_CONTEXT('2D SPACE',''
  ) );
#7829 = ADVANCED_FACE('',(#7830),#2236,.F.);
#7830 = FACE_BOUND('',#7831,.F.);
#7831 = EDGE_LOOP('',(#7832,#7855,#7856,#7857));
#7832 = ORIENTED_EDGE('',*,*,#7833,.F.);
#7833 = EDGE_CURVE('',#7760,#7834,#7836,.T.);
#7834 = VERTEX_POINT('',#7835);
#7835 = CARTESIAN_POINT('',(10.1708984375,12.256591796875,3.4));
#7836 = SURFACE_CURVE('',#7837,(#7841,#7848),.PCURVE_S1.);
#7837 = B_SPLINE_CURVE_WITH_KNOTS('',2,(#7838,#7839,#7840),
  .UNSPECIFIED.,.F.,.F.,(3,3),(0.,1.),.PIECEWISE_BEZIER_KNOTS.);
#7838 = CARTESIAN_POINT('',(10.423583984375,12.49462890625,3.4));
#7839 = CARTESIAN_POINT('',(10.337158203125,12.3408203125,3.4));
#7840 = CARTESIAN_POINT('',(10.1708984375,12.256591796875,3.4));
#7841 = PCURVE('',#2236,#7842);
#7842 = DEFINITIONAL_REPRESENTATION('',(#7843),#7847);
#7843 = LINE('',#7844,#7845);
#7844 = CARTESIAN_POINT('',(0.,0.));
#7845 = VECTOR('',#7846,1.);
#7846 = DIRECTION('',(1.,0.));
#7847 = ( GEOMETRIC_REPRESENTATION_CONTEXT(2) 
PARAMETRIC_REPRESENTATION_CONTEXT() REPRESENTATION_CONTEXT('2D SPACE',''
  ) );
#7848 = PCURVE('',#7775,#7849);
#7849 = DEFINITIONAL_REPRESENTATION('',(#7850),#7854);
#7850 = B_SPLINE_CURVE_WITH_KNOTS('',2,(#7851,#7852,#7853),
  .UNSPECIFIED.,.F.,.F.,(3,3),(0.,1.),.PIECEWISE_BEZIER_KNOTS.);
#7851 = CARTESIAN_POINT('',(1.5234375,0.29296875));
#7852 = CARTESIAN_POINT('',(1.43701171875,0.13916015625));
#7853 = CARTESIAN_POINT('',(1.270751953125,5.4931640625E-02));
#7854 = ( GEOMETRIC_REPRESENTATION_CONTEXT(2) 
PARAMETRIC_REPRESENTATION_CONTEXT() REPRESENTATION_CONTEXT('2D SPACE',''
  ) );
#7855 = ORIENTED_EDGE('',*,*,#7809,.T.);
#7856 = ORIENTED_EDGE('',*,*,#2206,.F.);
#7857 = ORIENTED_EDGE('',*,*,#7858,.F.);
#7858 = EDGE_CURVE('',#7834,#2207,#7859,.T.);
#7859 = SURFACE_CURVE('',#7860,(#7864,#7871),.PCURVE_S1.);
#7860 = LINE('',#7861,#7862);
#7861 = CARTESIAN_POINT('',(10.1708984375,12.256591796875,3.4));
#7862 = VECTOR('',#7863,1.);
#7863 = DIRECTION('',(0.,0.,1.));
#7864 = PCURVE('',#2236,#7865);
#7865 = DEFINITIONAL_REPRESENTATION('',(#7866),#7870);
#7866 = LINE('',#7867,#7868);
#7867 = CARTESIAN_POINT('',(1.,0.));
#7868 = VECTOR('',#7869,1.);
#7869 = DIRECTION('',(0.,-1.));
#7870 = ( GEOMETRIC_REPRESENTATION_CONTEXT(2) 
PARAMETRIC_REPRESENTATION_CONTEXT() REPRESENTATION_CONTEXT('2D SPACE',''
  ) );
#7871 = PCURVE('',#2279,#7872);
#7872 = DEFINITIONAL_REPRESENTATION('',(#7873),#7877);
#7873 = LINE('',#7874,#7875);
#7874 = CARTESIAN_POINT('',(0.,0.));
#7875 = VECTOR('',#7876,1.);
#7876 = DIRECTION('',(0.,-1.));
#7877 = ( GEOMETRIC_REPRESENTATION_CONTEXT(2) 
PARAMETRIC_REPRESENTATION_CONTEXT() REPRESENTATION_CONTEXT('2D SPACE',''
  ) );
#7878 = ADVANCED_FACE('',(#7879),#3040,.F.);
#7879 = FACE_BOUND('',#7880,.F.);
#7880 = EDGE_LOOP('',(#7881,#7904,#7925,#7926));
#7881 = ORIENTED_EDGE('',*,*,#7882,.F.);
#7882 = EDGE_CURVE('',#7883,#7758,#7885,.T.);
#7883 = VERTEX_POINT('',#7884);
#7884 = CARTESIAN_POINT('',(10.326171875,13.302490234375,3.4));
#7885 = SURFACE_CURVE('',#7886,(#7890,#7897),.PCURVE_S1.);
#7886 = B_SPLINE_CURVE_WITH_KNOTS('',2,(#7887,#7888,#7889),
  .UNSPECIFIED.,.F.,.F.,(3,3),(0.,1.),.PIECEWISE_BEZIER_KNOTS.);
#7887 = CARTESIAN_POINT('',(10.326171875,13.302490234375,3.4));
#7888 = CARTESIAN_POINT('',(10.510009765625,13.13037109375,3.4));
#7889 = CARTESIAN_POINT('',(10.510009765625,12.85205078125,3.4));
#7890 = PCURVE('',#3040,#7891);
#7891 = DEFINITIONAL_REPRESENTATION('',(#7892),#7896);
#7892 = LINE('',#7893,#7894);
#7893 = CARTESIAN_POINT('',(0.,0.));
#7894 = VECTOR('',#7895,1.);
#7895 = DIRECTION('',(1.,0.));
#7896 = ( GEOMETRIC_REPRESENTATION_CONTEXT(2) 
PARAMETRIC_REPRESENTATION_CONTEXT() REPRESENTATION_CONTEXT('2D SPACE',''
  ) );
#7897 = PCURVE('',#7775,#7898);
#7898 = DEFINITIONAL_REPRESENTATION('',(#7899),#7903);
#7899 = B_SPLINE_CURVE_WITH_KNOTS('',2,(#7900,#7901,#7902),
  .UNSPECIFIED.,.F.,.F.,(3,3),(0.,1.),.PIECEWISE_BEZIER_KNOTS.);
#7900 = CARTESIAN_POINT('',(1.426025390625,1.100830078125));
#7901 = CARTESIAN_POINT('',(1.60986328125,0.9287109375));
#7902 = CARTESIAN_POINT('',(1.60986328125,0.650390625));
#7903 = ( GEOMETRIC_REPRESENTATION_CONTEXT(2) 
PARAMETRIC_REPRESENTATION_CONTEXT() REPRESENTATION_CONTEXT('2D SPACE',''
  ) );
#7904 = ORIENTED_EDGE('',*,*,#7905,.T.);
#7905 = EDGE_CURVE('',#7883,#2962,#7906,.T.);
#7906 = SURFACE_CURVE('',#7907,(#7911,#7918),.PCURVE_S1.);
#7907 = LINE('',#7908,#7909);
#7908 = CARTESIAN_POINT('',(10.326171875,13.302490234375,3.4));
#7909 = VECTOR('',#7910,1.);
#7910 = DIRECTION('',(0.,0.,1.));
#7911 = PCURVE('',#3040,#7912);
#7912 = DEFINITIONAL_REPRESENTATION('',(#7913),#7917);
#7913 = LINE('',#7914,#7915);
#7914 = CARTESIAN_POINT('',(0.,0.));
#7915 = VECTOR('',#7916,1.);
#7916 = DIRECTION('',(0.,-1.));
#7917 = ( GEOMETRIC_REPRESENTATION_CONTEXT(2) 
PARAMETRIC_REPRESENTATION_CONTEXT() REPRESENTATION_CONTEXT('2D SPACE',''
  ) );
#7918 = PCURVE('',#2991,#7919);
#7919 = DEFINITIONAL_REPRESENTATION('',(#7920),#7924);
#7920 = LINE('',#7921,#7922);
#7921 = CARTESIAN_POINT('',(1.,0.));
#7922 = VECTOR('',#7923,1.);
#7923 = DIRECTION('',(0.,-1.));
#7924 = ( GEOMETRIC_REPRESENTATION_CONTEXT(2) 
PARAMETRIC_REPRESENTATION_CONTEXT() REPRESENTATION_CONTEXT('2D SPACE',''
  ) );
#7925 = ORIENTED_EDGE('',*,*,#3012,.F.);
#7926 = ORIENTED_EDGE('',*,*,#7787,.F.);
#7927 = ADVANCED_FACE('',(#7928),#2279,.F.);
#7928 = FACE_BOUND('',#7929,.F.);
#7929 = EDGE_LOOP('',(#7930,#7953,#7954,#7955));
#7930 = ORIENTED_EDGE('',*,*,#7931,.F.);
#7931 = EDGE_CURVE('',#7834,#7932,#7934,.T.);
#7932 = VERTEX_POINT('',#7933);
#7933 = CARTESIAN_POINT('',(9.777587890625,12.17236328125,3.4));
#7934 = SURFACE_CURVE('',#7935,(#7939,#7946),.PCURVE_S1.);
#7935 = B_SPLINE_CURVE_WITH_KNOTS('',2,(#7936,#7937,#7938),
  .UNSPECIFIED.,.F.,.F.,(3,3),(0.,1.),.PIECEWISE_BEZIER_KNOTS.);
#7936 = CARTESIAN_POINT('',(10.1708984375,12.256591796875,3.4));
#7937 = CARTESIAN_POINT('',(10.004638671875,12.17236328125,3.4));
#7938 = CARTESIAN_POINT('',(9.777587890625,12.17236328125,3.4));
#7939 = PCURVE('',#2279,#7940);
#7940 = DEFINITIONAL_REPRESENTATION('',(#7941),#7945);
#7941 = LINE('',#7942,#7943);
#7942 = CARTESIAN_POINT('',(0.,0.));
#7943 = VECTOR('',#7944,1.);
#7944 = DIRECTION('',(1.,0.));
#7945 = ( GEOMETRIC_REPRESENTATION_CONTEXT(2) 
PARAMETRIC_REPRESENTATION_CONTEXT() REPRESENTATION_CONTEXT('2D SPACE',''
  ) );
#7946 = PCURVE('',#7775,#7947);
#7947 = DEFINITIONAL_REPRESENTATION('',(#7948),#7952);
#7948 = B_SPLINE_CURVE_WITH_KNOTS('',2,(#7949,#7950,#7951),
  .UNSPECIFIED.,.F.,.F.,(3,3),(0.,1.),.PIECEWISE_BEZIER_KNOTS.);
#7949 = CARTESIAN_POINT('',(1.270751953125,5.4931640625E-02));
#7950 = CARTESIAN_POINT('',(1.1044921875,-2.9296875E-02));
#7951 = CARTESIAN_POINT('',(0.87744140625,-2.9296875E-02));
#7952 = ( GEOMETRIC_REPRESENTATION_CONTEXT(2) 
PARAMETRIC_REPRESENTATION_CONTEXT() REPRESENTATION_CONTEXT('2D SPACE',''
  ) );
#7953 = ORIENTED_EDGE('',*,*,#7858,.T.);
#7954 = ORIENTED_EDGE('',*,*,#2257,.F.);
#7955 = ORIENTED_EDGE('',*,*,#7956,.F.);
#7956 = EDGE_CURVE('',#7932,#2258,#7957,.T.);
#7957 = SURFACE_CURVE('',#7958,(#7962,#7969),.PCURVE_S1.);
#7958 = LINE('',#7959,#7960);
#7959 = CARTESIAN_POINT('',(9.777587890625,12.17236328125,3.4));
#7960 = VECTOR('',#7961,1.);
#7961 = DIRECTION('',(0.,0.,1.));
#7962 = PCURVE('',#2279,#7963);
#7963 = DEFINITIONAL_REPRESENTATION('',(#7964),#7968);
#7964 = LINE('',#7965,#7966);
#7965 = CARTESIAN_POINT('',(1.,0.));
#7966 = VECTOR('',#7967,1.);
#7967 = DIRECTION('',(0.,-1.));
#7968 = ( GEOMETRIC_REPRESENTATION_CONTEXT(2) 
PARAMETRIC_REPRESENTATION_CONTEXT() REPRESENTATION_CONTEXT('2D SPACE',''
  ) );
#7969 = PCURVE('',#2320,#7970);
#7970 = DEFINITIONAL_REPRESENTATION('',(#7971),#7975);
#7971 = LINE('',#7972,#7973);
#7972 = CARTESIAN_POINT('',(0.,0.));
#7973 = VECTOR('',#7974,1.);
#7974 = DIRECTION('',(0.,-1.));
#7975 = ( GEOMETRIC_REPRESENTATION_CONTEXT(2) 
PARAMETRIC_REPRESENTATION_CONTEXT() REPRESENTATION_CONTEXT('2D SPACE',''
  ) );
#7976 = ADVANCED_FACE('',(#7977),#2991,.F.);
#7977 = FACE_BOUND('',#7978,.F.);
#7978 = EDGE_LOOP('',(#7979,#8002,#8023,#8024));
#7979 = ORIENTED_EDGE('',*,*,#7980,.F.);
#7980 = EDGE_CURVE('',#7981,#7883,#7983,.T.);
#7981 = VERTEX_POINT('',#7982);
#7982 = CARTESIAN_POINT('',(9.843505859375,13.474609375,3.4));
#7983 = SURFACE_CURVE('',#7984,(#7988,#7995),.PCURVE_S1.);
#7984 = B_SPLINE_CURVE_WITH_KNOTS('',2,(#7985,#7986,#7987),
  .UNSPECIFIED.,.F.,.F.,(3,3),(0.,1.),.PIECEWISE_BEZIER_KNOTS.);
#7985 = CARTESIAN_POINT('',(9.843505859375,13.474609375,3.4));
#7986 = CARTESIAN_POINT('',(10.142333984375,13.474609375,3.4));
#7987 = CARTESIAN_POINT('',(10.326171875,13.302490234375,3.4));
#7988 = PCURVE('',#2991,#7989);
#7989 = DEFINITIONAL_REPRESENTATION('',(#7990),#7994);
#7990 = LINE('',#7991,#7992);
#7991 = CARTESIAN_POINT('',(0.,0.));
#7992 = VECTOR('',#7993,1.);
#7993 = DIRECTION('',(1.,0.));
#7994 = ( GEOMETRIC_REPRESENTATION_CONTEXT(2) 
PARAMETRIC_REPRESENTATION_CONTEXT() REPRESENTATION_CONTEXT('2D SPACE',''
  ) );
#7995 = PCURVE('',#7775,#7996);
#7996 = DEFINITIONAL_REPRESENTATION('',(#7997),#8001);
#7997 = B_SPLINE_CURVE_WITH_KNOTS('',2,(#7998,#7999,#8000),
  .UNSPECIFIED.,.F.,.F.,(3,3),(0.,1.),.PIECEWISE_BEZIER_KNOTS.);
#7998 = CARTESIAN_POINT('',(0.943359375,1.27294921875));
#7999 = CARTESIAN_POINT('',(1.2421875,1.27294921875));
#8000 = CARTESIAN_POINT('',(1.426025390625,1.100830078125));
#8001 = ( GEOMETRIC_REPRESENTATION_CONTEXT(2) 
PARAMETRIC_REPRESENTATION_CONTEXT() REPRESENTATION_CONTEXT('2D SPACE',''
  ) );
#8002 = ORIENTED_EDGE('',*,*,#8003,.T.);
#8003 = EDGE_CURVE('',#7981,#2911,#8004,.T.);
#8004 = SURFACE_CURVE('',#8005,(#8009,#8016),.PCURVE_S1.);
#8005 = LINE('',#8006,#8007);
#8006 = CARTESIAN_POINT('',(9.843505859375,13.474609375,3.4));
#8007 = VECTOR('',#8008,1.);
#8008 = DIRECTION('',(0.,0.,1.));
#8009 = PCURVE('',#2991,#8010);
#8010 = DEFINITIONAL_REPRESENTATION('',(#8011),#8015);
#8011 = LINE('',#8012,#8013);
#8012 = CARTESIAN_POINT('',(0.,0.));
#8013 = VECTOR('',#8014,1.);
#8014 = DIRECTION('',(0.,-1.));
#8015 = ( GEOMETRIC_REPRESENTATION_CONTEXT(2) 
PARAMETRIC_REPRESENTATION_CONTEXT() REPRESENTATION_CONTEXT('2D SPACE',''
  ) );
#8016 = PCURVE('',#2940,#8017);
#8017 = DEFINITIONAL_REPRESENTATION('',(#8018),#8022);
#8018 = LINE('',#8019,#8020);
#8019 = CARTESIAN_POINT('',(1.,0.));
#8020 = VECTOR('',#8021,1.);
#8021 = DIRECTION('',(0.,-1.));
#8022 = ( GEOMETRIC_REPRESENTATION_CONTEXT(2) 
PARAMETRIC_REPRESENTATION_CONTEXT() REPRESENTATION_CONTEXT('2D SPACE',''
  ) );
#8023 = ORIENTED_EDGE('',*,*,#2961,.F.);
#8024 = ORIENTED_EDGE('',*,*,#7905,.F.);
#8025 = ADVANCED_FACE('',(#8026),#2320,.F.);
#8026 = FACE_BOUND('',#8027,.F.);
#8027 = EDGE_LOOP('',(#8028,#8051,#8052,#8053));
#8028 = ORIENTED_EDGE('',*,*,#8029,.F.);
#8029 = EDGE_CURVE('',#7932,#8030,#8032,.T.);
#8030 = VERTEX_POINT('',#8031);
#8031 = CARTESIAN_POINT('',(9.311767578125,12.29833984375,3.4));
#8032 = SURFACE_CURVE('',#8033,(#8037,#8044),.PCURVE_S1.);
#8033 = B_SPLINE_CURVE_WITH_KNOTS('',2,(#8034,#8035,#8036),
  .UNSPECIFIED.,.F.,.F.,(3,3),(0.,1.),.PIECEWISE_BEZIER_KNOTS.);
#8034 = CARTESIAN_POINT('',(9.777587890625,12.17236328125,3.4));
#8035 = CARTESIAN_POINT('',(9.489013671875,12.17236328125,3.4));
#8036 = CARTESIAN_POINT('',(9.311767578125,12.29833984375,3.4));
#8037 = PCURVE('',#2320,#8038);
#8038 = DEFINITIONAL_REPRESENTATION('',(#8039),#8043);
#8039 = LINE('',#8040,#8041);
#8040 = CARTESIAN_POINT('',(0.,0.));
#8041 = VECTOR('',#8042,1.);
#8042 = DIRECTION('',(1.,0.));
#8043 = ( GEOMETRIC_REPRESENTATION_CONTEXT(2) 
PARAMETRIC_REPRESENTATION_CONTEXT() REPRESENTATION_CONTEXT('2D SPACE',''
  ) );
#8044 = PCURVE('',#7775,#8045);
#8045 = DEFINITIONAL_REPRESENTATION('',(#8046),#8050);
#8046 = B_SPLINE_CURVE_WITH_KNOTS('',2,(#8047,#8048,#8049),
  .UNSPECIFIED.,.F.,.F.,(3,3),(0.,1.),.PIECEWISE_BEZIER_KNOTS.);
#8047 = CARTESIAN_POINT('',(0.87744140625,-2.9296875E-02));
#8048 = CARTESIAN_POINT('',(0.5888671875,-2.9296875E-02));
#8049 = CARTESIAN_POINT('',(0.41162109375,9.66796875E-02));
#8050 = ( GEOMETRIC_REPRESENTATION_CONTEXT(2) 
PARAMETRIC_REPRESENTATION_CONTEXT() REPRESENTATION_CONTEXT('2D SPACE',''
  ) );
#8051 = ORIENTED_EDGE('',*,*,#7956,.T.);
#8052 = ORIENTED_EDGE('',*,*,#2296,.F.);
#8053 = ORIENTED_EDGE('',*,*,#8054,.F.);
#8054 = EDGE_CURVE('',#8030,#2297,#8055,.T.);
#8055 = SURFACE_CURVE('',#8056,(#8060,#8067),.PCURVE_S1.);
#8056 = LINE('',#8057,#8058);
#8057 = CARTESIAN_POINT('',(9.311767578125,12.29833984375,3.4));
#8058 = VECTOR('',#8059,1.);
#8059 = DIRECTION('',(0.,0.,1.));
#8060 = PCURVE('',#2320,#8061);
#8061 = DEFINITIONAL_REPRESENTATION('',(#8062),#8066);
#8062 = LINE('',#8063,#8064);
#8063 = CARTESIAN_POINT('',(1.,0.));
#8064 = VECTOR('',#8065,1.);
#8065 = DIRECTION('',(0.,-1.));
#8066 = ( GEOMETRIC_REPRESENTATION_CONTEXT(2) 
PARAMETRIC_REPRESENTATION_CONTEXT() REPRESENTATION_CONTEXT('2D SPACE',''
  ) );
#8067 = PCURVE('',#2368,#8068);
#8068 = DEFINITIONAL_REPRESENTATION('',(#8069),#8073);
#8069 = LINE('',#8070,#8071);
#8070 = CARTESIAN_POINT('',(0.,0.));
#8071 = VECTOR('',#8072,1.);
#8072 = DIRECTION('',(0.,-1.));
#8073 = ( GEOMETRIC_REPRESENTATION_CONTEXT(2) 
PARAMETRIC_REPRESENTATION_CONTEXT() REPRESENTATION_CONTEXT('2D SPACE',''
  ) );
#8074 = ADVANCED_FACE('',(#8075),#2940,.F.);
#8075 = FACE_BOUND('',#8076,.F.);
#8076 = EDGE_LOOP('',(#8077,#8100,#8121,#8122));
#8077 = ORIENTED_EDGE('',*,*,#8078,.F.);
#8078 = EDGE_CURVE('',#8079,#7981,#8081,.T.);
#8079 = VERTEX_POINT('',#8080);
#8080 = CARTESIAN_POINT('',(9.417236328125,13.3427734375,3.4));
#8081 = SURFACE_CURVE('',#8082,(#8086,#8093),.PCURVE_S1.);
#8082 = B_SPLINE_CURVE_WITH_KNOTS('',2,(#8083,#8084,#8085),
  .UNSPECIFIED.,.F.,.F.,(3,3),(0.,1.),.PIECEWISE_BEZIER_KNOTS.);
#8083 = CARTESIAN_POINT('',(9.417236328125,13.3427734375,3.4));
#8084 = CARTESIAN_POINT('',(9.588623046875,13.474609375,3.4));
#8085 = CARTESIAN_POINT('',(9.843505859375,13.474609375,3.4));
#8086 = PCURVE('',#2940,#8087);
#8087 = DEFINITIONAL_REPRESENTATION('',(#8088),#8092);
#8088 = LINE('',#8089,#8090);
#8089 = CARTESIAN_POINT('',(0.,0.));
#8090 = VECTOR('',#8091,1.);
#8091 = DIRECTION('',(1.,0.));
#8092 = ( GEOMETRIC_REPRESENTATION_CONTEXT(2) 
PARAMETRIC_REPRESENTATION_CONTEXT() REPRESENTATION_CONTEXT('2D SPACE',''
  ) );
#8093 = PCURVE('',#7775,#8094);
#8094 = DEFINITIONAL_REPRESENTATION('',(#8095),#8099);
#8095 = B_SPLINE_CURVE_WITH_KNOTS('',2,(#8096,#8097,#8098),
  .UNSPECIFIED.,.F.,.F.,(3,3),(0.,1.),.PIECEWISE_BEZIER_KNOTS.);
#8096 = CARTESIAN_POINT('',(0.51708984375,1.14111328125));
#8097 = CARTESIAN_POINT('',(0.6884765625,1.27294921875));
#8098 = CARTESIAN_POINT('',(0.943359375,1.27294921875));
#8099 = ( GEOMETRIC_REPRESENTATION_CONTEXT(2) 
PARAMETRIC_REPRESENTATION_CONTEXT() REPRESENTATION_CONTEXT('2D SPACE',''
  ) );
#8100 = ORIENTED_EDGE('',*,*,#8101,.T.);
#8101 = EDGE_CURVE('',#8079,#2885,#8102,.T.);
#8102 = SURFACE_CURVE('',#8103,(#8107,#8114),.PCURVE_S1.);
#8103 = LINE('',#8104,#8105);
#8104 = CARTESIAN_POINT('',(9.417236328125,13.3427734375,3.4));
#8105 = VECTOR('',#8106,1.);
#8106 = DIRECTION('',(0.,0.,1.));
#8107 = PCURVE('',#2940,#8108);
#8108 = DEFINITIONAL_REPRESENTATION('',(#8109),#8113);
#8109 = LINE('',#8110,#8111);
#8110 = CARTESIAN_POINT('',(0.,0.));
#8111 = VECTOR('',#8112,1.);
#8112 = DIRECTION('',(0.,-1.));
#8113 = ( GEOMETRIC_REPRESENTATION_CONTEXT(2) 
PARAMETRIC_REPRESENTATION_CONTEXT() REPRESENTATION_CONTEXT('2D SPACE',''
  ) );
#8114 = PCURVE('',#2899,#8115);
#8115 = DEFINITIONAL_REPRESENTATION('',(#8116),#8120);
#8116 = LINE('',#8117,#8118);
#8117 = CARTESIAN_POINT('',(0.624006244261,0.));
#8118 = VECTOR('',#8119,1.);
#8119 = DIRECTION('',(0.,-1.));
#8120 = ( GEOMETRIC_REPRESENTATION_CONTEXT(2) 
PARAMETRIC_REPRESENTATION_CONTEXT() REPRESENTATION_CONTEXT('2D SPACE',''
  ) );
#8121 = ORIENTED_EDGE('',*,*,#2910,.F.);
#8122 = ORIENTED_EDGE('',*,*,#8003,.F.);
#8123 = ADVANCED_FACE('',(#8124),#2368,.F.);
#8124 = FACE_BOUND('',#8125,.F.);
#8125 = EDGE_LOOP('',(#8126,#8149,#8150,#8151));
#8126 = ORIENTED_EDGE('',*,*,#8127,.F.);
#8127 = EDGE_CURVE('',#8030,#8128,#8130,.T.);
#8128 = VERTEX_POINT('',#8129);
#8129 = CARTESIAN_POINT('',(9.087646484375,12.6630859375,3.4));
#8130 = SURFACE_CURVE('',#8131,(#8135,#8142),.PCURVE_S1.);
#8131 = B_SPLINE_CURVE_WITH_KNOTS('',2,(#8132,#8133,#8134),
  .UNSPECIFIED.,.F.,.F.,(3,3),(0.,1.),.PIECEWISE_BEZIER_KNOTS.);
#8132 = CARTESIAN_POINT('',(9.311767578125,12.29833984375,3.4));
#8133 = CARTESIAN_POINT('',(9.134521484375,12.42431640625,3.4));
#8134 = CARTESIAN_POINT('',(9.087646484375,12.6630859375,3.4));
#8135 = PCURVE('',#2368,#8136);
#8136 = DEFINITIONAL_REPRESENTATION('',(#8137),#8141);
#8137 = LINE('',#8138,#8139);
#8138 = CARTESIAN_POINT('',(0.,0.));
#8139 = VECTOR('',#8140,1.);
#8140 = DIRECTION('',(1.,0.));
#8141 = ( GEOMETRIC_REPRESENTATION_CONTEXT(2) 
PARAMETRIC_REPRESENTATION_CONTEXT() REPRESENTATION_CONTEXT('2D SPACE',''
  ) );
#8142 = PCURVE('',#7775,#8143);
#8143 = DEFINITIONAL_REPRESENTATION('',(#8144),#8148);
#8144 = B_SPLINE_CURVE_WITH_KNOTS('',2,(#8145,#8146,#8147),
  .UNSPECIFIED.,.F.,.F.,(3,3),(0.,1.),.PIECEWISE_BEZIER_KNOTS.);
#8145 = CARTESIAN_POINT('',(0.41162109375,9.66796875E-02));
#8146 = CARTESIAN_POINT('',(0.234375,0.22265625));
#8147 = CARTESIAN_POINT('',(0.1875,0.46142578125));
#8148 = ( GEOMETRIC_REPRESENTATION_CONTEXT(2) 
PARAMETRIC_REPRESENTATION_CONTEXT() REPRESENTATION_CONTEXT('2D SPACE',''
  ) );
#8149 = ORIENTED_EDGE('',*,*,#8054,.T.);
#8150 = ORIENTED_EDGE('',*,*,#2338,.F.);
#8151 = ORIENTED_EDGE('',*,*,#8152,.F.);
#8152 = EDGE_CURVE('',#8128,#2339,#8153,.T.);
#8153 = SURFACE_CURVE('',#8154,(#8158,#8165),.PCURVE_S1.);
#8154 = LINE('',#8155,#8156);
#8155 = CARTESIAN_POINT('',(9.087646484375,12.6630859375,3.4));
#8156 = VECTOR('',#8157,1.);
#8157 = DIRECTION('',(0.,0.,1.));
#8158 = PCURVE('',#2368,#8159);
#8159 = DEFINITIONAL_REPRESENTATION('',(#8160),#8164);
#8160 = LINE('',#8161,#8162);
#8161 = CARTESIAN_POINT('',(1.,0.));
#8162 = VECTOR('',#8163,1.);
#8163 = DIRECTION('',(0.,-1.));
#8164 = ( GEOMETRIC_REPRESENTATION_CONTEXT(2) 
PARAMETRIC_REPRESENTATION_CONTEXT() REPRESENTATION_CONTEXT('2D SPACE',''
  ) );
#8165 = PCURVE('',#2404,#8166);
#8166 = DEFINITIONAL_REPRESENTATION('',(#8167),#8171);
#8167 = LINE('',#8168,#8169);
#8168 = CARTESIAN_POINT('',(0.,0.));
#8169 = VECTOR('',#8170,1.);
#8170 = DIRECTION('',(0.,-1.));
#8171 = ( GEOMETRIC_REPRESENTATION_CONTEXT(2) 
PARAMETRIC_REPRESENTATION_CONTEXT() REPRESENTATION_CONTEXT('2D SPACE',''
  ) );
#8172 = ADVANCED_FACE('',(#8173),#2899,.F.);
#8173 = FACE_BOUND('',#8174,.F.);
#8174 = EDGE_LOOP('',(#8175,#8198,#8219,#8220));
#8175 = ORIENTED_EDGE('',*,*,#8176,.F.);
#8176 = EDGE_CURVE('',#8177,#8079,#8179,.T.);
#8177 = VERTEX_POINT('',#8178);
#8178 = CARTESIAN_POINT('',(9.459716796875,13.96533203125,3.4));
#8179 = SURFACE_CURVE('',#8180,(#8184,#8191),.PCURVE_S1.);
#8180 = LINE('',#8181,#8182);
#8181 = CARTESIAN_POINT('',(9.459716796875,13.96533203125,3.4));
#8182 = VECTOR('',#8183,1.);
#8183 = DIRECTION('',(-6.807699304401E-02,-0.997680070473,0.));
#8184 = PCURVE('',#2899,#8185);
#8185 = DEFINITIONAL_REPRESENTATION('',(#8186),#8190);
#8186 = LINE('',#8187,#8188);
#8187 = CARTESIAN_POINT('',(0.,0.));
#8188 = VECTOR('',#8189,1.);
#8189 = DIRECTION('',(1.,0.));
#8190 = ( GEOMETRIC_REPRESENTATION_CONTEXT(2) 
PARAMETRIC_REPRESENTATION_CONTEXT() REPRESENTATION_CONTEXT('2D SPACE',''
  ) );
#8191 = PCURVE('',#7775,#8192);
#8192 = DEFINITIONAL_REPRESENTATION('',(#8193),#8197);
#8193 = LINE('',#8194,#8195);
#8194 = CARTESIAN_POINT('',(0.5595703125,1.763671875));
#8195 = VECTOR('',#8196,1.);
#8196 = DIRECTION('',(-6.807699304401E-02,-0.997680070473));
#8197 = ( GEOMETRIC_REPRESENTATION_CONTEXT(2) 
PARAMETRIC_REPRESENTATION_CONTEXT() REPRESENTATION_CONTEXT('2D SPACE',''
  ) );
#8198 = ORIENTED_EDGE('',*,*,#8199,.T.);
#8199 = EDGE_CURVE('',#8177,#2859,#8200,.T.);
#8200 = SURFACE_CURVE('',#8201,(#8205,#8212),.PCURVE_S1.);
#8201 = LINE('',#8202,#8203);
#8202 = CARTESIAN_POINT('',(9.459716796875,13.96533203125,3.4));
#8203 = VECTOR('',#8204,1.);
#8204 = DIRECTION('',(0.,0.,1.));
#8205 = PCURVE('',#2899,#8206);
#8206 = DEFINITIONAL_REPRESENTATION('',(#8207),#8211);
#8207 = LINE('',#8208,#8209);
#8208 = CARTESIAN_POINT('',(0.,0.));
#8209 = VECTOR('',#8210,1.);
#8210 = DIRECTION('',(0.,-1.));
#8211 = ( GEOMETRIC_REPRESENTATION_CONTEXT(2) 
PARAMETRIC_REPRESENTATION_CONTEXT() REPRESENTATION_CONTEXT('2D SPACE',''
  ) );
#8212 = PCURVE('',#2873,#8213);
#8213 = DEFINITIONAL_REPRESENTATION('',(#8214),#8218);
#8214 = LINE('',#8215,#8216);
#8215 = CARTESIAN_POINT('',(0.93017578125,0.));
#8216 = VECTOR('',#8217,1.);
#8217 = DIRECTION('',(0.,-1.));
#8218 = ( GEOMETRIC_REPRESENTATION_CONTEXT(2) 
PARAMETRIC_REPRESENTATION_CONTEXT() REPRESENTATION_CONTEXT('2D SPACE',''
  ) );
#8219 = ORIENTED_EDGE('',*,*,#2884,.F.);
#8220 = ORIENTED_EDGE('',*,*,#8101,.F.);
#8221 = ADVANCED_FACE('',(#8222),#2404,.F.);
#8222 = FACE_BOUND('',#8223,.F.);
#8223 = EDGE_LOOP('',(#8224,#8247,#8248,#8249));
#8224 = ORIENTED_EDGE('',*,*,#8225,.F.);
#8225 = EDGE_CURVE('',#8128,#8226,#8228,.T.);
#8226 = VERTEX_POINT('',#8227);
#8227 = CARTESIAN_POINT('',(9.354248046875,12.69384765625,3.4));
#8228 = SURFACE_CURVE('',#8229,(#8233,#8240),.PCURVE_S1.);
#8229 = LINE('',#8230,#8231);
#8230 = CARTESIAN_POINT('',(9.087646484375,12.6630859375,3.4));
#8231 = VECTOR('',#8232,1.);
#8232 = DIRECTION('',(0.993408935871,0.114624107985,0.));
#8233 = PCURVE('',#2404,#8234);
#8234 = DEFINITIONAL_REPRESENTATION('',(#8235),#8239);
#8235 = LINE('',#8236,#8237);
#8236 = CARTESIAN_POINT('',(0.,0.));
#8237 = VECTOR('',#8238,1.);
#8238 = DIRECTION('',(1.,0.));
#8239 = ( GEOMETRIC_REPRESENTATION_CONTEXT(2) 
PARAMETRIC_REPRESENTATION_CONTEXT() REPRESENTATION_CONTEXT('2D SPACE',''
  ) );
#8240 = PCURVE('',#7775,#8241);
#8241 = DEFINITIONAL_REPRESENTATION('',(#8242),#8246);
#8242 = LINE('',#8243,#8244);
#8243 = CARTESIAN_POINT('',(0.1875,0.46142578125));
#8244 = VECTOR('',#8245,1.);
#8245 = DIRECTION('',(0.993408935871,0.114624107985));
#8246 = ( GEOMETRIC_REPRESENTATION_CONTEXT(2) 
PARAMETRIC_REPRESENTATION_CONTEXT() REPRESENTATION_CONTEXT('2D SPACE',''
  ) );
#8247 = ORIENTED_EDGE('',*,*,#8152,.T.);
#8248 = ORIENTED_EDGE('',*,*,#2389,.F.);
#8249 = ORIENTED_EDGE('',*,*,#8250,.F.);
#8250 = EDGE_CURVE('',#8226,#2390,#8251,.T.);
#8251 = SURFACE_CURVE('',#8252,(#8256,#8263),.PCURVE_S1.);
#8252 = LINE('',#8253,#8254);
#8253 = CARTESIAN_POINT('',(9.354248046875,12.69384765625,3.4));
#8254 = VECTOR('',#8255,1.);
#8255 = DIRECTION('',(0.,0.,1.));
#8256 = PCURVE('',#2404,#8257);
#8257 = DEFINITIONAL_REPRESENTATION('',(#8258),#8262);
#8258 = LINE('',#8259,#8260);
#8259 = CARTESIAN_POINT('',(0.268370409077,0.));
#8260 = VECTOR('',#8261,1.);
#8261 = DIRECTION('',(0.,-1.));
#8262 = ( GEOMETRIC_REPRESENTATION_CONTEXT(2) 
PARAMETRIC_REPRESENTATION_CONTEXT() REPRESENTATION_CONTEXT('2D SPACE',''
  ) );
#8263 = PCURVE('',#2453,#8264);
#8264 = DEFINITIONAL_REPRESENTATION('',(#8265),#8269);
#8265 = LINE('',#8266,#8267);
#8266 = CARTESIAN_POINT('',(0.,0.));
#8267 = VECTOR('',#8268,1.);
#8268 = DIRECTION('',(0.,-1.));
#8269 = ( GEOMETRIC_REPRESENTATION_CONTEXT(2) 
PARAMETRIC_REPRESENTATION_CONTEXT() REPRESENTATION_CONTEXT('2D SPACE',''
  ) );
#8270 = ADVANCED_FACE('',(#8271),#2873,.F.);
#8271 = FACE_BOUND('',#8272,.F.);
#8272 = EDGE_LOOP('',(#8273,#8296,#8317,#8318));
#8273 = ORIENTED_EDGE('',*,*,#8274,.F.);
#8274 = EDGE_CURVE('',#8275,#8177,#8277,.T.);
#8275 = VERTEX_POINT('',#8276);
#8276 = CARTESIAN_POINT('',(10.389892578125,13.96533203125,3.4));
#8277 = SURFACE_CURVE('',#8278,(#8282,#8289),.PCURVE_S1.);
#8278 = LINE('',#8279,#8280);
#8279 = CARTESIAN_POINT('',(10.389892578125,13.96533203125,3.4));
#8280 = VECTOR('',#8281,1.);
#8281 = DIRECTION('',(-1.,0.,0.));
#8282 = PCURVE('',#2873,#8283);
#8283 = DEFINITIONAL_REPRESENTATION('',(#8284),#8288);
#8284 = LINE('',#8285,#8286);
#8285 = CARTESIAN_POINT('',(0.,-0.));
#8286 = VECTOR('',#8287,1.);
#8287 = DIRECTION('',(1.,0.));
#8288 = ( GEOMETRIC_REPRESENTATION_CONTEXT(2) 
PARAMETRIC_REPRESENTATION_CONTEXT() REPRESENTATION_CONTEXT('2D SPACE',''
  ) );
#8289 = PCURVE('',#7775,#8290);
#8290 = DEFINITIONAL_REPRESENTATION('',(#8291),#8295);
#8291 = LINE('',#8292,#8293);
#8292 = CARTESIAN_POINT('',(1.48974609375,1.763671875));
#8293 = VECTOR('',#8294,1.);
#8294 = DIRECTION('',(-1.,0.));
#8295 = ( GEOMETRIC_REPRESENTATION_CONTEXT(2) 
PARAMETRIC_REPRESENTATION_CONTEXT() REPRESENTATION_CONTEXT('2D SPACE',''
  ) );
#8296 = ORIENTED_EDGE('',*,*,#8297,.T.);
#8297 = EDGE_CURVE('',#8275,#2833,#8298,.T.);
#8298 = SURFACE_CURVE('',#8299,(#8303,#8310),.PCURVE_S1.);
#8299 = LINE('',#8300,#8301);
#8300 = CARTESIAN_POINT('',(10.389892578125,13.96533203125,3.4));
#8301 = VECTOR('',#8302,1.);
#8302 = DIRECTION('',(0.,0.,1.));
#8303 = PCURVE('',#2873,#8304);
#8304 = DEFINITIONAL_REPRESENTATION('',(#8305),#8309);
#8305 = LINE('',#8306,#8307);
#8306 = CARTESIAN_POINT('',(0.,-0.));
#8307 = VECTOR('',#8308,1.);
#8308 = DIRECTION('',(0.,-1.));
#8309 = ( GEOMETRIC_REPRESENTATION_CONTEXT(2) 
PARAMETRIC_REPRESENTATION_CONTEXT() REPRESENTATION_CONTEXT('2D SPACE',''
  ) );
#8310 = PCURVE('',#2847,#8311);
#8311 = DEFINITIONAL_REPRESENTATION('',(#8312),#8316);
#8312 = LINE('',#8313,#8314);
#8313 = CARTESIAN_POINT('',(0.21240234375,0.));
#8314 = VECTOR('',#8315,1.);
#8315 = DIRECTION('',(0.,-1.));
#8316 = ( GEOMETRIC_REPRESENTATION_CONTEXT(2) 
PARAMETRIC_REPRESENTATION_CONTEXT() REPRESENTATION_CONTEXT('2D SPACE',''
  ) );
#8317 = ORIENTED_EDGE('',*,*,#2858,.F.);
#8318 = ORIENTED_EDGE('',*,*,#8199,.F.);
#8319 = ADVANCED_FACE('',(#8320),#2453,.F.);
#8320 = FACE_BOUND('',#8321,.F.);
#8321 = EDGE_LOOP('',(#8322,#8345,#8346,#8347));
#8322 = ORIENTED_EDGE('',*,*,#8323,.F.);
#8323 = EDGE_CURVE('',#8226,#8324,#8326,.T.);
#8324 = VERTEX_POINT('',#8325);
#8325 = CARTESIAN_POINT('',(9.783447265625,12.3876953125,3.4));
#8326 = SURFACE_CURVE('',#8327,(#8331,#8338),.PCURVE_S1.);
#8327 = B_SPLINE_CURVE_WITH_KNOTS('',2,(#8328,#8329,#8330),
  .UNSPECIFIED.,.F.,.F.,(3,3),(0.,1.),.PIECEWISE_BEZIER_KNOTS.);
#8328 = CARTESIAN_POINT('',(9.354248046875,12.69384765625,3.4));
#8329 = CARTESIAN_POINT('',(9.437744140625,12.3876953125,3.4));
#8330 = CARTESIAN_POINT('',(9.783447265625,12.3876953125,3.4));
#8331 = PCURVE('',#2453,#8332);
#8332 = DEFINITIONAL_REPRESENTATION('',(#8333),#8337);
#8333 = LINE('',#8334,#8335);
#8334 = CARTESIAN_POINT('',(0.,0.));
#8335 = VECTOR('',#8336,1.);
#8336 = DIRECTION('',(1.,0.));
#8337 = ( GEOMETRIC_REPRESENTATION_CONTEXT(2) 
PARAMETRIC_REPRESENTATION_CONTEXT() REPRESENTATION_CONTEXT('2D SPACE',''
  ) );
#8338 = PCURVE('',#7775,#8339);
#8339 = DEFINITIONAL_REPRESENTATION('',(#8340),#8344);
#8340 = B_SPLINE_CURVE_WITH_KNOTS('',2,(#8341,#8342,#8343),
  .UNSPECIFIED.,.F.,.F.,(3,3),(0.,1.),.PIECEWISE_BEZIER_KNOTS.);
#8341 = CARTESIAN_POINT('',(0.4541015625,0.4921875));
#8342 = CARTESIAN_POINT('',(0.53759765625,0.18603515625));
#8343 = CARTESIAN_POINT('',(0.88330078125,0.18603515625));
#8344 = ( GEOMETRIC_REPRESENTATION_CONTEXT(2) 
PARAMETRIC_REPRESENTATION_CONTEXT() REPRESENTATION_CONTEXT('2D SPACE',''
  ) );
#8345 = ORIENTED_EDGE('',*,*,#8250,.T.);
#8346 = ORIENTED_EDGE('',*,*,#2415,.F.);
#8347 = ORIENTED_EDGE('',*,*,#8348,.F.);
#8348 = EDGE_CURVE('',#8324,#2416,#8349,.T.);
#8349 = SURFACE_CURVE('',#8350,(#8354,#8361),.PCURVE_S1.);
#8350 = LINE('',#8351,#8352);
#8351 = CARTESIAN_POINT('',(9.783447265625,12.3876953125,3.4));
#8352 = VECTOR('',#8353,1.);
#8353 = DIRECTION('',(0.,0.,1.));
#8354 = PCURVE('',#2453,#8355);
#8355 = DEFINITIONAL_REPRESENTATION('',(#8356),#8360);
#8356 = LINE('',#8357,#8358);
#8357 = CARTESIAN_POINT('',(1.,0.));
#8358 = VECTOR('',#8359,1.);
#8359 = DIRECTION('',(0.,-1.));
#8360 = ( GEOMETRIC_REPRESENTATION_CONTEXT(2) 
PARAMETRIC_REPRESENTATION_CONTEXT() REPRESENTATION_CONTEXT('2D SPACE',''
  ) );
#8361 = PCURVE('',#2508,#8362);
#8362 = DEFINITIONAL_REPRESENTATION('',(#8363),#8367);
#8363 = LINE('',#8364,#8365);
#8364 = CARTESIAN_POINT('',(0.,0.));
#8365 = VECTOR('',#8366,1.);
#8366 = DIRECTION('',(0.,-1.));
#8367 = ( GEOMETRIC_REPRESENTATION_CONTEXT(2) 
PARAMETRIC_REPRESENTATION_CONTEXT() REPRESENTATION_CONTEXT('2D SPACE',''
  ) );
#8368 = ADVANCED_FACE('',(#8369),#2847,.F.);
#8369 = FACE_BOUND('',#8370,.F.);
#8370 = EDGE_LOOP('',(#8371,#8394,#8415,#8416));
#8371 = ORIENTED_EDGE('',*,*,#8372,.F.);
#8372 = EDGE_CURVE('',#8373,#8275,#8375,.T.);
#8373 = VERTEX_POINT('',#8374);
#8374 = CARTESIAN_POINT('',(10.389892578125,14.177734375,3.4));
#8375 = SURFACE_CURVE('',#8376,(#8380,#8387),.PCURVE_S1.);
#8376 = LINE('',#8377,#8378);
#8377 = CARTESIAN_POINT('',(10.389892578125,14.177734375,3.4));
#8378 = VECTOR('',#8379,1.);
#8379 = DIRECTION('',(0.,-1.,0.));
#8380 = PCURVE('',#2847,#8381);
#8381 = DEFINITIONAL_REPRESENTATION('',(#8382),#8386);
#8382 = LINE('',#8383,#8384);
#8383 = CARTESIAN_POINT('',(0.,0.));
#8384 = VECTOR('',#8385,1.);
#8385 = DIRECTION('',(1.,0.));
#8386 = ( GEOMETRIC_REPRESENTATION_CONTEXT(2) 
PARAMETRIC_REPRESENTATION_CONTEXT() REPRESENTATION_CONTEXT('2D SPACE',''
  ) );
#8387 = PCURVE('',#7775,#8388);
#8388 = DEFINITIONAL_REPRESENTATION('',(#8389),#8393);
#8389 = LINE('',#8390,#8391);
#8390 = CARTESIAN_POINT('',(1.48974609375,1.97607421875));
#8391 = VECTOR('',#8392,1.);
#8392 = DIRECTION('',(0.,-1.));
#8393 = ( GEOMETRIC_REPRESENTATION_CONTEXT(2) 
PARAMETRIC_REPRESENTATION_CONTEXT() REPRESENTATION_CONTEXT('2D SPACE',''
  ) );
#8394 = ORIENTED_EDGE('',*,*,#8395,.T.);
#8395 = EDGE_CURVE('',#8373,#2807,#8396,.T.);
#8396 = SURFACE_CURVE('',#8397,(#8401,#8408),.PCURVE_S1.);
#8397 = LINE('',#8398,#8399);
#8398 = CARTESIAN_POINT('',(10.389892578125,14.177734375,3.4));
#8399 = VECTOR('',#8400,1.);
#8400 = DIRECTION('',(0.,0.,1.));
#8401 = PCURVE('',#2847,#8402);
#8402 = DEFINITIONAL_REPRESENTATION('',(#8403),#8407);
#8403 = LINE('',#8404,#8405);
#8404 = CARTESIAN_POINT('',(0.,0.));
#8405 = VECTOR('',#8406,1.);
#8406 = DIRECTION('',(0.,-1.));
#8407 = ( GEOMETRIC_REPRESENTATION_CONTEXT(2) 
PARAMETRIC_REPRESENTATION_CONTEXT() REPRESENTATION_CONTEXT('2D SPACE',''
  ) );
#8408 = PCURVE('',#2821,#8409);
#8409 = DEFINITIONAL_REPRESENTATION('',(#8410),#8414);
#8410 = LINE('',#8411,#8412);
#8411 = CARTESIAN_POINT('',(1.17333984375,0.));
#8412 = VECTOR('',#8413,1.);
#8413 = DIRECTION('',(0.,-1.));
#8414 = ( GEOMETRIC_REPRESENTATION_CONTEXT(2) 
PARAMETRIC_REPRESENTATION_CONTEXT() REPRESENTATION_CONTEXT('2D SPACE',''
  ) );
#8415 = ORIENTED_EDGE('',*,*,#2832,.F.);
#8416 = ORIENTED_EDGE('',*,*,#8297,.F.);
#8417 = ADVANCED_FACE('',(#8418),#2508,.F.);
#8418 = FACE_BOUND('',#8419,.F.);
#8419 = EDGE_LOOP('',(#8420,#8443,#8444,#8445));
#8420 = ORIENTED_EDGE('',*,*,#8421,.F.);
#8421 = EDGE_CURVE('',#8324,#8422,#8424,.T.);
#8422 = VERTEX_POINT('',#8423);
#8423 = CARTESIAN_POINT('',(10.113037109375,12.5107421875,3.4));
#8424 = SURFACE_CURVE('',#8425,(#8429,#8436),.PCURVE_S1.);
#8425 = B_SPLINE_CURVE_WITH_KNOTS('',2,(#8426,#8427,#8428),
  .UNSPECIFIED.,.F.,.F.,(3,3),(0.,1.),.PIECEWISE_BEZIER_KNOTS.);
#8426 = CARTESIAN_POINT('',(9.783447265625,12.3876953125,3.4));
#8427 = CARTESIAN_POINT('',(9.989990234375,12.3876953125,3.4));
#8428 = CARTESIAN_POINT('',(10.113037109375,12.5107421875,3.4));
#8429 = PCURVE('',#2508,#8430);
#8430 = DEFINITIONAL_REPRESENTATION('',(#8431),#8435);
#8431 = LINE('',#8432,#8433);
#8432 = CARTESIAN_POINT('',(0.,0.));
#8433 = VECTOR('',#8434,1.);
#8434 = DIRECTION('',(1.,0.));
#8435 = ( GEOMETRIC_REPRESENTATION_CONTEXT(2) 
PARAMETRIC_REPRESENTATION_CONTEXT() REPRESENTATION_CONTEXT('2D SPACE',''
  ) );
#8436 = PCURVE('',#7775,#8437);
#8437 = DEFINITIONAL_REPRESENTATION('',(#8438),#8442);
#8438 = B_SPLINE_CURVE_WITH_KNOTS('',2,(#8439,#8440,#8441),
  .UNSPECIFIED.,.F.,.F.,(3,3),(0.,1.),.PIECEWISE_BEZIER_KNOTS.);
#8439 = CARTESIAN_POINT('',(0.88330078125,0.18603515625));
#8440 = CARTESIAN_POINT('',(1.08984375,0.18603515625));
#8441 = CARTESIAN_POINT('',(1.212890625,0.30908203125));
#8442 = ( GEOMETRIC_REPRESENTATION_CONTEXT(2) 
PARAMETRIC_REPRESENTATION_CONTEXT() REPRESENTATION_CONTEXT('2D SPACE',''
  ) );
#8443 = ORIENTED_EDGE('',*,*,#8348,.T.);
#8444 = ORIENTED_EDGE('',*,*,#2478,.F.);
#8445 = ORIENTED_EDGE('',*,*,#8446,.F.);
#8446 = EDGE_CURVE('',#8422,#2479,#8447,.T.);
#8447 = SURFACE_CURVE('',#8448,(#8452,#8459),.PCURVE_S1.);
#8448 = LINE('',#8449,#8450);
#8449 = CARTESIAN_POINT('',(10.113037109375,12.5107421875,3.4));
#8450 = VECTOR('',#8451,1.);
#8451 = DIRECTION('',(0.,0.,1.));
#8452 = PCURVE('',#2508,#8453);
#8453 = DEFINITIONAL_REPRESENTATION('',(#8454),#8458);
#8454 = LINE('',#8455,#8456);
#8455 = CARTESIAN_POINT('',(1.,0.));
#8456 = VECTOR('',#8457,1.);
#8457 = DIRECTION('',(0.,-1.));
#8458 = ( GEOMETRIC_REPRESENTATION_CONTEXT(2) 
PARAMETRIC_REPRESENTATION_CONTEXT() REPRESENTATION_CONTEXT('2D SPACE',''
  ) );
#8459 = PCURVE('',#2559,#8460);
#8460 = DEFINITIONAL_REPRESENTATION('',(#8461),#8465);
#8461 = LINE('',#8462,#8463);
#8462 = CARTESIAN_POINT('',(0.,0.));
#8463 = VECTOR('',#8464,1.);
#8464 = DIRECTION('',(0.,-1.));
#8465 = ( GEOMETRIC_REPRESENTATION_CONTEXT(2) 
PARAMETRIC_REPRESENTATION_CONTEXT() REPRESENTATION_CONTEXT('2D SPACE',''
  ) );
#8466 = ADVANCED_FACE('',(#8467),#2821,.F.);
#8467 = FACE_BOUND('',#8468,.F.);
#8468 = EDGE_LOOP('',(#8469,#8492,#8513,#8514));
#8469 = ORIENTED_EDGE('',*,*,#8470,.F.);
#8470 = EDGE_CURVE('',#8471,#8373,#8473,.T.);
#8471 = VERTEX_POINT('',#8472);
#8472 = CARTESIAN_POINT('',(9.216552734375,14.177734375,3.4));
#8473 = SURFACE_CURVE('',#8474,(#8478,#8485),.PCURVE_S1.);
#8474 = LINE('',#8475,#8476);
#8475 = CARTESIAN_POINT('',(9.216552734375,14.177734375,3.4));
#8476 = VECTOR('',#8477,1.);
#8477 = DIRECTION('',(1.,0.,0.));
#8478 = PCURVE('',#2821,#8479);
#8479 = DEFINITIONAL_REPRESENTATION('',(#8480),#8484);
#8480 = LINE('',#8481,#8482);
#8481 = CARTESIAN_POINT('',(0.,0.));
#8482 = VECTOR('',#8483,1.);
#8483 = DIRECTION('',(1.,0.));
#8484 = ( GEOMETRIC_REPRESENTATION_CONTEXT(2) 
PARAMETRIC_REPRESENTATION_CONTEXT() REPRESENTATION_CONTEXT('2D SPACE',''
  ) );
#8485 = PCURVE('',#7775,#8486);
#8486 = DEFINITIONAL_REPRESENTATION('',(#8487),#8491);
#8487 = LINE('',#8488,#8489);
#8488 = CARTESIAN_POINT('',(0.31640625,1.97607421875));
#8489 = VECTOR('',#8490,1.);
#8490 = DIRECTION('',(1.,0.));
#8491 = ( GEOMETRIC_REPRESENTATION_CONTEXT(2) 
PARAMETRIC_REPRESENTATION_CONTEXT() REPRESENTATION_CONTEXT('2D SPACE',''
  ) );
#8492 = ORIENTED_EDGE('',*,*,#8493,.T.);
#8493 = EDGE_CURVE('',#8471,#2781,#8494,.T.);
#8494 = SURFACE_CURVE('',#8495,(#8499,#8506),.PCURVE_S1.);
#8495 = LINE('',#8496,#8497);
#8496 = CARTESIAN_POINT('',(9.216552734375,14.177734375,3.4));
#8497 = VECTOR('',#8498,1.);
#8498 = DIRECTION('',(0.,0.,1.));
#8499 = PCURVE('',#2821,#8500);
#8500 = DEFINITIONAL_REPRESENTATION('',(#8501),#8505);
#8501 = LINE('',#8502,#8503);
#8502 = CARTESIAN_POINT('',(0.,0.));
#8503 = VECTOR('',#8504,1.);
#8504 = DIRECTION('',(0.,-1.));
#8505 = ( GEOMETRIC_REPRESENTATION_CONTEXT(2) 
PARAMETRIC_REPRESENTATION_CONTEXT() REPRESENTATION_CONTEXT('2D SPACE',''
  ) );
#8506 = PCURVE('',#2795,#8507);
#8507 = DEFINITIONAL_REPRESENTATION('',(#8508),#8512);
#8508 = LINE('',#8509,#8510);
#8509 = CARTESIAN_POINT('',(1.068626356502,0.));
#8510 = VECTOR('',#8511,1.);
#8511 = DIRECTION('',(0.,-1.));
#8512 = ( GEOMETRIC_REPRESENTATION_CONTEXT(2) 
PARAMETRIC_REPRESENTATION_CONTEXT() REPRESENTATION_CONTEXT('2D SPACE',''
  ) );
#8513 = ORIENTED_EDGE('',*,*,#2806,.F.);
#8514 = ORIENTED_EDGE('',*,*,#8395,.F.);
#8515 = ADVANCED_FACE('',(#8516),#2559,.F.);
#8516 = FACE_BOUND('',#8517,.F.);
#8517 = EDGE_LOOP('',(#8518,#8541,#8542,#8543));
#8518 = ORIENTED_EDGE('',*,*,#8519,.F.);
#8519 = EDGE_CURVE('',#8422,#8520,#8522,.T.);
#8520 = VERTEX_POINT('',#8521);
#8521 = CARTESIAN_POINT('',(10.236083984375,12.84619140625,3.4));
#8522 = SURFACE_CURVE('',#8523,(#8527,#8534),.PCURVE_S1.);
#8523 = B_SPLINE_CURVE_WITH_KNOTS('',2,(#8524,#8525,#8526),
  .UNSPECIFIED.,.F.,.F.,(3,3),(0.,1.),.PIECEWISE_BEZIER_KNOTS.);
#8524 = CARTESIAN_POINT('',(10.113037109375,12.5107421875,3.4));
#8525 = CARTESIAN_POINT('',(10.236083984375,12.6337890625,3.4));
#8526 = CARTESIAN_POINT('',(10.236083984375,12.84619140625,3.4));
#8527 = PCURVE('',#2559,#8528);
#8528 = DEFINITIONAL_REPRESENTATION('',(#8529),#8533);
#8529 = LINE('',#8530,#8531);
#8530 = CARTESIAN_POINT('',(0.,0.));
#8531 = VECTOR('',#8532,1.);
#8532 = DIRECTION('',(1.,0.));
#8533 = ( GEOMETRIC_REPRESENTATION_CONTEXT(2) 
PARAMETRIC_REPRESENTATION_CONTEXT() REPRESENTATION_CONTEXT('2D SPACE',''
  ) );
#8534 = PCURVE('',#7775,#8535);
#8535 = DEFINITIONAL_REPRESENTATION('',(#8536),#8540);
#8536 = B_SPLINE_CURVE_WITH_KNOTS('',2,(#8537,#8538,#8539),
  .UNSPECIFIED.,.F.,.F.,(3,3),(0.,1.),.PIECEWISE_BEZIER_KNOTS.);
#8537 = CARTESIAN_POINT('',(1.212890625,0.30908203125));
#8538 = CARTESIAN_POINT('',(1.3359375,0.43212890625));
#8539 = CARTESIAN_POINT('',(1.3359375,0.64453125));
#8540 = ( GEOMETRIC_REPRESENTATION_CONTEXT(2) 
PARAMETRIC_REPRESENTATION_CONTEXT() REPRESENTATION_CONTEXT('2D SPACE',''
  ) );
#8541 = ORIENTED_EDGE('',*,*,#8446,.T.);
#8542 = ORIENTED_EDGE('',*,*,#2529,.F.);
#8543 = ORIENTED_EDGE('',*,*,#8544,.F.);
#8544 = EDGE_CURVE('',#8520,#2530,#8545,.T.);
#8545 = SURFACE_CURVE('',#8546,(#8550,#8557),.PCURVE_S1.);
#8546 = LINE('',#8547,#8548);
#8547 = CARTESIAN_POINT('',(10.236083984375,12.84619140625,3.4));
#8548 = VECTOR('',#8549,1.);
#8549 = DIRECTION('',(0.,0.,1.));
#8550 = PCURVE('',#2559,#8551);
#8551 = DEFINITIONAL_REPRESENTATION('',(#8552),#8556);
#8552 = LINE('',#8553,#8554);
#8553 = CARTESIAN_POINT('',(1.,0.));
#8554 = VECTOR('',#8555,1.);
#8555 = DIRECTION('',(0.,-1.));
#8556 = ( GEOMETRIC_REPRESENTATION_CONTEXT(2) 
PARAMETRIC_REPRESENTATION_CONTEXT() REPRESENTATION_CONTEXT('2D SPACE',''
  ) );
#8557 = PCURVE('',#2610,#8558);
#8558 = DEFINITIONAL_REPRESENTATION('',(#8559),#8563);
#8559 = LINE('',#8560,#8561);
#8560 = CARTESIAN_POINT('',(0.,0.));
#8561 = VECTOR('',#8562,1.);
#8562 = DIRECTION('',(0.,-1.));
#8563 = ( GEOMETRIC_REPRESENTATION_CONTEXT(2) 
PARAMETRIC_REPRESENTATION_CONTEXT() REPRESENTATION_CONTEXT('2D SPACE',''
  ) );
#8564 = ADVANCED_FACE('',(#8565),#2795,.F.);
#8565 = FACE_BOUND('',#8566,.F.);
#8566 = EDGE_LOOP('',(#8567,#8590,#8611,#8612));
#8567 = ORIENTED_EDGE('',*,*,#8568,.F.);
#8568 = EDGE_CURVE('',#8569,#8471,#8571,.T.);
#8569 = VERTEX_POINT('',#8570);
#8570 = CARTESIAN_POINT('',(9.147705078125,13.111328125,3.4));
#8571 = SURFACE_CURVE('',#8572,(#8576,#8583),.PCURVE_S1.);
#8572 = LINE('',#8573,#8574);
#8573 = CARTESIAN_POINT('',(9.147705078125,13.111328125,3.4));
#8574 = VECTOR('',#8575,1.);
#8575 = DIRECTION('',(6.442631311788E-02,0.997922467017,0.));
#8576 = PCURVE('',#2795,#8577);
#8577 = DEFINITIONAL_REPRESENTATION('',(#8578),#8582);
#8578 = LINE('',#8579,#8580);
#8579 = CARTESIAN_POINT('',(0.,0.));
#8580 = VECTOR('',#8581,1.);
#8581 = DIRECTION('',(1.,0.));
#8582 = ( GEOMETRIC_REPRESENTATION_CONTEXT(2) 
PARAMETRIC_REPRESENTATION_CONTEXT() REPRESENTATION_CONTEXT('2D SPACE',''
  ) );
#8583 = PCURVE('',#7775,#8584);
#8584 = DEFINITIONAL_REPRESENTATION('',(#8585),#8589);
#8585 = LINE('',#8586,#8587);
#8586 = CARTESIAN_POINT('',(0.24755859375,0.90966796875));
#8587 = VECTOR('',#8588,1.);
#8588 = DIRECTION('',(6.442631311788E-02,0.997922467017));
#8589 = ( GEOMETRIC_REPRESENTATION_CONTEXT(2) 
PARAMETRIC_REPRESENTATION_CONTEXT() REPRESENTATION_CONTEXT('2D SPACE',''
  ) );
#8590 = ORIENTED_EDGE('',*,*,#8591,.T.);
#8591 = EDGE_CURVE('',#8569,#2755,#8592,.T.);
#8592 = SURFACE_CURVE('',#8593,(#8597,#8604),.PCURVE_S1.);
#8593 = LINE('',#8594,#8595);
#8594 = CARTESIAN_POINT('',(9.147705078125,13.111328125,3.4));
#8595 = VECTOR('',#8596,1.);
#8596 = DIRECTION('',(0.,0.,1.));
#8597 = PCURVE('',#2795,#8598);
#8598 = DEFINITIONAL_REPRESENTATION('',(#8599),#8603);
#8599 = LINE('',#8600,#8601);
#8600 = CARTESIAN_POINT('',(0.,0.));
#8601 = VECTOR('',#8602,1.);
#8602 = DIRECTION('',(0.,-1.));
#8603 = ( GEOMETRIC_REPRESENTATION_CONTEXT(2) 
PARAMETRIC_REPRESENTATION_CONTEXT() REPRESENTATION_CONTEXT('2D SPACE',''
  ) );
#8604 = PCURVE('',#2769,#8605);
#8605 = DEFINITIONAL_REPRESENTATION('',(#8606),#8610);
#8606 = LINE('',#8607,#8608);
#8607 = CARTESIAN_POINT('',(0.2578125,0.));
#8608 = VECTOR('',#8609,1.);
#8609 = DIRECTION('',(0.,-1.));
#8610 = ( GEOMETRIC_REPRESENTATION_CONTEXT(2) 
PARAMETRIC_REPRESENTATION_CONTEXT() REPRESENTATION_CONTEXT('2D SPACE',''
  ) );
#8611 = ORIENTED_EDGE('',*,*,#2780,.F.);
#8612 = ORIENTED_EDGE('',*,*,#8493,.F.);
#8613 = ADVANCED_FACE('',(#8614),#2610,.F.);
#8614 = FACE_BOUND('',#8615,.F.);
#8615 = EDGE_LOOP('',(#8616,#8639,#8640,#8641));
#8616 = ORIENTED_EDGE('',*,*,#8617,.F.);
#8617 = EDGE_CURVE('',#8520,#8618,#8620,.T.);
#8618 = VERTEX_POINT('',#8619);
#8619 = CARTESIAN_POINT('',(10.114501953125,13.1435546875,3.4));
#8620 = SURFACE_CURVE('',#8621,(#8625,#8632),.PCURVE_S1.);
#8621 = B_SPLINE_CURVE_WITH_KNOTS('',2,(#8622,#8623,#8624),
  .UNSPECIFIED.,.F.,.F.,(3,3),(0.,1.),.PIECEWISE_BEZIER_KNOTS.);
#8622 = CARTESIAN_POINT('',(10.236083984375,12.84619140625,3.4));
#8623 = CARTESIAN_POINT('',(10.236083984375,13.02783203125,3.4));
#8624 = CARTESIAN_POINT('',(10.114501953125,13.1435546875,3.4));
#8625 = PCURVE('',#2610,#8626);
#8626 = DEFINITIONAL_REPRESENTATION('',(#8627),#8631);
#8627 = LINE('',#8628,#8629);
#8628 = CARTESIAN_POINT('',(0.,0.));
#8629 = VECTOR('',#8630,1.);
#8630 = DIRECTION('',(1.,0.));
#8631 = ( GEOMETRIC_REPRESENTATION_CONTEXT(2) 
PARAMETRIC_REPRESENTATION_CONTEXT() REPRESENTATION_CONTEXT('2D SPACE',''
  ) );
#8632 = PCURVE('',#7775,#8633);
#8633 = DEFINITIONAL_REPRESENTATION('',(#8634),#8638);
#8634 = B_SPLINE_CURVE_WITH_KNOTS('',2,(#8635,#8636,#8637),
  .UNSPECIFIED.,.F.,.F.,(3,3),(0.,1.),.PIECEWISE_BEZIER_KNOTS.);
#8635 = CARTESIAN_POINT('',(1.3359375,0.64453125));
#8636 = CARTESIAN_POINT('',(1.3359375,0.826171875));
#8637 = CARTESIAN_POINT('',(1.21435546875,0.94189453125));
#8638 = ( GEOMETRIC_REPRESENTATION_CONTEXT(2) 
PARAMETRIC_REPRESENTATION_CONTEXT() REPRESENTATION_CONTEXT('2D SPACE',''
  ) );
#8639 = ORIENTED_EDGE('',*,*,#8544,.T.);
#8640 = ORIENTED_EDGE('',*,*,#2580,.F.);
#8641 = ORIENTED_EDGE('',*,*,#8642,.F.);
#8642 = EDGE_CURVE('',#8618,#2581,#8643,.T.);
#8643 = SURFACE_CURVE('',#8644,(#8648,#8655),.PCURVE_S1.);
#8644 = LINE('',#8645,#8646);
#8645 = CARTESIAN_POINT('',(10.114501953125,13.1435546875,3.4));
#8646 = VECTOR('',#8647,1.);
#8647 = DIRECTION('',(0.,0.,1.));
#8648 = PCURVE('',#2610,#8649);
#8649 = DEFINITIONAL_REPRESENTATION('',(#8650),#8654);
#8650 = LINE('',#8651,#8652);
#8651 = CARTESIAN_POINT('',(1.,0.));
#8652 = VECTOR('',#8653,1.);
#8653 = DIRECTION('',(0.,-1.));
#8654 = ( GEOMETRIC_REPRESENTATION_CONTEXT(2) 
PARAMETRIC_REPRESENTATION_CONTEXT() REPRESENTATION_CONTEXT('2D SPACE',''
  ) );
#8655 = PCURVE('',#2661,#8656);
#8656 = DEFINITIONAL_REPRESENTATION('',(#8657),#8661);
#8657 = LINE('',#8658,#8659);
#8658 = CARTESIAN_POINT('',(0.,0.));
#8659 = VECTOR('',#8660,1.);
#8660 = DIRECTION('',(0.,-1.));
#8661 = ( GEOMETRIC_REPRESENTATION_CONTEXT(2) 
PARAMETRIC_REPRESENTATION_CONTEXT() REPRESENTATION_CONTEXT('2D SPACE',''
  ) );
#8662 = ADVANCED_FACE('',(#8663),#2769,.F.);
#8663 = FACE_BOUND('',#8664,.F.);
#8664 = EDGE_LOOP('',(#8665,#8688,#8709,#8710));
#8665 = ORIENTED_EDGE('',*,*,#8666,.F.);
#8666 = EDGE_CURVE('',#8667,#8569,#8669,.T.);
#8667 = VERTEX_POINT('',#8668);
#8668 = CARTESIAN_POINT('',(9.405517578125,13.111328125,3.4));
#8669 = SURFACE_CURVE('',#8670,(#8674,#8681),.PCURVE_S1.);
#8670 = LINE('',#8671,#8672);
#8671 = CARTESIAN_POINT('',(9.405517578125,13.111328125,3.4));
#8672 = VECTOR('',#8673,1.);
#8673 = DIRECTION('',(-1.,0.,0.));
#8674 = PCURVE('',#2769,#8675);
#8675 = DEFINITIONAL_REPRESENTATION('',(#8676),#8680);
#8676 = LINE('',#8677,#8678);
#8677 = CARTESIAN_POINT('',(0.,-0.));
#8678 = VECTOR('',#8679,1.);
#8679 = DIRECTION('',(1.,0.));
#8680 = ( GEOMETRIC_REPRESENTATION_CONTEXT(2) 
PARAMETRIC_REPRESENTATION_CONTEXT() REPRESENTATION_CONTEXT('2D SPACE',''
  ) );
#8681 = PCURVE('',#7775,#8682);
#8682 = DEFINITIONAL_REPRESENTATION('',(#8683),#8687);
#8683 = LINE('',#8684,#8685);
#8684 = CARTESIAN_POINT('',(0.50537109375,0.90966796875));
#8685 = VECTOR('',#8686,1.);
#8686 = DIRECTION('',(-1.,0.));
#8687 = ( GEOMETRIC_REPRESENTATION_CONTEXT(2) 
PARAMETRIC_REPRESENTATION_CONTEXT() REPRESENTATION_CONTEXT('2D SPACE',''
  ) );
#8688 = ORIENTED_EDGE('',*,*,#8689,.T.);
#8689 = EDGE_CURVE('',#8667,#2719,#8690,.T.);
#8690 = SURFACE_CURVE('',#8691,(#8695,#8702),.PCURVE_S1.);
#8691 = LINE('',#8692,#8693);
#8692 = CARTESIAN_POINT('',(9.405517578125,13.111328125,3.4));
#8693 = VECTOR('',#8694,1.);
#8694 = DIRECTION('',(0.,0.,1.));
#8695 = PCURVE('',#2769,#8696);
#8696 = DEFINITIONAL_REPRESENTATION('',(#8697),#8701);
#8697 = LINE('',#8698,#8699);
#8698 = CARTESIAN_POINT('',(0.,-0.));
#8699 = VECTOR('',#8700,1.);
#8700 = DIRECTION('',(0.,-1.));
#8701 = ( GEOMETRIC_REPRESENTATION_CONTEXT(2) 
PARAMETRIC_REPRESENTATION_CONTEXT() REPRESENTATION_CONTEXT('2D SPACE',''
  ) );
#8702 = PCURVE('',#2738,#8703);
#8703 = DEFINITIONAL_REPRESENTATION('',(#8704),#8708);
#8704 = LINE('',#8705,#8706);
#8705 = CARTESIAN_POINT('',(1.,0.));
#8706 = VECTOR('',#8707,1.);
#8707 = DIRECTION('',(0.,-1.));
#8708 = ( GEOMETRIC_REPRESENTATION_CONTEXT(2) 
PARAMETRIC_REPRESENTATION_CONTEXT() REPRESENTATION_CONTEXT('2D SPACE',''
  ) );
#8709 = ORIENTED_EDGE('',*,*,#2754,.F.);
#8710 = ORIENTED_EDGE('',*,*,#8591,.F.);
#8711 = ADVANCED_FACE('',(#8712),#2661,.F.);
#8712 = FACE_BOUND('',#8713,.F.);
#8713 = EDGE_LOOP('',(#8714,#8737,#8738,#8739));
#8714 = ORIENTED_EDGE('',*,*,#8715,.F.);
#8715 = EDGE_CURVE('',#8618,#8716,#8718,.T.);
#8716 = VERTEX_POINT('',#8717);
#8717 = CARTESIAN_POINT('',(9.789306640625,13.25927734375,3.4));
#8718 = SURFACE_CURVE('',#8719,(#8723,#8730),.PCURVE_S1.);
#8719 = B_SPLINE_CURVE_WITH_KNOTS('',2,(#8720,#8721,#8722),
  .UNSPECIFIED.,.F.,.F.,(3,3),(0.,1.),.PIECEWISE_BEZIER_KNOTS.);
#8720 = CARTESIAN_POINT('',(10.114501953125,13.1435546875,3.4));
#8721 = CARTESIAN_POINT('',(9.992919921875,13.25927734375,3.4));
#8722 = CARTESIAN_POINT('',(9.789306640625,13.25927734375,3.4));
#8723 = PCURVE('',#2661,#8724);
#8724 = DEFINITIONAL_REPRESENTATION('',(#8725),#8729);
#8725 = LINE('',#8726,#8727);
#8726 = CARTESIAN_POINT('',(0.,0.));
#8727 = VECTOR('',#8728,1.);
#8728 = DIRECTION('',(1.,0.));
#8729 = ( GEOMETRIC_REPRESENTATION_CONTEXT(2) 
PARAMETRIC_REPRESENTATION_CONTEXT() REPRESENTATION_CONTEXT('2D SPACE',''
  ) );
#8730 = PCURVE('',#7775,#8731);
#8731 = DEFINITIONAL_REPRESENTATION('',(#8732),#8736);
#8732 = B_SPLINE_CURVE_WITH_KNOTS('',2,(#8733,#8734,#8735),
  .UNSPECIFIED.,.F.,.F.,(3,3),(0.,1.),.PIECEWISE_BEZIER_KNOTS.);
#8733 = CARTESIAN_POINT('',(1.21435546875,0.94189453125));
#8734 = CARTESIAN_POINT('',(1.0927734375,1.0576171875));
#8735 = CARTESIAN_POINT('',(0.88916015625,1.0576171875));
#8736 = ( GEOMETRIC_REPRESENTATION_CONTEXT(2) 
PARAMETRIC_REPRESENTATION_CONTEXT() REPRESENTATION_CONTEXT('2D SPACE',''
  ) );
#8737 = ORIENTED_EDGE('',*,*,#8642,.T.);
#8738 = ORIENTED_EDGE('',*,*,#2631,.F.);
#8739 = ORIENTED_EDGE('',*,*,#8740,.F.);
#8740 = EDGE_CURVE('',#8716,#2632,#8741,.T.);
#8741 = SURFACE_CURVE('',#8742,(#8746,#8753),.PCURVE_S1.);
#8742 = LINE('',#8743,#8744);
#8743 = CARTESIAN_POINT('',(9.789306640625,13.25927734375,3.4));
#8744 = VECTOR('',#8745,1.);
#8745 = DIRECTION('',(0.,0.,1.));
#8746 = PCURVE('',#2661,#8747);
#8747 = DEFINITIONAL_REPRESENTATION('',(#8748),#8752);
#8748 = LINE('',#8749,#8750);
#8749 = CARTESIAN_POINT('',(1.,0.));
#8750 = VECTOR('',#8751,1.);
#8751 = DIRECTION('',(0.,-1.));
#8752 = ( GEOMETRIC_REPRESENTATION_CONTEXT(2) 
PARAMETRIC_REPRESENTATION_CONTEXT() REPRESENTATION_CONTEXT('2D SPACE',''
  ) );
#8753 = PCURVE('',#2702,#8754);
#8754 = DEFINITIONAL_REPRESENTATION('',(#8755),#8759);
#8755 = LINE('',#8756,#8757);
#8756 = CARTESIAN_POINT('',(0.,0.));
#8757 = VECTOR('',#8758,1.);
#8758 = DIRECTION('',(0.,-1.));
#8759 = ( GEOMETRIC_REPRESENTATION_CONTEXT(2) 
PARAMETRIC_REPRESENTATION_CONTEXT() REPRESENTATION_CONTEXT('2D SPACE',''
  ) );
#8760 = ADVANCED_FACE('',(#8761),#2738,.F.);
#8761 = FACE_BOUND('',#8762,.F.);
#8762 = EDGE_LOOP('',(#8763,#8786,#8807,#8808));
#8763 = ORIENTED_EDGE('',*,*,#8764,.F.);
#8764 = EDGE_CURVE('',#8765,#8667,#8767,.T.);
#8765 = VERTEX_POINT('',#8766);
#8766 = CARTESIAN_POINT('',(9.590087890625,13.2255859375,3.4));
#8767 = SURFACE_CURVE('',#8768,(#8772,#8779),.PCURVE_S1.);
#8768 = B_SPLINE_CURVE_WITH_KNOTS('',2,(#8769,#8770,#8771),
  .UNSPECIFIED.,.F.,.F.,(3,3),(0.,1.),.PIECEWISE_BEZIER_KNOTS.);
#8769 = CARTESIAN_POINT('',(9.590087890625,13.2255859375,3.4));
#8770 = CARTESIAN_POINT('',(9.497802734375,13.19189453125,3.4));
#8771 = CARTESIAN_POINT('',(9.405517578125,13.111328125,3.4));
#8772 = PCURVE('',#2738,#8773);
#8773 = DEFINITIONAL_REPRESENTATION('',(#8774),#8778);
#8774 = LINE('',#8775,#8776);
#8775 = CARTESIAN_POINT('',(0.,0.));
#8776 = VECTOR('',#8777,1.);
#8777 = DIRECTION('',(1.,0.));
#8778 = ( GEOMETRIC_REPRESENTATION_CONTEXT(2) 
PARAMETRIC_REPRESENTATION_CONTEXT() REPRESENTATION_CONTEXT('2D SPACE',''
  ) );
#8779 = PCURVE('',#7775,#8780);
#8780 = DEFINITIONAL_REPRESENTATION('',(#8781),#8785);
#8781 = B_SPLINE_CURVE_WITH_KNOTS('',2,(#8782,#8783,#8784),
  .UNSPECIFIED.,.F.,.F.,(3,3),(0.,1.),.PIECEWISE_BEZIER_KNOTS.);
#8782 = CARTESIAN_POINT('',(0.68994140625,1.02392578125));
#8783 = CARTESIAN_POINT('',(0.59765625,0.990234375));
#8784 = CARTESIAN_POINT('',(0.50537109375,0.90966796875));
#8785 = ( GEOMETRIC_REPRESENTATION_CONTEXT(2) 
PARAMETRIC_REPRESENTATION_CONTEXT() REPRESENTATION_CONTEXT('2D SPACE',''
  ) );
#8786 = ORIENTED_EDGE('',*,*,#8787,.T.);
#8787 = EDGE_CURVE('',#8765,#2683,#8788,.T.);
#8788 = SURFACE_CURVE('',#8789,(#8793,#8800),.PCURVE_S1.);
#8789 = LINE('',#8790,#8791);
#8790 = CARTESIAN_POINT('',(9.590087890625,13.2255859375,3.4));
#8791 = VECTOR('',#8792,1.);
#8792 = DIRECTION('',(0.,0.,1.));
#8793 = PCURVE('',#2738,#8794);
#8794 = DEFINITIONAL_REPRESENTATION('',(#8795),#8799);
#8795 = LINE('',#8796,#8797);
#8796 = CARTESIAN_POINT('',(0.,0.));
#8797 = VECTOR('',#8798,1.);
#8798 = DIRECTION('',(0.,-1.));
#8799 = ( GEOMETRIC_REPRESENTATION_CONTEXT(2) 
PARAMETRIC_REPRESENTATION_CONTEXT() REPRESENTATION_CONTEXT('2D SPACE',''
  ) );
#8800 = PCURVE('',#2702,#8801);
#8801 = DEFINITIONAL_REPRESENTATION('',(#8802),#8806);
#8802 = LINE('',#8803,#8804);
#8803 = CARTESIAN_POINT('',(1.,0.));
#8804 = VECTOR('',#8805,1.);
#8805 = DIRECTION('',(0.,-1.));
#8806 = ( GEOMETRIC_REPRESENTATION_CONTEXT(2) 
PARAMETRIC_REPRESENTATION_CONTEXT() REPRESENTATION_CONTEXT('2D SPACE',''
  ) );
#8807 = ORIENTED_EDGE('',*,*,#2718,.F.);
#8808 = ORIENTED_EDGE('',*,*,#8689,.F.);
#8809 = ADVANCED_FACE('',(#8810),#2702,.F.);
#8810 = FACE_BOUND('',#8811,.F.);
#8811 = EDGE_LOOP('',(#8812,#8833,#8834,#8835));
#8812 = ORIENTED_EDGE('',*,*,#8813,.F.);
#8813 = EDGE_CURVE('',#8716,#8765,#8814,.T.);
#8814 = SURFACE_CURVE('',#8815,(#8819,#8826),.PCURVE_S1.);
#8815 = B_SPLINE_CURVE_WITH_KNOTS('',2,(#8816,#8817,#8818),
  .UNSPECIFIED.,.F.,.F.,(3,3),(0.,1.),.PIECEWISE_BEZIER_KNOTS.);
#8816 = CARTESIAN_POINT('',(9.789306640625,13.25927734375,3.4));
#8817 = CARTESIAN_POINT('',(9.682373046875,13.25927734375,3.4));
#8818 = CARTESIAN_POINT('',(9.590087890625,13.2255859375,3.4));
#8819 = PCURVE('',#2702,#8820);
#8820 = DEFINITIONAL_REPRESENTATION('',(#8821),#8825);
#8821 = LINE('',#8822,#8823);
#8822 = CARTESIAN_POINT('',(0.,0.));
#8823 = VECTOR('',#8824,1.);
#8824 = DIRECTION('',(1.,0.));
#8825 = ( GEOMETRIC_REPRESENTATION_CONTEXT(2) 
PARAMETRIC_REPRESENTATION_CONTEXT() REPRESENTATION_CONTEXT('2D SPACE',''
  ) );
#8826 = PCURVE('',#7775,#8827);
#8827 = DEFINITIONAL_REPRESENTATION('',(#8828),#8832);
#8828 = B_SPLINE_CURVE_WITH_KNOTS('',2,(#8829,#8830,#8831),
  .UNSPECIFIED.,.F.,.F.,(3,3),(0.,1.),.PIECEWISE_BEZIER_KNOTS.);
#8829 = CARTESIAN_POINT('',(0.88916015625,1.0576171875));
#8830 = CARTESIAN_POINT('',(0.7822265625,1.0576171875));
#8831 = CARTESIAN_POINT('',(0.68994140625,1.02392578125));
#8832 = ( GEOMETRIC_REPRESENTATION_CONTEXT(2) 
PARAMETRIC_REPRESENTATION_CONTEXT() REPRESENTATION_CONTEXT('2D SPACE',''
  ) );
#8833 = ORIENTED_EDGE('',*,*,#8740,.T.);
#8834 = ORIENTED_EDGE('',*,*,#2682,.F.);
#8835 = ORIENTED_EDGE('',*,*,#8787,.F.);
#8836 = ADVANCED_FACE('',(#8837),#3080,.F.);
#8837 = FACE_BOUND('',#8838,.F.);
#8838 = EDGE_LOOP('',(#8839,#8869,#8890,#8891));
#8839 = ORIENTED_EDGE('',*,*,#8840,.F.);
#8840 = EDGE_CURVE('',#8841,#8843,#8845,.T.);
#8841 = VERTEX_POINT('',#8842);
#8842 = CARTESIAN_POINT('',(22.887451171875,12.20166015625,3.4));
#8843 = VERTEX_POINT('',#8844);
#8844 = CARTESIAN_POINT('',(21.510498046875,12.20166015625,3.4));
#8845 = SURFACE_CURVE('',#8846,(#8850,#8857),.PCURVE_S1.);
#8846 = LINE('',#8847,#8848);
#8847 = CARTESIAN_POINT('',(22.887451171875,12.20166015625,3.4));
#8848 = VECTOR('',#8849,1.);
#8849 = DIRECTION('',(-1.,0.,0.));
#8850 = PCURVE('',#3080,#8851);
#8851 = DEFINITIONAL_REPRESENTATION('',(#8852),#8856);
#8852 = LINE('',#8853,#8854);
#8853 = CARTESIAN_POINT('',(0.,-0.));
#8854 = VECTOR('',#8855,1.);
#8855 = DIRECTION('',(1.,0.));
#8856 = ( GEOMETRIC_REPRESENTATION_CONTEXT(2) 
PARAMETRIC_REPRESENTATION_CONTEXT() REPRESENTATION_CONTEXT('2D SPACE',''
  ) );
#8857 = PCURVE('',#8858,#8863);
#8858 = PLANE('',#8859);
#8859 = AXIS2_PLACEMENT_3D('',#8860,#8861,#8862);
#8860 = CARTESIAN_POINT('',(21.299560546875,12.20166015625,3.4));
#8861 = DIRECTION('',(0.,0.,1.));
#8862 = DIRECTION('',(1.,0.,0.));
#8863 = DEFINITIONAL_REPRESENTATION('',(#8864),#8868);
#8864 = LINE('',#8865,#8866);
#8865 = CARTESIAN_POINT('',(1.587890625,0.));
#8866 = VECTOR('',#8867,1.);
#8867 = DIRECTION('',(-1.,0.));
#8868 = ( GEOMETRIC_REPRESENTATION_CONTEXT(2) 
PARAMETRIC_REPRESENTATION_CONTEXT() REPRESENTATION_CONTEXT('2D SPACE',''
  ) );
#8869 = ORIENTED_EDGE('',*,*,#8870,.T.);
#8870 = EDGE_CURVE('',#8841,#3066,#8871,.T.);
#8871 = SURFACE_CURVE('',#8872,(#8876,#8883),.PCURVE_S1.);
#8872 = LINE('',#8873,#8874);
#8873 = CARTESIAN_POINT('',(22.887451171875,12.20166015625,3.4));
#8874 = VECTOR('',#8875,1.);
#8875 = DIRECTION('',(0.,0.,1.));
#8876 = PCURVE('',#3080,#8877);
#8877 = DEFINITIONAL_REPRESENTATION('',(#8878),#8882);
#8878 = LINE('',#8879,#8880);
#8879 = CARTESIAN_POINT('',(0.,-0.));
#8880 = VECTOR('',#8881,1.);
#8881 = DIRECTION('',(0.,-1.));
#8882 = ( GEOMETRIC_REPRESENTATION_CONTEXT(2) 
PARAMETRIC_REPRESENTATION_CONTEXT() REPRESENTATION_CONTEXT('2D SPACE',''
  ) );
#8883 = PCURVE('',#3887,#8884);
#8884 = DEFINITIONAL_REPRESENTATION('',(#8885),#8889);
#8885 = LINE('',#8886,#8887);
#8886 = CARTESIAN_POINT('',(0.2138671875,0.));
#8887 = VECTOR('',#8888,1.);
#8888 = DIRECTION('',(0.,-1.));
#8889 = ( GEOMETRIC_REPRESENTATION_CONTEXT(2) 
PARAMETRIC_REPRESENTATION_CONTEXT() REPRESENTATION_CONTEXT('2D SPACE',''
  ) );
#8890 = ORIENTED_EDGE('',*,*,#3063,.F.);
#8891 = ORIENTED_EDGE('',*,*,#8892,.F.);
#8892 = EDGE_CURVE('',#8843,#3064,#8893,.T.);
#8893 = SURFACE_CURVE('',#8894,(#8898,#8905),.PCURVE_S1.);
#8894 = LINE('',#8895,#8896);
#8895 = CARTESIAN_POINT('',(21.510498046875,12.20166015625,3.4));
#8896 = VECTOR('',#8897,1.);
#8897 = DIRECTION('',(0.,0.,1.));
#8898 = PCURVE('',#3080,#8899);
#8899 = DEFINITIONAL_REPRESENTATION('',(#8900),#8904);
#8900 = LINE('',#8901,#8902);
#8901 = CARTESIAN_POINT('',(1.376953125,0.));
#8902 = VECTOR('',#8903,1.);
#8903 = DIRECTION('',(0.,-1.));
#8904 = ( GEOMETRIC_REPRESENTATION_CONTEXT(2) 
PARAMETRIC_REPRESENTATION_CONTEXT() REPRESENTATION_CONTEXT('2D SPACE',''
  ) );
#8905 = PCURVE('',#3106,#8906);
#8906 = DEFINITIONAL_REPRESENTATION('',(#8907),#8911);
#8907 = LINE('',#8908,#8909);
#8908 = CARTESIAN_POINT('',(0.,0.));
#8909 = VECTOR('',#8910,1.);
#8910 = DIRECTION('',(0.,-1.));
#8911 = ( GEOMETRIC_REPRESENTATION_CONTEXT(2) 
PARAMETRIC_REPRESENTATION_CONTEXT() REPRESENTATION_CONTEXT('2D SPACE',''
  ) );
#8912 = ADVANCED_FACE('',(#8913),#3106,.F.);
#8913 = FACE_BOUND('',#8914,.F.);
#8914 = EDGE_LOOP('',(#8915,#8938,#8939,#8940));
#8915 = ORIENTED_EDGE('',*,*,#8916,.F.);
#8916 = EDGE_CURVE('',#8843,#8917,#8919,.T.);
#8917 = VERTEX_POINT('',#8918);
#8918 = CARTESIAN_POINT('',(21.510498046875,12.373046875,3.4));
#8919 = SURFACE_CURVE('',#8920,(#8924,#8931),.PCURVE_S1.);
#8920 = LINE('',#8921,#8922);
#8921 = CARTESIAN_POINT('',(21.510498046875,12.20166015625,3.4));
#8922 = VECTOR('',#8923,1.);
#8923 = DIRECTION('',(0.,1.,0.));
#8924 = PCURVE('',#3106,#8925);
#8925 = DEFINITIONAL_REPRESENTATION('',(#8926),#8930);
#8926 = LINE('',#8927,#8928);
#8927 = CARTESIAN_POINT('',(0.,0.));
#8928 = VECTOR('',#8929,1.);
#8929 = DIRECTION('',(1.,0.));
#8930 = ( GEOMETRIC_REPRESENTATION_CONTEXT(2) 
PARAMETRIC_REPRESENTATION_CONTEXT() REPRESENTATION_CONTEXT('2D SPACE',''
  ) );
#8931 = PCURVE('',#8858,#8932);
#8932 = DEFINITIONAL_REPRESENTATION('',(#8933),#8937);
#8933 = LINE('',#8934,#8935);
#8934 = CARTESIAN_POINT('',(0.2109375,0.));
#8935 = VECTOR('',#8936,1.);
#8936 = DIRECTION('',(0.,1.));
#8937 = ( GEOMETRIC_REPRESENTATION_CONTEXT(2) 
PARAMETRIC_REPRESENTATION_CONTEXT() REPRESENTATION_CONTEXT('2D SPACE',''
  ) );
#8938 = ORIENTED_EDGE('',*,*,#8892,.T.);
#8939 = ORIENTED_EDGE('',*,*,#3091,.F.);
#8940 = ORIENTED_EDGE('',*,*,#8941,.F.);
#8941 = EDGE_CURVE('',#8917,#3092,#8942,.T.);
#8942 = SURFACE_CURVE('',#8943,(#8947,#8954),.PCURVE_S1.);
#8943 = LINE('',#8944,#8945);
#8944 = CARTESIAN_POINT('',(21.510498046875,12.373046875,3.4));
#8945 = VECTOR('',#8946,1.);
#8946 = DIRECTION('',(0.,0.,1.));
#8947 = PCURVE('',#3106,#8948);
#8948 = DEFINITIONAL_REPRESENTATION('',(#8949),#8953);
#8949 = LINE('',#8950,#8951);
#8950 = CARTESIAN_POINT('',(0.17138671875,0.));
#8951 = VECTOR('',#8952,1.);
#8952 = DIRECTION('',(0.,-1.));
#8953 = ( GEOMETRIC_REPRESENTATION_CONTEXT(2) 
PARAMETRIC_REPRESENTATION_CONTEXT() REPRESENTATION_CONTEXT('2D SPACE',''
  ) );
#8954 = PCURVE('',#3139,#8955);
#8955 = DEFINITIONAL_REPRESENTATION('',(#8956),#8960);
#8956 = LINE('',#8957,#8958);
#8957 = CARTESIAN_POINT('',(0.,0.));
#8958 = VECTOR('',#8959,1.);
#8959 = DIRECTION('',(0.,-1.));
#8960 = ( GEOMETRIC_REPRESENTATION_CONTEXT(2) 
PARAMETRIC_REPRESENTATION_CONTEXT() REPRESENTATION_CONTEXT('2D SPACE',''
  ) );
#8961 = ADVANCED_FACE('',(#8962),#3887,.F.);
#8962 = FACE_BOUND('',#8963,.F.);
#8963 = EDGE_LOOP('',(#8964,#8987,#9008,#9009));
#8964 = ORIENTED_EDGE('',*,*,#8965,.F.);
#8965 = EDGE_CURVE('',#8966,#8841,#8968,.T.);
#8966 = VERTEX_POINT('',#8967);
#8967 = CARTESIAN_POINT('',(22.887451171875,12.41552734375,3.4));
#8968 = SURFACE_CURVE('',#8969,(#8973,#8980),.PCURVE_S1.);
#8969 = LINE('',#8970,#8971);
#8970 = CARTESIAN_POINT('',(22.887451171875,12.41552734375,3.4));
#8971 = VECTOR('',#8972,1.);
#8972 = DIRECTION('',(0.,-1.,0.));
#8973 = PCURVE('',#3887,#8974);
#8974 = DEFINITIONAL_REPRESENTATION('',(#8975),#8979);
#8975 = LINE('',#8976,#8977);
#8976 = CARTESIAN_POINT('',(0.,0.));
#8977 = VECTOR('',#8978,1.);
#8978 = DIRECTION('',(1.,0.));
#8979 = ( GEOMETRIC_REPRESENTATION_CONTEXT(2) 
PARAMETRIC_REPRESENTATION_CONTEXT() REPRESENTATION_CONTEXT('2D SPACE',''
  ) );
#8980 = PCURVE('',#8858,#8981);
#8981 = DEFINITIONAL_REPRESENTATION('',(#8982),#8986);
#8982 = LINE('',#8983,#8984);
#8983 = CARTESIAN_POINT('',(1.587890625,0.2138671875));
#8984 = VECTOR('',#8985,1.);
#8985 = DIRECTION('',(0.,-1.));
#8986 = ( GEOMETRIC_REPRESENTATION_CONTEXT(2) 
PARAMETRIC_REPRESENTATION_CONTEXT() REPRESENTATION_CONTEXT('2D SPACE',''
  ) );
#8987 = ORIENTED_EDGE('',*,*,#8988,.T.);
#8988 = EDGE_CURVE('',#8966,#3849,#8989,.T.);
#8989 = SURFACE_CURVE('',#8990,(#8994,#9001),.PCURVE_S1.);
#8990 = LINE('',#8991,#8992);
#8991 = CARTESIAN_POINT('',(22.887451171875,12.41552734375,3.4));
#8992 = VECTOR('',#8993,1.);
#8993 = DIRECTION('',(0.,0.,1.));
#8994 = PCURVE('',#3887,#8995);
#8995 = DEFINITIONAL_REPRESENTATION('',(#8996),#9000);
#8996 = LINE('',#8997,#8998);
#8997 = CARTESIAN_POINT('',(0.,0.));
#8998 = VECTOR('',#8999,1.);
#8999 = DIRECTION('',(0.,-1.));
#9000 = ( GEOMETRIC_REPRESENTATION_CONTEXT(2) 
PARAMETRIC_REPRESENTATION_CONTEXT() REPRESENTATION_CONTEXT('2D SPACE',''
  ) );
#9001 = PCURVE('',#3863,#9002);
#9002 = DEFINITIONAL_REPRESENTATION('',(#9003),#9007);
#9003 = LINE('',#9004,#9005);
#9004 = CARTESIAN_POINT('',(1.05908203125,0.));
#9005 = VECTOR('',#9006,1.);
#9006 = DIRECTION('',(0.,-1.));
#9007 = ( GEOMETRIC_REPRESENTATION_CONTEXT(2) 
PARAMETRIC_REPRESENTATION_CONTEXT() REPRESENTATION_CONTEXT('2D SPACE',''
  ) );
#9008 = ORIENTED_EDGE('',*,*,#3874,.F.);
#9009 = ORIENTED_EDGE('',*,*,#8870,.F.);
#9010 = ADVANCED_FACE('',(#9011),#3139,.F.);
#9011 = FACE_BOUND('',#9012,.F.);
#9012 = EDGE_LOOP('',(#9013,#9036,#9037,#9038));
#9013 = ORIENTED_EDGE('',*,*,#9014,.F.);
#9014 = EDGE_CURVE('',#8917,#9015,#9017,.T.);
#9015 = VERTEX_POINT('',#9016);
#9016 = CARTESIAN_POINT('',(21.73388671875,12.694580078125,3.4));
#9017 = SURFACE_CURVE('',#9018,(#9022,#9029),.PCURVE_S1.);
#9018 = B_SPLINE_CURVE_WITH_KNOTS('',2,(#9019,#9020,#9021),
  .UNSPECIFIED.,.F.,.F.,(3,3),(0.,1.),.PIECEWISE_BEZIER_KNOTS.);
#9019 = CARTESIAN_POINT('',(21.510498046875,12.373046875,3.4));
#9020 = CARTESIAN_POINT('',(21.582275390625,12.53271484375,3.4));
#9021 = CARTESIAN_POINT('',(21.73388671875,12.694580078125,3.4));
#9022 = PCURVE('',#3139,#9023);
#9023 = DEFINITIONAL_REPRESENTATION('',(#9024),#9028);
#9024 = LINE('',#9025,#9026);
#9025 = CARTESIAN_POINT('',(0.,0.));
#9026 = VECTOR('',#9027,1.);
#9027 = DIRECTION('',(1.,0.));
#9028 = ( GEOMETRIC_REPRESENTATION_CONTEXT(2) 
PARAMETRIC_REPRESENTATION_CONTEXT() REPRESENTATION_CONTEXT('2D SPACE',''
  ) );
#9029 = PCURVE('',#8858,#9030);
#9030 = DEFINITIONAL_REPRESENTATION('',(#9031),#9035);
#9031 = B_SPLINE_CURVE_WITH_KNOTS('',2,(#9032,#9033,#9034),
  .UNSPECIFIED.,.F.,.F.,(3,3),(0.,1.),.PIECEWISE_BEZIER_KNOTS.);
#9032 = CARTESIAN_POINT('',(0.2109375,0.17138671875));
#9033 = CARTESIAN_POINT('',(0.28271484375,0.3310546875));
#9034 = CARTESIAN_POINT('',(0.434326171875,0.492919921875));
#9035 = ( GEOMETRIC_REPRESENTATION_CONTEXT(2) 
PARAMETRIC_REPRESENTATION_CONTEXT() REPRESENTATION_CONTEXT('2D SPACE',''
  ) );
#9036 = ORIENTED_EDGE('',*,*,#8941,.T.);
#9037 = ORIENTED_EDGE('',*,*,#3117,.F.);
#9038 = ORIENTED_EDGE('',*,*,#9039,.F.);
#9039 = EDGE_CURVE('',#9015,#3118,#9040,.T.);
#9040 = SURFACE_CURVE('',#9041,(#9045,#9052),.PCURVE_S1.);
#9041 = LINE('',#9042,#9043);
#9042 = CARTESIAN_POINT('',(21.73388671875,12.694580078125,3.4));
#9043 = VECTOR('',#9044,1.);
#9044 = DIRECTION('',(0.,0.,1.));
#9045 = PCURVE('',#3139,#9046);
#9046 = DEFINITIONAL_REPRESENTATION('',(#9047),#9051);
#9047 = LINE('',#9048,#9049);
#9048 = CARTESIAN_POINT('',(1.,0.));
#9049 = VECTOR('',#9050,1.);
#9050 = DIRECTION('',(0.,-1.));
#9051 = ( GEOMETRIC_REPRESENTATION_CONTEXT(2) 
PARAMETRIC_REPRESENTATION_CONTEXT() REPRESENTATION_CONTEXT('2D SPACE',''
  ) );
#9052 = PCURVE('',#3178,#9053);
#9053 = DEFINITIONAL_REPRESENTATION('',(#9054),#9058);
#9054 = LINE('',#9055,#9056);
#9055 = CARTESIAN_POINT('',(0.,0.));
#9056 = VECTOR('',#9057,1.);
#9057 = DIRECTION('',(0.,-1.));
#9058 = ( GEOMETRIC_REPRESENTATION_CONTEXT(2) 
PARAMETRIC_REPRESENTATION_CONTEXT() REPRESENTATION_CONTEXT('2D SPACE',''
  ) );
#9059 = ADVANCED_FACE('',(#9060),#3863,.F.);
#9060 = FACE_BOUND('',#9061,.F.);
#9061 = EDGE_LOOP('',(#9062,#9085,#9106,#9107));
#9062 = ORIENTED_EDGE('',*,*,#9063,.F.);
#9063 = EDGE_CURVE('',#9064,#8966,#9066,.T.);
#9064 = VERTEX_POINT('',#9065);
#9065 = CARTESIAN_POINT('',(21.828369140625,12.41552734375,3.4));
#9066 = SURFACE_CURVE('',#9067,(#9071,#9078),.PCURVE_S1.);
#9067 = LINE('',#9068,#9069);
#9068 = CARTESIAN_POINT('',(21.828369140625,12.41552734375,3.4));
#9069 = VECTOR('',#9070,1.);
#9070 = DIRECTION('',(1.,0.,0.));
#9071 = PCURVE('',#3863,#9072);
#9072 = DEFINITIONAL_REPRESENTATION('',(#9073),#9077);
#9073 = LINE('',#9074,#9075);
#9074 = CARTESIAN_POINT('',(0.,0.));
#9075 = VECTOR('',#9076,1.);
#9076 = DIRECTION('',(1.,0.));
#9077 = ( GEOMETRIC_REPRESENTATION_CONTEXT(2) 
PARAMETRIC_REPRESENTATION_CONTEXT() REPRESENTATION_CONTEXT('2D SPACE',''
  ) );
#9078 = PCURVE('',#8858,#9079);
#9079 = DEFINITIONAL_REPRESENTATION('',(#9080),#9084);
#9080 = LINE('',#9081,#9082);
#9081 = CARTESIAN_POINT('',(0.52880859375,0.2138671875));
#9082 = VECTOR('',#9083,1.);
#9083 = DIRECTION('',(1.,0.));
#9084 = ( GEOMETRIC_REPRESENTATION_CONTEXT(2) 
PARAMETRIC_REPRESENTATION_CONTEXT() REPRESENTATION_CONTEXT('2D SPACE',''
  ) );
#9085 = ORIENTED_EDGE('',*,*,#9086,.T.);
#9086 = EDGE_CURVE('',#9064,#3810,#9087,.T.);
#9087 = SURFACE_CURVE('',#9088,(#9092,#9099),.PCURVE_S1.);
#9088 = LINE('',#9089,#9090);
#9089 = CARTESIAN_POINT('',(21.828369140625,12.41552734375,3.4));
#9090 = VECTOR('',#9091,1.);
#9091 = DIRECTION('',(0.,0.,1.));
#9092 = PCURVE('',#3863,#9093);
#9093 = DEFINITIONAL_REPRESENTATION('',(#9094),#9098);
#9094 = LINE('',#9095,#9096);
#9095 = CARTESIAN_POINT('',(0.,0.));
#9096 = VECTOR('',#9097,1.);
#9097 = DIRECTION('',(0.,-1.));
#9098 = ( GEOMETRIC_REPRESENTATION_CONTEXT(2) 
PARAMETRIC_REPRESENTATION_CONTEXT() REPRESENTATION_CONTEXT('2D SPACE',''
  ) );
#9099 = PCURVE('',#3831,#9100);
#9100 = DEFINITIONAL_REPRESENTATION('',(#9101),#9105);
#9101 = LINE('',#9102,#9103);
#9102 = CARTESIAN_POINT('',(1.,0.));
#9103 = VECTOR('',#9104,1.);
#9104 = DIRECTION('',(0.,-1.));
#9105 = ( GEOMETRIC_REPRESENTATION_CONTEXT(2) 
PARAMETRIC_REPRESENTATION_CONTEXT() REPRESENTATION_CONTEXT('2D SPACE',''
  ) );
#9106 = ORIENTED_EDGE('',*,*,#3848,.F.);
#9107 = ORIENTED_EDGE('',*,*,#8988,.F.);
#9108 = ADVANCED_FACE('',(#9109),#3178,.F.);
#9109 = FACE_BOUND('',#9110,.F.);
#9110 = EDGE_LOOP('',(#9111,#9134,#9135,#9136));
#9111 = ORIENTED_EDGE('',*,*,#9112,.F.);
#9112 = EDGE_CURVE('',#9015,#9113,#9115,.T.);
#9113 = VERTEX_POINT('',#9114);
#9114 = CARTESIAN_POINT('',(22.146240234375,13.064453125,3.4));
#9115 = SURFACE_CURVE('',#9116,(#9120,#9127),.PCURVE_S1.);
#9116 = B_SPLINE_CURVE_WITH_KNOTS('',2,(#9117,#9118,#9119),
  .UNSPECIFIED.,.F.,.F.,(3,3),(0.,1.),.PIECEWISE_BEZIER_KNOTS.);
#9117 = CARTESIAN_POINT('',(21.73388671875,12.694580078125,3.4));
#9118 = CARTESIAN_POINT('',(21.885498046875,12.8564453125,3.4));
#9119 = CARTESIAN_POINT('',(22.146240234375,13.064453125,3.4));
#9120 = PCURVE('',#3178,#9121);
#9121 = DEFINITIONAL_REPRESENTATION('',(#9122),#9126);
#9122 = LINE('',#9123,#9124);
#9123 = CARTESIAN_POINT('',(0.,0.));
#9124 = VECTOR('',#9125,1.);
#9125 = DIRECTION('',(1.,0.));
#9126 = ( GEOMETRIC_REPRESENTATION_CONTEXT(2) 
PARAMETRIC_REPRESENTATION_CONTEXT() REPRESENTATION_CONTEXT('2D SPACE',''
  ) );
#9127 = PCURVE('',#8858,#9128);
#9128 = DEFINITIONAL_REPRESENTATION('',(#9129),#9133);
#9129 = B_SPLINE_CURVE_WITH_KNOTS('',2,(#9130,#9131,#9132),
  .UNSPECIFIED.,.F.,.F.,(3,3),(0.,1.),.PIECEWISE_BEZIER_KNOTS.);
#9130 = CARTESIAN_POINT('',(0.434326171875,0.492919921875));
#9131 = CARTESIAN_POINT('',(0.5859375,0.65478515625));
#9132 = CARTESIAN_POINT('',(0.8466796875,0.86279296875));
#9133 = ( GEOMETRIC_REPRESENTATION_CONTEXT(2) 
PARAMETRIC_REPRESENTATION_CONTEXT() REPRESENTATION_CONTEXT('2D SPACE',''
  ) );
#9134 = ORIENTED_EDGE('',*,*,#9039,.T.);
#9135 = ORIENTED_EDGE('',*,*,#3156,.F.);
#9136 = ORIENTED_EDGE('',*,*,#9137,.F.);
#9137 = EDGE_CURVE('',#9113,#3157,#9138,.T.);
#9138 = SURFACE_CURVE('',#9139,(#9143,#9150),.PCURVE_S1.);
#9139 = LINE('',#9140,#9141);
#9140 = CARTESIAN_POINT('',(22.146240234375,13.064453125,3.4));
#9141 = VECTOR('',#9142,1.);
#9142 = DIRECTION('',(0.,0.,1.));
#9143 = PCURVE('',#3178,#9144);
#9144 = DEFINITIONAL_REPRESENTATION('',(#9145),#9149);
#9145 = LINE('',#9146,#9147);
#9146 = CARTESIAN_POINT('',(1.,0.));
#9147 = VECTOR('',#9148,1.);
#9148 = DIRECTION('',(0.,-1.));
#9149 = ( GEOMETRIC_REPRESENTATION_CONTEXT(2) 
PARAMETRIC_REPRESENTATION_CONTEXT() REPRESENTATION_CONTEXT('2D SPACE',''
  ) );
#9150 = PCURVE('',#3219,#9151);
#9151 = DEFINITIONAL_REPRESENTATION('',(#9152),#9156);
#9152 = LINE('',#9153,#9154);
#9153 = CARTESIAN_POINT('',(0.,0.));
#9154 = VECTOR('',#9155,1.);
#9155 = DIRECTION('',(0.,-1.));
#9156 = ( GEOMETRIC_REPRESENTATION_CONTEXT(2) 
PARAMETRIC_REPRESENTATION_CONTEXT() REPRESENTATION_CONTEXT('2D SPACE',''
  ) );
#9157 = ADVANCED_FACE('',(#9158),#3831,.F.);
#9158 = FACE_BOUND('',#9159,.F.);
#9159 = EDGE_LOOP('',(#9160,#9183,#9204,#9205));
#9160 = ORIENTED_EDGE('',*,*,#9161,.F.);
#9161 = EDGE_CURVE('',#9162,#9064,#9164,.T.);
#9162 = VERTEX_POINT('',#9163);
#9163 = CARTESIAN_POINT('',(21.9931640625,12.635986328125,3.4));
#9164 = SURFACE_CURVE('',#9165,(#9169,#9176),.PCURVE_S1.);
#9165 = B_SPLINE_CURVE_WITH_KNOTS('',2,(#9166,#9167,#9168),
  .UNSPECIFIED.,.F.,.F.,(3,3),(0.,1.),.PIECEWISE_BEZIER_KNOTS.);
#9166 = CARTESIAN_POINT('',(21.9931640625,12.635986328125,3.4));
#9167 = CARTESIAN_POINT('',(21.876708984375,12.5224609375,3.4));
#9168 = CARTESIAN_POINT('',(21.828369140625,12.41552734375,3.4));
#9169 = PCURVE('',#3831,#9170);
#9170 = DEFINITIONAL_REPRESENTATION('',(#9171),#9175);
#9171 = LINE('',#9172,#9173);
#9172 = CARTESIAN_POINT('',(0.,0.));
#9173 = VECTOR('',#9174,1.);
#9174 = DIRECTION('',(1.,0.));
#9175 = ( GEOMETRIC_REPRESENTATION_CONTEXT(2) 
PARAMETRIC_REPRESENTATION_CONTEXT() REPRESENTATION_CONTEXT('2D SPACE',''
  ) );
#9176 = PCURVE('',#8858,#9177);
#9177 = DEFINITIONAL_REPRESENTATION('',(#9178),#9182);
#9178 = B_SPLINE_CURVE_WITH_KNOTS('',2,(#9179,#9180,#9181),
  .UNSPECIFIED.,.F.,.F.,(3,3),(0.,1.),.PIECEWISE_BEZIER_KNOTS.);
#9179 = CARTESIAN_POINT('',(0.693603515625,0.434326171875));
#9180 = CARTESIAN_POINT('',(0.5771484375,0.32080078125));
#9181 = CARTESIAN_POINT('',(0.52880859375,0.2138671875));
#9182 = ( GEOMETRIC_REPRESENTATION_CONTEXT(2) 
PARAMETRIC_REPRESENTATION_CONTEXT() REPRESENTATION_CONTEXT('2D SPACE',''
  ) );
#9183 = ORIENTED_EDGE('',*,*,#9184,.T.);
#9184 = EDGE_CURVE('',#9162,#3768,#9185,.T.);
#9185 = SURFACE_CURVE('',#9186,(#9190,#9197),.PCURVE_S1.);
#9186 = LINE('',#9187,#9188);
#9187 = CARTESIAN_POINT('',(21.9931640625,12.635986328125,3.4));
#9188 = VECTOR('',#9189,1.);
#9189 = DIRECTION('',(0.,0.,1.));
#9190 = PCURVE('',#3831,#9191);
#9191 = DEFINITIONAL_REPRESENTATION('',(#9192),#9196);
#9192 = LINE('',#9193,#9194);
#9193 = CARTESIAN_POINT('',(0.,0.));
#9194 = VECTOR('',#9195,1.);
#9195 = DIRECTION('',(0.,-1.));
#9196 = ( GEOMETRIC_REPRESENTATION_CONTEXT(2) 
PARAMETRIC_REPRESENTATION_CONTEXT() REPRESENTATION_CONTEXT('2D SPACE',''
  ) );
#9197 = PCURVE('',#3791,#9198);
#9198 = DEFINITIONAL_REPRESENTATION('',(#9199),#9203);
#9199 = LINE('',#9200,#9201);
#9200 = CARTESIAN_POINT('',(1.,0.));
#9201 = VECTOR('',#9202,1.);
#9202 = DIRECTION('',(0.,-1.));
#9203 = ( GEOMETRIC_REPRESENTATION_CONTEXT(2) 
PARAMETRIC_REPRESENTATION_CONTEXT() REPRESENTATION_CONTEXT('2D SPACE',''
  ) );
#9204 = ORIENTED_EDGE('',*,*,#3809,.F.);
#9205 = ORIENTED_EDGE('',*,*,#9086,.F.);
#9206 = ADVANCED_FACE('',(#9207),#3219,.F.);
#9207 = FACE_BOUND('',#9208,.F.);
#9208 = EDGE_LOOP('',(#9209,#9232,#9233,#9234));
#9209 = ORIENTED_EDGE('',*,*,#9210,.F.);
#9210 = EDGE_CURVE('',#9113,#9211,#9213,.T.);
#9211 = VERTEX_POINT('',#9212);
#9212 = CARTESIAN_POINT('',(22.481689453125,13.38818359375,3.4));
#9213 = SURFACE_CURVE('',#9214,(#9218,#9225),.PCURVE_S1.);
#9214 = B_SPLINE_CURVE_WITH_KNOTS('',2,(#9215,#9216,#9217),
  .UNSPECIFIED.,.F.,.F.,(3,3),(0.,1.),.PIECEWISE_BEZIER_KNOTS.);
#9215 = CARTESIAN_POINT('',(22.146240234375,13.064453125,3.4));
#9216 = CARTESIAN_POINT('',(22.379150390625,13.25048828125,3.4));
#9217 = CARTESIAN_POINT('',(22.481689453125,13.38818359375,3.4));
#9218 = PCURVE('',#3219,#9219);
#9219 = DEFINITIONAL_REPRESENTATION('',(#9220),#9224);
#9220 = LINE('',#9221,#9222);
#9221 = CARTESIAN_POINT('',(0.,0.));
#9222 = VECTOR('',#9223,1.);
#9223 = DIRECTION('',(1.,0.));
#9224 = ( GEOMETRIC_REPRESENTATION_CONTEXT(2) 
PARAMETRIC_REPRESENTATION_CONTEXT() REPRESENTATION_CONTEXT('2D SPACE',''
  ) );
#9225 = PCURVE('',#8858,#9226);
#9226 = DEFINITIONAL_REPRESENTATION('',(#9227),#9231);
#9227 = B_SPLINE_CURVE_WITH_KNOTS('',2,(#9228,#9229,#9230),
  .UNSPECIFIED.,.F.,.F.,(3,3),(0.,1.),.PIECEWISE_BEZIER_KNOTS.);
#9228 = CARTESIAN_POINT('',(0.8466796875,0.86279296875));
#9229 = CARTESIAN_POINT('',(1.07958984375,1.048828125));
#9230 = CARTESIAN_POINT('',(1.18212890625,1.1865234375));
#9231 = ( GEOMETRIC_REPRESENTATION_CONTEXT(2) 
PARAMETRIC_REPRESENTATION_CONTEXT() REPRESENTATION_CONTEXT('2D SPACE',''
  ) );
#9232 = ORIENTED_EDGE('',*,*,#9137,.T.);
#9233 = ORIENTED_EDGE('',*,*,#3195,.F.);
#9234 = ORIENTED_EDGE('',*,*,#9235,.F.);
#9235 = EDGE_CURVE('',#9211,#3196,#9236,.T.);
#9236 = SURFACE_CURVE('',#9237,(#9241,#9248),.PCURVE_S1.);
#9237 = LINE('',#9238,#9239);
#9238 = CARTESIAN_POINT('',(22.481689453125,13.38818359375,3.4));
#9239 = VECTOR('',#9240,1.);
#9240 = DIRECTION('',(0.,0.,1.));
#9241 = PCURVE('',#3219,#9242);
#9242 = DEFINITIONAL_REPRESENTATION('',(#9243),#9247);
#9243 = LINE('',#9244,#9245);
#9244 = CARTESIAN_POINT('',(1.,0.));
#9245 = VECTOR('',#9246,1.);
#9246 = DIRECTION('',(0.,-1.));
#9247 = ( GEOMETRIC_REPRESENTATION_CONTEXT(2) 
PARAMETRIC_REPRESENTATION_CONTEXT() REPRESENTATION_CONTEXT('2D SPACE',''
  ) );
#9248 = PCURVE('',#3259,#9249);
#9249 = DEFINITIONAL_REPRESENTATION('',(#9250),#9254);
#9250 = LINE('',#9251,#9252);
#9251 = CARTESIAN_POINT('',(0.,0.));
#9252 = VECTOR('',#9253,1.);
#9253 = DIRECTION('',(0.,-1.));
#9254 = ( GEOMETRIC_REPRESENTATION_CONTEXT(2) 
PARAMETRIC_REPRESENTATION_CONTEXT() REPRESENTATION_CONTEXT('2D SPACE',''
  ) );
#9255 = ADVANCED_FACE('',(#9256),#3791,.F.);
#9256 = FACE_BOUND('',#9257,.F.);
#9257 = EDGE_LOOP('',(#9258,#9281,#9302,#9303));
#9258 = ORIENTED_EDGE('',*,*,#9259,.F.);
#9259 = EDGE_CURVE('',#9260,#9162,#9262,.T.);
#9260 = VERTEX_POINT('',#9261);
#9261 = CARTESIAN_POINT('',(22.411376953125,12.98974609375,3.4));
#9262 = SURFACE_CURVE('',#9263,(#9267,#9274),.PCURVE_S1.);
#9263 = B_SPLINE_CURVE_WITH_KNOTS('',2,(#9264,#9265,#9266),
  .UNSPECIFIED.,.F.,.F.,(3,3),(0.,1.),.PIECEWISE_BEZIER_KNOTS.);
#9264 = CARTESIAN_POINT('',(22.411376953125,12.98974609375,3.4));
#9265 = CARTESIAN_POINT('',(22.109619140625,12.74951171875,3.4));
#9266 = CARTESIAN_POINT('',(21.9931640625,12.635986328125,3.4));
#9267 = PCURVE('',#3791,#9268);
#9268 = DEFINITIONAL_REPRESENTATION('',(#9269),#9273);
#9269 = LINE('',#9270,#9271);
#9270 = CARTESIAN_POINT('',(0.,0.));
#9271 = VECTOR('',#9272,1.);
#9272 = DIRECTION('',(1.,0.));
#9273 = ( GEOMETRIC_REPRESENTATION_CONTEXT(2) 
PARAMETRIC_REPRESENTATION_CONTEXT() REPRESENTATION_CONTEXT('2D SPACE',''
  ) );
#9274 = PCURVE('',#8858,#9275);
#9275 = DEFINITIONAL_REPRESENTATION('',(#9276),#9280);
#9276 = B_SPLINE_CURVE_WITH_KNOTS('',2,(#9277,#9278,#9279),
  .UNSPECIFIED.,.F.,.F.,(3,3),(0.,1.),.PIECEWISE_BEZIER_KNOTS.);
#9277 = CARTESIAN_POINT('',(1.11181640625,0.7880859375));
#9278 = CARTESIAN_POINT('',(0.81005859375,0.5478515625));
#9279 = CARTESIAN_POINT('',(0.693603515625,0.434326171875));
#9280 = ( GEOMETRIC_REPRESENTATION_CONTEXT(2) 
PARAMETRIC_REPRESENTATION_CONTEXT() REPRESENTATION_CONTEXT('2D SPACE',''
  ) );
#9281 = ORIENTED_EDGE('',*,*,#9282,.T.);
#9282 = EDGE_CURVE('',#9260,#3729,#9283,.T.);
#9283 = SURFACE_CURVE('',#9284,(#9288,#9295),.PCURVE_S1.);
#9284 = LINE('',#9285,#9286);
#9285 = CARTESIAN_POINT('',(22.411376953125,12.98974609375,3.4));
#9286 = VECTOR('',#9287,1.);
#9287 = DIRECTION('',(0.,0.,1.));
#9288 = PCURVE('',#3791,#9289);
#9289 = DEFINITIONAL_REPRESENTATION('',(#9290),#9294);
#9290 = LINE('',#9291,#9292);
#9291 = CARTESIAN_POINT('',(0.,0.));
#9292 = VECTOR('',#9293,1.);
#9293 = DIRECTION('',(0.,-1.));
#9294 = ( GEOMETRIC_REPRESENTATION_CONTEXT(2) 
PARAMETRIC_REPRESENTATION_CONTEXT() REPRESENTATION_CONTEXT('2D SPACE',''
  ) );
#9295 = PCURVE('',#3750,#9296);
#9296 = DEFINITIONAL_REPRESENTATION('',(#9297),#9301);
#9297 = LINE('',#9298,#9299);
#9298 = CARTESIAN_POINT('',(1.,0.));
#9299 = VECTOR('',#9300,1.);
#9300 = DIRECTION('',(0.,-1.));
#9301 = ( GEOMETRIC_REPRESENTATION_CONTEXT(2) 
PARAMETRIC_REPRESENTATION_CONTEXT() REPRESENTATION_CONTEXT('2D SPACE',''
  ) );
#9302 = ORIENTED_EDGE('',*,*,#3767,.F.);
#9303 = ORIENTED_EDGE('',*,*,#9184,.F.);
#9304 = ADVANCED_FACE('',(#9305),#3259,.F.);
#9305 = FACE_BOUND('',#9306,.F.);
#9306 = EDGE_LOOP('',(#9307,#9330,#9331,#9332));
#9307 = ORIENTED_EDGE('',*,*,#9308,.F.);
#9308 = EDGE_CURVE('',#9211,#9309,#9311,.T.);
#9309 = VERTEX_POINT('',#9310);
#9310 = CARTESIAN_POINT('',(22.584228515625,13.6533203125,3.4));
#9311 = SURFACE_CURVE('',#9312,(#9316,#9323),.PCURVE_S1.);
#9312 = B_SPLINE_CURVE_WITH_KNOTS('',2,(#9313,#9314,#9315),
  .UNSPECIFIED.,.F.,.F.,(3,3),(0.,1.),.PIECEWISE_BEZIER_KNOTS.);
#9313 = CARTESIAN_POINT('',(22.481689453125,13.38818359375,3.4));
#9314 = CARTESIAN_POINT('',(22.584228515625,13.52587890625,3.4));
#9315 = CARTESIAN_POINT('',(22.584228515625,13.6533203125,3.4));
#9316 = PCURVE('',#3259,#9317);
#9317 = DEFINITIONAL_REPRESENTATION('',(#9318),#9322);
#9318 = LINE('',#9319,#9320);
#9319 = CARTESIAN_POINT('',(0.,0.));
#9320 = VECTOR('',#9321,1.);
#9321 = DIRECTION('',(1.,0.));
#9322 = ( GEOMETRIC_REPRESENTATION_CONTEXT(2) 
PARAMETRIC_REPRESENTATION_CONTEXT() REPRESENTATION_CONTEXT('2D SPACE',''
  ) );
#9323 = PCURVE('',#8858,#9324);
#9324 = DEFINITIONAL_REPRESENTATION('',(#9325),#9329);
#9325 = B_SPLINE_CURVE_WITH_KNOTS('',2,(#9326,#9327,#9328),
  .UNSPECIFIED.,.F.,.F.,(3,3),(0.,1.),.PIECEWISE_BEZIER_KNOTS.);
#9326 = CARTESIAN_POINT('',(1.18212890625,1.1865234375));
#9327 = CARTESIAN_POINT('',(1.28466796875,1.32421875));
#9328 = CARTESIAN_POINT('',(1.28466796875,1.45166015625));
#9329 = ( GEOMETRIC_REPRESENTATION_CONTEXT(2) 
PARAMETRIC_REPRESENTATION_CONTEXT() REPRESENTATION_CONTEXT('2D SPACE',''
  ) );
#9330 = ORIENTED_EDGE('',*,*,#9235,.T.);
#9331 = ORIENTED_EDGE('',*,*,#3237,.F.);
#9332 = ORIENTED_EDGE('',*,*,#9333,.F.);
#9333 = EDGE_CURVE('',#9309,#3238,#9334,.T.);
#9334 = SURFACE_CURVE('',#9335,(#9339,#9346),.PCURVE_S1.);
#9335 = LINE('',#9336,#9337);
#9336 = CARTESIAN_POINT('',(22.584228515625,13.6533203125,3.4));
#9337 = VECTOR('',#9338,1.);
#9338 = DIRECTION('',(0.,0.,1.));
#9339 = PCURVE('',#3259,#9340);
#9340 = DEFINITIONAL_REPRESENTATION('',(#9341),#9345);
#9341 = LINE('',#9342,#9343);
#9342 = CARTESIAN_POINT('',(1.,0.));
#9343 = VECTOR('',#9344,1.);
#9344 = DIRECTION('',(0.,-1.));
#9345 = ( GEOMETRIC_REPRESENTATION_CONTEXT(2) 
PARAMETRIC_REPRESENTATION_CONTEXT() REPRESENTATION_CONTEXT('2D SPACE',''
  ) );
#9346 = PCURVE('',#3306,#9347);
#9347 = DEFINITIONAL_REPRESENTATION('',(#9348),#9352);
#9348 = LINE('',#9349,#9350);
#9349 = CARTESIAN_POINT('',(0.,0.));
#9350 = VECTOR('',#9351,1.);
#9351 = DIRECTION('',(0.,-1.));
#9352 = ( GEOMETRIC_REPRESENTATION_CONTEXT(2) 
PARAMETRIC_REPRESENTATION_CONTEXT() REPRESENTATION_CONTEXT('2D SPACE',''
  ) );
#9353 = ADVANCED_FACE('',(#9354),#3750,.F.);
#9354 = FACE_BOUND('',#9355,.F.);
#9355 = EDGE_LOOP('',(#9356,#9379,#9400,#9401));
#9356 = ORIENTED_EDGE('',*,*,#9357,.F.);
#9357 = EDGE_CURVE('',#9358,#9260,#9360,.T.);
#9358 = VERTEX_POINT('',#9359);
#9359 = CARTESIAN_POINT('',(22.743896484375,13.333251953125,3.4));
#9360 = SURFACE_CURVE('',#9361,(#9365,#9372),.PCURVE_S1.);
#9361 = B_SPLINE_CURVE_WITH_KNOTS('',2,(#9362,#9363,#9364),
  .UNSPECIFIED.,.F.,.F.,(3,3),(0.,1.),.PIECEWISE_BEZIER_KNOTS.);
#9362 = CARTESIAN_POINT('',(22.743896484375,13.333251953125,3.4));
#9363 = CARTESIAN_POINT('',(22.632568359375,13.16552734375,3.4));
#9364 = CARTESIAN_POINT('',(22.411376953125,12.98974609375,3.4));
#9365 = PCURVE('',#3750,#9366);
#9366 = DEFINITIONAL_REPRESENTATION('',(#9367),#9371);
#9367 = LINE('',#9368,#9369);
#9368 = CARTESIAN_POINT('',(0.,0.));
#9369 = VECTOR('',#9370,1.);
#9370 = DIRECTION('',(1.,0.));
#9371 = ( GEOMETRIC_REPRESENTATION_CONTEXT(2) 
PARAMETRIC_REPRESENTATION_CONTEXT() REPRESENTATION_CONTEXT('2D SPACE',''
  ) );
#9372 = PCURVE('',#8858,#9373);
#9373 = DEFINITIONAL_REPRESENTATION('',(#9374),#9378);
#9374 = B_SPLINE_CURVE_WITH_KNOTS('',2,(#9375,#9376,#9377),
  .UNSPECIFIED.,.F.,.F.,(3,3),(0.,1.),.PIECEWISE_BEZIER_KNOTS.);
#9375 = CARTESIAN_POINT('',(1.4443359375,1.131591796875));
#9376 = CARTESIAN_POINT('',(1.3330078125,0.9638671875));
#9377 = CARTESIAN_POINT('',(1.11181640625,0.7880859375));
#9378 = ( GEOMETRIC_REPRESENTATION_CONTEXT(2) 
PARAMETRIC_REPRESENTATION_CONTEXT() REPRESENTATION_CONTEXT('2D SPACE',''
  ) );
#9379 = ORIENTED_EDGE('',*,*,#9380,.T.);
#9380 = EDGE_CURVE('',#9358,#3690,#9381,.T.);
#9381 = SURFACE_CURVE('',#9382,(#9386,#9393),.PCURVE_S1.);
#9382 = LINE('',#9383,#9384);
#9383 = CARTESIAN_POINT('',(22.743896484375,13.333251953125,3.4));
#9384 = VECTOR('',#9385,1.);
#9385 = DIRECTION('',(0.,0.,1.));
#9386 = PCURVE('',#3750,#9387);
#9387 = DEFINITIONAL_REPRESENTATION('',(#9388),#9392);
#9388 = LINE('',#9389,#9390);
#9389 = CARTESIAN_POINT('',(0.,0.));
#9390 = VECTOR('',#9391,1.);
#9391 = DIRECTION('',(0.,-1.));
#9392 = ( GEOMETRIC_REPRESENTATION_CONTEXT(2) 
PARAMETRIC_REPRESENTATION_CONTEXT() REPRESENTATION_CONTEXT('2D SPACE',''
  ) );
#9393 = PCURVE('',#3711,#9394);
#9394 = DEFINITIONAL_REPRESENTATION('',(#9395),#9399);
#9395 = LINE('',#9396,#9397);
#9396 = CARTESIAN_POINT('',(1.,0.));
#9397 = VECTOR('',#9398,1.);
#9398 = DIRECTION('',(0.,-1.));
#9399 = ( GEOMETRIC_REPRESENTATION_CONTEXT(2) 
PARAMETRIC_REPRESENTATION_CONTEXT() REPRESENTATION_CONTEXT('2D SPACE',''
  ) );
#9400 = ORIENTED_EDGE('',*,*,#3728,.F.);
#9401 = ORIENTED_EDGE('',*,*,#9282,.F.);
#9402 = ADVANCED_FACE('',(#9403),#3306,.F.);
#9403 = FACE_BOUND('',#9404,.F.);
#9404 = EDGE_LOOP('',(#9405,#9428,#9429,#9430));
#9405 = ORIENTED_EDGE('',*,*,#9406,.F.);
#9406 = EDGE_CURVE('',#9309,#9407,#9409,.T.);
#9407 = VERTEX_POINT('',#9408);
#9408 = CARTESIAN_POINT('',(22.483154296875,13.90380859375,3.4));
#9409 = SURFACE_CURVE('',#9410,(#9414,#9421),.PCURVE_S1.);
#9410 = B_SPLINE_CURVE_WITH_KNOTS('',2,(#9411,#9412,#9413),
  .UNSPECIFIED.,.F.,.F.,(3,3),(0.,1.),.PIECEWISE_BEZIER_KNOTS.);
#9411 = CARTESIAN_POINT('',(22.584228515625,13.6533203125,3.4));
#9412 = CARTESIAN_POINT('',(22.584228515625,13.81591796875,3.4));
#9413 = CARTESIAN_POINT('',(22.483154296875,13.90380859375,3.4));
#9414 = PCURVE('',#3306,#9415);
#9415 = DEFINITIONAL_REPRESENTATION('',(#9416),#9420);
#9416 = LINE('',#9417,#9418);
#9417 = CARTESIAN_POINT('',(0.,0.));
#9418 = VECTOR('',#9419,1.);
#9419 = DIRECTION('',(1.,0.));
#9420 = ( GEOMETRIC_REPRESENTATION_CONTEXT(2) 
PARAMETRIC_REPRESENTATION_CONTEXT() REPRESENTATION_CONTEXT('2D SPACE',''
  ) );
#9421 = PCURVE('',#8858,#9422);
#9422 = DEFINITIONAL_REPRESENTATION('',(#9423),#9427);
#9423 = B_SPLINE_CURVE_WITH_KNOTS('',2,(#9424,#9425,#9426),
  .UNSPECIFIED.,.F.,.F.,(3,3),(0.,1.),.PIECEWISE_BEZIER_KNOTS.);
#9424 = CARTESIAN_POINT('',(1.28466796875,1.45166015625));
#9425 = CARTESIAN_POINT('',(1.28466796875,1.6142578125));
#9426 = CARTESIAN_POINT('',(1.18359375,1.7021484375));
#9427 = ( GEOMETRIC_REPRESENTATION_CONTEXT(2) 
PARAMETRIC_REPRESENTATION_CONTEXT() REPRESENTATION_CONTEXT('2D SPACE',''
  ) );
#9428 = ORIENTED_EDGE('',*,*,#9333,.T.);
#9429 = ORIENTED_EDGE('',*,*,#3276,.F.);
#9430 = ORIENTED_EDGE('',*,*,#9431,.F.);
#9431 = EDGE_CURVE('',#9407,#3277,#9432,.T.);
#9432 = SURFACE_CURVE('',#9433,(#9437,#9444),.PCURVE_S1.);
#9433 = LINE('',#9434,#9435);
#9434 = CARTESIAN_POINT('',(22.483154296875,13.90380859375,3.4));
#9435 = VECTOR('',#9436,1.);
#9436 = DIRECTION('',(0.,0.,1.));
#9437 = PCURVE('',#3306,#9438);
#9438 = DEFINITIONAL_REPRESENTATION('',(#9439),#9443);
#9439 = LINE('',#9440,#9441);
#9440 = CARTESIAN_POINT('',(1.,0.));
#9441 = VECTOR('',#9442,1.);
#9442 = DIRECTION('',(0.,-1.));
#9443 = ( GEOMETRIC_REPRESENTATION_CONTEXT(2) 
PARAMETRIC_REPRESENTATION_CONTEXT() REPRESENTATION_CONTEXT('2D SPACE',''
  ) );
#9444 = PCURVE('',#3349,#9445);
#9445 = DEFINITIONAL_REPRESENTATION('',(#9446),#9450);
#9446 = LINE('',#9447,#9448);
#9447 = CARTESIAN_POINT('',(0.,0.));
#9448 = VECTOR('',#9449,1.);
#9449 = DIRECTION('',(0.,-1.));
#9450 = ( GEOMETRIC_REPRESENTATION_CONTEXT(2) 
PARAMETRIC_REPRESENTATION_CONTEXT() REPRESENTATION_CONTEXT('2D SPACE',''
  ) );
#9451 = ADVANCED_FACE('',(#9452),#3711,.F.);
#9452 = FACE_BOUND('',#9453,.F.);
#9453 = EDGE_LOOP('',(#9454,#9477,#9498,#9499));
#9454 = ORIENTED_EDGE('',*,*,#9455,.F.);
#9455 = EDGE_CURVE('',#9456,#9358,#9458,.T.);
#9456 = VERTEX_POINT('',#9457);
#9457 = CARTESIAN_POINT('',(22.855224609375,13.66943359375,3.4));
#9458 = SURFACE_CURVE('',#9459,(#9463,#9470),.PCURVE_S1.);
#9459 = B_SPLINE_CURVE_WITH_KNOTS('',2,(#9460,#9461,#9462),
  .UNSPECIFIED.,.F.,.F.,(3,3),(0.,1.),.PIECEWISE_BEZIER_KNOTS.);
#9460 = CARTESIAN_POINT('',(22.855224609375,13.66943359375,3.4));
#9461 = CARTESIAN_POINT('',(22.855224609375,13.5009765625,3.4));
#9462 = CARTESIAN_POINT('',(22.743896484375,13.333251953125,3.4));
#9463 = PCURVE('',#3711,#9464);
#9464 = DEFINITIONAL_REPRESENTATION('',(#9465),#9469);
#9465 = LINE('',#9466,#9467);
#9466 = CARTESIAN_POINT('',(0.,0.));
#9467 = VECTOR('',#9468,1.);
#9468 = DIRECTION('',(1.,0.));
#9469 = ( GEOMETRIC_REPRESENTATION_CONTEXT(2) 
PARAMETRIC_REPRESENTATION_CONTEXT() REPRESENTATION_CONTEXT('2D SPACE',''
  ) );
#9470 = PCURVE('',#8858,#9471);
#9471 = DEFINITIONAL_REPRESENTATION('',(#9472),#9476);
#9472 = B_SPLINE_CURVE_WITH_KNOTS('',2,(#9473,#9474,#9475),
  .UNSPECIFIED.,.F.,.F.,(3,3),(0.,1.),.PIECEWISE_BEZIER_KNOTS.);
#9473 = CARTESIAN_POINT('',(1.5556640625,1.4677734375));
#9474 = CARTESIAN_POINT('',(1.5556640625,1.29931640625));
#9475 = CARTESIAN_POINT('',(1.4443359375,1.131591796875));
#9476 = ( GEOMETRIC_REPRESENTATION_CONTEXT(2) 
PARAMETRIC_REPRESENTATION_CONTEXT() REPRESENTATION_CONTEXT('2D SPACE',''
  ) );
#9477 = ORIENTED_EDGE('',*,*,#9478,.T.);
#9478 = EDGE_CURVE('',#9456,#3639,#9479,.T.);
#9479 = SURFACE_CURVE('',#9480,(#9484,#9491),.PCURVE_S1.);
#9480 = LINE('',#9481,#9482);
#9481 = CARTESIAN_POINT('',(22.855224609375,13.66943359375,3.4));
#9482 = VECTOR('',#9483,1.);
#9483 = DIRECTION('',(0.,0.,1.));
#9484 = PCURVE('',#3711,#9485);
#9485 = DEFINITIONAL_REPRESENTATION('',(#9486),#9490);
#9486 = LINE('',#9487,#9488);
#9487 = CARTESIAN_POINT('',(0.,0.));
#9488 = VECTOR('',#9489,1.);
#9489 = DIRECTION('',(0.,-1.));
#9490 = ( GEOMETRIC_REPRESENTATION_CONTEXT(2) 
PARAMETRIC_REPRESENTATION_CONTEXT() REPRESENTATION_CONTEXT('2D SPACE',''
  ) );
#9491 = PCURVE('',#3668,#9492);
#9492 = DEFINITIONAL_REPRESENTATION('',(#9493),#9497);
#9493 = LINE('',#9494,#9495);
#9494 = CARTESIAN_POINT('',(1.,0.));
#9495 = VECTOR('',#9496,1.);
#9496 = DIRECTION('',(0.,-1.));
#9497 = ( GEOMETRIC_REPRESENTATION_CONTEXT(2) 
PARAMETRIC_REPRESENTATION_CONTEXT() REPRESENTATION_CONTEXT('2D SPACE',''
  ) );
#9498 = ORIENTED_EDGE('',*,*,#3689,.F.);
#9499 = ORIENTED_EDGE('',*,*,#9380,.F.);
#9500 = ADVANCED_FACE('',(#9501),#3349,.F.);
#9501 = FACE_BOUND('',#9502,.F.);
#9502 = EDGE_LOOP('',(#9503,#9526,#9527,#9528));
#9503 = ORIENTED_EDGE('',*,*,#9504,.F.);
#9504 = EDGE_CURVE('',#9407,#9505,#9507,.T.);
#9505 = VERTEX_POINT('',#9506);
#9506 = CARTESIAN_POINT('',(22.194580078125,13.99169921875,3.4));
#9507 = SURFACE_CURVE('',#9508,(#9512,#9519),.PCURVE_S1.);
#9508 = B_SPLINE_CURVE_WITH_KNOTS('',2,(#9509,#9510,#9511),
  .UNSPECIFIED.,.F.,.F.,(3,3),(0.,1.),.PIECEWISE_BEZIER_KNOTS.);
#9509 = CARTESIAN_POINT('',(22.483154296875,13.90380859375,3.4));
#9510 = CARTESIAN_POINT('',(22.382080078125,13.99169921875,3.4));
#9511 = CARTESIAN_POINT('',(22.194580078125,13.99169921875,3.4));
#9512 = PCURVE('',#3349,#9513);
#9513 = DEFINITIONAL_REPRESENTATION('',(#9514),#9518);
#9514 = LINE('',#9515,#9516);
#9515 = CARTESIAN_POINT('',(0.,0.));
#9516 = VECTOR('',#9517,1.);
#9517 = DIRECTION('',(1.,0.));
#9518 = ( GEOMETRIC_REPRESENTATION_CONTEXT(2) 
PARAMETRIC_REPRESENTATION_CONTEXT() REPRESENTATION_CONTEXT('2D SPACE',''
  ) );
#9519 = PCURVE('',#8858,#9520);
#9520 = DEFINITIONAL_REPRESENTATION('',(#9521),#9525);
#9521 = B_SPLINE_CURVE_WITH_KNOTS('',2,(#9522,#9523,#9524),
  .UNSPECIFIED.,.F.,.F.,(3,3),(0.,1.),.PIECEWISE_BEZIER_KNOTS.);
#9522 = CARTESIAN_POINT('',(1.18359375,1.7021484375));
#9523 = CARTESIAN_POINT('',(1.08251953125,1.7900390625));
#9524 = CARTESIAN_POINT('',(0.89501953125,1.7900390625));
#9525 = ( GEOMETRIC_REPRESENTATION_CONTEXT(2) 
PARAMETRIC_REPRESENTATION_CONTEXT() REPRESENTATION_CONTEXT('2D SPACE',''
  ) );
#9526 = ORIENTED_EDGE('',*,*,#9431,.T.);
#9527 = ORIENTED_EDGE('',*,*,#3327,.F.);
#9528 = ORIENTED_EDGE('',*,*,#9529,.F.);
#9529 = EDGE_CURVE('',#9505,#3328,#9530,.T.);
#9530 = SURFACE_CURVE('',#9531,(#9535,#9542),.PCURVE_S1.);
#9531 = LINE('',#9532,#9533);
#9532 = CARTESIAN_POINT('',(22.194580078125,13.99169921875,3.4));
#9533 = VECTOR('',#9534,1.);
#9534 = DIRECTION('',(0.,0.,1.));
#9535 = PCURVE('',#3349,#9536);
#9536 = DEFINITIONAL_REPRESENTATION('',(#9537),#9541);
#9537 = LINE('',#9538,#9539);
#9538 = CARTESIAN_POINT('',(1.,0.));
#9539 = VECTOR('',#9540,1.);
#9540 = DIRECTION('',(0.,-1.));
#9541 = ( GEOMETRIC_REPRESENTATION_CONTEXT(2) 
PARAMETRIC_REPRESENTATION_CONTEXT() REPRESENTATION_CONTEXT('2D SPACE',''
  ) );
#9542 = PCURVE('',#3396,#9543);
#9543 = DEFINITIONAL_REPRESENTATION('',(#9544),#9548);
#9544 = LINE('',#9545,#9546);
#9545 = CARTESIAN_POINT('',(0.,0.));
#9546 = VECTOR('',#9547,1.);
#9547 = DIRECTION('',(0.,-1.));
#9548 = ( GEOMETRIC_REPRESENTATION_CONTEXT(2) 
PARAMETRIC_REPRESENTATION_CONTEXT() REPRESENTATION_CONTEXT('2D SPACE',''
  ) );
#9549 = ADVANCED_FACE('',(#9550),#3668,.F.);
#9550 = FACE_BOUND('',#9551,.F.);
#9551 = EDGE_LOOP('',(#9552,#9575,#9596,#9597));
#9552 = ORIENTED_EDGE('',*,*,#9553,.F.);
#9553 = EDGE_CURVE('',#9554,#9456,#9556,.T.);
#9554 = VERTEX_POINT('',#9555);
#9555 = CARTESIAN_POINT('',(22.680908203125,14.06787109375,3.4));
#9556 = SURFACE_CURVE('',#9557,(#9561,#9568),.PCURVE_S1.);
#9557 = B_SPLINE_CURVE_WITH_KNOTS('',2,(#9558,#9559,#9560),
  .UNSPECIFIED.,.F.,.F.,(3,3),(0.,1.),.PIECEWISE_BEZIER_KNOTS.);
#9558 = CARTESIAN_POINT('',(22.680908203125,14.06787109375,3.4));
#9559 = CARTESIAN_POINT('',(22.855224609375,13.92724609375,3.4));
#9560 = CARTESIAN_POINT('',(22.855224609375,13.66943359375,3.4));
#9561 = PCURVE('',#3668,#9562);
#9562 = DEFINITIONAL_REPRESENTATION('',(#9563),#9567);
#9563 = LINE('',#9564,#9565);
#9564 = CARTESIAN_POINT('',(0.,0.));
#9565 = VECTOR('',#9566,1.);
#9566 = DIRECTION('',(1.,0.));
#9567 = ( GEOMETRIC_REPRESENTATION_CONTEXT(2) 
PARAMETRIC_REPRESENTATION_CONTEXT() REPRESENTATION_CONTEXT('2D SPACE',''
  ) );
#9568 = PCURVE('',#8858,#9569);
#9569 = DEFINITIONAL_REPRESENTATION('',(#9570),#9574);
#9570 = B_SPLINE_CURVE_WITH_KNOTS('',2,(#9571,#9572,#9573),
  .UNSPECIFIED.,.F.,.F.,(3,3),(0.,1.),.PIECEWISE_BEZIER_KNOTS.);
#9571 = CARTESIAN_POINT('',(1.38134765625,1.8662109375));
#9572 = CARTESIAN_POINT('',(1.5556640625,1.7255859375));
#9573 = CARTESIAN_POINT('',(1.5556640625,1.4677734375));
#9574 = ( GEOMETRIC_REPRESENTATION_CONTEXT(2) 
PARAMETRIC_REPRESENTATION_CONTEXT() REPRESENTATION_CONTEXT('2D SPACE',''
  ) );
#9575 = ORIENTED_EDGE('',*,*,#9576,.T.);
#9576 = EDGE_CURVE('',#9554,#3597,#9577,.T.);
#9577 = SURFACE_CURVE('',#9578,(#9582,#9589),.PCURVE_S1.);
#9578 = LINE('',#9579,#9580);
#9579 = CARTESIAN_POINT('',(22.680908203125,14.06787109375,3.4));
#9580 = VECTOR('',#9581,1.);
#9581 = DIRECTION('',(0.,0.,1.));
#9582 = PCURVE('',#3668,#9583);
#9583 = DEFINITIONAL_REPRESENTATION('',(#9584),#9588);
#9584 = LINE('',#9585,#9586);
#9585 = CARTESIAN_POINT('',(0.,0.));
#9586 = VECTOR('',#9587,1.);
#9587 = DIRECTION('',(0.,-1.));
#9588 = ( GEOMETRIC_REPRESENTATION_CONTEXT(2) 
PARAMETRIC_REPRESENTATION_CONTEXT() REPRESENTATION_CONTEXT('2D SPACE',''
  ) );
#9589 = PCURVE('',#3620,#9590);
#9590 = DEFINITIONAL_REPRESENTATION('',(#9591),#9595);
#9591 = LINE('',#9592,#9593);
#9592 = CARTESIAN_POINT('',(1.,0.));
#9593 = VECTOR('',#9594,1.);
#9594 = DIRECTION('',(0.,-1.));
#9595 = ( GEOMETRIC_REPRESENTATION_CONTEXT(2) 
PARAMETRIC_REPRESENTATION_CONTEXT() REPRESENTATION_CONTEXT('2D SPACE',''
  ) );
#9596 = ORIENTED_EDGE('',*,*,#3638,.F.);
#9597 = ORIENTED_EDGE('',*,*,#9478,.F.);
#9598 = ADVANCED_FACE('',(#9599),#3396,.F.);
#9599 = FACE_BOUND('',#9600,.F.);
#9600 = EDGE_LOOP('',(#9601,#9624,#9625,#9626));
#9601 = ORIENTED_EDGE('',*,*,#9602,.F.);
#9602 = EDGE_CURVE('',#9505,#9603,#9605,.T.);
#9603 = VERTEX_POINT('',#9604);
#9604 = CARTESIAN_POINT('',(21.92431640625,13.900146484375,3.4));
#9605 = SURFACE_CURVE('',#9606,(#9610,#9617),.PCURVE_S1.);
#9606 = B_SPLINE_CURVE_WITH_KNOTS('',2,(#9607,#9608,#9609),
  .UNSPECIFIED.,.F.,.F.,(3,3),(0.,1.),.PIECEWISE_BEZIER_KNOTS.);
#9607 = CARTESIAN_POINT('',(22.194580078125,13.99169921875,3.4));
#9608 = CARTESIAN_POINT('',(22.027587890625,13.99169921875,3.4));
#9609 = CARTESIAN_POINT('',(21.92431640625,13.900146484375,3.4));
#9610 = PCURVE('',#3396,#9611);
#9611 = DEFINITIONAL_REPRESENTATION('',(#9612),#9616);
#9612 = LINE('',#9613,#9614);
#9613 = CARTESIAN_POINT('',(0.,0.));
#9614 = VECTOR('',#9615,1.);
#9615 = DIRECTION('',(1.,0.));
#9616 = ( GEOMETRIC_REPRESENTATION_CONTEXT(2) 
PARAMETRIC_REPRESENTATION_CONTEXT() REPRESENTATION_CONTEXT('2D SPACE',''
  ) );
#9617 = PCURVE('',#8858,#9618);
#9618 = DEFINITIONAL_REPRESENTATION('',(#9619),#9623);
#9619 = B_SPLINE_CURVE_WITH_KNOTS('',2,(#9620,#9621,#9622),
  .UNSPECIFIED.,.F.,.F.,(3,3),(0.,1.),.PIECEWISE_BEZIER_KNOTS.);
#9620 = CARTESIAN_POINT('',(0.89501953125,1.7900390625));
#9621 = CARTESIAN_POINT('',(0.72802734375,1.7900390625));
#9622 = CARTESIAN_POINT('',(0.624755859375,1.698486328125));
#9623 = ( GEOMETRIC_REPRESENTATION_CONTEXT(2) 
PARAMETRIC_REPRESENTATION_CONTEXT() REPRESENTATION_CONTEXT('2D SPACE',''
  ) );
#9624 = ORIENTED_EDGE('',*,*,#9529,.T.);
#9625 = ORIENTED_EDGE('',*,*,#3366,.F.);
#9626 = ORIENTED_EDGE('',*,*,#9627,.F.);
#9627 = EDGE_CURVE('',#9603,#3367,#9628,.T.);
#9628 = SURFACE_CURVE('',#9629,(#9633,#9640),.PCURVE_S1.);
#9629 = LINE('',#9630,#9631);
#9630 = CARTESIAN_POINT('',(21.92431640625,13.900146484375,3.4));
#9631 = VECTOR('',#9632,1.);
#9632 = DIRECTION('',(0.,0.,1.));
#9633 = PCURVE('',#3396,#9634);
#9634 = DEFINITIONAL_REPRESENTATION('',(#9635),#9639);
#9635 = LINE('',#9636,#9637);
#9636 = CARTESIAN_POINT('',(1.,0.));
#9637 = VECTOR('',#9638,1.);
#9638 = DIRECTION('',(0.,-1.));
#9639 = ( GEOMETRIC_REPRESENTATION_CONTEXT(2) 
PARAMETRIC_REPRESENTATION_CONTEXT() REPRESENTATION_CONTEXT('2D SPACE',''
  ) );
#9640 = PCURVE('',#3447,#9641);
#9641 = DEFINITIONAL_REPRESENTATION('',(#9642),#9646);
#9642 = LINE('',#9643,#9644);
#9643 = CARTESIAN_POINT('',(0.,0.));
#9644 = VECTOR('',#9645,1.);
#9645 = DIRECTION('',(0.,-1.));
#9646 = ( GEOMETRIC_REPRESENTATION_CONTEXT(2) 
PARAMETRIC_REPRESENTATION_CONTEXT() REPRESENTATION_CONTEXT('2D SPACE',''
  ) );
#9647 = ADVANCED_FACE('',(#9648),#3620,.F.);
#9648 = FACE_BOUND('',#9649,.F.);
#9649 = EDGE_LOOP('',(#9650,#9673,#9694,#9695));
#9650 = ORIENTED_EDGE('',*,*,#9651,.F.);
#9651 = EDGE_CURVE('',#9652,#9554,#9654,.T.);
#9652 = VERTEX_POINT('',#9653);
#9653 = CARTESIAN_POINT('',(22.194580078125,14.20849609375,3.4));
#9654 = SURFACE_CURVE('',#9655,(#9659,#9666),.PCURVE_S1.);
#9655 = B_SPLINE_CURVE_WITH_KNOTS('',2,(#9656,#9657,#9658),
  .UNSPECIFIED.,.F.,.F.,(3,3),(0.,1.),.PIECEWISE_BEZIER_KNOTS.);
#9656 = CARTESIAN_POINT('',(22.194580078125,14.20849609375,3.4));
#9657 = CARTESIAN_POINT('',(22.506591796875,14.20849609375,3.4));
#9658 = CARTESIAN_POINT('',(22.680908203125,14.06787109375,3.4));
#9659 = PCURVE('',#3620,#9660);
#9660 = DEFINITIONAL_REPRESENTATION('',(#9661),#9665);
#9661 = LINE('',#9662,#9663);
#9662 = CARTESIAN_POINT('',(0.,0.));
#9663 = VECTOR('',#9664,1.);
#9664 = DIRECTION('',(1.,0.));
#9665 = ( GEOMETRIC_REPRESENTATION_CONTEXT(2) 
PARAMETRIC_REPRESENTATION_CONTEXT() REPRESENTATION_CONTEXT('2D SPACE',''
  ) );
#9666 = PCURVE('',#8858,#9667);
#9667 = DEFINITIONAL_REPRESENTATION('',(#9668),#9672);
#9668 = B_SPLINE_CURVE_WITH_KNOTS('',2,(#9669,#9670,#9671),
  .UNSPECIFIED.,.F.,.F.,(3,3),(0.,1.),.PIECEWISE_BEZIER_KNOTS.);
#9669 = CARTESIAN_POINT('',(0.89501953125,2.0068359375));
#9670 = CARTESIAN_POINT('',(1.20703125,2.0068359375));
#9671 = CARTESIAN_POINT('',(1.38134765625,1.8662109375));
#9672 = ( GEOMETRIC_REPRESENTATION_CONTEXT(2) 
PARAMETRIC_REPRESENTATION_CONTEXT() REPRESENTATION_CONTEXT('2D SPACE',''
  ) );
#9673 = ORIENTED_EDGE('',*,*,#9674,.T.);
#9674 = EDGE_CURVE('',#9652,#3546,#9675,.T.);
#9675 = SURFACE_CURVE('',#9676,(#9680,#9687),.PCURVE_S1.);
#9676 = LINE('',#9677,#9678);
#9677 = CARTESIAN_POINT('',(22.194580078125,14.20849609375,3.4));
#9678 = VECTOR('',#9679,1.);
#9679 = DIRECTION('',(0.,0.,1.));
#9680 = PCURVE('',#3620,#9681);
#9681 = DEFINITIONAL_REPRESENTATION('',(#9682),#9686);
#9682 = LINE('',#9683,#9684);
#9683 = CARTESIAN_POINT('',(0.,0.));
#9684 = VECTOR('',#9685,1.);
#9685 = DIRECTION('',(0.,-1.));
#9686 = ( GEOMETRIC_REPRESENTATION_CONTEXT(2) 
PARAMETRIC_REPRESENTATION_CONTEXT() REPRESENTATION_CONTEXT('2D SPACE',''
  ) );
#9687 = PCURVE('',#3575,#9688);
#9688 = DEFINITIONAL_REPRESENTATION('',(#9689),#9693);
#9689 = LINE('',#9690,#9691);
#9690 = CARTESIAN_POINT('',(1.,0.));
#9691 = VECTOR('',#9692,1.);
#9692 = DIRECTION('',(0.,-1.));
#9693 = ( GEOMETRIC_REPRESENTATION_CONTEXT(2) 
PARAMETRIC_REPRESENTATION_CONTEXT() REPRESENTATION_CONTEXT('2D SPACE',''
  ) );
#9694 = ORIENTED_EDGE('',*,*,#3596,.F.);
#9695 = ORIENTED_EDGE('',*,*,#9576,.F.);
#9696 = ADVANCED_FACE('',(#9697),#3447,.F.);
#9697 = FACE_BOUND('',#9698,.F.);
#9698 = EDGE_LOOP('',(#9699,#9722,#9723,#9724));
#9699 = ORIENTED_EDGE('',*,*,#9700,.F.);
#9700 = EDGE_CURVE('',#9603,#9701,#9703,.T.);
#9701 = VERTEX_POINT('',#9702);
#9702 = CARTESIAN_POINT('',(21.802001953125,13.64306640625,3.4));
#9703 = SURFACE_CURVE('',#9704,(#9708,#9715),.PCURVE_S1.);
#9704 = B_SPLINE_CURVE_WITH_KNOTS('',2,(#9705,#9706,#9707),
  .UNSPECIFIED.,.F.,.F.,(3,3),(0.,1.),.PIECEWISE_BEZIER_KNOTS.);
#9705 = CARTESIAN_POINT('',(21.92431640625,13.900146484375,3.4));
#9706 = CARTESIAN_POINT('',(21.821044921875,13.80859375,3.4));
#9707 = CARTESIAN_POINT('',(21.802001953125,13.64306640625,3.4));
#9708 = PCURVE('',#3447,#9709);
#9709 = DEFINITIONAL_REPRESENTATION('',(#9710),#9714);
#9710 = LINE('',#9711,#9712);
#9711 = CARTESIAN_POINT('',(0.,0.));
#9712 = VECTOR('',#9713,1.);
#9713 = DIRECTION('',(1.,0.));
#9714 = ( GEOMETRIC_REPRESENTATION_CONTEXT(2) 
PARAMETRIC_REPRESENTATION_CONTEXT() REPRESENTATION_CONTEXT('2D SPACE',''
  ) );
#9715 = PCURVE('',#8858,#9716);
#9716 = DEFINITIONAL_REPRESENTATION('',(#9717),#9721);
#9717 = B_SPLINE_CURVE_WITH_KNOTS('',2,(#9718,#9719,#9720),
  .UNSPECIFIED.,.F.,.F.,(3,3),(0.,1.),.PIECEWISE_BEZIER_KNOTS.);
#9718 = CARTESIAN_POINT('',(0.624755859375,1.698486328125));
#9719 = CARTESIAN_POINT('',(0.521484375,1.60693359375));
#9720 = CARTESIAN_POINT('',(0.50244140625,1.44140625));
#9721 = ( GEOMETRIC_REPRESENTATION_CONTEXT(2) 
PARAMETRIC_REPRESENTATION_CONTEXT() REPRESENTATION_CONTEXT('2D SPACE',''
  ) );
#9722 = ORIENTED_EDGE('',*,*,#9627,.T.);
#9723 = ORIENTED_EDGE('',*,*,#3417,.F.);
#9724 = ORIENTED_EDGE('',*,*,#9725,.F.);
#9725 = EDGE_CURVE('',#9701,#3418,#9726,.T.);
#9726 = SURFACE_CURVE('',#9727,(#9731,#9738),.PCURVE_S1.);
#9727 = LINE('',#9728,#9729);
#9728 = CARTESIAN_POINT('',(21.802001953125,13.64306640625,3.4));
#9729 = VECTOR('',#9730,1.);
#9730 = DIRECTION('',(0.,0.,1.));
#9731 = PCURVE('',#3447,#9732);
#9732 = DEFINITIONAL_REPRESENTATION('',(#9733),#9737);
#9733 = LINE('',#9734,#9735);
#9734 = CARTESIAN_POINT('',(1.,0.));
#9735 = VECTOR('',#9736,1.);
#9736 = DIRECTION('',(0.,-1.));
#9737 = ( GEOMETRIC_REPRESENTATION_CONTEXT(2) 
PARAMETRIC_REPRESENTATION_CONTEXT() REPRESENTATION_CONTEXT('2D SPACE',''
  ) );
#9738 = PCURVE('',#3483,#9739);
#9739 = DEFINITIONAL_REPRESENTATION('',(#9740),#9744);
#9740 = LINE('',#9741,#9742);
#9741 = CARTESIAN_POINT('',(0.,0.));
#9742 = VECTOR('',#9743,1.);
#9743 = DIRECTION('',(0.,-1.));
#9744 = ( GEOMETRIC_REPRESENTATION_CONTEXT(2) 
PARAMETRIC_REPRESENTATION_CONTEXT() REPRESENTATION_CONTEXT('2D SPACE',''
  ) );
#9745 = ADVANCED_FACE('',(#9746),#3575,.F.);
#9746 = FACE_BOUND('',#9747,.F.);
#9747 = EDGE_LOOP('',(#9748,#9771,#9792,#9793));
#9748 = ORIENTED_EDGE('',*,*,#9749,.F.);
#9749 = EDGE_CURVE('',#9750,#9652,#9752,.T.);
#9750 = VERTEX_POINT('',#9751);
#9751 = CARTESIAN_POINT('',(21.736083984375,14.062744140625,3.4));
#9752 = SURFACE_CURVE('',#9753,(#9757,#9764),.PCURVE_S1.);
#9753 = B_SPLINE_CURVE_WITH_KNOTS('',2,(#9754,#9755,#9756),
  .UNSPECIFIED.,.F.,.F.,(3,3),(0.,1.),.PIECEWISE_BEZIER_KNOTS.);
#9754 = CARTESIAN_POINT('',(21.736083984375,14.062744140625,3.4));
#9755 = CARTESIAN_POINT('',(21.910400390625,14.20849609375,3.4));
#9756 = CARTESIAN_POINT('',(22.194580078125,14.20849609375,3.4));
#9757 = PCURVE('',#3575,#9758);
#9758 = DEFINITIONAL_REPRESENTATION('',(#9759),#9763);
#9759 = LINE('',#9760,#9761);
#9760 = CARTESIAN_POINT('',(0.,0.));
#9761 = VECTOR('',#9762,1.);
#9762 = DIRECTION('',(1.,0.));
#9763 = ( GEOMETRIC_REPRESENTATION_CONTEXT(2) 
PARAMETRIC_REPRESENTATION_CONTEXT() REPRESENTATION_CONTEXT('2D SPACE',''
  ) );
#9764 = PCURVE('',#8858,#9765);
#9765 = DEFINITIONAL_REPRESENTATION('',(#9766),#9770);
#9766 = B_SPLINE_CURVE_WITH_KNOTS('',2,(#9767,#9768,#9769),
  .UNSPECIFIED.,.F.,.F.,(3,3),(0.,1.),.PIECEWISE_BEZIER_KNOTS.);
#9767 = CARTESIAN_POINT('',(0.4365234375,1.861083984375));
#9768 = CARTESIAN_POINT('',(0.61083984375,2.0068359375));
#9769 = CARTESIAN_POINT('',(0.89501953125,2.0068359375));
#9770 = ( GEOMETRIC_REPRESENTATION_CONTEXT(2) 
PARAMETRIC_REPRESENTATION_CONTEXT() REPRESENTATION_CONTEXT('2D SPACE',''
  ) );
#9771 = ORIENTED_EDGE('',*,*,#9772,.T.);
#9772 = EDGE_CURVE('',#9750,#3495,#9773,.T.);
#9773 = SURFACE_CURVE('',#9774,(#9778,#9785),.PCURVE_S1.);
#9774 = LINE('',#9775,#9776);
#9775 = CARTESIAN_POINT('',(21.736083984375,14.062744140625,3.4));
#9776 = VECTOR('',#9777,1.);
#9777 = DIRECTION('',(0.,0.,1.));
#9778 = PCURVE('',#3575,#9779);
#9779 = DEFINITIONAL_REPRESENTATION('',(#9780),#9784);
#9780 = LINE('',#9781,#9782);
#9781 = CARTESIAN_POINT('',(0.,0.));
#9782 = VECTOR('',#9783,1.);
#9783 = DIRECTION('',(0.,-1.));
#9784 = ( GEOMETRIC_REPRESENTATION_CONTEXT(2) 
PARAMETRIC_REPRESENTATION_CONTEXT() REPRESENTATION_CONTEXT('2D SPACE',''
  ) );
#9785 = PCURVE('',#3524,#9786);
#9786 = DEFINITIONAL_REPRESENTATION('',(#9787),#9791);
#9787 = LINE('',#9788,#9789);
#9788 = CARTESIAN_POINT('',(1.,0.));
#9789 = VECTOR('',#9790,1.);
#9790 = DIRECTION('',(0.,-1.));
#9791 = ( GEOMETRIC_REPRESENTATION_CONTEXT(2) 
PARAMETRIC_REPRESENTATION_CONTEXT() REPRESENTATION_CONTEXT('2D SPACE',''
  ) );
#9792 = ORIENTED_EDGE('',*,*,#3545,.F.);
#9793 = ORIENTED_EDGE('',*,*,#9674,.F.);
#9794 = ADVANCED_FACE('',(#9795),#3483,.F.);
#9795 = FACE_BOUND('',#9796,.F.);
#9796 = EDGE_LOOP('',(#9797,#9820,#9821,#9822));
#9797 = ORIENTED_EDGE('',*,*,#9798,.F.);
#9798 = EDGE_CURVE('',#9701,#9799,#9801,.T.);
#9799 = VERTEX_POINT('',#9800);
#9800 = CARTESIAN_POINT('',(21.532470703125,13.66796875,3.4));
#9801 = SURFACE_CURVE('',#9802,(#9806,#9813),.PCURVE_S1.);
#9802 = LINE('',#9803,#9804);
#9803 = CARTESIAN_POINT('',(21.802001953125,13.64306640625,3.4));
#9804 = VECTOR('',#9805,1.);
#9805 = DIRECTION('',(-0.995759055224,9.199947792832E-02,0.));
#9806 = PCURVE('',#3483,#9807);
#9807 = DEFINITIONAL_REPRESENTATION('',(#9808),#9812);
#9808 = LINE('',#9809,#9810);
#9809 = CARTESIAN_POINT('',(0.,0.));
#9810 = VECTOR('',#9811,1.);
#9811 = DIRECTION('',(1.,0.));
#9812 = ( GEOMETRIC_REPRESENTATION_CONTEXT(2) 
PARAMETRIC_REPRESENTATION_CONTEXT() REPRESENTATION_CONTEXT('2D SPACE',''
  ) );
#9813 = PCURVE('',#8858,#9814);
#9814 = DEFINITIONAL_REPRESENTATION('',(#9815),#9819);
#9815 = LINE('',#9816,#9817);
#9816 = CARTESIAN_POINT('',(0.50244140625,1.44140625));
#9817 = VECTOR('',#9818,1.);
#9818 = DIRECTION('',(-0.995759055224,9.199947792832E-02));
#9819 = ( GEOMETRIC_REPRESENTATION_CONTEXT(2) 
PARAMETRIC_REPRESENTATION_CONTEXT() REPRESENTATION_CONTEXT('2D SPACE',''
  ) );
#9820 = ORIENTED_EDGE('',*,*,#9725,.T.);
#9821 = ORIENTED_EDGE('',*,*,#3468,.F.);
#9822 = ORIENTED_EDGE('',*,*,#9823,.F.);
#9823 = EDGE_CURVE('',#9799,#3469,#9824,.T.);
#9824 = SURFACE_CURVE('',#9825,(#9829,#9836),.PCURVE_S1.);
#9825 = LINE('',#9826,#9827);
#9826 = CARTESIAN_POINT('',(21.532470703125,13.66796875,3.4));
#9827 = VECTOR('',#9828,1.);
#9828 = DIRECTION('',(0.,0.,1.));
#9829 = PCURVE('',#3483,#9830);
#9830 = DEFINITIONAL_REPRESENTATION('',(#9831),#9835);
#9831 = LINE('',#9832,#9833);
#9832 = CARTESIAN_POINT('',(0.270679185478,0.));
#9833 = VECTOR('',#9834,1.);
#9834 = DIRECTION('',(0.,-1.));
#9835 = ( GEOMETRIC_REPRESENTATION_CONTEXT(2) 
PARAMETRIC_REPRESENTATION_CONTEXT() REPRESENTATION_CONTEXT('2D SPACE',''
  ) );
#9836 = PCURVE('',#3524,#9837);
#9837 = DEFINITIONAL_REPRESENTATION('',(#9838),#9842);
#9838 = LINE('',#9839,#9840);
#9839 = CARTESIAN_POINT('',(0.,0.));
#9840 = VECTOR('',#9841,1.);
#9841 = DIRECTION('',(0.,-1.));
#9842 = ( GEOMETRIC_REPRESENTATION_CONTEXT(2) 
PARAMETRIC_REPRESENTATION_CONTEXT() REPRESENTATION_CONTEXT('2D SPACE',''
  ) );
#9843 = ADVANCED_FACE('',(#9844),#3524,.F.);
#9844 = FACE_BOUND('',#9845,.F.);
#9845 = EDGE_LOOP('',(#9846,#9867,#9868,#9869));
#9846 = ORIENTED_EDGE('',*,*,#9847,.F.);
#9847 = EDGE_CURVE('',#9799,#9750,#9848,.T.);
#9848 = SURFACE_CURVE('',#9849,(#9853,#9860),.PCURVE_S1.);
#9849 = B_SPLINE_CURVE_WITH_KNOTS('',2,(#9850,#9851,#9852),
  .UNSPECIFIED.,.F.,.F.,(3,3),(0.,1.),.PIECEWISE_BEZIER_KNOTS.);
#9850 = CARTESIAN_POINT('',(21.532470703125,13.66796875,3.4));
#9851 = CARTESIAN_POINT('',(21.561767578125,13.9169921875,3.4));
#9852 = CARTESIAN_POINT('',(21.736083984375,14.062744140625,3.4));
#9853 = PCURVE('',#3524,#9854);
#9854 = DEFINITIONAL_REPRESENTATION('',(#9855),#9859);
#9855 = LINE('',#9856,#9857);
#9856 = CARTESIAN_POINT('',(0.,0.));
#9857 = VECTOR('',#9858,1.);
#9858 = DIRECTION('',(1.,0.));
#9859 = ( GEOMETRIC_REPRESENTATION_CONTEXT(2) 
PARAMETRIC_REPRESENTATION_CONTEXT() REPRESENTATION_CONTEXT('2D SPACE',''
  ) );
#9860 = PCURVE('',#8858,#9861);
#9861 = DEFINITIONAL_REPRESENTATION('',(#9862),#9866);
#9862 = B_SPLINE_CURVE_WITH_KNOTS('',2,(#9863,#9864,#9865),
  .UNSPECIFIED.,.F.,.F.,(3,3),(0.,1.),.PIECEWISE_BEZIER_KNOTS.);
#9863 = CARTESIAN_POINT('',(0.23291015625,1.46630859375));
#9864 = CARTESIAN_POINT('',(0.26220703125,1.71533203125));
#9865 = CARTESIAN_POINT('',(0.4365234375,1.861083984375));
#9866 = ( GEOMETRIC_REPRESENTATION_CONTEXT(2) 
PARAMETRIC_REPRESENTATION_CONTEXT() REPRESENTATION_CONTEXT('2D SPACE',''
  ) );
#9867 = ORIENTED_EDGE('',*,*,#9823,.T.);
#9868 = ORIENTED_EDGE('',*,*,#3494,.F.);
#9869 = ORIENTED_EDGE('',*,*,#9772,.F.);
#9870 = ADVANCED_FACE('',(#9871),#3917,.F.);
#9871 = FACE_BOUND('',#9872,.F.);
#9872 = EDGE_LOOP('',(#9873,#9903,#9924,#9925));
#9873 = ORIENTED_EDGE('',*,*,#9874,.F.);
#9874 = EDGE_CURVE('',#9875,#9877,#9879,.T.);
#9875 = VERTEX_POINT('',#9876);
#9876 = CARTESIAN_POINT('',(24.170654296875,12.20166015625,3.4));
#9877 = VERTEX_POINT('',#9878);
#9878 = CARTESIAN_POINT('',(23.826416015625,12.20166015625,3.4));
#9879 = SURFACE_CURVE('',#9880,(#9884,#9891),.PCURVE_S1.);
#9880 = LINE('',#9881,#9882);
#9881 = CARTESIAN_POINT('',(24.170654296875,12.20166015625,3.4));
#9882 = VECTOR('',#9883,1.);
#9883 = DIRECTION('',(-1.,0.,0.));
#9884 = PCURVE('',#3917,#9885);
#9885 = DEFINITIONAL_REPRESENTATION('',(#9886),#9890);
#9886 = LINE('',#9887,#9888);
#9887 = CARTESIAN_POINT('',(0.,-0.));
#9888 = VECTOR('',#9889,1.);
#9889 = DIRECTION('',(1.,0.));
#9890 = ( GEOMETRIC_REPRESENTATION_CONTEXT(2) 
PARAMETRIC_REPRESENTATION_CONTEXT() REPRESENTATION_CONTEXT('2D SPACE',''
  ) );
#9891 = PCURVE('',#9892,#9897);
#9892 = PLANE('',#9893);
#9893 = AXIS2_PLACEMENT_3D('',#9894,#9895,#9896);
#9894 = CARTESIAN_POINT('',(23.099853515625,12.20166015625,3.4));
#9895 = DIRECTION('',(0.,0.,1.));
#9896 = DIRECTION('',(1.,0.,0.));
#9897 = DEFINITIONAL_REPRESENTATION('',(#9898),#9902);
#9898 = LINE('',#9899,#9900);
#9899 = CARTESIAN_POINT('',(1.07080078125,0.));
#9900 = VECTOR('',#9901,1.);
#9901 = DIRECTION('',(-1.,0.));
#9902 = ( GEOMETRIC_REPRESENTATION_CONTEXT(2) 
PARAMETRIC_REPRESENTATION_CONTEXT() REPRESENTATION_CONTEXT('2D SPACE',''
  ) );
#9903 = ORIENTED_EDGE('',*,*,#9904,.T.);
#9904 = EDGE_CURVE('',#9875,#3903,#9905,.T.);
#9905 = SURFACE_CURVE('',#9906,(#9910,#9917),.PCURVE_S1.);
#9906 = LINE('',#9907,#9908);
#9907 = CARTESIAN_POINT('',(24.170654296875,12.20166015625,3.4));
#9908 = VECTOR('',#9909,1.);
#9909 = DIRECTION('',(0.,0.,1.));
#9910 = PCURVE('',#3917,#9911);
#9911 = DEFINITIONAL_REPRESENTATION('',(#9912),#9916);
#9912 = LINE('',#9913,#9914);
#9913 = CARTESIAN_POINT('',(0.,-0.));
#9914 = VECTOR('',#9915,1.);
#9915 = DIRECTION('',(0.,-1.));
#9916 = ( GEOMETRIC_REPRESENTATION_CONTEXT(2) 
PARAMETRIC_REPRESENTATION_CONTEXT() REPRESENTATION_CONTEXT('2D SPACE',''
  ) );
#9917 = PCURVE('',#3993,#9918);
#9918 = DEFINITIONAL_REPRESENTATION('',(#9919),#9923);
#9919 = LINE('',#9920,#9921);
#9920 = CARTESIAN_POINT('',(0.43798828125,0.));
#9921 = VECTOR('',#9922,1.);
#9922 = DIRECTION('',(0.,-1.));
#9923 = ( GEOMETRIC_REPRESENTATION_CONTEXT(2) 
PARAMETRIC_REPRESENTATION_CONTEXT() REPRESENTATION_CONTEXT('2D SPACE',''
  ) );
#9924 = ORIENTED_EDGE('',*,*,#3900,.F.);
#9925 = ORIENTED_EDGE('',*,*,#9926,.F.);
#9926 = EDGE_CURVE('',#9877,#3901,#9927,.T.);
#9927 = SURFACE_CURVE('',#9928,(#9932,#9939),.PCURVE_S1.);
#9928 = LINE('',#9929,#9930);
#9929 = CARTESIAN_POINT('',(23.826416015625,12.20166015625,3.4));
#9930 = VECTOR('',#9931,1.);
#9931 = DIRECTION('',(0.,0.,1.));
#9932 = PCURVE('',#3917,#9933);
#9933 = DEFINITIONAL_REPRESENTATION('',(#9934),#9938);
#9934 = LINE('',#9935,#9936);
#9935 = CARTESIAN_POINT('',(0.34423828125,0.));
#9936 = VECTOR('',#9937,1.);
#9937 = DIRECTION('',(0.,-1.));
#9938 = ( GEOMETRIC_REPRESENTATION_CONTEXT(2) 
PARAMETRIC_REPRESENTATION_CONTEXT() REPRESENTATION_CONTEXT('2D SPACE',''
  ) );
#9939 = PCURVE('',#3943,#9940);
#9940 = DEFINITIONAL_REPRESENTATION('',(#9941),#9945);
#9941 = LINE('',#9942,#9943);
#9942 = CARTESIAN_POINT('',(0.,0.));
#9943 = VECTOR('',#9944,1.);
#9944 = DIRECTION('',(0.,-1.));
#9945 = ( GEOMETRIC_REPRESENTATION_CONTEXT(2) 
PARAMETRIC_REPRESENTATION_CONTEXT() REPRESENTATION_CONTEXT('2D SPACE',''
  ) );
#9946 = ADVANCED_FACE('',(#9947),#3943,.F.);
#9947 = FACE_BOUND('',#9948,.F.);
#9948 = EDGE_LOOP('',(#9949,#9972,#9973,#9974));
#9949 = ORIENTED_EDGE('',*,*,#9950,.F.);
#9950 = EDGE_CURVE('',#9877,#9951,#9953,.T.);
#9951 = VERTEX_POINT('',#9952);
#9952 = CARTESIAN_POINT('',(23.826416015625,12.6396484375,3.4));
#9953 = SURFACE_CURVE('',#9954,(#9958,#9965),.PCURVE_S1.);
#9954 = LINE('',#9955,#9956);
#9955 = CARTESIAN_POINT('',(23.826416015625,12.20166015625,3.4));
#9956 = VECTOR('',#9957,1.);
#9957 = DIRECTION('',(0.,1.,0.));
#9958 = PCURVE('',#3943,#9959);
#9959 = DEFINITIONAL_REPRESENTATION('',(#9960),#9964);
#9960 = LINE('',#9961,#9962);
#9961 = CARTESIAN_POINT('',(0.,0.));
#9962 = VECTOR('',#9963,1.);
#9963 = DIRECTION('',(1.,0.));
#9964 = ( GEOMETRIC_REPRESENTATION_CONTEXT(2) 
PARAMETRIC_REPRESENTATION_CONTEXT() REPRESENTATION_CONTEXT('2D SPACE',''
  ) );
#9965 = PCURVE('',#9892,#9966);
#9966 = DEFINITIONAL_REPRESENTATION('',(#9967),#9971);
#9967 = LINE('',#9968,#9969);
#9968 = CARTESIAN_POINT('',(0.7265625,0.));
#9969 = VECTOR('',#9970,1.);
#9970 = DIRECTION('',(0.,1.));
#9971 = ( GEOMETRIC_REPRESENTATION_CONTEXT(2) 
PARAMETRIC_REPRESENTATION_CONTEXT() REPRESENTATION_CONTEXT('2D SPACE',''
  ) );
#9972 = ORIENTED_EDGE('',*,*,#9926,.T.);
#9973 = ORIENTED_EDGE('',*,*,#3928,.F.);
#9974 = ORIENTED_EDGE('',*,*,#9975,.F.);
#9975 = EDGE_CURVE('',#9951,#3929,#9976,.T.);
#9976 = SURFACE_CURVE('',#9977,(#9981,#9988),.PCURVE_S1.);
#9977 = LINE('',#9978,#9979);
#9978 = CARTESIAN_POINT('',(23.826416015625,12.6396484375,3.4));
#9979 = VECTOR('',#9980,1.);
#9980 = DIRECTION('',(0.,0.,1.));
#9981 = PCURVE('',#3943,#9982);
#9982 = DEFINITIONAL_REPRESENTATION('',(#9983),#9987);
#9983 = LINE('',#9984,#9985);
#9984 = CARTESIAN_POINT('',(0.43798828125,0.));
#9985 = VECTOR('',#9986,1.);
#9986 = DIRECTION('',(0.,-1.));
#9987 = ( GEOMETRIC_REPRESENTATION_CONTEXT(2) 
PARAMETRIC_REPRESENTATION_CONTEXT() REPRESENTATION_CONTEXT('2D SPACE',''
  ) );
#9988 = PCURVE('',#3969,#9989);
#9989 = DEFINITIONAL_REPRESENTATION('',(#9990),#9994);
#9990 = LINE('',#9991,#9992);
#9991 = CARTESIAN_POINT('',(0.,0.));
#9992 = VECTOR('',#9993,1.);
#9993 = DIRECTION('',(0.,-1.));
#9994 = ( GEOMETRIC_REPRESENTATION_CONTEXT(2) 
PARAMETRIC_REPRESENTATION_CONTEXT() REPRESENTATION_CONTEXT('2D SPACE',''
  ) );
#9995 = ADVANCED_FACE('',(#9996),#3993,.F.);
#9996 = FACE_BOUND('',#9997,.F.);
#9997 = EDGE_LOOP('',(#9998,#10021,#10042,#10043));
#9998 = ORIENTED_EDGE('',*,*,#9999,.F.);
#9999 = EDGE_CURVE('',#10000,#9875,#10002,.T.);
#10000 = VERTEX_POINT('',#10001);
#10001 = CARTESIAN_POINT('',(24.170654296875,12.6396484375,3.4));
#10002 = SURFACE_CURVE('',#10003,(#10007,#10014),.PCURVE_S1.);
#10003 = LINE('',#10004,#10005);
#10004 = CARTESIAN_POINT('',(24.170654296875,12.6396484375,3.4));
#10005 = VECTOR('',#10006,1.);
#10006 = DIRECTION('',(0.,-1.,0.));
#10007 = PCURVE('',#3993,#10008);
#10008 = DEFINITIONAL_REPRESENTATION('',(#10009),#10013);
#10009 = LINE('',#10010,#10011);
#10010 = CARTESIAN_POINT('',(0.,0.));
#10011 = VECTOR('',#10012,1.);
#10012 = DIRECTION('',(1.,0.));
#10013 = ( GEOMETRIC_REPRESENTATION_CONTEXT(2) 
PARAMETRIC_REPRESENTATION_CONTEXT() REPRESENTATION_CONTEXT('2D SPACE',''
  ) );
#10014 = PCURVE('',#9892,#10015);
#10015 = DEFINITIONAL_REPRESENTATION('',(#10016),#10020);
#10016 = LINE('',#10017,#10018);
#10017 = CARTESIAN_POINT('',(1.07080078125,0.43798828125));
#10018 = VECTOR('',#10019,1.);
#10019 = DIRECTION('',(0.,-1.));
#10020 = ( GEOMETRIC_REPRESENTATION_CONTEXT(2) 
PARAMETRIC_REPRESENTATION_CONTEXT() REPRESENTATION_CONTEXT('2D SPACE',''
  ) );
#10021 = ORIENTED_EDGE('',*,*,#10022,.T.);
#10022 = EDGE_CURVE('',#10000,#3955,#10023,.T.);
#10023 = SURFACE_CURVE('',#10024,(#10028,#10035),.PCURVE_S1.);
#10024 = LINE('',#10025,#10026);
#10025 = CARTESIAN_POINT('',(24.170654296875,12.6396484375,3.4));
#10026 = VECTOR('',#10027,1.);
#10027 = DIRECTION('',(0.,0.,1.));
#10028 = PCURVE('',#3993,#10029);
#10029 = DEFINITIONAL_REPRESENTATION('',(#10030),#10034);
#10030 = LINE('',#10031,#10032);
#10031 = CARTESIAN_POINT('',(0.,0.));
#10032 = VECTOR('',#10033,1.);
#10033 = DIRECTION('',(0.,-1.));
#10034 = ( GEOMETRIC_REPRESENTATION_CONTEXT(2) 
PARAMETRIC_REPRESENTATION_CONTEXT() REPRESENTATION_CONTEXT('2D SPACE',''
  ) );
#10035 = PCURVE('',#3969,#10036);
#10036 = DEFINITIONAL_REPRESENTATION('',(#10037),#10041);
#10037 = LINE('',#10038,#10039);
#10038 = CARTESIAN_POINT('',(0.34423828125,0.));
#10039 = VECTOR('',#10040,1.);
#10040 = DIRECTION('',(0.,-1.));
#10041 = ( GEOMETRIC_REPRESENTATION_CONTEXT(2) 
PARAMETRIC_REPRESENTATION_CONTEXT() REPRESENTATION_CONTEXT('2D SPACE',''
  ) );
#10042 = ORIENTED_EDGE('',*,*,#3980,.F.);
#10043 = ORIENTED_EDGE('',*,*,#9904,.F.);
#10044 = ADVANCED_FACE('',(#10045),#3969,.F.);
#10045 = FACE_BOUND('',#10046,.F.);
#10046 = EDGE_LOOP('',(#10047,#10068,#10069,#10070));
#10047 = ORIENTED_EDGE('',*,*,#10048,.F.);
#10048 = EDGE_CURVE('',#9951,#10000,#10049,.T.);
#10049 = SURFACE_CURVE('',#10050,(#10054,#10061),.PCURVE_S1.);
#10050 = LINE('',#10051,#10052);
#10051 = CARTESIAN_POINT('',(23.826416015625,12.6396484375,3.4));
#10052 = VECTOR('',#10053,1.);
#10053 = DIRECTION('',(1.,0.,0.));
#10054 = PCURVE('',#3969,#10055);
#10055 = DEFINITIONAL_REPRESENTATION('',(#10056),#10060);
#10056 = LINE('',#10057,#10058);
#10057 = CARTESIAN_POINT('',(0.,0.));
#10058 = VECTOR('',#10059,1.);
#10059 = DIRECTION('',(1.,0.));
#10060 = ( GEOMETRIC_REPRESENTATION_CONTEXT(2) 
PARAMETRIC_REPRESENTATION_CONTEXT() REPRESENTATION_CONTEXT('2D SPACE',''
  ) );
#10061 = PCURVE('',#9892,#10062);
#10062 = DEFINITIONAL_REPRESENTATION('',(#10063),#10067);
#10063 = LINE('',#10064,#10065);
#10064 = CARTESIAN_POINT('',(0.7265625,0.43798828125));
#10065 = VECTOR('',#10066,1.);
#10066 = DIRECTION('',(1.,0.));
#10067 = ( GEOMETRIC_REPRESENTATION_CONTEXT(2) 
PARAMETRIC_REPRESENTATION_CONTEXT() REPRESENTATION_CONTEXT('2D SPACE',''
  ) );
#10068 = ORIENTED_EDGE('',*,*,#9975,.T.);
#10069 = ORIENTED_EDGE('',*,*,#3954,.F.);
#10070 = ORIENTED_EDGE('',*,*,#10022,.F.);
#10071 = ADVANCED_FACE('',(#10072),#4038,.F.);
#10072 = FACE_BOUND('',#10073,.F.);
#10073 = EDGE_LOOP('',(#10074,#10104,#10125,#10126));
#10074 = ORIENTED_EDGE('',*,*,#10075,.F.);
#10075 = EDGE_CURVE('',#10076,#10078,#10080,.T.);
#10076 = VERTEX_POINT('',#10077);
#10077 = CARTESIAN_POINT('',(26.505615234375,12.85498046875,3.4));
#10078 = VERTEX_POINT('',#10079);
#10079 = CARTESIAN_POINT('',(26.32763671875,12.3583984375,3.4));
#10080 = SURFACE_CURVE('',#10081,(#10085,#10092),.PCURVE_S1.);
#10081 = B_SPLINE_CURVE_WITH_KNOTS('',2,(#10082,#10083,#10084),
  .UNSPECIFIED.,.F.,.F.,(3,3),(0.,1.),.PIECEWISE_BEZIER_KNOTS.);
#10082 = CARTESIAN_POINT('',(26.505615234375,12.85498046875,3.4));
#10083 = CARTESIAN_POINT('',(26.505615234375,12.54443359375,3.4));
#10084 = CARTESIAN_POINT('',(26.32763671875,12.3583984375,3.4));
#10085 = PCURVE('',#4038,#10086);
#10086 = DEFINITIONAL_REPRESENTATION('',(#10087),#10091);
#10087 = LINE('',#10088,#10089);
#10088 = CARTESIAN_POINT('',(0.,0.));
#10089 = VECTOR('',#10090,1.);
#10090 = DIRECTION('',(1.,0.));
#10091 = ( GEOMETRIC_REPRESENTATION_CONTEXT(2) 
PARAMETRIC_REPRESENTATION_CONTEXT() REPRESENTATION_CONTEXT('2D SPACE',''
  ) );
#10092 = PCURVE('',#10093,#10098);
#10093 = PLANE('',#10094);
#10094 = AXIS2_PLACEMENT_3D('',#10095,#10096,#10097);
#10095 = CARTESIAN_POINT('',(24.900146484375,12.20166015625,3.4));
#10096 = DIRECTION('',(0.,0.,1.));
#10097 = DIRECTION('',(1.,0.,0.));
#10098 = DEFINITIONAL_REPRESENTATION('',(#10099),#10103);
#10099 = B_SPLINE_CURVE_WITH_KNOTS('',2,(#10100,#10101,#10102),
  .UNSPECIFIED.,.F.,.F.,(3,3),(0.,1.),.PIECEWISE_BEZIER_KNOTS.);
#10100 = CARTESIAN_POINT('',(1.60546875,0.6533203125));
#10101 = CARTESIAN_POINT('',(1.60546875,0.3427734375));
#10102 = CARTESIAN_POINT('',(1.427490234375,0.15673828125));
#10103 = ( GEOMETRIC_REPRESENTATION_CONTEXT(2) 
PARAMETRIC_REPRESENTATION_CONTEXT() REPRESENTATION_CONTEXT('2D SPACE',''
  ) );
#10104 = ORIENTED_EDGE('',*,*,#10105,.T.);
#10105 = EDGE_CURVE('',#10076,#4009,#10106,.T.);
#10106 = SURFACE_CURVE('',#10107,(#10111,#10118),.PCURVE_S1.);
#10107 = LINE('',#10108,#10109);
#10108 = CARTESIAN_POINT('',(26.505615234375,12.85498046875,3.4));
#10109 = VECTOR('',#10110,1.);
#10110 = DIRECTION('',(0.,0.,1.));
#10111 = PCURVE('',#4038,#10112);
#10112 = DEFINITIONAL_REPRESENTATION('',(#10113),#10117);
#10113 = LINE('',#10114,#10115);
#10114 = CARTESIAN_POINT('',(0.,0.));
#10115 = VECTOR('',#10116,1.);
#10116 = DIRECTION('',(0.,-1.));
#10117 = ( GEOMETRIC_REPRESENTATION_CONTEXT(2) 
PARAMETRIC_REPRESENTATION_CONTEXT() REPRESENTATION_CONTEXT('2D SPACE',''
  ) );
#10118 = PCURVE('',#4722,#10119);
#10119 = DEFINITIONAL_REPRESENTATION('',(#10120),#10124);
#10120 = LINE('',#10121,#10122);
#10121 = CARTESIAN_POINT('',(1.,0.));
#10122 = VECTOR('',#10123,1.);
#10123 = DIRECTION('',(0.,-1.));
#10124 = ( GEOMETRIC_REPRESENTATION_CONTEXT(2) 
PARAMETRIC_REPRESENTATION_CONTEXT() REPRESENTATION_CONTEXT('2D SPACE',''
  ) );
#10125 = ORIENTED_EDGE('',*,*,#4006,.F.);
#10126 = ORIENTED_EDGE('',*,*,#10127,.F.);
#10127 = EDGE_CURVE('',#10078,#4007,#10128,.T.);
#10128 = SURFACE_CURVE('',#10129,(#10133,#10140),.PCURVE_S1.);
#10129 = LINE('',#10130,#10131);
#10130 = CARTESIAN_POINT('',(26.32763671875,12.3583984375,3.4));
#10131 = VECTOR('',#10132,1.);
#10132 = DIRECTION('',(0.,0.,1.));
#10133 = PCURVE('',#4038,#10134);
#10134 = DEFINITIONAL_REPRESENTATION('',(#10135),#10139);
#10135 = LINE('',#10136,#10137);
#10136 = CARTESIAN_POINT('',(1.,0.));
#10137 = VECTOR('',#10138,1.);
#10138 = DIRECTION('',(0.,-1.));
#10139 = ( GEOMETRIC_REPRESENTATION_CONTEXT(2) 
PARAMETRIC_REPRESENTATION_CONTEXT() REPRESENTATION_CONTEXT('2D SPACE',''
  ) );
#10140 = PCURVE('',#4089,#10141);
#10141 = DEFINITIONAL_REPRESENTATION('',(#10142),#10146);
#10142 = LINE('',#10143,#10144);
#10143 = CARTESIAN_POINT('',(0.,0.));
#10144 = VECTOR('',#10145,1.);
#10145 = DIRECTION('',(0.,-1.));
#10146 = ( GEOMETRIC_REPRESENTATION_CONTEXT(2) 
PARAMETRIC_REPRESENTATION_CONTEXT() REPRESENTATION_CONTEXT('2D SPACE',''
  ) );
#10147 = ADVANCED_FACE('',(#10148),#4089,.F.);
#10148 = FACE_BOUND('',#10149,.F.);
#10149 = EDGE_LOOP('',(#10150,#10173,#10174,#10175));
#10150 = ORIENTED_EDGE('',*,*,#10151,.F.);
#10151 = EDGE_CURVE('',#10078,#10152,#10154,.T.);
#10152 = VERTEX_POINT('',#10153);
#10153 = CARTESIAN_POINT('',(25.839111328125,12.17236328125,3.4));
#10154 = SURFACE_CURVE('',#10155,(#10159,#10166),.PCURVE_S1.);
#10155 = B_SPLINE_CURVE_WITH_KNOTS('',2,(#10156,#10157,#10158),
  .UNSPECIFIED.,.F.,.F.,(3,3),(0.,1.),.PIECEWISE_BEZIER_KNOTS.);
#10156 = CARTESIAN_POINT('',(26.32763671875,12.3583984375,3.4));
#10157 = CARTESIAN_POINT('',(26.149658203125,12.17236328125,3.4));
#10158 = CARTESIAN_POINT('',(25.839111328125,12.17236328125,3.4));
#10159 = PCURVE('',#4089,#10160);
#10160 = DEFINITIONAL_REPRESENTATION('',(#10161),#10165);
#10161 = LINE('',#10162,#10163);
#10162 = CARTESIAN_POINT('',(0.,0.));
#10163 = VECTOR('',#10164,1.);
#10164 = DIRECTION('',(1.,0.));
#10165 = ( GEOMETRIC_REPRESENTATION_CONTEXT(2) 
PARAMETRIC_REPRESENTATION_CONTEXT() REPRESENTATION_CONTEXT('2D SPACE',''
  ) );
#10166 = PCURVE('',#10093,#10167);
#10167 = DEFINITIONAL_REPRESENTATION('',(#10168),#10172);
#10168 = B_SPLINE_CURVE_WITH_KNOTS('',2,(#10169,#10170,#10171),
  .UNSPECIFIED.,.F.,.F.,(3,3),(0.,1.),.PIECEWISE_BEZIER_KNOTS.);
#10169 = CARTESIAN_POINT('',(1.427490234375,0.15673828125));
#10170 = CARTESIAN_POINT('',(1.24951171875,-2.9296875E-02));
#10171 = CARTESIAN_POINT('',(0.93896484375,-2.9296875E-02));
#10172 = ( GEOMETRIC_REPRESENTATION_CONTEXT(2) 
PARAMETRIC_REPRESENTATION_CONTEXT() REPRESENTATION_CONTEXT('2D SPACE',''
  ) );
#10173 = ORIENTED_EDGE('',*,*,#10127,.T.);
#10174 = ORIENTED_EDGE('',*,*,#4059,.F.);
#10175 = ORIENTED_EDGE('',*,*,#10176,.F.);
#10176 = EDGE_CURVE('',#10152,#4060,#10177,.T.);
#10177 = SURFACE_CURVE('',#10178,(#10182,#10189),.PCURVE_S1.);
#10178 = LINE('',#10179,#10180);
#10179 = CARTESIAN_POINT('',(25.839111328125,12.17236328125,3.4));
#10180 = VECTOR('',#10181,1.);
#10181 = DIRECTION('',(0.,0.,1.));
#10182 = PCURVE('',#4089,#10183);
#10183 = DEFINITIONAL_REPRESENTATION('',(#10184),#10188);
#10184 = LINE('',#10185,#10186);
#10185 = CARTESIAN_POINT('',(1.,0.));
#10186 = VECTOR('',#10187,1.);
#10187 = DIRECTION('',(0.,-1.));
#10188 = ( GEOMETRIC_REPRESENTATION_CONTEXT(2) 
PARAMETRIC_REPRESENTATION_CONTEXT() REPRESENTATION_CONTEXT('2D SPACE',''
  ) );
#10189 = PCURVE('',#4140,#10190);
#10190 = DEFINITIONAL_REPRESENTATION('',(#10191),#10195);
#10191 = LINE('',#10192,#10193);
#10192 = CARTESIAN_POINT('',(0.,0.));
#10193 = VECTOR('',#10194,1.);
#10194 = DIRECTION('',(0.,-1.));
#10195 = ( GEOMETRIC_REPRESENTATION_CONTEXT(2) 
PARAMETRIC_REPRESENTATION_CONTEXT() REPRESENTATION_CONTEXT('2D SPACE',''
  ) );
#10196 = ADVANCED_FACE('',(#10197),#4722,.F.);
#10197 = FACE_BOUND('',#10198,.F.);
#10198 = EDGE_LOOP('',(#10199,#10222,#10243,#10244));
#10199 = ORIENTED_EDGE('',*,*,#10200,.F.);
#10200 = EDGE_CURVE('',#10201,#10076,#10203,.T.);
#10201 = VERTEX_POINT('',#10202);
#10202 = CARTESIAN_POINT('',(26.335693359375,13.318603515625,3.4));
#10203 = SURFACE_CURVE('',#10204,(#10208,#10215),.PCURVE_S1.);
#10204 = B_SPLINE_CURVE_WITH_KNOTS('',2,(#10205,#10206,#10207),
  .UNSPECIFIED.,.F.,.F.,(3,3),(0.,1.),.PIECEWISE_BEZIER_KNOTS.);
#10205 = CARTESIAN_POINT('',(26.335693359375,13.318603515625,3.4));
#10206 = CARTESIAN_POINT('',(26.505615234375,13.14501953125,3.4));
#10207 = CARTESIAN_POINT('',(26.505615234375,12.85498046875,3.4));
#10208 = PCURVE('',#4722,#10209);
#10209 = DEFINITIONAL_REPRESENTATION('',(#10210),#10214);
#10210 = LINE('',#10211,#10212);
#10211 = CARTESIAN_POINT('',(0.,0.));
#10212 = VECTOR('',#10213,1.);
#10213 = DIRECTION('',(1.,0.));
#10214 = ( GEOMETRIC_REPRESENTATION_CONTEXT(2) 
PARAMETRIC_REPRESENTATION_CONTEXT() REPRESENTATION_CONTEXT('2D SPACE',''
  ) );
#10215 = PCURVE('',#10093,#10216);
#10216 = DEFINITIONAL_REPRESENTATION('',(#10217),#10221);
#10217 = B_SPLINE_CURVE_WITH_KNOTS('',2,(#10218,#10219,#10220),
  .UNSPECIFIED.,.F.,.F.,(3,3),(0.,1.),.PIECEWISE_BEZIER_KNOTS.);
#10218 = CARTESIAN_POINT('',(1.435546875,1.116943359375));
#10219 = CARTESIAN_POINT('',(1.60546875,0.943359375));
#10220 = CARTESIAN_POINT('',(1.60546875,0.6533203125));
#10221 = ( GEOMETRIC_REPRESENTATION_CONTEXT(2) 
PARAMETRIC_REPRESENTATION_CONTEXT() REPRESENTATION_CONTEXT('2D SPACE',''
  ) );
#10222 = ORIENTED_EDGE('',*,*,#10223,.T.);
#10223 = EDGE_CURVE('',#10201,#4644,#10224,.T.);
#10224 = SURFACE_CURVE('',#10225,(#10229,#10236),.PCURVE_S1.);
#10225 = LINE('',#10226,#10227);
#10226 = CARTESIAN_POINT('',(26.335693359375,13.318603515625,3.4));
#10227 = VECTOR('',#10228,1.);
#10228 = DIRECTION('',(0.,0.,1.));
#10229 = PCURVE('',#4722,#10230);
#10230 = DEFINITIONAL_REPRESENTATION('',(#10231),#10235);
#10231 = LINE('',#10232,#10233);
#10232 = CARTESIAN_POINT('',(0.,0.));
#10233 = VECTOR('',#10234,1.);
#10234 = DIRECTION('',(0.,-1.));
#10235 = ( GEOMETRIC_REPRESENTATION_CONTEXT(2) 
PARAMETRIC_REPRESENTATION_CONTEXT() REPRESENTATION_CONTEXT('2D SPACE',''
  ) );
#10236 = PCURVE('',#4673,#10237);
#10237 = DEFINITIONAL_REPRESENTATION('',(#10238),#10242);
#10238 = LINE('',#10239,#10240);
#10239 = CARTESIAN_POINT('',(1.,0.));
#10240 = VECTOR('',#10241,1.);
#10241 = DIRECTION('',(0.,-1.));
#10242 = ( GEOMETRIC_REPRESENTATION_CONTEXT(2) 
PARAMETRIC_REPRESENTATION_CONTEXT() REPRESENTATION_CONTEXT('2D SPACE',''
  ) );
#10243 = ORIENTED_EDGE('',*,*,#4694,.F.);
#10244 = ORIENTED_EDGE('',*,*,#10105,.F.);
#10245 = ADVANCED_FACE('',(#10246),#4140,.F.);
#10246 = FACE_BOUND('',#10247,.F.);
#10247 = EDGE_LOOP('',(#10248,#10271,#10272,#10273));
#10248 = ORIENTED_EDGE('',*,*,#10249,.F.);
#10249 = EDGE_CURVE('',#10152,#10250,#10252,.T.);
#10250 = VERTEX_POINT('',#10251);
#10251 = CARTESIAN_POINT('',(25.307373046875,12.425048828125,3.4));
#10252 = SURFACE_CURVE('',#10253,(#10257,#10264),.PCURVE_S1.);
#10253 = B_SPLINE_CURVE_WITH_KNOTS('',2,(#10254,#10255,#10256),
  .UNSPECIFIED.,.F.,.F.,(3,3),(0.,1.),.PIECEWISE_BEZIER_KNOTS.);
#10254 = CARTESIAN_POINT('',(25.839111328125,12.17236328125,3.4));
#10255 = CARTESIAN_POINT('',(25.493408203125,12.17236328125,3.4));
#10256 = CARTESIAN_POINT('',(25.307373046875,12.425048828125,3.4));
#10257 = PCURVE('',#4140,#10258);
#10258 = DEFINITIONAL_REPRESENTATION('',(#10259),#10263);
#10259 = LINE('',#10260,#10261);
#10260 = CARTESIAN_POINT('',(0.,0.));
#10261 = VECTOR('',#10262,1.);
#10262 = DIRECTION('',(1.,0.));
#10263 = ( GEOMETRIC_REPRESENTATION_CONTEXT(2) 
PARAMETRIC_REPRESENTATION_CONTEXT() REPRESENTATION_CONTEXT('2D SPACE',''
  ) );
#10264 = PCURVE('',#10093,#10265);
#10265 = DEFINITIONAL_REPRESENTATION('',(#10266),#10270);
#10266 = B_SPLINE_CURVE_WITH_KNOTS('',2,(#10267,#10268,#10269),
  .UNSPECIFIED.,.F.,.F.,(3,3),(0.,1.),.PIECEWISE_BEZIER_KNOTS.);
#10267 = CARTESIAN_POINT('',(0.93896484375,-2.9296875E-02));
#10268 = CARTESIAN_POINT('',(0.59326171875,-2.9296875E-02));
#10269 = CARTESIAN_POINT('',(0.4072265625,0.223388671875));
#10270 = ( GEOMETRIC_REPRESENTATION_CONTEXT(2) 
PARAMETRIC_REPRESENTATION_CONTEXT() REPRESENTATION_CONTEXT('2D SPACE',''
  ) );
#10271 = ORIENTED_EDGE('',*,*,#10176,.T.);
#10272 = ORIENTED_EDGE('',*,*,#4110,.F.);
#10273 = ORIENTED_EDGE('',*,*,#10274,.F.);
#10274 = EDGE_CURVE('',#10250,#4111,#10275,.T.);
#10275 = SURFACE_CURVE('',#10276,(#10280,#10287),.PCURVE_S1.);
#10276 = LINE('',#10277,#10278);
#10277 = CARTESIAN_POINT('',(25.307373046875,12.425048828125,3.4));
#10278 = VECTOR('',#10279,1.);
#10279 = DIRECTION('',(0.,0.,1.));
#10280 = PCURVE('',#4140,#10281);
#10281 = DEFINITIONAL_REPRESENTATION('',(#10282),#10286);
#10282 = LINE('',#10283,#10284);
#10283 = CARTESIAN_POINT('',(1.,0.));
#10284 = VECTOR('',#10285,1.);
#10285 = DIRECTION('',(0.,-1.));
#10286 = ( GEOMETRIC_REPRESENTATION_CONTEXT(2) 
PARAMETRIC_REPRESENTATION_CONTEXT() REPRESENTATION_CONTEXT('2D SPACE',''
  ) );
#10287 = PCURVE('',#4191,#10288);
#10288 = DEFINITIONAL_REPRESENTATION('',(#10289),#10293);
#10289 = LINE('',#10290,#10291);
#10290 = CARTESIAN_POINT('',(0.,0.));
#10291 = VECTOR('',#10292,1.);
#10292 = DIRECTION('',(0.,-1.));
#10293 = ( GEOMETRIC_REPRESENTATION_CONTEXT(2) 
PARAMETRIC_REPRESENTATION_CONTEXT() REPRESENTATION_CONTEXT('2D SPACE',''
  ) );
#10294 = ADVANCED_FACE('',(#10295),#4673,.F.);
#10295 = FACE_BOUND('',#10296,.F.);
#10296 = EDGE_LOOP('',(#10297,#10320,#10341,#10342));
#10297 = ORIENTED_EDGE('',*,*,#10298,.F.);
#10298 = EDGE_CURVE('',#10299,#10201,#10301,.T.);
#10299 = VERTEX_POINT('',#10300);
#10300 = CARTESIAN_POINT('',(25.884521484375,13.4921875,3.4));
#10301 = SURFACE_CURVE('',#10302,(#10306,#10313),.PCURVE_S1.);
#10302 = B_SPLINE_CURVE_WITH_KNOTS('',2,(#10303,#10304,#10305),
  .UNSPECIFIED.,.F.,.F.,(3,3),(0.,1.),.PIECEWISE_BEZIER_KNOTS.);
#10303 = CARTESIAN_POINT('',(25.884521484375,13.4921875,3.4));
#10304 = CARTESIAN_POINT('',(26.165771484375,13.4921875,3.4));
#10305 = CARTESIAN_POINT('',(26.335693359375,13.318603515625,3.4));
#10306 = PCURVE('',#4673,#10307);
#10307 = DEFINITIONAL_REPRESENTATION('',(#10308),#10312);
#10308 = LINE('',#10309,#10310);
#10309 = CARTESIAN_POINT('',(0.,0.));
#10310 = VECTOR('',#10311,1.);
#10311 = DIRECTION('',(1.,0.));
#10312 = ( GEOMETRIC_REPRESENTATION_CONTEXT(2) 
PARAMETRIC_REPRESENTATION_CONTEXT() REPRESENTATION_CONTEXT('2D SPACE',''
  ) );
#10313 = PCURVE('',#10093,#10314);
#10314 = DEFINITIONAL_REPRESENTATION('',(#10315),#10319);
#10315 = B_SPLINE_CURVE_WITH_KNOTS('',2,(#10316,#10317,#10318),
  .UNSPECIFIED.,.F.,.F.,(3,3),(0.,1.),.PIECEWISE_BEZIER_KNOTS.);
#10316 = CARTESIAN_POINT('',(0.984375,1.29052734375));
#10317 = CARTESIAN_POINT('',(1.265625,1.29052734375));
#10318 = CARTESIAN_POINT('',(1.435546875,1.116943359375));
#10319 = ( GEOMETRIC_REPRESENTATION_CONTEXT(2) 
PARAMETRIC_REPRESENTATION_CONTEXT() REPRESENTATION_CONTEXT('2D SPACE',''
  ) );
#10320 = ORIENTED_EDGE('',*,*,#10321,.T.);
#10321 = EDGE_CURVE('',#10299,#4605,#10322,.T.);
#10322 = SURFACE_CURVE('',#10323,(#10327,#10334),.PCURVE_S1.);
#10323 = LINE('',#10324,#10325);
#10324 = CARTESIAN_POINT('',(25.884521484375,13.4921875,3.4));
#10325 = VECTOR('',#10326,1.);
#10326 = DIRECTION('',(0.,0.,1.));
#10327 = PCURVE('',#4673,#10328);
#10328 = DEFINITIONAL_REPRESENTATION('',(#10329),#10333);
#10329 = LINE('',#10330,#10331);
#10330 = CARTESIAN_POINT('',(0.,0.));
#10331 = VECTOR('',#10332,1.);
#10332 = DIRECTION('',(0.,-1.));
#10333 = ( GEOMETRIC_REPRESENTATION_CONTEXT(2) 
PARAMETRIC_REPRESENTATION_CONTEXT() REPRESENTATION_CONTEXT('2D SPACE',''
  ) );
#10334 = PCURVE('',#4626,#10335);
#10335 = DEFINITIONAL_REPRESENTATION('',(#10336),#10340);
#10336 = LINE('',#10337,#10338);
#10337 = CARTESIAN_POINT('',(1.,0.));
#10338 = VECTOR('',#10339,1.);
#10339 = DIRECTION('',(0.,-1.));
#10340 = ( GEOMETRIC_REPRESENTATION_CONTEXT(2) 
PARAMETRIC_REPRESENTATION_CONTEXT() REPRESENTATION_CONTEXT('2D SPACE',''
  ) );
#10341 = ORIENTED_EDGE('',*,*,#4643,.F.);
#10342 = ORIENTED_EDGE('',*,*,#10223,.F.);
#10343 = ADVANCED_FACE('',(#10344),#4191,.F.);
#10344 = FACE_BOUND('',#10345,.F.);
#10345 = EDGE_LOOP('',(#10346,#10369,#10370,#10371));
#10346 = ORIENTED_EDGE('',*,*,#10347,.F.);
#10347 = EDGE_CURVE('',#10250,#10348,#10350,.T.);
#10348 = VERTEX_POINT('',#10349);
#10349 = CARTESIAN_POINT('',(25.121337890625,13.14208984375,3.4));
#10350 = SURFACE_CURVE('',#10351,(#10355,#10362),.PCURVE_S1.);
#10351 = B_SPLINE_CURVE_WITH_KNOTS('',2,(#10352,#10353,#10354),
  .UNSPECIFIED.,.F.,.F.,(3,3),(0.,1.),.PIECEWISE_BEZIER_KNOTS.);
#10352 = CARTESIAN_POINT('',(25.307373046875,12.425048828125,3.4));
#10353 = CARTESIAN_POINT('',(25.121337890625,12.677734375,3.4));
#10354 = CARTESIAN_POINT('',(25.121337890625,13.14208984375,3.4));
#10355 = PCURVE('',#4191,#10356);
#10356 = DEFINITIONAL_REPRESENTATION('',(#10357),#10361);
#10357 = LINE('',#10358,#10359);
#10358 = CARTESIAN_POINT('',(0.,0.));
#10359 = VECTOR('',#10360,1.);
#10360 = DIRECTION('',(1.,0.));
#10361 = ( GEOMETRIC_REPRESENTATION_CONTEXT(2) 
PARAMETRIC_REPRESENTATION_CONTEXT() REPRESENTATION_CONTEXT('2D SPACE',''
  ) );
#10362 = PCURVE('',#10093,#10363);
#10363 = DEFINITIONAL_REPRESENTATION('',(#10364),#10368);
#10364 = B_SPLINE_CURVE_WITH_KNOTS('',2,(#10365,#10366,#10367),
  .UNSPECIFIED.,.F.,.F.,(3,3),(0.,1.),.PIECEWISE_BEZIER_KNOTS.);
#10365 = CARTESIAN_POINT('',(0.4072265625,0.223388671875));
#10366 = CARTESIAN_POINT('',(0.22119140625,0.47607421875));
#10367 = CARTESIAN_POINT('',(0.22119140625,0.9404296875));
#10368 = ( GEOMETRIC_REPRESENTATION_CONTEXT(2) 
PARAMETRIC_REPRESENTATION_CONTEXT() REPRESENTATION_CONTEXT('2D SPACE',''
  ) );
#10369 = ORIENTED_EDGE('',*,*,#10274,.T.);
#10370 = ORIENTED_EDGE('',*,*,#4161,.F.);
#10371 = ORIENTED_EDGE('',*,*,#10372,.F.);
#10372 = EDGE_CURVE('',#10348,#4162,#10373,.T.);
#10373 = SURFACE_CURVE('',#10374,(#10378,#10385),.PCURVE_S1.);
#10374 = LINE('',#10375,#10376);
#10375 = CARTESIAN_POINT('',(25.121337890625,13.14208984375,3.4));
#10376 = VECTOR('',#10377,1.);
#10377 = DIRECTION('',(0.,0.,1.));
#10378 = PCURVE('',#4191,#10379);
#10379 = DEFINITIONAL_REPRESENTATION('',(#10380),#10384);
#10380 = LINE('',#10381,#10382);
#10381 = CARTESIAN_POINT('',(1.,0.));
#10382 = VECTOR('',#10383,1.);
#10383 = DIRECTION('',(0.,-1.));
#10384 = ( GEOMETRIC_REPRESENTATION_CONTEXT(2) 
PARAMETRIC_REPRESENTATION_CONTEXT() REPRESENTATION_CONTEXT('2D SPACE',''
  ) );
#10385 = PCURVE('',#4242,#10386);
#10386 = DEFINITIONAL_REPRESENTATION('',(#10387),#10391);
#10387 = LINE('',#10388,#10389);
#10388 = CARTESIAN_POINT('',(0.,0.));
#10389 = VECTOR('',#10390,1.);
#10390 = DIRECTION('',(0.,-1.));
#10391 = ( GEOMETRIC_REPRESENTATION_CONTEXT(2) 
PARAMETRIC_REPRESENTATION_CONTEXT() REPRESENTATION_CONTEXT('2D SPACE',''
  ) );
#10392 = ADVANCED_FACE('',(#10393),#4626,.F.);
#10393 = FACE_BOUND('',#10394,.F.);
#10394 = EDGE_LOOP('',(#10395,#10418,#10439,#10440));
#10395 = ORIENTED_EDGE('',*,*,#10396,.F.);
#10396 = EDGE_CURVE('',#10397,#10299,#10399,.T.);
#10397 = VERTEX_POINT('',#10398);
#10398 = CARTESIAN_POINT('',(25.585693359375,13.422607421875,3.4));
#10399 = SURFACE_CURVE('',#10400,(#10404,#10411),.PCURVE_S1.);
#10400 = B_SPLINE_CURVE_WITH_KNOTS('',2,(#10401,#10402,#10403),
  .UNSPECIFIED.,.F.,.F.,(3,3),(0.,1.),.PIECEWISE_BEZIER_KNOTS.);
#10401 = CARTESIAN_POINT('',(25.585693359375,13.422607421875,3.4));
#10402 = CARTESIAN_POINT('',(25.716064453125,13.4921875,3.4));
#10403 = CARTESIAN_POINT('',(25.884521484375,13.4921875,3.4));
#10404 = PCURVE('',#4626,#10405);
#10405 = DEFINITIONAL_REPRESENTATION('',(#10406),#10410);
#10406 = LINE('',#10407,#10408);
#10407 = CARTESIAN_POINT('',(0.,0.));
#10408 = VECTOR('',#10409,1.);
#10409 = DIRECTION('',(1.,0.));
#10410 = ( GEOMETRIC_REPRESENTATION_CONTEXT(2) 
PARAMETRIC_REPRESENTATION_CONTEXT() REPRESENTATION_CONTEXT('2D SPACE',''
  ) );
#10411 = PCURVE('',#10093,#10412);
#10412 = DEFINITIONAL_REPRESENTATION('',(#10413),#10417);
#10413 = B_SPLINE_CURVE_WITH_KNOTS('',2,(#10414,#10415,#10416),
  .UNSPECIFIED.,.F.,.F.,(3,3),(0.,1.),.PIECEWISE_BEZIER_KNOTS.);
#10414 = CARTESIAN_POINT('',(0.685546875,1.220947265625));
#10415 = CARTESIAN_POINT('',(0.81591796875,1.29052734375));
#10416 = CARTESIAN_POINT('',(0.984375,1.29052734375));
#10417 = ( GEOMETRIC_REPRESENTATION_CONTEXT(2) 
PARAMETRIC_REPRESENTATION_CONTEXT() REPRESENTATION_CONTEXT('2D SPACE',''
  ) );
#10418 = ORIENTED_EDGE('',*,*,#10419,.T.);
#10419 = EDGE_CURVE('',#10397,#4560,#10420,.T.);
#10420 = SURFACE_CURVE('',#10421,(#10425,#10432),.PCURVE_S1.);
#10421 = LINE('',#10422,#10423);
#10422 = CARTESIAN_POINT('',(25.585693359375,13.422607421875,3.4));
#10423 = VECTOR('',#10424,1.);
#10424 = DIRECTION('',(0.,0.,1.));
#10425 = PCURVE('',#4626,#10426);
#10426 = DEFINITIONAL_REPRESENTATION('',(#10427),#10431);
#10427 = LINE('',#10428,#10429);
#10428 = CARTESIAN_POINT('',(0.,0.));
#10429 = VECTOR('',#10430,1.);
#10430 = DIRECTION('',(0.,-1.));
#10431 = ( GEOMETRIC_REPRESENTATION_CONTEXT(2) 
PARAMETRIC_REPRESENTATION_CONTEXT() REPRESENTATION_CONTEXT('2D SPACE',''
  ) );
#10432 = PCURVE('',#4585,#10433);
#10433 = DEFINITIONAL_REPRESENTATION('',(#10434),#10438);
#10434 = LINE('',#10435,#10436);
#10435 = CARTESIAN_POINT('',(1.,0.));
#10436 = VECTOR('',#10437,1.);
#10437 = DIRECTION('',(0.,-1.));
#10438 = ( GEOMETRIC_REPRESENTATION_CONTEXT(2) 
PARAMETRIC_REPRESENTATION_CONTEXT() REPRESENTATION_CONTEXT('2D SPACE',''
  ) );
#10439 = ORIENTED_EDGE('',*,*,#4604,.F.);
#10440 = ORIENTED_EDGE('',*,*,#10321,.F.);
#10441 = ADVANCED_FACE('',(#10442),#4242,.F.);
#10442 = FACE_BOUND('',#10443,.F.);
#10443 = EDGE_LOOP('',(#10444,#10467,#10468,#10469));
#10444 = ORIENTED_EDGE('',*,*,#10445,.F.);
#10445 = EDGE_CURVE('',#10348,#10446,#10448,.T.);
#10446 = VERTEX_POINT('',#10447);
#10447 = CARTESIAN_POINT('',(25.314697265625,13.93017578125,3.4));
#10448 = SURFACE_CURVE('',#10449,(#10453,#10460),.PCURVE_S1.);
#10449 = B_SPLINE_CURVE_WITH_KNOTS('',2,(#10450,#10451,#10452),
  .UNSPECIFIED.,.F.,.F.,(3,3),(0.,1.),.PIECEWISE_BEZIER_KNOTS.);
#10450 = CARTESIAN_POINT('',(25.121337890625,13.14208984375,3.4));
#10451 = CARTESIAN_POINT('',(25.121337890625,13.65185546875,3.4));
#10452 = CARTESIAN_POINT('',(25.314697265625,13.93017578125,3.4));
#10453 = PCURVE('',#4242,#10454);
#10454 = DEFINITIONAL_REPRESENTATION('',(#10455),#10459);
#10455 = LINE('',#10456,#10457);
#10456 = CARTESIAN_POINT('',(0.,0.));
#10457 = VECTOR('',#10458,1.);
#10458 = DIRECTION('',(1.,0.));
#10459 = ( GEOMETRIC_REPRESENTATION_CONTEXT(2) 
PARAMETRIC_REPRESENTATION_CONTEXT() REPRESENTATION_CONTEXT('2D SPACE',''
  ) );
#10460 = PCURVE('',#10093,#10461);
#10461 = DEFINITIONAL_REPRESENTATION('',(#10462),#10466);
#10462 = B_SPLINE_CURVE_WITH_KNOTS('',2,(#10463,#10464,#10465),
  .UNSPECIFIED.,.F.,.F.,(3,3),(0.,1.),.PIECEWISE_BEZIER_KNOTS.);
#10463 = CARTESIAN_POINT('',(0.22119140625,0.9404296875));
#10464 = CARTESIAN_POINT('',(0.22119140625,1.4501953125));
#10465 = CARTESIAN_POINT('',(0.41455078125,1.728515625));
#10466 = ( GEOMETRIC_REPRESENTATION_CONTEXT(2) 
PARAMETRIC_REPRESENTATION_CONTEXT() REPRESENTATION_CONTEXT('2D SPACE',''
  ) );
#10467 = ORIENTED_EDGE('',*,*,#10372,.T.);
#10468 = ORIENTED_EDGE('',*,*,#4212,.F.);
#10469 = ORIENTED_EDGE('',*,*,#10470,.F.);
#10470 = EDGE_CURVE('',#10446,#4213,#10471,.T.);
#10471 = SURFACE_CURVE('',#10472,(#10476,#10483),.PCURVE_S1.);
#10472 = LINE('',#10473,#10474);
#10473 = CARTESIAN_POINT('',(25.314697265625,13.93017578125,3.4));
#10474 = VECTOR('',#10475,1.);
#10475 = DIRECTION('',(0.,0.,1.));
#10476 = PCURVE('',#4242,#10477);
#10477 = DEFINITIONAL_REPRESENTATION('',(#10478),#10482);
#10478 = LINE('',#10479,#10480);
#10479 = CARTESIAN_POINT('',(1.,0.));
#10480 = VECTOR('',#10481,1.);
#10481 = DIRECTION('',(0.,-1.));
#10482 = ( GEOMETRIC_REPRESENTATION_CONTEXT(2) 
PARAMETRIC_REPRESENTATION_CONTEXT() REPRESENTATION_CONTEXT('2D SPACE',''
  ) );
#10483 = PCURVE('',#4293,#10484);
#10484 = DEFINITIONAL_REPRESENTATION('',(#10485),#10489);
#10485 = LINE('',#10486,#10487);
#10486 = CARTESIAN_POINT('',(0.,0.));
#10487 = VECTOR('',#10488,1.);
#10488 = DIRECTION('',(0.,-1.));
#10489 = ( GEOMETRIC_REPRESENTATION_CONTEXT(2) 
PARAMETRIC_REPRESENTATION_CONTEXT() REPRESENTATION_CONTEXT('2D SPACE',''
  ) );
#10490 = ADVANCED_FACE('',(#10491),#4585,.F.);
#10491 = FACE_BOUND('',#10492,.F.);
#10492 = EDGE_LOOP('',(#10493,#10516,#10537,#10538));
#10493 = ORIENTED_EDGE('',*,*,#10494,.F.);
#10494 = EDGE_CURVE('',#10495,#10397,#10497,.T.);
#10495 = VERTEX_POINT('',#10496);
#10496 = CARTESIAN_POINT('',(25.383544921875,13.2197265625,3.4));
#10497 = SURFACE_CURVE('',#10498,(#10502,#10509),.PCURVE_S1.);
#10498 = B_SPLINE_CURVE_WITH_KNOTS('',2,(#10499,#10500,#10501),
  .UNSPECIFIED.,.F.,.F.,(3,3),(0.,1.),.PIECEWISE_BEZIER_KNOTS.);
#10499 = CARTESIAN_POINT('',(25.383544921875,13.2197265625,3.4));
#10500 = CARTESIAN_POINT('',(25.455322265625,13.35302734375,3.4));
#10501 = CARTESIAN_POINT('',(25.585693359375,13.422607421875,3.4));
#10502 = PCURVE('',#4585,#10503);
#10503 = DEFINITIONAL_REPRESENTATION('',(#10504),#10508);
#10504 = LINE('',#10505,#10506);
#10505 = CARTESIAN_POINT('',(0.,0.));
#10506 = VECTOR('',#10507,1.);
#10507 = DIRECTION('',(1.,0.));
#10508 = ( GEOMETRIC_REPRESENTATION_CONTEXT(2) 
PARAMETRIC_REPRESENTATION_CONTEXT() REPRESENTATION_CONTEXT('2D SPACE',''
  ) );
#10509 = PCURVE('',#10093,#10510);
#10510 = DEFINITIONAL_REPRESENTATION('',(#10511),#10515);
#10511 = B_SPLINE_CURVE_WITH_KNOTS('',2,(#10512,#10513,#10514),
  .UNSPECIFIED.,.F.,.F.,(3,3),(0.,1.),.PIECEWISE_BEZIER_KNOTS.);
#10512 = CARTESIAN_POINT('',(0.4833984375,1.01806640625));
#10513 = CARTESIAN_POINT('',(0.55517578125,1.1513671875));
#10514 = CARTESIAN_POINT('',(0.685546875,1.220947265625));
#10515 = ( GEOMETRIC_REPRESENTATION_CONTEXT(2) 
PARAMETRIC_REPRESENTATION_CONTEXT() REPRESENTATION_CONTEXT('2D SPACE',''
  ) );
#10516 = ORIENTED_EDGE('',*,*,#10517,.T.);
#10517 = EDGE_CURVE('',#10495,#4518,#10518,.T.);
#10518 = SURFACE_CURVE('',#10519,(#10523,#10530),.PCURVE_S1.);
#10519 = LINE('',#10520,#10521);
#10520 = CARTESIAN_POINT('',(25.383544921875,13.2197265625,3.4));
#10521 = VECTOR('',#10522,1.);
#10522 = DIRECTION('',(0.,0.,1.));
#10523 = PCURVE('',#4585,#10524);
#10524 = DEFINITIONAL_REPRESENTATION('',(#10525),#10529);
#10525 = LINE('',#10526,#10527);
#10526 = CARTESIAN_POINT('',(0.,0.));
#10527 = VECTOR('',#10528,1.);
#10528 = DIRECTION('',(0.,-1.));
#10529 = ( GEOMETRIC_REPRESENTATION_CONTEXT(2) 
PARAMETRIC_REPRESENTATION_CONTEXT() REPRESENTATION_CONTEXT('2D SPACE',''
  ) );
#10530 = PCURVE('',#4541,#10531);
#10531 = DEFINITIONAL_REPRESENTATION('',(#10532),#10536);
#10532 = LINE('',#10533,#10534);
#10533 = CARTESIAN_POINT('',(1.,0.));
#10534 = VECTOR('',#10535,1.);
#10535 = DIRECTION('',(0.,-1.));
#10536 = ( GEOMETRIC_REPRESENTATION_CONTEXT(2) 
PARAMETRIC_REPRESENTATION_CONTEXT() REPRESENTATION_CONTEXT('2D SPACE',''
  ) );
#10537 = ORIENTED_EDGE('',*,*,#4559,.F.);
#10538 = ORIENTED_EDGE('',*,*,#10419,.F.);
#10539 = ADVANCED_FACE('',(#10540),#4293,.F.);
#10540 = FACE_BOUND('',#10541,.F.);
#10541 = EDGE_LOOP('',(#10542,#10565,#10566,#10567));
#10542 = ORIENTED_EDGE('',*,*,#10543,.F.);
#10543 = EDGE_CURVE('',#10446,#10544,#10546,.T.);
#10544 = VERTEX_POINT('',#10545);
#10545 = CARTESIAN_POINT('',(25.859619140625,14.20849609375,3.4));
#10546 = SURFACE_CURVE('',#10547,(#10551,#10558),.PCURVE_S1.);
#10547 = B_SPLINE_CURVE_WITH_KNOTS('',2,(#10548,#10549,#10550),
  .UNSPECIFIED.,.F.,.F.,(3,3),(0.,1.),.PIECEWISE_BEZIER_KNOTS.);
#10548 = CARTESIAN_POINT('',(25.314697265625,13.93017578125,3.4));
#10549 = CARTESIAN_POINT('',(25.508056640625,14.20849609375,3.4));
#10550 = CARTESIAN_POINT('',(25.859619140625,14.20849609375,3.4));
#10551 = PCURVE('',#4293,#10552);
#10552 = DEFINITIONAL_REPRESENTATION('',(#10553),#10557);
#10553 = LINE('',#10554,#10555);
#10554 = CARTESIAN_POINT('',(0.,0.));
#10555 = VECTOR('',#10556,1.);
#10556 = DIRECTION('',(1.,0.));
#10557 = ( GEOMETRIC_REPRESENTATION_CONTEXT(2) 
PARAMETRIC_REPRESENTATION_CONTEXT() REPRESENTATION_CONTEXT('2D SPACE',''
  ) );
#10558 = PCURVE('',#10093,#10559);
#10559 = DEFINITIONAL_REPRESENTATION('',(#10560),#10564);
#10560 = B_SPLINE_CURVE_WITH_KNOTS('',2,(#10561,#10562,#10563),
  .UNSPECIFIED.,.F.,.F.,(3,3),(0.,1.),.PIECEWISE_BEZIER_KNOTS.);
#10561 = CARTESIAN_POINT('',(0.41455078125,1.728515625));
#10562 = CARTESIAN_POINT('',(0.60791015625,2.0068359375));
#10563 = CARTESIAN_POINT('',(0.95947265625,2.0068359375));
#10564 = ( GEOMETRIC_REPRESENTATION_CONTEXT(2) 
PARAMETRIC_REPRESENTATION_CONTEXT() REPRESENTATION_CONTEXT('2D SPACE',''
  ) );
#10565 = ORIENTED_EDGE('',*,*,#10470,.T.);
#10566 = ORIENTED_EDGE('',*,*,#4263,.F.);
#10567 = ORIENTED_EDGE('',*,*,#10568,.F.);
#10568 = EDGE_CURVE('',#10544,#4264,#10569,.T.);
#10569 = SURFACE_CURVE('',#10570,(#10574,#10581),.PCURVE_S1.);
#10570 = LINE('',#10571,#10572);
#10571 = CARTESIAN_POINT('',(25.859619140625,14.20849609375,3.4));
#10572 = VECTOR('',#10573,1.);
#10573 = DIRECTION('',(0.,0.,1.));
#10574 = PCURVE('',#4293,#10575);
#10575 = DEFINITIONAL_REPRESENTATION('',(#10576),#10580);
#10576 = LINE('',#10577,#10578);
#10577 = CARTESIAN_POINT('',(1.,0.));
#10578 = VECTOR('',#10579,1.);
#10579 = DIRECTION('',(0.,-1.));
#10580 = ( GEOMETRIC_REPRESENTATION_CONTEXT(2) 
PARAMETRIC_REPRESENTATION_CONTEXT() REPRESENTATION_CONTEXT('2D SPACE',''
  ) );
#10581 = PCURVE('',#4360,#10582);
#10582 = DEFINITIONAL_REPRESENTATION('',(#10583),#10587);
#10583 = LINE('',#10584,#10585);
#10584 = CARTESIAN_POINT('',(0.,0.));
#10585 = VECTOR('',#10586,1.);
#10586 = DIRECTION('',(0.,-1.));
#10587 = ( GEOMETRIC_REPRESENTATION_CONTEXT(2) 
PARAMETRIC_REPRESENTATION_CONTEXT() REPRESENTATION_CONTEXT('2D SPACE',''
  ) );
#10588 = ADVANCED_FACE('',(#10589),#4541,.F.);
#10589 = FACE_BOUND('',#10590,.F.);
#10590 = EDGE_LOOP('',(#10591,#10614,#10635,#10636));
#10591 = ORIENTED_EDGE('',*,*,#10592,.F.);
#10592 = EDGE_CURVE('',#10593,#10495,#10595,.T.);
#10593 = VERTEX_POINT('',#10594);
#10594 = CARTESIAN_POINT('',(25.508056640625,13.791015625,3.4));
#10595 = SURFACE_CURVE('',#10596,(#10600,#10607),.PCURVE_S1.);
#10596 = B_SPLINE_CURVE_WITH_KNOTS('',2,(#10597,#10598,#10599),
  .UNSPECIFIED.,.F.,.F.,(3,3),(0.,1.),.PIECEWISE_BEZIER_KNOTS.);
#10597 = CARTESIAN_POINT('',(25.508056640625,13.791015625,3.4));
#10598 = CARTESIAN_POINT('',(25.383544921875,13.58740234375,3.4));
#10599 = CARTESIAN_POINT('',(25.383544921875,13.2197265625,3.4));
#10600 = PCURVE('',#4541,#10601);
#10601 = DEFINITIONAL_REPRESENTATION('',(#10602),#10606);
#10602 = LINE('',#10603,#10604);
#10603 = CARTESIAN_POINT('',(0.,0.));
#10604 = VECTOR('',#10605,1.);
#10605 = DIRECTION('',(1.,0.));
#10606 = ( GEOMETRIC_REPRESENTATION_CONTEXT(2) 
PARAMETRIC_REPRESENTATION_CONTEXT() REPRESENTATION_CONTEXT('2D SPACE',''
  ) );
#10607 = PCURVE('',#10093,#10608);
#10608 = DEFINITIONAL_REPRESENTATION('',(#10609),#10613);
#10609 = B_SPLINE_CURVE_WITH_KNOTS('',2,(#10610,#10611,#10612),
  .UNSPECIFIED.,.F.,.F.,(3,3),(0.,1.),.PIECEWISE_BEZIER_KNOTS.);
#10610 = CARTESIAN_POINT('',(0.60791015625,1.58935546875));
#10611 = CARTESIAN_POINT('',(0.4833984375,1.3857421875));
#10612 = CARTESIAN_POINT('',(0.4833984375,1.01806640625));
#10613 = ( GEOMETRIC_REPRESENTATION_CONTEXT(2) 
PARAMETRIC_REPRESENTATION_CONTEXT() REPRESENTATION_CONTEXT('2D SPACE',''
  ) );
#10614 = ORIENTED_EDGE('',*,*,#10615,.T.);
#10615 = EDGE_CURVE('',#10593,#4467,#10616,.T.);
#10616 = SURFACE_CURVE('',#10617,(#10621,#10628),.PCURVE_S1.);
#10617 = LINE('',#10618,#10619);
#10618 = CARTESIAN_POINT('',(25.508056640625,13.791015625,3.4));
#10619 = VECTOR('',#10620,1.);
#10620 = DIRECTION('',(0.,0.,1.));
#10621 = PCURVE('',#4541,#10622);
#10622 = DEFINITIONAL_REPRESENTATION('',(#10623),#10627);
#10623 = LINE('',#10624,#10625);
#10624 = CARTESIAN_POINT('',(0.,0.));
#10625 = VECTOR('',#10626,1.);
#10626 = DIRECTION('',(0.,-1.));
#10627 = ( GEOMETRIC_REPRESENTATION_CONTEXT(2) 
PARAMETRIC_REPRESENTATION_CONTEXT() REPRESENTATION_CONTEXT('2D SPACE',''
  ) );
#10628 = PCURVE('',#4496,#10629);
#10629 = DEFINITIONAL_REPRESENTATION('',(#10630),#10634);
#10630 = LINE('',#10631,#10632);
#10631 = CARTESIAN_POINT('',(1.,0.));
#10632 = VECTOR('',#10633,1.);
#10633 = DIRECTION('',(0.,-1.));
#10634 = ( GEOMETRIC_REPRESENTATION_CONTEXT(2) 
PARAMETRIC_REPRESENTATION_CONTEXT() REPRESENTATION_CONTEXT('2D SPACE',''
  ) );
#10635 = ORIENTED_EDGE('',*,*,#4517,.F.);
#10636 = ORIENTED_EDGE('',*,*,#10517,.F.);
#10637 = ADVANCED_FACE('',(#10638),#4360,.F.);
#10638 = FACE_BOUND('',#10639,.F.);
#10639 = EDGE_LOOP('',(#10640,#10663,#10664,#10665));
#10640 = ORIENTED_EDGE('',*,*,#10641,.F.);
#10641 = EDGE_CURVE('',#10544,#10642,#10644,.T.);
#10642 = VERTEX_POINT('',#10643);
#10643 = CARTESIAN_POINT('',(26.448486328125,13.7880859375,3.4));
#10644 = SURFACE_CURVE('',#10645,(#10649,#10656),.PCURVE_S1.);
#10645 = B_SPLINE_CURVE_WITH_KNOTS('',2,(#10646,#10647,#10648),
  .UNSPECIFIED.,.F.,.F.,(3,3),(0.,1.),.PIECEWISE_BEZIER_KNOTS.);
#10646 = CARTESIAN_POINT('',(25.859619140625,14.20849609375,3.4));
#10647 = CARTESIAN_POINT('',(26.326904296875,14.20849609375,3.4));
#10648 = CARTESIAN_POINT('',(26.448486328125,13.7880859375,3.4));
#10649 = PCURVE('',#4360,#10650);
#10650 = DEFINITIONAL_REPRESENTATION('',(#10651),#10655);
#10651 = LINE('',#10652,#10653);
#10652 = CARTESIAN_POINT('',(0.,0.));
#10653 = VECTOR('',#10654,1.);
#10654 = DIRECTION('',(1.,0.));
#10655 = ( GEOMETRIC_REPRESENTATION_CONTEXT(2) 
PARAMETRIC_REPRESENTATION_CONTEXT() REPRESENTATION_CONTEXT('2D SPACE',''
  ) );
#10656 = PCURVE('',#10093,#10657);
#10657 = DEFINITIONAL_REPRESENTATION('',(#10658),#10662);
#10658 = B_SPLINE_CURVE_WITH_KNOTS('',2,(#10659,#10660,#10661),
  .UNSPECIFIED.,.F.,.F.,(3,3),(0.,1.),.PIECEWISE_BEZIER_KNOTS.);
#10659 = CARTESIAN_POINT('',(0.95947265625,2.0068359375));
#10660 = CARTESIAN_POINT('',(1.4267578125,2.0068359375));
#10661 = CARTESIAN_POINT('',(1.54833984375,1.58642578125));
#10662 = ( GEOMETRIC_REPRESENTATION_CONTEXT(2) 
PARAMETRIC_REPRESENTATION_CONTEXT() REPRESENTATION_CONTEXT('2D SPACE',''
  ) );
#10663 = ORIENTED_EDGE('',*,*,#10568,.T.);
#10664 = ORIENTED_EDGE('',*,*,#4314,.F.);
#10665 = ORIENTED_EDGE('',*,*,#10666,.F.);
#10666 = EDGE_CURVE('',#10642,#4315,#10667,.T.);
#10667 = SURFACE_CURVE('',#10668,(#10672,#10679),.PCURVE_S1.);
#10668 = LINE('',#10669,#10670);
#10669 = CARTESIAN_POINT('',(26.448486328125,13.7880859375,3.4));
#10670 = VECTOR('',#10671,1.);
#10671 = DIRECTION('',(0.,0.,1.));
#10672 = PCURVE('',#4360,#10673);
#10673 = DEFINITIONAL_REPRESENTATION('',(#10674),#10678);
#10674 = LINE('',#10675,#10676);
#10675 = CARTESIAN_POINT('',(1.,0.));
#10676 = VECTOR('',#10677,1.);
#10677 = DIRECTION('',(0.,-1.));
#10678 = ( GEOMETRIC_REPRESENTATION_CONTEXT(2) 
PARAMETRIC_REPRESENTATION_CONTEXT() REPRESENTATION_CONTEXT('2D SPACE',''
  ) );
#10679 = PCURVE('',#4404,#10680);
#10680 = DEFINITIONAL_REPRESENTATION('',(#10681),#10685);
#10681 = LINE('',#10682,#10683);
#10682 = CARTESIAN_POINT('',(0.,0.));
#10683 = VECTOR('',#10684,1.);
#10684 = DIRECTION('',(0.,-1.));
#10685 = ( GEOMETRIC_REPRESENTATION_CONTEXT(2) 
PARAMETRIC_REPRESENTATION_CONTEXT() REPRESENTATION_CONTEXT('2D SPACE',''
  ) );
#10686 = ADVANCED_FACE('',(#10687),#4496,.F.);
#10687 = FACE_BOUND('',#10688,.F.);
#10688 = EDGE_LOOP('',(#10689,#10712,#10733,#10734));
#10689 = ORIENTED_EDGE('',*,*,#10690,.F.);
#10690 = EDGE_CURVE('',#10691,#10593,#10693,.T.);
#10691 = VERTEX_POINT('',#10692);
#10692 = CARTESIAN_POINT('',(25.856689453125,13.99462890625,3.4));
#10693 = SURFACE_CURVE('',#10694,(#10698,#10705),.PCURVE_S1.);
#10694 = B_SPLINE_CURVE_WITH_KNOTS('',2,(#10695,#10696,#10697),
  .UNSPECIFIED.,.F.,.F.,(3,3),(0.,1.),.PIECEWISE_BEZIER_KNOTS.);
#10695 = CARTESIAN_POINT('',(25.856689453125,13.99462890625,3.4));
#10696 = CARTESIAN_POINT('',(25.632568359375,13.99462890625,3.4));
#10697 = CARTESIAN_POINT('',(25.508056640625,13.791015625,3.4));
#10698 = PCURVE('',#4496,#10699);
#10699 = DEFINITIONAL_REPRESENTATION('',(#10700),#10704);
#10700 = LINE('',#10701,#10702);
#10701 = CARTESIAN_POINT('',(0.,0.));
#10702 = VECTOR('',#10703,1.);
#10703 = DIRECTION('',(1.,0.));
#10704 = ( GEOMETRIC_REPRESENTATION_CONTEXT(2) 
PARAMETRIC_REPRESENTATION_CONTEXT() REPRESENTATION_CONTEXT('2D SPACE',''
  ) );
#10705 = PCURVE('',#10093,#10706);
#10706 = DEFINITIONAL_REPRESENTATION('',(#10707),#10711);
#10707 = B_SPLINE_CURVE_WITH_KNOTS('',2,(#10708,#10709,#10710),
  .UNSPECIFIED.,.F.,.F.,(3,3),(0.,1.),.PIECEWISE_BEZIER_KNOTS.);
#10708 = CARTESIAN_POINT('',(0.95654296875,1.79296875));
#10709 = CARTESIAN_POINT('',(0.732421875,1.79296875));
#10710 = CARTESIAN_POINT('',(0.60791015625,1.58935546875));
#10711 = ( GEOMETRIC_REPRESENTATION_CONTEXT(2) 
PARAMETRIC_REPRESENTATION_CONTEXT() REPRESENTATION_CONTEXT('2D SPACE',''
  ) );
#10712 = ORIENTED_EDGE('',*,*,#10713,.T.);
#10713 = EDGE_CURVE('',#10691,#4416,#10714,.T.);
#10714 = SURFACE_CURVE('',#10715,(#10719,#10726),.PCURVE_S1.);
#10715 = LINE('',#10716,#10717);
#10716 = CARTESIAN_POINT('',(25.856689453125,13.99462890625,3.4));
#10717 = VECTOR('',#10718,1.);
#10718 = DIRECTION('',(0.,0.,1.));
#10719 = PCURVE('',#4496,#10720);
#10720 = DEFINITIONAL_REPRESENTATION('',(#10721),#10725);
#10721 = LINE('',#10722,#10723);
#10722 = CARTESIAN_POINT('',(0.,0.));
#10723 = VECTOR('',#10724,1.);
#10724 = DIRECTION('',(0.,-1.));
#10725 = ( GEOMETRIC_REPRESENTATION_CONTEXT(2) 
PARAMETRIC_REPRESENTATION_CONTEXT() REPRESENTATION_CONTEXT('2D SPACE',''
  ) );
#10726 = PCURVE('',#4445,#10727);
#10727 = DEFINITIONAL_REPRESENTATION('',(#10728),#10732);
#10728 = LINE('',#10729,#10730);
#10729 = CARTESIAN_POINT('',(1.,0.));
#10730 = VECTOR('',#10731,1.);
#10731 = DIRECTION('',(0.,-1.));
#10732 = ( GEOMETRIC_REPRESENTATION_CONTEXT(2) 
PARAMETRIC_REPRESENTATION_CONTEXT() REPRESENTATION_CONTEXT('2D SPACE',''
  ) );
#10733 = ORIENTED_EDGE('',*,*,#4466,.F.);
#10734 = ORIENTED_EDGE('',*,*,#10615,.F.);
#10735 = ADVANCED_FACE('',(#10736),#4404,.F.);
#10736 = FACE_BOUND('',#10737,.F.);
#10737 = EDGE_LOOP('',(#10738,#10761,#10762,#10763));
#10738 = ORIENTED_EDGE('',*,*,#10739,.F.);
#10739 = EDGE_CURVE('',#10642,#10740,#10742,.T.);
#10740 = VERTEX_POINT('',#10741);
#10741 = CARTESIAN_POINT('',(26.196533203125,13.74267578125,3.4));
#10742 = SURFACE_CURVE('',#10743,(#10747,#10754),.PCURVE_S1.);
#10743 = LINE('',#10744,#10745);
#10744 = CARTESIAN_POINT('',(26.448486328125,13.7880859375,3.4));
#10745 = VECTOR('',#10746,1.);
#10746 = DIRECTION('',(-0.984143395189,-0.177374681691,0.));
#10747 = PCURVE('',#4404,#10748);
#10748 = DEFINITIONAL_REPRESENTATION('',(#10749),#10753);
#10749 = LINE('',#10750,#10751);
#10750 = CARTESIAN_POINT('',(0.,0.));
#10751 = VECTOR('',#10752,1.);
#10752 = DIRECTION('',(1.,0.));
#10753 = ( GEOMETRIC_REPRESENTATION_CONTEXT(2) 
PARAMETRIC_REPRESENTATION_CONTEXT() REPRESENTATION_CONTEXT('2D SPACE',''
  ) );
#10754 = PCURVE('',#10093,#10755);
#10755 = DEFINITIONAL_REPRESENTATION('',(#10756),#10760);
#10756 = LINE('',#10757,#10758);
#10757 = CARTESIAN_POINT('',(1.54833984375,1.58642578125));
#10758 = VECTOR('',#10759,1.);
#10759 = DIRECTION('',(-0.984143395189,-0.177374681691));
#10760 = ( GEOMETRIC_REPRESENTATION_CONTEXT(2) 
PARAMETRIC_REPRESENTATION_CONTEXT() REPRESENTATION_CONTEXT('2D SPACE',''
  ) );
#10761 = ORIENTED_EDGE('',*,*,#10666,.T.);
#10762 = ORIENTED_EDGE('',*,*,#4389,.F.);
#10763 = ORIENTED_EDGE('',*,*,#10764,.F.);
#10764 = EDGE_CURVE('',#10740,#4390,#10765,.T.);
#10765 = SURFACE_CURVE('',#10766,(#10770,#10777),.PCURVE_S1.);
#10766 = LINE('',#10767,#10768);
#10767 = CARTESIAN_POINT('',(26.196533203125,13.74267578125,3.4));
#10768 = VECTOR('',#10769,1.);
#10769 = DIRECTION('',(0.,0.,1.));
#10770 = PCURVE('',#4404,#10771);
#10771 = DEFINITIONAL_REPRESENTATION('',(#10772),#10776);
#10772 = LINE('',#10773,#10774);
#10773 = CARTESIAN_POINT('',(0.256012615876,0.));
#10774 = VECTOR('',#10775,1.);
#10775 = DIRECTION('',(0.,-1.));
#10776 = ( GEOMETRIC_REPRESENTATION_CONTEXT(2) 
PARAMETRIC_REPRESENTATION_CONTEXT() REPRESENTATION_CONTEXT('2D SPACE',''
  ) );
#10777 = PCURVE('',#4445,#10778);
#10778 = DEFINITIONAL_REPRESENTATION('',(#10779),#10783);
#10779 = LINE('',#10780,#10781);
#10780 = CARTESIAN_POINT('',(0.,0.));
#10781 = VECTOR('',#10782,1.);
#10782 = DIRECTION('',(0.,-1.));
#10783 = ( GEOMETRIC_REPRESENTATION_CONTEXT(2) 
PARAMETRIC_REPRESENTATION_CONTEXT() REPRESENTATION_CONTEXT('2D SPACE',''
  ) );
#10784 = ADVANCED_FACE('',(#10785),#4445,.F.);
#10785 = FACE_BOUND('',#10786,.F.);
#10786 = EDGE_LOOP('',(#10787,#10808,#10809,#10810));
#10787 = ORIENTED_EDGE('',*,*,#10788,.F.);
#10788 = EDGE_CURVE('',#10740,#10691,#10789,.T.);
#10789 = SURFACE_CURVE('',#10790,(#10794,#10801),.PCURVE_S1.);
#10790 = B_SPLINE_CURVE_WITH_KNOTS('',2,(#10791,#10792,#10793),
  .UNSPECIFIED.,.F.,.F.,(3,3),(0.,1.),.PIECEWISE_BEZIER_KNOTS.);
#10791 = CARTESIAN_POINT('',(26.196533203125,13.74267578125,3.4));
#10792 = CARTESIAN_POINT('',(26.118896484375,13.99462890625,3.4));
#10793 = CARTESIAN_POINT('',(25.856689453125,13.99462890625,3.4));
#10794 = PCURVE('',#4445,#10795);
#10795 = DEFINITIONAL_REPRESENTATION('',(#10796),#10800);
#10796 = LINE('',#10797,#10798);
#10797 = CARTESIAN_POINT('',(0.,0.));
#10798 = VECTOR('',#10799,1.);
#10799 = DIRECTION('',(1.,0.));
#10800 = ( GEOMETRIC_REPRESENTATION_CONTEXT(2) 
PARAMETRIC_REPRESENTATION_CONTEXT() REPRESENTATION_CONTEXT('2D SPACE',''
  ) );
#10801 = PCURVE('',#10093,#10802);
#10802 = DEFINITIONAL_REPRESENTATION('',(#10803),#10807);
#10803 = B_SPLINE_CURVE_WITH_KNOTS('',2,(#10804,#10805,#10806),
  .UNSPECIFIED.,.F.,.F.,(3,3),(0.,1.),.PIECEWISE_BEZIER_KNOTS.);
#10804 = CARTESIAN_POINT('',(1.29638671875,1.541015625));
#10805 = CARTESIAN_POINT('',(1.21875,1.79296875));
#10806 = CARTESIAN_POINT('',(0.95654296875,1.79296875));
#10807 = ( GEOMETRIC_REPRESENTATION_CONTEXT(2) 
PARAMETRIC_REPRESENTATION_CONTEXT() REPRESENTATION_CONTEXT('2D SPACE',''
  ) );
#10808 = ORIENTED_EDGE('',*,*,#10764,.T.);
#10809 = ORIENTED_EDGE('',*,*,#4415,.F.);
#10810 = ORIENTED_EDGE('',*,*,#10713,.F.);
#10811 = ADVANCED_FACE('',(#10812),#4762,.F.);
#10812 = FACE_BOUND('',#10813,.F.);
#10813 = EDGE_LOOP('',(#10814,#10844,#10865,#10866));
#10814 = ORIENTED_EDGE('',*,*,#10815,.F.);
#10815 = EDGE_CURVE('',#10816,#10818,#10820,.T.);
#10816 = VERTEX_POINT('',#10817);
#10817 = CARTESIAN_POINT('',(40.170654296875,12.20166015625,3.4));
#10818 = VERTEX_POINT('',#10819);
#10819 = CARTESIAN_POINT('',(39.826416015625,12.20166015625,3.4));
#10820 = SURFACE_CURVE('',#10821,(#10825,#10832),.PCURVE_S1.);
#10821 = LINE('',#10822,#10823);
#10822 = CARTESIAN_POINT('',(40.170654296875,12.20166015625,3.4));
#10823 = VECTOR('',#10824,1.);
#10824 = DIRECTION('',(-1.,0.,0.));
#10825 = PCURVE('',#4762,#10826);
#10826 = DEFINITIONAL_REPRESENTATION('',(#10827),#10831);
#10827 = LINE('',#10828,#10829);
#10828 = CARTESIAN_POINT('',(0.,-0.));
#10829 = VECTOR('',#10830,1.);
#10830 = DIRECTION('',(1.,0.));
#10831 = ( GEOMETRIC_REPRESENTATION_CONTEXT(2) 
PARAMETRIC_REPRESENTATION_CONTEXT() REPRESENTATION_CONTEXT('2D SPACE',''
  ) );
#10832 = PCURVE('',#10833,#10838);
#10833 = PLANE('',#10834);
#10834 = AXIS2_PLACEMENT_3D('',#10835,#10836,#10837);
#10835 = CARTESIAN_POINT('',(39.099853515625,12.20166015625,3.4));
#10836 = DIRECTION('',(0.,0.,1.));
#10837 = DIRECTION('',(1.,0.,0.));
#10838 = DEFINITIONAL_REPRESENTATION('',(#10839),#10843);
#10839 = LINE('',#10840,#10841);
#10840 = CARTESIAN_POINT('',(1.07080078125,0.));
#10841 = VECTOR('',#10842,1.);
#10842 = DIRECTION('',(-1.,0.));
#10843 = ( GEOMETRIC_REPRESENTATION_CONTEXT(2) 
PARAMETRIC_REPRESENTATION_CONTEXT() REPRESENTATION_CONTEXT('2D SPACE',''
  ) );
#10844 = ORIENTED_EDGE('',*,*,#10845,.T.);
#10845 = EDGE_CURVE('',#10816,#4748,#10846,.T.);
#10846 = SURFACE_CURVE('',#10847,(#10851,#10858),.PCURVE_S1.);
#10847 = LINE('',#10848,#10849);
#10848 = CARTESIAN_POINT('',(40.170654296875,12.20166015625,3.4));
#10849 = VECTOR('',#10850,1.);
#10850 = DIRECTION('',(0.,0.,1.));
#10851 = PCURVE('',#4762,#10852);
#10852 = DEFINITIONAL_REPRESENTATION('',(#10853),#10857);
#10853 = LINE('',#10854,#10855);
#10854 = CARTESIAN_POINT('',(0.,-0.));
#10855 = VECTOR('',#10856,1.);
#10856 = DIRECTION('',(0.,-1.));
#10857 = ( GEOMETRIC_REPRESENTATION_CONTEXT(2) 
PARAMETRIC_REPRESENTATION_CONTEXT() REPRESENTATION_CONTEXT('2D SPACE',''
  ) );
#10858 = PCURVE('',#4838,#10859);
#10859 = DEFINITIONAL_REPRESENTATION('',(#10860),#10864);
#10860 = LINE('',#10861,#10862);
#10861 = CARTESIAN_POINT('',(0.43798828125,0.));
#10862 = VECTOR('',#10863,1.);
#10863 = DIRECTION('',(0.,-1.));
#10864 = ( GEOMETRIC_REPRESENTATION_CONTEXT(2) 
PARAMETRIC_REPRESENTATION_CONTEXT() REPRESENTATION_CONTEXT('2D SPACE',''
  ) );
#10865 = ORIENTED_EDGE('',*,*,#4745,.F.);
#10866 = ORIENTED_EDGE('',*,*,#10867,.F.);
#10867 = EDGE_CURVE('',#10818,#4746,#10868,.T.);
#10868 = SURFACE_CURVE('',#10869,(#10873,#10880),.PCURVE_S1.);
#10869 = LINE('',#10870,#10871);
#10870 = CARTESIAN_POINT('',(39.826416015625,12.20166015625,3.4));
#10871 = VECTOR('',#10872,1.);
#10872 = DIRECTION('',(0.,0.,1.));
#10873 = PCURVE('',#4762,#10874);
#10874 = DEFINITIONAL_REPRESENTATION('',(#10875),#10879);
#10875 = LINE('',#10876,#10877);
#10876 = CARTESIAN_POINT('',(0.34423828125,0.));
#10877 = VECTOR('',#10878,1.);
#10878 = DIRECTION('',(0.,-1.));
#10879 = ( GEOMETRIC_REPRESENTATION_CONTEXT(2) 
PARAMETRIC_REPRESENTATION_CONTEXT() REPRESENTATION_CONTEXT('2D SPACE',''
  ) );
#10880 = PCURVE('',#4788,#10881);
#10881 = DEFINITIONAL_REPRESENTATION('',(#10882),#10886);
#10882 = LINE('',#10883,#10884);
#10883 = CARTESIAN_POINT('',(0.,0.));
#10884 = VECTOR('',#10885,1.);
#10885 = DIRECTION('',(0.,-1.));
#10886 = ( GEOMETRIC_REPRESENTATION_CONTEXT(2) 
PARAMETRIC_REPRESENTATION_CONTEXT() REPRESENTATION_CONTEXT('2D SPACE',''
  ) );
#10887 = ADVANCED_FACE('',(#10888),#4838,.F.);
#10888 = FACE_BOUND('',#10889,.F.);
#10889 = EDGE_LOOP('',(#10890,#10913,#10934,#10935));
#10890 = ORIENTED_EDGE('',*,*,#10891,.F.);
#10891 = EDGE_CURVE('',#10892,#10816,#10894,.T.);
#10892 = VERTEX_POINT('',#10893);
#10893 = CARTESIAN_POINT('',(40.170654296875,12.6396484375,3.4));
#10894 = SURFACE_CURVE('',#10895,(#10899,#10906),.PCURVE_S1.);
#10895 = LINE('',#10896,#10897);
#10896 = CARTESIAN_POINT('',(40.170654296875,12.6396484375,3.4));
#10897 = VECTOR('',#10898,1.);
#10898 = DIRECTION('',(0.,-1.,0.));
#10899 = PCURVE('',#4838,#10900);
#10900 = DEFINITIONAL_REPRESENTATION('',(#10901),#10905);
#10901 = LINE('',#10902,#10903);
#10902 = CARTESIAN_POINT('',(0.,0.));
#10903 = VECTOR('',#10904,1.);
#10904 = DIRECTION('',(1.,0.));
#10905 = ( GEOMETRIC_REPRESENTATION_CONTEXT(2) 
PARAMETRIC_REPRESENTATION_CONTEXT() REPRESENTATION_CONTEXT('2D SPACE',''
  ) );
#10906 = PCURVE('',#10833,#10907);
#10907 = DEFINITIONAL_REPRESENTATION('',(#10908),#10912);
#10908 = LINE('',#10909,#10910);
#10909 = CARTESIAN_POINT('',(1.07080078125,0.43798828125));
#10910 = VECTOR('',#10911,1.);
#10911 = DIRECTION('',(0.,-1.));
#10912 = ( GEOMETRIC_REPRESENTATION_CONTEXT(2) 
PARAMETRIC_REPRESENTATION_CONTEXT() REPRESENTATION_CONTEXT('2D SPACE',''
  ) );
#10913 = ORIENTED_EDGE('',*,*,#10914,.T.);
#10914 = EDGE_CURVE('',#10892,#4800,#10915,.T.);
#10915 = SURFACE_CURVE('',#10916,(#10920,#10927),.PCURVE_S1.);
#10916 = LINE('',#10917,#10918);
#10917 = CARTESIAN_POINT('',(40.170654296875,12.6396484375,3.4));
#10918 = VECTOR('',#10919,1.);
#10919 = DIRECTION('',(0.,0.,1.));
#10920 = PCURVE('',#4838,#10921);
#10921 = DEFINITIONAL_REPRESENTATION('',(#10922),#10926);
#10922 = LINE('',#10923,#10924);
#10923 = CARTESIAN_POINT('',(0.,0.));
#10924 = VECTOR('',#10925,1.);
#10925 = DIRECTION('',(0.,-1.));
#10926 = ( GEOMETRIC_REPRESENTATION_CONTEXT(2) 
PARAMETRIC_REPRESENTATION_CONTEXT() REPRESENTATION_CONTEXT('2D SPACE',''
  ) );
#10927 = PCURVE('',#4814,#10928);
#10928 = DEFINITIONAL_REPRESENTATION('',(#10929),#10933);
#10929 = LINE('',#10930,#10931);
#10930 = CARTESIAN_POINT('',(0.34423828125,0.));
#10931 = VECTOR('',#10932,1.);
#10932 = DIRECTION('',(0.,-1.));
#10933 = ( GEOMETRIC_REPRESENTATION_CONTEXT(2) 
PARAMETRIC_REPRESENTATION_CONTEXT() REPRESENTATION_CONTEXT('2D SPACE',''
  ) );
#10934 = ORIENTED_EDGE('',*,*,#4825,.F.);
#10935 = ORIENTED_EDGE('',*,*,#10845,.F.);
#10936 = ADVANCED_FACE('',(#10937),#4814,.F.);
#10937 = FACE_BOUND('',#10938,.F.);
#10938 = EDGE_LOOP('',(#10939,#10962,#10983,#10984));
#10939 = ORIENTED_EDGE('',*,*,#10940,.F.);
#10940 = EDGE_CURVE('',#10941,#10892,#10943,.T.);
#10941 = VERTEX_POINT('',#10942);
#10942 = CARTESIAN_POINT('',(39.826416015625,12.6396484375,3.4));
#10943 = SURFACE_CURVE('',#10944,(#10948,#10955),.PCURVE_S1.);
#10944 = LINE('',#10945,#10946);
#10945 = CARTESIAN_POINT('',(39.826416015625,12.6396484375,3.4));
#10946 = VECTOR('',#10947,1.);
#10947 = DIRECTION('',(1.,0.,0.));
#10948 = PCURVE('',#4814,#10949);
#10949 = DEFINITIONAL_REPRESENTATION('',(#10950),#10954);
#10950 = LINE('',#10951,#10952);
#10951 = CARTESIAN_POINT('',(0.,0.));
#10952 = VECTOR('',#10953,1.);
#10953 = DIRECTION('',(1.,0.));
#10954 = ( GEOMETRIC_REPRESENTATION_CONTEXT(2) 
PARAMETRIC_REPRESENTATION_CONTEXT() REPRESENTATION_CONTEXT('2D SPACE',''
  ) );
#10955 = PCURVE('',#10833,#10956);
#10956 = DEFINITIONAL_REPRESENTATION('',(#10957),#10961);
#10957 = LINE('',#10958,#10959);
#10958 = CARTESIAN_POINT('',(0.7265625,0.43798828125));
#10959 = VECTOR('',#10960,1.);
#10960 = DIRECTION('',(1.,0.));
#10961 = ( GEOMETRIC_REPRESENTATION_CONTEXT(2) 
PARAMETRIC_REPRESENTATION_CONTEXT() REPRESENTATION_CONTEXT('2D SPACE',''
  ) );
#10962 = ORIENTED_EDGE('',*,*,#10963,.T.);
#10963 = EDGE_CURVE('',#10941,#4774,#10964,.T.);
#10964 = SURFACE_CURVE('',#10965,(#10969,#10976),.PCURVE_S1.);
#10965 = LINE('',#10966,#10967);
#10966 = CARTESIAN_POINT('',(39.826416015625,12.6396484375,3.4));
#10967 = VECTOR('',#10968,1.);
#10968 = DIRECTION('',(0.,0.,1.));
#10969 = PCURVE('',#4814,#10970);
#10970 = DEFINITIONAL_REPRESENTATION('',(#10971),#10975);
#10971 = LINE('',#10972,#10973);
#10972 = CARTESIAN_POINT('',(0.,0.));
#10973 = VECTOR('',#10974,1.);
#10974 = DIRECTION('',(0.,-1.));
#10975 = ( GEOMETRIC_REPRESENTATION_CONTEXT(2) 
PARAMETRIC_REPRESENTATION_CONTEXT() REPRESENTATION_CONTEXT('2D SPACE',''
  ) );
#10976 = PCURVE('',#4788,#10977);
#10977 = DEFINITIONAL_REPRESENTATION('',(#10978),#10982);
#10978 = LINE('',#10979,#10980);
#10979 = CARTESIAN_POINT('',(0.43798828125,0.));
#10980 = VECTOR('',#10981,1.);
#10981 = DIRECTION('',(0.,-1.));
#10982 = ( GEOMETRIC_REPRESENTATION_CONTEXT(2) 
PARAMETRIC_REPRESENTATION_CONTEXT() REPRESENTATION_CONTEXT('2D SPACE',''
  ) );
#10983 = ORIENTED_EDGE('',*,*,#4799,.F.);
#10984 = ORIENTED_EDGE('',*,*,#10914,.F.);
#10985 = ADVANCED_FACE('',(#10986),#4788,.F.);
#10986 = FACE_BOUND('',#10987,.F.);
#10987 = EDGE_LOOP('',(#10988,#11009,#11010,#11011));
#10988 = ORIENTED_EDGE('',*,*,#10989,.F.);
#10989 = EDGE_CURVE('',#10818,#10941,#10990,.T.);
#10990 = SURFACE_CURVE('',#10991,(#10995,#11002),.PCURVE_S1.);
#10991 = LINE('',#10992,#10993);
#10992 = CARTESIAN_POINT('',(39.826416015625,12.20166015625,3.4));
#10993 = VECTOR('',#10994,1.);
#10994 = DIRECTION('',(0.,1.,0.));
#10995 = PCURVE('',#4788,#10996);
#10996 = DEFINITIONAL_REPRESENTATION('',(#10997),#11001);
#10997 = LINE('',#10998,#10999);
#10998 = CARTESIAN_POINT('',(0.,0.));
#10999 = VECTOR('',#11000,1.);
#11000 = DIRECTION('',(1.,0.));
#11001 = ( GEOMETRIC_REPRESENTATION_CONTEXT(2) 
PARAMETRIC_REPRESENTATION_CONTEXT() REPRESENTATION_CONTEXT('2D SPACE',''
  ) );
#11002 = PCURVE('',#10833,#11003);
#11003 = DEFINITIONAL_REPRESENTATION('',(#11004),#11008);
#11004 = LINE('',#11005,#11006);
#11005 = CARTESIAN_POINT('',(0.7265625,0.));
#11006 = VECTOR('',#11007,1.);
#11007 = DIRECTION('',(0.,1.));
#11008 = ( GEOMETRIC_REPRESENTATION_CONTEXT(2) 
PARAMETRIC_REPRESENTATION_CONTEXT() REPRESENTATION_CONTEXT('2D SPACE',''
  ) );
#11009 = ORIENTED_EDGE('',*,*,#10867,.T.);
#11010 = ORIENTED_EDGE('',*,*,#4773,.F.);
#11011 = ORIENTED_EDGE('',*,*,#10963,.F.);
#11012 = ADVANCED_FACE('',(#11013),#4868,.F.);
#11013 = FACE_BOUND('',#11014,.F.);
#11014 = EDGE_LOOP('',(#11015,#11045,#11066,#11067));
#11015 = ORIENTED_EDGE('',*,*,#11016,.F.);
#11016 = EDGE_CURVE('',#11017,#11019,#11021,.T.);
#11017 = VERTEX_POINT('',#11018);
#11018 = CARTESIAN_POINT('',(38.887451171875,12.20166015625,3.4));
#11019 = VERTEX_POINT('',#11020);
#11020 = CARTESIAN_POINT('',(37.510498046875,12.20166015625,3.4));
#11021 = SURFACE_CURVE('',#11022,(#11026,#11033),.PCURVE_S1.);
#11022 = LINE('',#11023,#11024);
#11023 = CARTESIAN_POINT('',(38.887451171875,12.20166015625,3.4));
#11024 = VECTOR('',#11025,1.);
#11025 = DIRECTION('',(-1.,0.,0.));
#11026 = PCURVE('',#4868,#11027);
#11027 = DEFINITIONAL_REPRESENTATION('',(#11028),#11032);
#11028 = LINE('',#11029,#11030);
#11029 = CARTESIAN_POINT('',(0.,-0.));
#11030 = VECTOR('',#11031,1.);
#11031 = DIRECTION('',(1.,0.));
#11032 = ( GEOMETRIC_REPRESENTATION_CONTEXT(2) 
PARAMETRIC_REPRESENTATION_CONTEXT() REPRESENTATION_CONTEXT('2D SPACE',''
  ) );
#11033 = PCURVE('',#11034,#11039);
#11034 = PLANE('',#11035);
#11035 = AXIS2_PLACEMENT_3D('',#11036,#11037,#11038);
#11036 = CARTESIAN_POINT('',(37.299560546875,12.20166015625,3.4));
#11037 = DIRECTION('',(0.,0.,1.));
#11038 = DIRECTION('',(1.,0.,0.));
#11039 = DEFINITIONAL_REPRESENTATION('',(#11040),#11044);
#11040 = LINE('',#11041,#11042);
#11041 = CARTESIAN_POINT('',(1.587890625,0.));
#11042 = VECTOR('',#11043,1.);
#11043 = DIRECTION('',(-1.,0.));
#11044 = ( GEOMETRIC_REPRESENTATION_CONTEXT(2) 
PARAMETRIC_REPRESENTATION_CONTEXT() REPRESENTATION_CONTEXT('2D SPACE',''
  ) );
#11045 = ORIENTED_EDGE('',*,*,#11046,.T.);
#11046 = EDGE_CURVE('',#11017,#4854,#11047,.T.);
#11047 = SURFACE_CURVE('',#11048,(#11052,#11059),.PCURVE_S1.);
#11048 = LINE('',#11049,#11050);
#11049 = CARTESIAN_POINT('',(38.887451171875,12.20166015625,3.4));
#11050 = VECTOR('',#11051,1.);
#11051 = DIRECTION('',(0.,0.,1.));
#11052 = PCURVE('',#4868,#11053);
#11053 = DEFINITIONAL_REPRESENTATION('',(#11054),#11058);
#11054 = LINE('',#11055,#11056);
#11055 = CARTESIAN_POINT('',(0.,-0.));
#11056 = VECTOR('',#11057,1.);
#11057 = DIRECTION('',(0.,-1.));
#11058 = ( GEOMETRIC_REPRESENTATION_CONTEXT(2) 
PARAMETRIC_REPRESENTATION_CONTEXT() REPRESENTATION_CONTEXT('2D SPACE',''
  ) );
#11059 = PCURVE('',#5675,#11060);
#11060 = DEFINITIONAL_REPRESENTATION('',(#11061),#11065);
#11061 = LINE('',#11062,#11063);
#11062 = CARTESIAN_POINT('',(0.2138671875,0.));
#11063 = VECTOR('',#11064,1.);
#11064 = DIRECTION('',(0.,-1.));
#11065 = ( GEOMETRIC_REPRESENTATION_CONTEXT(2) 
PARAMETRIC_REPRESENTATION_CONTEXT() REPRESENTATION_CONTEXT('2D SPACE',''
  ) );
#11066 = ORIENTED_EDGE('',*,*,#4851,.F.);
#11067 = ORIENTED_EDGE('',*,*,#11068,.F.);
#11068 = EDGE_CURVE('',#11019,#4852,#11069,.T.);
#11069 = SURFACE_CURVE('',#11070,(#11074,#11081),.PCURVE_S1.);
#11070 = LINE('',#11071,#11072);
#11071 = CARTESIAN_POINT('',(37.510498046875,12.20166015625,3.4));
#11072 = VECTOR('',#11073,1.);
#11073 = DIRECTION('',(0.,0.,1.));
#11074 = PCURVE('',#4868,#11075);
#11075 = DEFINITIONAL_REPRESENTATION('',(#11076),#11080);
#11076 = LINE('',#11077,#11078);
#11077 = CARTESIAN_POINT('',(1.376953125,0.));
#11078 = VECTOR('',#11079,1.);
#11079 = DIRECTION('',(0.,-1.));
#11080 = ( GEOMETRIC_REPRESENTATION_CONTEXT(2) 
PARAMETRIC_REPRESENTATION_CONTEXT() REPRESENTATION_CONTEXT('2D SPACE',''
  ) );
#11081 = PCURVE('',#4894,#11082);
#11082 = DEFINITIONAL_REPRESENTATION('',(#11083),#11087);
#11083 = LINE('',#11084,#11085);
#11084 = CARTESIAN_POINT('',(0.,0.));
#11085 = VECTOR('',#11086,1.);
#11086 = DIRECTION('',(0.,-1.));
#11087 = ( GEOMETRIC_REPRESENTATION_CONTEXT(2) 
PARAMETRIC_REPRESENTATION_CONTEXT() REPRESENTATION_CONTEXT('2D SPACE',''
  ) );
#11088 = ADVANCED_FACE('',(#11089),#5675,.F.);
#11089 = FACE_BOUND('',#11090,.F.);
#11090 = EDGE_LOOP('',(#11091,#11114,#11135,#11136));
#11091 = ORIENTED_EDGE('',*,*,#11092,.F.);
#11092 = EDGE_CURVE('',#11093,#11017,#11095,.T.);
#11093 = VERTEX_POINT('',#11094);
#11094 = CARTESIAN_POINT('',(38.887451171875,12.41552734375,3.4));
#11095 = SURFACE_CURVE('',#11096,(#11100,#11107),.PCURVE_S1.);
#11096 = LINE('',#11097,#11098);
#11097 = CARTESIAN_POINT('',(38.887451171875,12.41552734375,3.4));
#11098 = VECTOR('',#11099,1.);
#11099 = DIRECTION('',(0.,-1.,0.));
#11100 = PCURVE('',#5675,#11101);
#11101 = DEFINITIONAL_REPRESENTATION('',(#11102),#11106);
#11102 = LINE('',#11103,#11104);
#11103 = CARTESIAN_POINT('',(0.,0.));
#11104 = VECTOR('',#11105,1.);
#11105 = DIRECTION('',(1.,0.));
#11106 = ( GEOMETRIC_REPRESENTATION_CONTEXT(2) 
PARAMETRIC_REPRESENTATION_CONTEXT() REPRESENTATION_CONTEXT('2D SPACE',''
  ) );
#11107 = PCURVE('',#11034,#11108);
#11108 = DEFINITIONAL_REPRESENTATION('',(#11109),#11113);
#11109 = LINE('',#11110,#11111);
#11110 = CARTESIAN_POINT('',(1.587890625,0.2138671875));
#11111 = VECTOR('',#11112,1.);
#11112 = DIRECTION('',(0.,-1.));
#11113 = ( GEOMETRIC_REPRESENTATION_CONTEXT(2) 
PARAMETRIC_REPRESENTATION_CONTEXT() REPRESENTATION_CONTEXT('2D SPACE',''
  ) );
#11114 = ORIENTED_EDGE('',*,*,#11115,.T.);
#11115 = EDGE_CURVE('',#11093,#5637,#11116,.T.);
#11116 = SURFACE_CURVE('',#11117,(#11121,#11128),.PCURVE_S1.);
#11117 = LINE('',#11118,#11119);
#11118 = CARTESIAN_POINT('',(38.887451171875,12.41552734375,3.4));
#11119 = VECTOR('',#11120,1.);
#11120 = DIRECTION('',(0.,0.,1.));
#11121 = PCURVE('',#5675,#11122);
#11122 = DEFINITIONAL_REPRESENTATION('',(#11123),#11127);
#11123 = LINE('',#11124,#11125);
#11124 = CARTESIAN_POINT('',(0.,0.));
#11125 = VECTOR('',#11126,1.);
#11126 = DIRECTION('',(0.,-1.));
#11127 = ( GEOMETRIC_REPRESENTATION_CONTEXT(2) 
PARAMETRIC_REPRESENTATION_CONTEXT() REPRESENTATION_CONTEXT('2D SPACE',''
  ) );
#11128 = PCURVE('',#5651,#11129);
#11129 = DEFINITIONAL_REPRESENTATION('',(#11130),#11134);
#11130 = LINE('',#11131,#11132);
#11131 = CARTESIAN_POINT('',(1.05908203125,0.));
#11132 = VECTOR('',#11133,1.);
#11133 = DIRECTION('',(0.,-1.));
#11134 = ( GEOMETRIC_REPRESENTATION_CONTEXT(2) 
PARAMETRIC_REPRESENTATION_CONTEXT() REPRESENTATION_CONTEXT('2D SPACE',''
  ) );
#11135 = ORIENTED_EDGE('',*,*,#5662,.F.);
#11136 = ORIENTED_EDGE('',*,*,#11046,.F.);
#11137 = ADVANCED_FACE('',(#11138),#5651,.F.);
#11138 = FACE_BOUND('',#11139,.F.);
#11139 = EDGE_LOOP('',(#11140,#11163,#11184,#11185));
#11140 = ORIENTED_EDGE('',*,*,#11141,.F.);
#11141 = EDGE_CURVE('',#11142,#11093,#11144,.T.);
#11142 = VERTEX_POINT('',#11143);
#11143 = CARTESIAN_POINT('',(37.828369140625,12.41552734375,3.4));
#11144 = SURFACE_CURVE('',#11145,(#11149,#11156),.PCURVE_S1.);
#11145 = LINE('',#11146,#11147);
#11146 = CARTESIAN_POINT('',(37.828369140625,12.41552734375,3.4));
#11147 = VECTOR('',#11148,1.);
#11148 = DIRECTION('',(1.,0.,0.));
#11149 = PCURVE('',#5651,#11150);
#11150 = DEFINITIONAL_REPRESENTATION('',(#11151),#11155);
#11151 = LINE('',#11152,#11153);
#11152 = CARTESIAN_POINT('',(0.,0.));
#11153 = VECTOR('',#11154,1.);
#11154 = DIRECTION('',(1.,0.));
#11155 = ( GEOMETRIC_REPRESENTATION_CONTEXT(2) 
PARAMETRIC_REPRESENTATION_CONTEXT() REPRESENTATION_CONTEXT('2D SPACE',''
  ) );
#11156 = PCURVE('',#11034,#11157);
#11157 = DEFINITIONAL_REPRESENTATION('',(#11158),#11162);
#11158 = LINE('',#11159,#11160);
#11159 = CARTESIAN_POINT('',(0.52880859375,0.2138671875));
#11160 = VECTOR('',#11161,1.);
#11161 = DIRECTION('',(1.,0.));
#11162 = ( GEOMETRIC_REPRESENTATION_CONTEXT(2) 
PARAMETRIC_REPRESENTATION_CONTEXT() REPRESENTATION_CONTEXT('2D SPACE',''
  ) );
#11163 = ORIENTED_EDGE('',*,*,#11164,.T.);
#11164 = EDGE_CURVE('',#11142,#5598,#11165,.T.);
#11165 = SURFACE_CURVE('',#11166,(#11170,#11177),.PCURVE_S1.);
#11166 = LINE('',#11167,#11168);
#11167 = CARTESIAN_POINT('',(37.828369140625,12.41552734375,3.4));
#11168 = VECTOR('',#11169,1.);
#11169 = DIRECTION('',(0.,0.,1.));
#11170 = PCURVE('',#5651,#11171);
#11171 = DEFINITIONAL_REPRESENTATION('',(#11172),#11176);
#11172 = LINE('',#11173,#11174);
#11173 = CARTESIAN_POINT('',(0.,0.));
#11174 = VECTOR('',#11175,1.);
#11175 = DIRECTION('',(0.,-1.));
#11176 = ( GEOMETRIC_REPRESENTATION_CONTEXT(2) 
PARAMETRIC_REPRESENTATION_CONTEXT() REPRESENTATION_CONTEXT('2D SPACE',''
  ) );
#11177 = PCURVE('',#5619,#11178);
#11178 = DEFINITIONAL_REPRESENTATION('',(#11179),#11183);
#11179 = LINE('',#11180,#11181);
#11180 = CARTESIAN_POINT('',(1.,0.));
#11181 = VECTOR('',#11182,1.);
#11182 = DIRECTION('',(0.,-1.));
#11183 = ( GEOMETRIC_REPRESENTATION_CONTEXT(2) 
PARAMETRIC_REPRESENTATION_CONTEXT() REPRESENTATION_CONTEXT('2D SPACE',''
  ) );
#11184 = ORIENTED_EDGE('',*,*,#5636,.F.);
#11185 = ORIENTED_EDGE('',*,*,#11115,.F.);
#11186 = ADVANCED_FACE('',(#11187),#5619,.F.);
#11187 = FACE_BOUND('',#11188,.F.);
#11188 = EDGE_LOOP('',(#11189,#11212,#11233,#11234));
#11189 = ORIENTED_EDGE('',*,*,#11190,.F.);
#11190 = EDGE_CURVE('',#11191,#11142,#11193,.T.);
#11191 = VERTEX_POINT('',#11192);
#11192 = CARTESIAN_POINT('',(37.9931640625,12.635986328125,3.4));
#11193 = SURFACE_CURVE('',#11194,(#11198,#11205),.PCURVE_S1.);
#11194 = B_SPLINE_CURVE_WITH_KNOTS('',2,(#11195,#11196,#11197),
  .UNSPECIFIED.,.F.,.F.,(3,3),(0.,1.),.PIECEWISE_BEZIER_KNOTS.);
#11195 = CARTESIAN_POINT('',(37.9931640625,12.635986328125,3.4));
#11196 = CARTESIAN_POINT('',(37.876708984375,12.5224609375,3.4));
#11197 = CARTESIAN_POINT('',(37.828369140625,12.41552734375,3.4));
#11198 = PCURVE('',#5619,#11199);
#11199 = DEFINITIONAL_REPRESENTATION('',(#11200),#11204);
#11200 = LINE('',#11201,#11202);
#11201 = CARTESIAN_POINT('',(0.,0.));
#11202 = VECTOR('',#11203,1.);
#11203 = DIRECTION('',(1.,0.));
#11204 = ( GEOMETRIC_REPRESENTATION_CONTEXT(2) 
PARAMETRIC_REPRESENTATION_CONTEXT() REPRESENTATION_CONTEXT('2D SPACE',''
  ) );
#11205 = PCURVE('',#11034,#11206);
#11206 = DEFINITIONAL_REPRESENTATION('',(#11207),#11211);
#11207 = B_SPLINE_CURVE_WITH_KNOTS('',2,(#11208,#11209,#11210),
  .UNSPECIFIED.,.F.,.F.,(3,3),(0.,1.),.PIECEWISE_BEZIER_KNOTS.);
#11208 = CARTESIAN_POINT('',(0.693603515625,0.434326171875));
#11209 = CARTESIAN_POINT('',(0.5771484375,0.32080078125));
#11210 = CARTESIAN_POINT('',(0.52880859375,0.2138671875));
#11211 = ( GEOMETRIC_REPRESENTATION_CONTEXT(2) 
PARAMETRIC_REPRESENTATION_CONTEXT() REPRESENTATION_CONTEXT('2D SPACE',''
  ) );
#11212 = ORIENTED_EDGE('',*,*,#11213,.T.);
#11213 = EDGE_CURVE('',#11191,#5556,#11214,.T.);
#11214 = SURFACE_CURVE('',#11215,(#11219,#11226),.PCURVE_S1.);
#11215 = LINE('',#11216,#11217);
#11216 = CARTESIAN_POINT('',(37.9931640625,12.635986328125,3.4));
#11217 = VECTOR('',#11218,1.);
#11218 = DIRECTION('',(0.,0.,1.));
#11219 = PCURVE('',#5619,#11220);
#11220 = DEFINITIONAL_REPRESENTATION('',(#11221),#11225);
#11221 = LINE('',#11222,#11223);
#11222 = CARTESIAN_POINT('',(0.,0.));
#11223 = VECTOR('',#11224,1.);
#11224 = DIRECTION('',(0.,-1.));
#11225 = ( GEOMETRIC_REPRESENTATION_CONTEXT(2) 
PARAMETRIC_REPRESENTATION_CONTEXT() REPRESENTATION_CONTEXT('2D SPACE',''
  ) );
#11226 = PCURVE('',#5579,#11227);
#11227 = DEFINITIONAL_REPRESENTATION('',(#11228),#11232);
#11228 = LINE('',#11229,#11230);
#11229 = CARTESIAN_POINT('',(1.,0.));
#11230 = VECTOR('',#11231,1.);
#11231 = DIRECTION('',(0.,-1.));
#11232 = ( GEOMETRIC_REPRESENTATION_CONTEXT(2) 
PARAMETRIC_REPRESENTATION_CONTEXT() REPRESENTATION_CONTEXT('2D SPACE',''
  ) );
#11233 = ORIENTED_EDGE('',*,*,#5597,.F.);
#11234 = ORIENTED_EDGE('',*,*,#11164,.F.);
#11235 = ADVANCED_FACE('',(#11236),#5579,.F.);
#11236 = FACE_BOUND('',#11237,.F.);
#11237 = EDGE_LOOP('',(#11238,#11261,#11282,#11283));
#11238 = ORIENTED_EDGE('',*,*,#11239,.F.);
#11239 = EDGE_CURVE('',#11240,#11191,#11242,.T.);
#11240 = VERTEX_POINT('',#11241);
#11241 = CARTESIAN_POINT('',(38.411376953125,12.98974609375,3.4));
#11242 = SURFACE_CURVE('',#11243,(#11247,#11254),.PCURVE_S1.);
#11243 = B_SPLINE_CURVE_WITH_KNOTS('',2,(#11244,#11245,#11246),
  .UNSPECIFIED.,.F.,.F.,(3,3),(0.,1.),.PIECEWISE_BEZIER_KNOTS.);
#11244 = CARTESIAN_POINT('',(38.411376953125,12.98974609375,3.4));
#11245 = CARTESIAN_POINT('',(38.109619140625,12.74951171875,3.4));
#11246 = CARTESIAN_POINT('',(37.9931640625,12.635986328125,3.4));
#11247 = PCURVE('',#5579,#11248);
#11248 = DEFINITIONAL_REPRESENTATION('',(#11249),#11253);
#11249 = LINE('',#11250,#11251);
#11250 = CARTESIAN_POINT('',(0.,0.));
#11251 = VECTOR('',#11252,1.);
#11252 = DIRECTION('',(1.,0.));
#11253 = ( GEOMETRIC_REPRESENTATION_CONTEXT(2) 
PARAMETRIC_REPRESENTATION_CONTEXT() REPRESENTATION_CONTEXT('2D SPACE',''
  ) );
#11254 = PCURVE('',#11034,#11255);
#11255 = DEFINITIONAL_REPRESENTATION('',(#11256),#11260);
#11256 = B_SPLINE_CURVE_WITH_KNOTS('',2,(#11257,#11258,#11259),
  .UNSPECIFIED.,.F.,.F.,(3,3),(0.,1.),.PIECEWISE_BEZIER_KNOTS.);
#11257 = CARTESIAN_POINT('',(1.11181640625,0.7880859375));
#11258 = CARTESIAN_POINT('',(0.81005859375,0.5478515625));
#11259 = CARTESIAN_POINT('',(0.693603515625,0.434326171875));
#11260 = ( GEOMETRIC_REPRESENTATION_CONTEXT(2) 
PARAMETRIC_REPRESENTATION_CONTEXT() REPRESENTATION_CONTEXT('2D SPACE',''
  ) );
#11261 = ORIENTED_EDGE('',*,*,#11262,.T.);
#11262 = EDGE_CURVE('',#11240,#5517,#11263,.T.);
#11263 = SURFACE_CURVE('',#11264,(#11268,#11275),.PCURVE_S1.);
#11264 = LINE('',#11265,#11266);
#11265 = CARTESIAN_POINT('',(38.411376953125,12.98974609375,3.4));
#11266 = VECTOR('',#11267,1.);
#11267 = DIRECTION('',(0.,0.,1.));
#11268 = PCURVE('',#5579,#11269);
#11269 = DEFINITIONAL_REPRESENTATION('',(#11270),#11274);
#11270 = LINE('',#11271,#11272);
#11271 = CARTESIAN_POINT('',(0.,0.));
#11272 = VECTOR('',#11273,1.);
#11273 = DIRECTION('',(0.,-1.));
#11274 = ( GEOMETRIC_REPRESENTATION_CONTEXT(2) 
PARAMETRIC_REPRESENTATION_CONTEXT() REPRESENTATION_CONTEXT('2D SPACE',''
  ) );
#11275 = PCURVE('',#5538,#11276);
#11276 = DEFINITIONAL_REPRESENTATION('',(#11277),#11281);
#11277 = LINE('',#11278,#11279);
#11278 = CARTESIAN_POINT('',(1.,0.));
#11279 = VECTOR('',#11280,1.);
#11280 = DIRECTION('',(0.,-1.));
#11281 = ( GEOMETRIC_REPRESENTATION_CONTEXT(2) 
PARAMETRIC_REPRESENTATION_CONTEXT() REPRESENTATION_CONTEXT('2D SPACE',''
  ) );
#11282 = ORIENTED_EDGE('',*,*,#5555,.F.);
#11283 = ORIENTED_EDGE('',*,*,#11213,.F.);
#11284 = ADVANCED_FACE('',(#11285),#5538,.F.);
#11285 = FACE_BOUND('',#11286,.F.);
#11286 = EDGE_LOOP('',(#11287,#11310,#11331,#11332));
#11287 = ORIENTED_EDGE('',*,*,#11288,.F.);
#11288 = EDGE_CURVE('',#11289,#11240,#11291,.T.);
#11289 = VERTEX_POINT('',#11290);
#11290 = CARTESIAN_POINT('',(38.743896484375,13.333251953125,3.4));
#11291 = SURFACE_CURVE('',#11292,(#11296,#11303),.PCURVE_S1.);
#11292 = B_SPLINE_CURVE_WITH_KNOTS('',2,(#11293,#11294,#11295),
  .UNSPECIFIED.,.F.,.F.,(3,3),(0.,1.),.PIECEWISE_BEZIER_KNOTS.);
#11293 = CARTESIAN_POINT('',(38.743896484375,13.333251953125,3.4));
#11294 = CARTESIAN_POINT('',(38.632568359375,13.16552734375,3.4));
#11295 = CARTESIAN_POINT('',(38.411376953125,12.98974609375,3.4));
#11296 = PCURVE('',#5538,#11297);
#11297 = DEFINITIONAL_REPRESENTATION('',(#11298),#11302);
#11298 = LINE('',#11299,#11300);
#11299 = CARTESIAN_POINT('',(0.,0.));
#11300 = VECTOR('',#11301,1.);
#11301 = DIRECTION('',(1.,0.));
#11302 = ( GEOMETRIC_REPRESENTATION_CONTEXT(2) 
PARAMETRIC_REPRESENTATION_CONTEXT() REPRESENTATION_CONTEXT('2D SPACE',''
  ) );
#11303 = PCURVE('',#11034,#11304);
#11304 = DEFINITIONAL_REPRESENTATION('',(#11305),#11309);
#11305 = B_SPLINE_CURVE_WITH_KNOTS('',2,(#11306,#11307,#11308),
  .UNSPECIFIED.,.F.,.F.,(3,3),(0.,1.),.PIECEWISE_BEZIER_KNOTS.);
#11306 = CARTESIAN_POINT('',(1.4443359375,1.131591796875));
#11307 = CARTESIAN_POINT('',(1.3330078125,0.9638671875));
#11308 = CARTESIAN_POINT('',(1.11181640625,0.7880859375));
#11309 = ( GEOMETRIC_REPRESENTATION_CONTEXT(2) 
PARAMETRIC_REPRESENTATION_CONTEXT() REPRESENTATION_CONTEXT('2D SPACE',''
  ) );
#11310 = ORIENTED_EDGE('',*,*,#11311,.T.);
#11311 = EDGE_CURVE('',#11289,#5478,#11312,.T.);
#11312 = SURFACE_CURVE('',#11313,(#11317,#11324),.PCURVE_S1.);
#11313 = LINE('',#11314,#11315);
#11314 = CARTESIAN_POINT('',(38.743896484375,13.333251953125,3.4));
#11315 = VECTOR('',#11316,1.);
#11316 = DIRECTION('',(0.,0.,1.));
#11317 = PCURVE('',#5538,#11318);
#11318 = DEFINITIONAL_REPRESENTATION('',(#11319),#11323);
#11319 = LINE('',#11320,#11321);
#11320 = CARTESIAN_POINT('',(0.,0.));
#11321 = VECTOR('',#11322,1.);
#11322 = DIRECTION('',(0.,-1.));
#11323 = ( GEOMETRIC_REPRESENTATION_CONTEXT(2) 
PARAMETRIC_REPRESENTATION_CONTEXT() REPRESENTATION_CONTEXT('2D SPACE',''
  ) );
#11324 = PCURVE('',#5499,#11325);
#11325 = DEFINITIONAL_REPRESENTATION('',(#11326),#11330);
#11326 = LINE('',#11327,#11328);
#11327 = CARTESIAN_POINT('',(1.,0.));
#11328 = VECTOR('',#11329,1.);
#11329 = DIRECTION('',(0.,-1.));
#11330 = ( GEOMETRIC_REPRESENTATION_CONTEXT(2) 
PARAMETRIC_REPRESENTATION_CONTEXT() REPRESENTATION_CONTEXT('2D SPACE',''
  ) );
#11331 = ORIENTED_EDGE('',*,*,#5516,.F.);
#11332 = ORIENTED_EDGE('',*,*,#11262,.F.);
#11333 = ADVANCED_FACE('',(#11334),#5499,.F.);
#11334 = FACE_BOUND('',#11335,.F.);
#11335 = EDGE_LOOP('',(#11336,#11359,#11380,#11381));
#11336 = ORIENTED_EDGE('',*,*,#11337,.F.);
#11337 = EDGE_CURVE('',#11338,#11289,#11340,.T.);
#11338 = VERTEX_POINT('',#11339);
#11339 = CARTESIAN_POINT('',(38.855224609375,13.66943359375,3.4));
#11340 = SURFACE_CURVE('',#11341,(#11345,#11352),.PCURVE_S1.);
#11341 = B_SPLINE_CURVE_WITH_KNOTS('',2,(#11342,#11343,#11344),
  .UNSPECIFIED.,.F.,.F.,(3,3),(0.,1.),.PIECEWISE_BEZIER_KNOTS.);
#11342 = CARTESIAN_POINT('',(38.855224609375,13.66943359375,3.4));
#11343 = CARTESIAN_POINT('',(38.855224609375,13.5009765625,3.4));
#11344 = CARTESIAN_POINT('',(38.743896484375,13.333251953125,3.4));
#11345 = PCURVE('',#5499,#11346);
#11346 = DEFINITIONAL_REPRESENTATION('',(#11347),#11351);
#11347 = LINE('',#11348,#11349);
#11348 = CARTESIAN_POINT('',(0.,0.));
#11349 = VECTOR('',#11350,1.);
#11350 = DIRECTION('',(1.,0.));
#11351 = ( GEOMETRIC_REPRESENTATION_CONTEXT(2) 
PARAMETRIC_REPRESENTATION_CONTEXT() REPRESENTATION_CONTEXT('2D SPACE',''
  ) );
#11352 = PCURVE('',#11034,#11353);
#11353 = DEFINITIONAL_REPRESENTATION('',(#11354),#11358);
#11354 = B_SPLINE_CURVE_WITH_KNOTS('',2,(#11355,#11356,#11357),
  .UNSPECIFIED.,.F.,.F.,(3,3),(0.,1.),.PIECEWISE_BEZIER_KNOTS.);
#11355 = CARTESIAN_POINT('',(1.5556640625,1.4677734375));
#11356 = CARTESIAN_POINT('',(1.5556640625,1.29931640625));
#11357 = CARTESIAN_POINT('',(1.4443359375,1.131591796875));
#11358 = ( GEOMETRIC_REPRESENTATION_CONTEXT(2) 
PARAMETRIC_REPRESENTATION_CONTEXT() REPRESENTATION_CONTEXT('2D SPACE',''
  ) );
#11359 = ORIENTED_EDGE('',*,*,#11360,.T.);
#11360 = EDGE_CURVE('',#11338,#5427,#11361,.T.);
#11361 = SURFACE_CURVE('',#11362,(#11366,#11373),.PCURVE_S1.);
#11362 = LINE('',#11363,#11364);
#11363 = CARTESIAN_POINT('',(38.855224609375,13.66943359375,3.4));
#11364 = VECTOR('',#11365,1.);
#11365 = DIRECTION('',(0.,0.,1.));
#11366 = PCURVE('',#5499,#11367);
#11367 = DEFINITIONAL_REPRESENTATION('',(#11368),#11372);
#11368 = LINE('',#11369,#11370);
#11369 = CARTESIAN_POINT('',(0.,0.));
#11370 = VECTOR('',#11371,1.);
#11371 = DIRECTION('',(0.,-1.));
#11372 = ( GEOMETRIC_REPRESENTATION_CONTEXT(2) 
PARAMETRIC_REPRESENTATION_CONTEXT() REPRESENTATION_CONTEXT('2D SPACE',''
  ) );
#11373 = PCURVE('',#5456,#11374);
#11374 = DEFINITIONAL_REPRESENTATION('',(#11375),#11379);
#11375 = LINE('',#11376,#11377);
#11376 = CARTESIAN_POINT('',(1.,0.));
#11377 = VECTOR('',#11378,1.);
#11378 = DIRECTION('',(0.,-1.));
#11379 = ( GEOMETRIC_REPRESENTATION_CONTEXT(2) 
PARAMETRIC_REPRESENTATION_CONTEXT() REPRESENTATION_CONTEXT('2D SPACE',''
  ) );
#11380 = ORIENTED_EDGE('',*,*,#5477,.F.);
#11381 = ORIENTED_EDGE('',*,*,#11311,.F.);
#11382 = ADVANCED_FACE('',(#11383),#5456,.F.);
#11383 = FACE_BOUND('',#11384,.F.);
#11384 = EDGE_LOOP('',(#11385,#11408,#11429,#11430));
#11385 = ORIENTED_EDGE('',*,*,#11386,.F.);
#11386 = EDGE_CURVE('',#11387,#11338,#11389,.T.);
#11387 = VERTEX_POINT('',#11388);
#11388 = CARTESIAN_POINT('',(38.680908203125,14.06787109375,3.4));
#11389 = SURFACE_CURVE('',#11390,(#11394,#11401),.PCURVE_S1.);
#11390 = B_SPLINE_CURVE_WITH_KNOTS('',2,(#11391,#11392,#11393),
  .UNSPECIFIED.,.F.,.F.,(3,3),(0.,1.),.PIECEWISE_BEZIER_KNOTS.);
#11391 = CARTESIAN_POINT('',(38.680908203125,14.06787109375,3.4));
#11392 = CARTESIAN_POINT('',(38.855224609375,13.92724609375,3.4));
#11393 = CARTESIAN_POINT('',(38.855224609375,13.66943359375,3.4));
#11394 = PCURVE('',#5456,#11395);
#11395 = DEFINITIONAL_REPRESENTATION('',(#11396),#11400);
#11396 = LINE('',#11397,#11398);
#11397 = CARTESIAN_POINT('',(0.,0.));
#11398 = VECTOR('',#11399,1.);
#11399 = DIRECTION('',(1.,0.));
#11400 = ( GEOMETRIC_REPRESENTATION_CONTEXT(2) 
PARAMETRIC_REPRESENTATION_CONTEXT() REPRESENTATION_CONTEXT('2D SPACE',''
  ) );
#11401 = PCURVE('',#11034,#11402);
#11402 = DEFINITIONAL_REPRESENTATION('',(#11403),#11407);
#11403 = B_SPLINE_CURVE_WITH_KNOTS('',2,(#11404,#11405,#11406),
  .UNSPECIFIED.,.F.,.F.,(3,3),(0.,1.),.PIECEWISE_BEZIER_KNOTS.);
#11404 = CARTESIAN_POINT('',(1.38134765625,1.8662109375));
#11405 = CARTESIAN_POINT('',(1.5556640625,1.7255859375));
#11406 = CARTESIAN_POINT('',(1.5556640625,1.4677734375));
#11407 = ( GEOMETRIC_REPRESENTATION_CONTEXT(2) 
PARAMETRIC_REPRESENTATION_CONTEXT() REPRESENTATION_CONTEXT('2D SPACE',''
  ) );
#11408 = ORIENTED_EDGE('',*,*,#11409,.T.);
#11409 = EDGE_CURVE('',#11387,#5385,#11410,.T.);
#11410 = SURFACE_CURVE('',#11411,(#11415,#11422),.PCURVE_S1.);
#11411 = LINE('',#11412,#11413);
#11412 = CARTESIAN_POINT('',(38.680908203125,14.06787109375,3.4));
#11413 = VECTOR('',#11414,1.);
#11414 = DIRECTION('',(0.,0.,1.));
#11415 = PCURVE('',#5456,#11416);
#11416 = DEFINITIONAL_REPRESENTATION('',(#11417),#11421);
#11417 = LINE('',#11418,#11419);
#11418 = CARTESIAN_POINT('',(0.,0.));
#11419 = VECTOR('',#11420,1.);
#11420 = DIRECTION('',(0.,-1.));
#11421 = ( GEOMETRIC_REPRESENTATION_CONTEXT(2) 
PARAMETRIC_REPRESENTATION_CONTEXT() REPRESENTATION_CONTEXT('2D SPACE',''
  ) );
#11422 = PCURVE('',#5408,#11423);
#11423 = DEFINITIONAL_REPRESENTATION('',(#11424),#11428);
#11424 = LINE('',#11425,#11426);
#11425 = CARTESIAN_POINT('',(1.,0.));
#11426 = VECTOR('',#11427,1.);
#11427 = DIRECTION('',(0.,-1.));
#11428 = ( GEOMETRIC_REPRESENTATION_CONTEXT(2) 
PARAMETRIC_REPRESENTATION_CONTEXT() REPRESENTATION_CONTEXT('2D SPACE',''
  ) );
#11429 = ORIENTED_EDGE('',*,*,#5426,.F.);
#11430 = ORIENTED_EDGE('',*,*,#11360,.F.);
#11431 = ADVANCED_FACE('',(#11432),#5408,.F.);
#11432 = FACE_BOUND('',#11433,.F.);
#11433 = EDGE_LOOP('',(#11434,#11457,#11478,#11479));
#11434 = ORIENTED_EDGE('',*,*,#11435,.F.);
#11435 = EDGE_CURVE('',#11436,#11387,#11438,.T.);
#11436 = VERTEX_POINT('',#11437);
#11437 = CARTESIAN_POINT('',(38.194580078125,14.20849609375,3.4));
#11438 = SURFACE_CURVE('',#11439,(#11443,#11450),.PCURVE_S1.);
#11439 = B_SPLINE_CURVE_WITH_KNOTS('',2,(#11440,#11441,#11442),
  .UNSPECIFIED.,.F.,.F.,(3,3),(0.,1.),.PIECEWISE_BEZIER_KNOTS.);
#11440 = CARTESIAN_POINT('',(38.194580078125,14.20849609375,3.4));
#11441 = CARTESIAN_POINT('',(38.506591796875,14.20849609375,3.4));
#11442 = CARTESIAN_POINT('',(38.680908203125,14.06787109375,3.4));
#11443 = PCURVE('',#5408,#11444);
#11444 = DEFINITIONAL_REPRESENTATION('',(#11445),#11449);
#11445 = LINE('',#11446,#11447);
#11446 = CARTESIAN_POINT('',(0.,0.));
#11447 = VECTOR('',#11448,1.);
#11448 = DIRECTION('',(1.,0.));
#11449 = ( GEOMETRIC_REPRESENTATION_CONTEXT(2) 
PARAMETRIC_REPRESENTATION_CONTEXT() REPRESENTATION_CONTEXT('2D SPACE',''
  ) );
#11450 = PCURVE('',#11034,#11451);
#11451 = DEFINITIONAL_REPRESENTATION('',(#11452),#11456);
#11452 = B_SPLINE_CURVE_WITH_KNOTS('',2,(#11453,#11454,#11455),
  .UNSPECIFIED.,.F.,.F.,(3,3),(0.,1.),.PIECEWISE_BEZIER_KNOTS.);
#11453 = CARTESIAN_POINT('',(0.89501953125,2.0068359375));
#11454 = CARTESIAN_POINT('',(1.20703125,2.0068359375));
#11455 = CARTESIAN_POINT('',(1.38134765625,1.8662109375));
#11456 = ( GEOMETRIC_REPRESENTATION_CONTEXT(2) 
PARAMETRIC_REPRESENTATION_CONTEXT() REPRESENTATION_CONTEXT('2D SPACE',''
  ) );
#11457 = ORIENTED_EDGE('',*,*,#11458,.T.);
#11458 = EDGE_CURVE('',#11436,#5334,#11459,.T.);
#11459 = SURFACE_CURVE('',#11460,(#11464,#11471),.PCURVE_S1.);
#11460 = LINE('',#11461,#11462);
#11461 = CARTESIAN_POINT('',(38.194580078125,14.20849609375,3.4));
#11462 = VECTOR('',#11463,1.);
#11463 = DIRECTION('',(0.,0.,1.));
#11464 = PCURVE('',#5408,#11465);
#11465 = DEFINITIONAL_REPRESENTATION('',(#11466),#11470);
#11466 = LINE('',#11467,#11468);
#11467 = CARTESIAN_POINT('',(0.,0.));
#11468 = VECTOR('',#11469,1.);
#11469 = DIRECTION('',(0.,-1.));
#11470 = ( GEOMETRIC_REPRESENTATION_CONTEXT(2) 
PARAMETRIC_REPRESENTATION_CONTEXT() REPRESENTATION_CONTEXT('2D SPACE',''
  ) );
#11471 = PCURVE('',#5363,#11472);
#11472 = DEFINITIONAL_REPRESENTATION('',(#11473),#11477);
#11473 = LINE('',#11474,#11475);
#11474 = CARTESIAN_POINT('',(1.,0.));
#11475 = VECTOR('',#11476,1.);
#11476 = DIRECTION('',(0.,-1.));
#11477 = ( GEOMETRIC_REPRESENTATION_CONTEXT(2) 
PARAMETRIC_REPRESENTATION_CONTEXT() REPRESENTATION_CONTEXT('2D SPACE',''
  ) );
#11478 = ORIENTED_EDGE('',*,*,#5384,.F.);
#11479 = ORIENTED_EDGE('',*,*,#11409,.F.);
#11480 = ADVANCED_FACE('',(#11481),#5363,.F.);
#11481 = FACE_BOUND('',#11482,.F.);
#11482 = EDGE_LOOP('',(#11483,#11506,#11527,#11528));
#11483 = ORIENTED_EDGE('',*,*,#11484,.F.);
#11484 = EDGE_CURVE('',#11485,#11436,#11487,.T.);
#11485 = VERTEX_POINT('',#11486);
#11486 = CARTESIAN_POINT('',(37.736083984375,14.062744140625,3.4));
#11487 = SURFACE_CURVE('',#11488,(#11492,#11499),.PCURVE_S1.);
#11488 = B_SPLINE_CURVE_WITH_KNOTS('',2,(#11489,#11490,#11491),
  .UNSPECIFIED.,.F.,.F.,(3,3),(0.,1.),.PIECEWISE_BEZIER_KNOTS.);
#11489 = CARTESIAN_POINT('',(37.736083984375,14.062744140625,3.4));
#11490 = CARTESIAN_POINT('',(37.910400390625,14.20849609375,3.4));
#11491 = CARTESIAN_POINT('',(38.194580078125,14.20849609375,3.4));
#11492 = PCURVE('',#5363,#11493);
#11493 = DEFINITIONAL_REPRESENTATION('',(#11494),#11498);
#11494 = LINE('',#11495,#11496);
#11495 = CARTESIAN_POINT('',(0.,0.));
#11496 = VECTOR('',#11497,1.);
#11497 = DIRECTION('',(1.,0.));
#11498 = ( GEOMETRIC_REPRESENTATION_CONTEXT(2) 
PARAMETRIC_REPRESENTATION_CONTEXT() REPRESENTATION_CONTEXT('2D SPACE',''
  ) );
#11499 = PCURVE('',#11034,#11500);
#11500 = DEFINITIONAL_REPRESENTATION('',(#11501),#11505);
#11501 = B_SPLINE_CURVE_WITH_KNOTS('',2,(#11502,#11503,#11504),
  .UNSPECIFIED.,.F.,.F.,(3,3),(0.,1.),.PIECEWISE_BEZIER_KNOTS.);
#11502 = CARTESIAN_POINT('',(0.4365234375,1.861083984375));
#11503 = CARTESIAN_POINT('',(0.61083984375,2.0068359375));
#11504 = CARTESIAN_POINT('',(0.89501953125,2.0068359375));
#11505 = ( GEOMETRIC_REPRESENTATION_CONTEXT(2) 
PARAMETRIC_REPRESENTATION_CONTEXT() REPRESENTATION_CONTEXT('2D SPACE',''
  ) );
#11506 = ORIENTED_EDGE('',*,*,#11507,.T.);
#11507 = EDGE_CURVE('',#11485,#5283,#11508,.T.);
#11508 = SURFACE_CURVE('',#11509,(#11513,#11520),.PCURVE_S1.);
#11509 = LINE('',#11510,#11511);
#11510 = CARTESIAN_POINT('',(37.736083984375,14.062744140625,3.4));
#11511 = VECTOR('',#11512,1.);
#11512 = DIRECTION('',(0.,0.,1.));
#11513 = PCURVE('',#5363,#11514);
#11514 = DEFINITIONAL_REPRESENTATION('',(#11515),#11519);
#11515 = LINE('',#11516,#11517);
#11516 = CARTESIAN_POINT('',(0.,0.));
#11517 = VECTOR('',#11518,1.);
#11518 = DIRECTION('',(0.,-1.));
#11519 = ( GEOMETRIC_REPRESENTATION_CONTEXT(2) 
PARAMETRIC_REPRESENTATION_CONTEXT() REPRESENTATION_CONTEXT('2D SPACE',''
  ) );
#11520 = PCURVE('',#5312,#11521);
#11521 = DEFINITIONAL_REPRESENTATION('',(#11522),#11526);
#11522 = LINE('',#11523,#11524);
#11523 = CARTESIAN_POINT('',(1.,0.));
#11524 = VECTOR('',#11525,1.);
#11525 = DIRECTION('',(0.,-1.));
#11526 = ( GEOMETRIC_REPRESENTATION_CONTEXT(2) 
PARAMETRIC_REPRESENTATION_CONTEXT() REPRESENTATION_CONTEXT('2D SPACE',''
  ) );
#11527 = ORIENTED_EDGE('',*,*,#5333,.F.);
#11528 = ORIENTED_EDGE('',*,*,#11458,.F.);
#11529 = ADVANCED_FACE('',(#11530),#5312,.F.);
#11530 = FACE_BOUND('',#11531,.F.);
#11531 = EDGE_LOOP('',(#11532,#11555,#11576,#11577));
#11532 = ORIENTED_EDGE('',*,*,#11533,.F.);
#11533 = EDGE_CURVE('',#11534,#11485,#11536,.T.);
#11534 = VERTEX_POINT('',#11535);
#11535 = CARTESIAN_POINT('',(37.532470703125,13.66796875,3.4));
#11536 = SURFACE_CURVE('',#11537,(#11541,#11548),.PCURVE_S1.);
#11537 = B_SPLINE_CURVE_WITH_KNOTS('',2,(#11538,#11539,#11540),
  .UNSPECIFIED.,.F.,.F.,(3,3),(0.,1.),.PIECEWISE_BEZIER_KNOTS.);
#11538 = CARTESIAN_POINT('',(37.532470703125,13.66796875,3.4));
#11539 = CARTESIAN_POINT('',(37.561767578125,13.9169921875,3.4));
#11540 = CARTESIAN_POINT('',(37.736083984375,14.062744140625,3.4));
#11541 = PCURVE('',#5312,#11542);
#11542 = DEFINITIONAL_REPRESENTATION('',(#11543),#11547);
#11543 = LINE('',#11544,#11545);
#11544 = CARTESIAN_POINT('',(0.,0.));
#11545 = VECTOR('',#11546,1.);
#11546 = DIRECTION('',(1.,0.));
#11547 = ( GEOMETRIC_REPRESENTATION_CONTEXT(2) 
PARAMETRIC_REPRESENTATION_CONTEXT() REPRESENTATION_CONTEXT('2D SPACE',''
  ) );
#11548 = PCURVE('',#11034,#11549);
#11549 = DEFINITIONAL_REPRESENTATION('',(#11550),#11554);
#11550 = B_SPLINE_CURVE_WITH_KNOTS('',2,(#11551,#11552,#11553),
  .UNSPECIFIED.,.F.,.F.,(3,3),(0.,1.),.PIECEWISE_BEZIER_KNOTS.);
#11551 = CARTESIAN_POINT('',(0.23291015625,1.46630859375));
#11552 = CARTESIAN_POINT('',(0.26220703125,1.71533203125));
#11553 = CARTESIAN_POINT('',(0.4365234375,1.861083984375));
#11554 = ( GEOMETRIC_REPRESENTATION_CONTEXT(2) 
PARAMETRIC_REPRESENTATION_CONTEXT() REPRESENTATION_CONTEXT('2D SPACE',''
  ) );
#11555 = ORIENTED_EDGE('',*,*,#11556,.T.);
#11556 = EDGE_CURVE('',#11534,#5257,#11557,.T.);
#11557 = SURFACE_CURVE('',#11558,(#11562,#11569),.PCURVE_S1.);
#11558 = LINE('',#11559,#11560);
#11559 = CARTESIAN_POINT('',(37.532470703125,13.66796875,3.4));
#11560 = VECTOR('',#11561,1.);
#11561 = DIRECTION('',(0.,0.,1.));
#11562 = PCURVE('',#5312,#11563);
#11563 = DEFINITIONAL_REPRESENTATION('',(#11564),#11568);
#11564 = LINE('',#11565,#11566);
#11565 = CARTESIAN_POINT('',(0.,0.));
#11566 = VECTOR('',#11567,1.);
#11567 = DIRECTION('',(0.,-1.));
#11568 = ( GEOMETRIC_REPRESENTATION_CONTEXT(2) 
PARAMETRIC_REPRESENTATION_CONTEXT() REPRESENTATION_CONTEXT('2D SPACE',''
  ) );
#11569 = PCURVE('',#5271,#11570);
#11570 = DEFINITIONAL_REPRESENTATION('',(#11571),#11575);
#11571 = LINE('',#11572,#11573);
#11572 = CARTESIAN_POINT('',(0.270679185478,0.));
#11573 = VECTOR('',#11574,1.);
#11574 = DIRECTION('',(0.,-1.));
#11575 = ( GEOMETRIC_REPRESENTATION_CONTEXT(2) 
PARAMETRIC_REPRESENTATION_CONTEXT() REPRESENTATION_CONTEXT('2D SPACE',''
  ) );
#11576 = ORIENTED_EDGE('',*,*,#5282,.F.);
#11577 = ORIENTED_EDGE('',*,*,#11507,.F.);
#11578 = ADVANCED_FACE('',(#11579),#5271,.F.);
#11579 = FACE_BOUND('',#11580,.F.);
#11580 = EDGE_LOOP('',(#11581,#11604,#11625,#11626));
#11581 = ORIENTED_EDGE('',*,*,#11582,.F.);
#11582 = EDGE_CURVE('',#11583,#11534,#11585,.T.);
#11583 = VERTEX_POINT('',#11584);
#11584 = CARTESIAN_POINT('',(37.802001953125,13.64306640625,3.4));
#11585 = SURFACE_CURVE('',#11586,(#11590,#11597),.PCURVE_S1.);
#11586 = LINE('',#11587,#11588);
#11587 = CARTESIAN_POINT('',(37.802001953125,13.64306640625,3.4));
#11588 = VECTOR('',#11589,1.);
#11589 = DIRECTION('',(-0.995759055224,9.199947792832E-02,0.));
#11590 = PCURVE('',#5271,#11591);
#11591 = DEFINITIONAL_REPRESENTATION('',(#11592),#11596);
#11592 = LINE('',#11593,#11594);
#11593 = CARTESIAN_POINT('',(0.,0.));
#11594 = VECTOR('',#11595,1.);
#11595 = DIRECTION('',(1.,0.));
#11596 = ( GEOMETRIC_REPRESENTATION_CONTEXT(2) 
PARAMETRIC_REPRESENTATION_CONTEXT() REPRESENTATION_CONTEXT('2D SPACE',''
  ) );
#11597 = PCURVE('',#11034,#11598);
#11598 = DEFINITIONAL_REPRESENTATION('',(#11599),#11603);
#11599 = LINE('',#11600,#11601);
#11600 = CARTESIAN_POINT('',(0.50244140625,1.44140625));
#11601 = VECTOR('',#11602,1.);
#11602 = DIRECTION('',(-0.995759055224,9.199947792832E-02));
#11603 = ( GEOMETRIC_REPRESENTATION_CONTEXT(2) 
PARAMETRIC_REPRESENTATION_CONTEXT() REPRESENTATION_CONTEXT('2D SPACE',''
  ) );
#11604 = ORIENTED_EDGE('',*,*,#11605,.T.);
#11605 = EDGE_CURVE('',#11583,#5206,#11606,.T.);
#11606 = SURFACE_CURVE('',#11607,(#11611,#11618),.PCURVE_S1.);
#11607 = LINE('',#11608,#11609);
#11608 = CARTESIAN_POINT('',(37.802001953125,13.64306640625,3.4));
#11609 = VECTOR('',#11610,1.);
#11610 = DIRECTION('',(0.,0.,1.));
#11611 = PCURVE('',#5271,#11612);
#11612 = DEFINITIONAL_REPRESENTATION('',(#11613),#11617);
#11613 = LINE('',#11614,#11615);
#11614 = CARTESIAN_POINT('',(0.,0.));
#11615 = VECTOR('',#11616,1.);
#11616 = DIRECTION('',(0.,-1.));
#11617 = ( GEOMETRIC_REPRESENTATION_CONTEXT(2) 
PARAMETRIC_REPRESENTATION_CONTEXT() REPRESENTATION_CONTEXT('2D SPACE',''
  ) );
#11618 = PCURVE('',#5235,#11619);
#11619 = DEFINITIONAL_REPRESENTATION('',(#11620),#11624);
#11620 = LINE('',#11621,#11622);
#11621 = CARTESIAN_POINT('',(1.,0.));
#11622 = VECTOR('',#11623,1.);
#11623 = DIRECTION('',(0.,-1.));
#11624 = ( GEOMETRIC_REPRESENTATION_CONTEXT(2) 
PARAMETRIC_REPRESENTATION_CONTEXT() REPRESENTATION_CONTEXT('2D SPACE',''
  ) );
#11625 = ORIENTED_EDGE('',*,*,#5256,.F.);
#11626 = ORIENTED_EDGE('',*,*,#11556,.F.);
#11627 = ADVANCED_FACE('',(#11628),#5235,.F.);
#11628 = FACE_BOUND('',#11629,.F.);
#11629 = EDGE_LOOP('',(#11630,#11653,#11674,#11675));
#11630 = ORIENTED_EDGE('',*,*,#11631,.F.);
#11631 = EDGE_CURVE('',#11632,#11583,#11634,.T.);
#11632 = VERTEX_POINT('',#11633);
#11633 = CARTESIAN_POINT('',(37.92431640625,13.900146484375,3.4));
#11634 = SURFACE_CURVE('',#11635,(#11639,#11646),.PCURVE_S1.);
#11635 = B_SPLINE_CURVE_WITH_KNOTS('',2,(#11636,#11637,#11638),
  .UNSPECIFIED.,.F.,.F.,(3,3),(0.,1.),.PIECEWISE_BEZIER_KNOTS.);
#11636 = CARTESIAN_POINT('',(37.92431640625,13.900146484375,3.4));
#11637 = CARTESIAN_POINT('',(37.821044921875,13.80859375,3.4));
#11638 = CARTESIAN_POINT('',(37.802001953125,13.64306640625,3.4));
#11639 = PCURVE('',#5235,#11640);
#11640 = DEFINITIONAL_REPRESENTATION('',(#11641),#11645);
#11641 = LINE('',#11642,#11643);
#11642 = CARTESIAN_POINT('',(0.,0.));
#11643 = VECTOR('',#11644,1.);
#11644 = DIRECTION('',(1.,0.));
#11645 = ( GEOMETRIC_REPRESENTATION_CONTEXT(2) 
PARAMETRIC_REPRESENTATION_CONTEXT() REPRESENTATION_CONTEXT('2D SPACE',''
  ) );
#11646 = PCURVE('',#11034,#11647);
#11647 = DEFINITIONAL_REPRESENTATION('',(#11648),#11652);
#11648 = B_SPLINE_CURVE_WITH_KNOTS('',2,(#11649,#11650,#11651),
  .UNSPECIFIED.,.F.,.F.,(3,3),(0.,1.),.PIECEWISE_BEZIER_KNOTS.);
#11649 = CARTESIAN_POINT('',(0.624755859375,1.698486328125));
#11650 = CARTESIAN_POINT('',(0.521484375,1.60693359375));
#11651 = CARTESIAN_POINT('',(0.50244140625,1.44140625));
#11652 = ( GEOMETRIC_REPRESENTATION_CONTEXT(2) 
PARAMETRIC_REPRESENTATION_CONTEXT() REPRESENTATION_CONTEXT('2D SPACE',''
  ) );
#11653 = ORIENTED_EDGE('',*,*,#11654,.T.);
#11654 = EDGE_CURVE('',#11632,#5155,#11655,.T.);
#11655 = SURFACE_CURVE('',#11656,(#11660,#11667),.PCURVE_S1.);
#11656 = LINE('',#11657,#11658);
#11657 = CARTESIAN_POINT('',(37.92431640625,13.900146484375,3.4));
#11658 = VECTOR('',#11659,1.);
#11659 = DIRECTION('',(0.,0.,1.));
#11660 = PCURVE('',#5235,#11661);
#11661 = DEFINITIONAL_REPRESENTATION('',(#11662),#11666);
#11662 = LINE('',#11663,#11664);
#11663 = CARTESIAN_POINT('',(0.,0.));
#11664 = VECTOR('',#11665,1.);
#11665 = DIRECTION('',(0.,-1.));
#11666 = ( GEOMETRIC_REPRESENTATION_CONTEXT(2) 
PARAMETRIC_REPRESENTATION_CONTEXT() REPRESENTATION_CONTEXT('2D SPACE',''
  ) );
#11667 = PCURVE('',#5184,#11668);
#11668 = DEFINITIONAL_REPRESENTATION('',(#11669),#11673);
#11669 = LINE('',#11670,#11671);
#11670 = CARTESIAN_POINT('',(1.,0.));
#11671 = VECTOR('',#11672,1.);
#11672 = DIRECTION('',(0.,-1.));
#11673 = ( GEOMETRIC_REPRESENTATION_CONTEXT(2) 
PARAMETRIC_REPRESENTATION_CONTEXT() REPRESENTATION_CONTEXT('2D SPACE',''
  ) );
#11674 = ORIENTED_EDGE('',*,*,#5205,.F.);
#11675 = ORIENTED_EDGE('',*,*,#11605,.F.);
#11676 = ADVANCED_FACE('',(#11677),#5184,.F.);
#11677 = FACE_BOUND('',#11678,.F.);
#11678 = EDGE_LOOP('',(#11679,#11702,#11723,#11724));
#11679 = ORIENTED_EDGE('',*,*,#11680,.F.);
#11680 = EDGE_CURVE('',#11681,#11632,#11683,.T.);
#11681 = VERTEX_POINT('',#11682);
#11682 = CARTESIAN_POINT('',(38.194580078125,13.99169921875,3.4));
#11683 = SURFACE_CURVE('',#11684,(#11688,#11695),.PCURVE_S1.);
#11684 = B_SPLINE_CURVE_WITH_KNOTS('',2,(#11685,#11686,#11687),
  .UNSPECIFIED.,.F.,.F.,(3,3),(0.,1.),.PIECEWISE_BEZIER_KNOTS.);
#11685 = CARTESIAN_POINT('',(38.194580078125,13.99169921875,3.4));
#11686 = CARTESIAN_POINT('',(38.027587890625,13.99169921875,3.4));
#11687 = CARTESIAN_POINT('',(37.92431640625,13.900146484375,3.4));
#11688 = PCURVE('',#5184,#11689);
#11689 = DEFINITIONAL_REPRESENTATION('',(#11690),#11694);
#11690 = LINE('',#11691,#11692);
#11691 = CARTESIAN_POINT('',(0.,0.));
#11692 = VECTOR('',#11693,1.);
#11693 = DIRECTION('',(1.,0.));
#11694 = ( GEOMETRIC_REPRESENTATION_CONTEXT(2) 
PARAMETRIC_REPRESENTATION_CONTEXT() REPRESENTATION_CONTEXT('2D SPACE',''
  ) );
#11695 = PCURVE('',#11034,#11696);
#11696 = DEFINITIONAL_REPRESENTATION('',(#11697),#11701);
#11697 = B_SPLINE_CURVE_WITH_KNOTS('',2,(#11698,#11699,#11700),
  .UNSPECIFIED.,.F.,.F.,(3,3),(0.,1.),.PIECEWISE_BEZIER_KNOTS.);
#11698 = CARTESIAN_POINT('',(0.89501953125,1.7900390625));
#11699 = CARTESIAN_POINT('',(0.72802734375,1.7900390625));
#11700 = CARTESIAN_POINT('',(0.624755859375,1.698486328125));
#11701 = ( GEOMETRIC_REPRESENTATION_CONTEXT(2) 
PARAMETRIC_REPRESENTATION_CONTEXT() REPRESENTATION_CONTEXT('2D SPACE',''
  ) );
#11702 = ORIENTED_EDGE('',*,*,#11703,.T.);
#11703 = EDGE_CURVE('',#11681,#5116,#11704,.T.);
#11704 = SURFACE_CURVE('',#11705,(#11709,#11716),.PCURVE_S1.);
#11705 = LINE('',#11706,#11707);
#11706 = CARTESIAN_POINT('',(38.194580078125,13.99169921875,3.4));
#11707 = VECTOR('',#11708,1.);
#11708 = DIRECTION('',(0.,0.,1.));
#11709 = PCURVE('',#5184,#11710);
#11710 = DEFINITIONAL_REPRESENTATION('',(#11711),#11715);
#11711 = LINE('',#11712,#11713);
#11712 = CARTESIAN_POINT('',(0.,0.));
#11713 = VECTOR('',#11714,1.);
#11714 = DIRECTION('',(0.,-1.));
#11715 = ( GEOMETRIC_REPRESENTATION_CONTEXT(2) 
PARAMETRIC_REPRESENTATION_CONTEXT() REPRESENTATION_CONTEXT('2D SPACE',''
  ) );
#11716 = PCURVE('',#5137,#11717);
#11717 = DEFINITIONAL_REPRESENTATION('',(#11718),#11722);
#11718 = LINE('',#11719,#11720);
#11719 = CARTESIAN_POINT('',(1.,0.));
#11720 = VECTOR('',#11721,1.);
#11721 = DIRECTION('',(0.,-1.));
#11722 = ( GEOMETRIC_REPRESENTATION_CONTEXT(2) 
PARAMETRIC_REPRESENTATION_CONTEXT() REPRESENTATION_CONTEXT('2D SPACE',''
  ) );
#11723 = ORIENTED_EDGE('',*,*,#5154,.F.);
#11724 = ORIENTED_EDGE('',*,*,#11654,.F.);
#11725 = ADVANCED_FACE('',(#11726),#5137,.F.);
#11726 = FACE_BOUND('',#11727,.F.);
#11727 = EDGE_LOOP('',(#11728,#11751,#11772,#11773));
#11728 = ORIENTED_EDGE('',*,*,#11729,.F.);
#11729 = EDGE_CURVE('',#11730,#11681,#11732,.T.);
#11730 = VERTEX_POINT('',#11731);
#11731 = CARTESIAN_POINT('',(38.483154296875,13.90380859375,3.4));
#11732 = SURFACE_CURVE('',#11733,(#11737,#11744),.PCURVE_S1.);
#11733 = B_SPLINE_CURVE_WITH_KNOTS('',2,(#11734,#11735,#11736),
  .UNSPECIFIED.,.F.,.F.,(3,3),(0.,1.),.PIECEWISE_BEZIER_KNOTS.);
#11734 = CARTESIAN_POINT('',(38.483154296875,13.90380859375,3.4));
#11735 = CARTESIAN_POINT('',(38.382080078125,13.99169921875,3.4));
#11736 = CARTESIAN_POINT('',(38.194580078125,13.99169921875,3.4));
#11737 = PCURVE('',#5137,#11738);
#11738 = DEFINITIONAL_REPRESENTATION('',(#11739),#11743);
#11739 = LINE('',#11740,#11741);
#11740 = CARTESIAN_POINT('',(0.,0.));
#11741 = VECTOR('',#11742,1.);
#11742 = DIRECTION('',(1.,0.));
#11743 = ( GEOMETRIC_REPRESENTATION_CONTEXT(2) 
PARAMETRIC_REPRESENTATION_CONTEXT() REPRESENTATION_CONTEXT('2D SPACE',''
  ) );
#11744 = PCURVE('',#11034,#11745);
#11745 = DEFINITIONAL_REPRESENTATION('',(#11746),#11750);
#11746 = B_SPLINE_CURVE_WITH_KNOTS('',2,(#11747,#11748,#11749),
  .UNSPECIFIED.,.F.,.F.,(3,3),(0.,1.),.PIECEWISE_BEZIER_KNOTS.);
#11747 = CARTESIAN_POINT('',(1.18359375,1.7021484375));
#11748 = CARTESIAN_POINT('',(1.08251953125,1.7900390625));
#11749 = CARTESIAN_POINT('',(0.89501953125,1.7900390625));
#11750 = ( GEOMETRIC_REPRESENTATION_CONTEXT(2) 
PARAMETRIC_REPRESENTATION_CONTEXT() REPRESENTATION_CONTEXT('2D SPACE',''
  ) );
#11751 = ORIENTED_EDGE('',*,*,#11752,.T.);
#11752 = EDGE_CURVE('',#11730,#5065,#11753,.T.);
#11753 = SURFACE_CURVE('',#11754,(#11758,#11765),.PCURVE_S1.);
#11754 = LINE('',#11755,#11756);
#11755 = CARTESIAN_POINT('',(38.483154296875,13.90380859375,3.4));
#11756 = VECTOR('',#11757,1.);
#11757 = DIRECTION('',(0.,0.,1.));
#11758 = PCURVE('',#5137,#11759);
#11759 = DEFINITIONAL_REPRESENTATION('',(#11760),#11764);
#11760 = LINE('',#11761,#11762);
#11761 = CARTESIAN_POINT('',(0.,0.));
#11762 = VECTOR('',#11763,1.);
#11763 = DIRECTION('',(0.,-1.));
#11764 = ( GEOMETRIC_REPRESENTATION_CONTEXT(2) 
PARAMETRIC_REPRESENTATION_CONTEXT() REPRESENTATION_CONTEXT('2D SPACE',''
  ) );
#11765 = PCURVE('',#5094,#11766);
#11766 = DEFINITIONAL_REPRESENTATION('',(#11767),#11771);
#11767 = LINE('',#11768,#11769);
#11768 = CARTESIAN_POINT('',(1.,0.));
#11769 = VECTOR('',#11770,1.);
#11770 = DIRECTION('',(0.,-1.));
#11771 = ( GEOMETRIC_REPRESENTATION_CONTEXT(2) 
PARAMETRIC_REPRESENTATION_CONTEXT() REPRESENTATION_CONTEXT('2D SPACE',''
  ) );
#11772 = ORIENTED_EDGE('',*,*,#5115,.F.);
#11773 = ORIENTED_EDGE('',*,*,#11703,.F.);
#11774 = ADVANCED_FACE('',(#11775),#5094,.F.);
#11775 = FACE_BOUND('',#11776,.F.);
#11776 = EDGE_LOOP('',(#11777,#11800,#11821,#11822));
#11777 = ORIENTED_EDGE('',*,*,#11778,.F.);
#11778 = EDGE_CURVE('',#11779,#11730,#11781,.T.);
#11779 = VERTEX_POINT('',#11780);
#11780 = CARTESIAN_POINT('',(38.584228515625,13.6533203125,3.4));
#11781 = SURFACE_CURVE('',#11782,(#11786,#11793),.PCURVE_S1.);
#11782 = B_SPLINE_CURVE_WITH_KNOTS('',2,(#11783,#11784,#11785),
  .UNSPECIFIED.,.F.,.F.,(3,3),(0.,1.),.PIECEWISE_BEZIER_KNOTS.);
#11783 = CARTESIAN_POINT('',(38.584228515625,13.6533203125,3.4));
#11784 = CARTESIAN_POINT('',(38.584228515625,13.81591796875,3.4));
#11785 = CARTESIAN_POINT('',(38.483154296875,13.90380859375,3.4));
#11786 = PCURVE('',#5094,#11787);
#11787 = DEFINITIONAL_REPRESENTATION('',(#11788),#11792);
#11788 = LINE('',#11789,#11790);
#11789 = CARTESIAN_POINT('',(0.,0.));
#11790 = VECTOR('',#11791,1.);
#11791 = DIRECTION('',(1.,0.));
#11792 = ( GEOMETRIC_REPRESENTATION_CONTEXT(2) 
PARAMETRIC_REPRESENTATION_CONTEXT() REPRESENTATION_CONTEXT('2D SPACE',''
  ) );
#11793 = PCURVE('',#11034,#11794);
#11794 = DEFINITIONAL_REPRESENTATION('',(#11795),#11799);
#11795 = B_SPLINE_CURVE_WITH_KNOTS('',2,(#11796,#11797,#11798),
  .UNSPECIFIED.,.F.,.F.,(3,3),(0.,1.),.PIECEWISE_BEZIER_KNOTS.);
#11796 = CARTESIAN_POINT('',(1.28466796875,1.45166015625));
#11797 = CARTESIAN_POINT('',(1.28466796875,1.6142578125));
#11798 = CARTESIAN_POINT('',(1.18359375,1.7021484375));
#11799 = ( GEOMETRIC_REPRESENTATION_CONTEXT(2) 
PARAMETRIC_REPRESENTATION_CONTEXT() REPRESENTATION_CONTEXT('2D SPACE',''
  ) );
#11800 = ORIENTED_EDGE('',*,*,#11801,.T.);
#11801 = EDGE_CURVE('',#11779,#5026,#11802,.T.);
#11802 = SURFACE_CURVE('',#11803,(#11807,#11814),.PCURVE_S1.);
#11803 = LINE('',#11804,#11805);
#11804 = CARTESIAN_POINT('',(38.584228515625,13.6533203125,3.4));
#11805 = VECTOR('',#11806,1.);
#11806 = DIRECTION('',(0.,0.,1.));
#11807 = PCURVE('',#5094,#11808);
#11808 = DEFINITIONAL_REPRESENTATION('',(#11809),#11813);
#11809 = LINE('',#11810,#11811);
#11810 = CARTESIAN_POINT('',(0.,0.));
#11811 = VECTOR('',#11812,1.);
#11812 = DIRECTION('',(0.,-1.));
#11813 = ( GEOMETRIC_REPRESENTATION_CONTEXT(2) 
PARAMETRIC_REPRESENTATION_CONTEXT() REPRESENTATION_CONTEXT('2D SPACE',''
  ) );
#11814 = PCURVE('',#5047,#11815);
#11815 = DEFINITIONAL_REPRESENTATION('',(#11816),#11820);
#11816 = LINE('',#11817,#11818);
#11817 = CARTESIAN_POINT('',(1.,0.));
#11818 = VECTOR('',#11819,1.);
#11819 = DIRECTION('',(0.,-1.));
#11820 = ( GEOMETRIC_REPRESENTATION_CONTEXT(2) 
PARAMETRIC_REPRESENTATION_CONTEXT() REPRESENTATION_CONTEXT('2D SPACE',''
  ) );
#11821 = ORIENTED_EDGE('',*,*,#5064,.F.);
#11822 = ORIENTED_EDGE('',*,*,#11752,.F.);
#11823 = ADVANCED_FACE('',(#11824),#5047,.F.);
#11824 = FACE_BOUND('',#11825,.F.);
#11825 = EDGE_LOOP('',(#11826,#11849,#11870,#11871));
#11826 = ORIENTED_EDGE('',*,*,#11827,.F.);
#11827 = EDGE_CURVE('',#11828,#11779,#11830,.T.);
#11828 = VERTEX_POINT('',#11829);
#11829 = CARTESIAN_POINT('',(38.481689453125,13.38818359375,3.4));
#11830 = SURFACE_CURVE('',#11831,(#11835,#11842),.PCURVE_S1.);
#11831 = B_SPLINE_CURVE_WITH_KNOTS('',2,(#11832,#11833,#11834),
  .UNSPECIFIED.,.F.,.F.,(3,3),(0.,1.),.PIECEWISE_BEZIER_KNOTS.);
#11832 = CARTESIAN_POINT('',(38.481689453125,13.38818359375,3.4));
#11833 = CARTESIAN_POINT('',(38.584228515625,13.52587890625,3.4));
#11834 = CARTESIAN_POINT('',(38.584228515625,13.6533203125,3.4));
#11835 = PCURVE('',#5047,#11836);
#11836 = DEFINITIONAL_REPRESENTATION('',(#11837),#11841);
#11837 = LINE('',#11838,#11839);
#11838 = CARTESIAN_POINT('',(0.,0.));
#11839 = VECTOR('',#11840,1.);
#11840 = DIRECTION('',(1.,0.));
#11841 = ( GEOMETRIC_REPRESENTATION_CONTEXT(2) 
PARAMETRIC_REPRESENTATION_CONTEXT() REPRESENTATION_CONTEXT('2D SPACE',''
  ) );
#11842 = PCURVE('',#11034,#11843);
#11843 = DEFINITIONAL_REPRESENTATION('',(#11844),#11848);
#11844 = B_SPLINE_CURVE_WITH_KNOTS('',2,(#11845,#11846,#11847),
  .UNSPECIFIED.,.F.,.F.,(3,3),(0.,1.),.PIECEWISE_BEZIER_KNOTS.);
#11845 = CARTESIAN_POINT('',(1.18212890625,1.1865234375));
#11846 = CARTESIAN_POINT('',(1.28466796875,1.32421875));
#11847 = CARTESIAN_POINT('',(1.28466796875,1.45166015625));
#11848 = ( GEOMETRIC_REPRESENTATION_CONTEXT(2) 
PARAMETRIC_REPRESENTATION_CONTEXT() REPRESENTATION_CONTEXT('2D SPACE',''
  ) );
#11849 = ORIENTED_EDGE('',*,*,#11850,.T.);
#11850 = EDGE_CURVE('',#11828,#4984,#11851,.T.);
#11851 = SURFACE_CURVE('',#11852,(#11856,#11863),.PCURVE_S1.);
#11852 = LINE('',#11853,#11854);
#11853 = CARTESIAN_POINT('',(38.481689453125,13.38818359375,3.4));
#11854 = VECTOR('',#11855,1.);
#11855 = DIRECTION('',(0.,0.,1.));
#11856 = PCURVE('',#5047,#11857);
#11857 = DEFINITIONAL_REPRESENTATION('',(#11858),#11862);
#11858 = LINE('',#11859,#11860);
#11859 = CARTESIAN_POINT('',(0.,0.));
#11860 = VECTOR('',#11861,1.);
#11861 = DIRECTION('',(0.,-1.));
#11862 = ( GEOMETRIC_REPRESENTATION_CONTEXT(2) 
PARAMETRIC_REPRESENTATION_CONTEXT() REPRESENTATION_CONTEXT('2D SPACE',''
  ) );
#11863 = PCURVE('',#5007,#11864);
#11864 = DEFINITIONAL_REPRESENTATION('',(#11865),#11869);
#11865 = LINE('',#11866,#11867);
#11866 = CARTESIAN_POINT('',(1.,0.));
#11867 = VECTOR('',#11868,1.);
#11868 = DIRECTION('',(0.,-1.));
#11869 = ( GEOMETRIC_REPRESENTATION_CONTEXT(2) 
PARAMETRIC_REPRESENTATION_CONTEXT() REPRESENTATION_CONTEXT('2D SPACE',''
  ) );
#11870 = ORIENTED_EDGE('',*,*,#5025,.F.);
#11871 = ORIENTED_EDGE('',*,*,#11801,.F.);
#11872 = ADVANCED_FACE('',(#11873),#5007,.F.);
#11873 = FACE_BOUND('',#11874,.F.);
#11874 = EDGE_LOOP('',(#11875,#11898,#11919,#11920));
#11875 = ORIENTED_EDGE('',*,*,#11876,.F.);
#11876 = EDGE_CURVE('',#11877,#11828,#11879,.T.);
#11877 = VERTEX_POINT('',#11878);
#11878 = CARTESIAN_POINT('',(38.146240234375,13.064453125,3.4));
#11879 = SURFACE_CURVE('',#11880,(#11884,#11891),.PCURVE_S1.);
#11880 = B_SPLINE_CURVE_WITH_KNOTS('',2,(#11881,#11882,#11883),
  .UNSPECIFIED.,.F.,.F.,(3,3),(0.,1.),.PIECEWISE_BEZIER_KNOTS.);
#11881 = CARTESIAN_POINT('',(38.146240234375,13.064453125,3.4));
#11882 = CARTESIAN_POINT('',(38.379150390625,13.25048828125,3.4));
#11883 = CARTESIAN_POINT('',(38.481689453125,13.38818359375,3.4));
#11884 = PCURVE('',#5007,#11885);
#11885 = DEFINITIONAL_REPRESENTATION('',(#11886),#11890);
#11886 = LINE('',#11887,#11888);
#11887 = CARTESIAN_POINT('',(0.,0.));
#11888 = VECTOR('',#11889,1.);
#11889 = DIRECTION('',(1.,0.));
#11890 = ( GEOMETRIC_REPRESENTATION_CONTEXT(2) 
PARAMETRIC_REPRESENTATION_CONTEXT() REPRESENTATION_CONTEXT('2D SPACE',''
  ) );
#11891 = PCURVE('',#11034,#11892);
#11892 = DEFINITIONAL_REPRESENTATION('',(#11893),#11897);
#11893 = B_SPLINE_CURVE_WITH_KNOTS('',2,(#11894,#11895,#11896),
  .UNSPECIFIED.,.F.,.F.,(3,3),(0.,1.),.PIECEWISE_BEZIER_KNOTS.);
#11894 = CARTESIAN_POINT('',(0.8466796875,0.86279296875));
#11895 = CARTESIAN_POINT('',(1.07958984375,1.048828125));
#11896 = CARTESIAN_POINT('',(1.18212890625,1.1865234375));
#11897 = ( GEOMETRIC_REPRESENTATION_CONTEXT(2) 
PARAMETRIC_REPRESENTATION_CONTEXT() REPRESENTATION_CONTEXT('2D SPACE',''
  ) );
#11898 = ORIENTED_EDGE('',*,*,#11899,.T.);
#11899 = EDGE_CURVE('',#11877,#4945,#11900,.T.);
#11900 = SURFACE_CURVE('',#11901,(#11905,#11912),.PCURVE_S1.);
#11901 = LINE('',#11902,#11903);
#11902 = CARTESIAN_POINT('',(38.146240234375,13.064453125,3.4));
#11903 = VECTOR('',#11904,1.);
#11904 = DIRECTION('',(0.,0.,1.));
#11905 = PCURVE('',#5007,#11906);
#11906 = DEFINITIONAL_REPRESENTATION('',(#11907),#11911);
#11907 = LINE('',#11908,#11909);
#11908 = CARTESIAN_POINT('',(0.,0.));
#11909 = VECTOR('',#11910,1.);
#11910 = DIRECTION('',(0.,-1.));
#11911 = ( GEOMETRIC_REPRESENTATION_CONTEXT(2) 
PARAMETRIC_REPRESENTATION_CONTEXT() REPRESENTATION_CONTEXT('2D SPACE',''
  ) );
#11912 = PCURVE('',#4966,#11913);
#11913 = DEFINITIONAL_REPRESENTATION('',(#11914),#11918);
#11914 = LINE('',#11915,#11916);
#11915 = CARTESIAN_POINT('',(1.,0.));
#11916 = VECTOR('',#11917,1.);
#11917 = DIRECTION('',(0.,-1.));
#11918 = ( GEOMETRIC_REPRESENTATION_CONTEXT(2) 
PARAMETRIC_REPRESENTATION_CONTEXT() REPRESENTATION_CONTEXT('2D SPACE',''
  ) );
#11919 = ORIENTED_EDGE('',*,*,#4983,.F.);
#11920 = ORIENTED_EDGE('',*,*,#11850,.F.);
#11921 = ADVANCED_FACE('',(#11922),#4966,.F.);
#11922 = FACE_BOUND('',#11923,.F.);
#11923 = EDGE_LOOP('',(#11924,#11947,#11968,#11969));
#11924 = ORIENTED_EDGE('',*,*,#11925,.F.);
#11925 = EDGE_CURVE('',#11926,#11877,#11928,.T.);
#11926 = VERTEX_POINT('',#11927);
#11927 = CARTESIAN_POINT('',(37.73388671875,12.694580078125,3.4));
#11928 = SURFACE_CURVE('',#11929,(#11933,#11940),.PCURVE_S1.);
#11929 = B_SPLINE_CURVE_WITH_KNOTS('',2,(#11930,#11931,#11932),
  .UNSPECIFIED.,.F.,.F.,(3,3),(0.,1.),.PIECEWISE_BEZIER_KNOTS.);
#11930 = CARTESIAN_POINT('',(37.73388671875,12.694580078125,3.4));
#11931 = CARTESIAN_POINT('',(37.885498046875,12.8564453125,3.4));
#11932 = CARTESIAN_POINT('',(38.146240234375,13.064453125,3.4));
#11933 = PCURVE('',#4966,#11934);
#11934 = DEFINITIONAL_REPRESENTATION('',(#11935),#11939);
#11935 = LINE('',#11936,#11937);
#11936 = CARTESIAN_POINT('',(0.,0.));
#11937 = VECTOR('',#11938,1.);
#11938 = DIRECTION('',(1.,0.));
#11939 = ( GEOMETRIC_REPRESENTATION_CONTEXT(2) 
PARAMETRIC_REPRESENTATION_CONTEXT() REPRESENTATION_CONTEXT('2D SPACE',''
  ) );
#11940 = PCURVE('',#11034,#11941);
#11941 = DEFINITIONAL_REPRESENTATION('',(#11942),#11946);
#11942 = B_SPLINE_CURVE_WITH_KNOTS('',2,(#11943,#11944,#11945),
  .UNSPECIFIED.,.F.,.F.,(3,3),(0.,1.),.PIECEWISE_BEZIER_KNOTS.);
#11943 = CARTESIAN_POINT('',(0.434326171875,0.492919921875));
#11944 = CARTESIAN_POINT('',(0.5859375,0.65478515625));
#11945 = CARTESIAN_POINT('',(0.8466796875,0.86279296875));
#11946 = ( GEOMETRIC_REPRESENTATION_CONTEXT(2) 
PARAMETRIC_REPRESENTATION_CONTEXT() REPRESENTATION_CONTEXT('2D SPACE',''
  ) );
#11947 = ORIENTED_EDGE('',*,*,#11948,.T.);
#11948 = EDGE_CURVE('',#11926,#4906,#11949,.T.);
#11949 = SURFACE_CURVE('',#11950,(#11954,#11961),.PCURVE_S1.);
#11950 = LINE('',#11951,#11952);
#11951 = CARTESIAN_POINT('',(37.73388671875,12.694580078125,3.4));
#11952 = VECTOR('',#11953,1.);
#11953 = DIRECTION('',(0.,0.,1.));
#11954 = PCURVE('',#4966,#11955);
#11955 = DEFINITIONAL_REPRESENTATION('',(#11956),#11960);
#11956 = LINE('',#11957,#11958);
#11957 = CARTESIAN_POINT('',(0.,0.));
#11958 = VECTOR('',#11959,1.);
#11959 = DIRECTION('',(0.,-1.));
#11960 = ( GEOMETRIC_REPRESENTATION_CONTEXT(2) 
PARAMETRIC_REPRESENTATION_CONTEXT() REPRESENTATION_CONTEXT('2D SPACE',''
  ) );
#11961 = PCURVE('',#4927,#11962);
#11962 = DEFINITIONAL_REPRESENTATION('',(#11963),#11967);
#11963 = LINE('',#11964,#11965);
#11964 = CARTESIAN_POINT('',(1.,0.));
#11965 = VECTOR('',#11966,1.);
#11966 = DIRECTION('',(0.,-1.));
#11967 = ( GEOMETRIC_REPRESENTATION_CONTEXT(2) 
PARAMETRIC_REPRESENTATION_CONTEXT() REPRESENTATION_CONTEXT('2D SPACE',''
  ) );
#11968 = ORIENTED_EDGE('',*,*,#4944,.F.);
#11969 = ORIENTED_EDGE('',*,*,#11899,.F.);
#11970 = ADVANCED_FACE('',(#11971),#4927,.F.);
#11971 = FACE_BOUND('',#11972,.F.);
#11972 = EDGE_LOOP('',(#11973,#11996,#12017,#12018));
#11973 = ORIENTED_EDGE('',*,*,#11974,.F.);
#11974 = EDGE_CURVE('',#11975,#11926,#11977,.T.);
#11975 = VERTEX_POINT('',#11976);
#11976 = CARTESIAN_POINT('',(37.510498046875,12.373046875,3.4));
#11977 = SURFACE_CURVE('',#11978,(#11982,#11989),.PCURVE_S1.);
#11978 = B_SPLINE_CURVE_WITH_KNOTS('',2,(#11979,#11980,#11981),
  .UNSPECIFIED.,.F.,.F.,(3,3),(0.,1.),.PIECEWISE_BEZIER_KNOTS.);
#11979 = CARTESIAN_POINT('',(37.510498046875,12.373046875,3.4));
#11980 = CARTESIAN_POINT('',(37.582275390625,12.53271484375,3.4));
#11981 = CARTESIAN_POINT('',(37.73388671875,12.694580078125,3.4));
#11982 = PCURVE('',#4927,#11983);
#11983 = DEFINITIONAL_REPRESENTATION('',(#11984),#11988);
#11984 = LINE('',#11985,#11986);
#11985 = CARTESIAN_POINT('',(0.,0.));
#11986 = VECTOR('',#11987,1.);
#11987 = DIRECTION('',(1.,0.));
#11988 = ( GEOMETRIC_REPRESENTATION_CONTEXT(2) 
PARAMETRIC_REPRESENTATION_CONTEXT() REPRESENTATION_CONTEXT('2D SPACE',''
  ) );
#11989 = PCURVE('',#11034,#11990);
#11990 = DEFINITIONAL_REPRESENTATION('',(#11991),#11995);
#11991 = B_SPLINE_CURVE_WITH_KNOTS('',2,(#11992,#11993,#11994),
  .UNSPECIFIED.,.F.,.F.,(3,3),(0.,1.),.PIECEWISE_BEZIER_KNOTS.);
#11992 = CARTESIAN_POINT('',(0.2109375,0.17138671875));
#11993 = CARTESIAN_POINT('',(0.28271484375,0.3310546875));
#11994 = CARTESIAN_POINT('',(0.434326171875,0.492919921875));
#11995 = ( GEOMETRIC_REPRESENTATION_CONTEXT(2) 
PARAMETRIC_REPRESENTATION_CONTEXT() REPRESENTATION_CONTEXT('2D SPACE',''
  ) );
#11996 = ORIENTED_EDGE('',*,*,#11997,.T.);
#11997 = EDGE_CURVE('',#11975,#4880,#11998,.T.);
#11998 = SURFACE_CURVE('',#11999,(#12003,#12010),.PCURVE_S1.);
#11999 = LINE('',#12000,#12001);
#12000 = CARTESIAN_POINT('',(37.510498046875,12.373046875,3.4));
#12001 = VECTOR('',#12002,1.);
#12002 = DIRECTION('',(0.,0.,1.));
#12003 = PCURVE('',#4927,#12004);
#12004 = DEFINITIONAL_REPRESENTATION('',(#12005),#12009);
#12005 = LINE('',#12006,#12007);
#12006 = CARTESIAN_POINT('',(0.,0.));
#12007 = VECTOR('',#12008,1.);
#12008 = DIRECTION('',(0.,-1.));
#12009 = ( GEOMETRIC_REPRESENTATION_CONTEXT(2) 
PARAMETRIC_REPRESENTATION_CONTEXT() REPRESENTATION_CONTEXT('2D SPACE',''
  ) );
#12010 = PCURVE('',#4894,#12011);
#12011 = DEFINITIONAL_REPRESENTATION('',(#12012),#12016);
#12012 = LINE('',#12013,#12014);
#12013 = CARTESIAN_POINT('',(0.17138671875,0.));
#12014 = VECTOR('',#12015,1.);
#12015 = DIRECTION('',(0.,-1.));
#12016 = ( GEOMETRIC_REPRESENTATION_CONTEXT(2) 
PARAMETRIC_REPRESENTATION_CONTEXT() REPRESENTATION_CONTEXT('2D SPACE',''
  ) );
#12017 = ORIENTED_EDGE('',*,*,#4905,.F.);
#12018 = ORIENTED_EDGE('',*,*,#11948,.F.);
#12019 = ADVANCED_FACE('',(#12020),#4894,.F.);
#12020 = FACE_BOUND('',#12021,.F.);
#12021 = EDGE_LOOP('',(#12022,#12043,#12044,#12045));
#12022 = ORIENTED_EDGE('',*,*,#12023,.F.);
#12023 = EDGE_CURVE('',#11019,#11975,#12024,.T.);
#12024 = SURFACE_CURVE('',#12025,(#12029,#12036),.PCURVE_S1.);
#12025 = LINE('',#12026,#12027);
#12026 = CARTESIAN_POINT('',(37.510498046875,12.20166015625,3.4));
#12027 = VECTOR('',#12028,1.);
#12028 = DIRECTION('',(0.,1.,0.));
#12029 = PCURVE('',#4894,#12030);
#12030 = DEFINITIONAL_REPRESENTATION('',(#12031),#12035);
#12031 = LINE('',#12032,#12033);
#12032 = CARTESIAN_POINT('',(0.,0.));
#12033 = VECTOR('',#12034,1.);
#12034 = DIRECTION('',(1.,0.));
#12035 = ( GEOMETRIC_REPRESENTATION_CONTEXT(2) 
PARAMETRIC_REPRESENTATION_CONTEXT() REPRESENTATION_CONTEXT('2D SPACE',''
  ) );
#12036 = PCURVE('',#11034,#12037);
#12037 = DEFINITIONAL_REPRESENTATION('',(#12038),#12042);
#12038 = LINE('',#12039,#12040);
#12039 = CARTESIAN_POINT('',(0.2109375,0.));
#12040 = VECTOR('',#12041,1.);
#12041 = DIRECTION('',(0.,1.));
#12042 = ( GEOMETRIC_REPRESENTATION_CONTEXT(2) 
PARAMETRIC_REPRESENTATION_CONTEXT() REPRESENTATION_CONTEXT('2D SPACE',''
  ) );
#12043 = ORIENTED_EDGE('',*,*,#11068,.T.);
#12044 = ORIENTED_EDGE('',*,*,#4879,.F.);
#12045 = ORIENTED_EDGE('',*,*,#11997,.F.);
#12046 = ADVANCED_FACE('',(#12047),#5705,.F.);
#12047 = FACE_BOUND('',#12048,.F.);
#12048 = EDGE_LOOP('',(#12049,#12079,#12100,#12101));
#12049 = ORIENTED_EDGE('',*,*,#12050,.F.);
#12050 = EDGE_CURVE('',#12051,#12053,#12055,.T.);
#12051 = VERTEX_POINT('',#12052);
#12052 = CARTESIAN_POINT('',(42.466064453125,14.177734375,3.4));
#12053 = VERTEX_POINT('',#12054);
#12054 = CARTESIAN_POINT('',(42.466064453125,13.97412109375,3.4));
#12055 = SURFACE_CURVE('',#12056,(#12060,#12067),.PCURVE_S1.);
#12056 = LINE('',#12057,#12058);
#12057 = CARTESIAN_POINT('',(42.466064453125,14.177734375,3.4));
#12058 = VECTOR('',#12059,1.);
#12059 = DIRECTION('',(0.,-1.,0.));
#12060 = PCURVE('',#5705,#12061);
#12061 = DEFINITIONAL_REPRESENTATION('',(#12062),#12066);
#12062 = LINE('',#12063,#12064);
#12063 = CARTESIAN_POINT('',(0.,0.));
#12064 = VECTOR('',#12065,1.);
#12065 = DIRECTION('',(1.,0.));
#12066 = ( GEOMETRIC_REPRESENTATION_CONTEXT(2) 
PARAMETRIC_REPRESENTATION_CONTEXT() REPRESENTATION_CONTEXT('2D SPACE',''
  ) );
#12067 = PCURVE('',#12068,#12073);
#12068 = PLANE('',#12069);
#12069 = AXIS2_PLACEMENT_3D('',#12070,#12071,#12072);
#12070 = CARTESIAN_POINT('',(40.900146484375,12.20166015625,3.4));
#12071 = DIRECTION('',(0.,0.,1.));
#12072 = DIRECTION('',(1.,0.,0.));
#12073 = DEFINITIONAL_REPRESENTATION('',(#12074),#12078);
#12074 = LINE('',#12075,#12076);
#12075 = CARTESIAN_POINT('',(1.56591796875,1.97607421875));
#12076 = VECTOR('',#12077,1.);
#12077 = DIRECTION('',(0.,-1.));
#12078 = ( GEOMETRIC_REPRESENTATION_CONTEXT(2) 
PARAMETRIC_REPRESENTATION_CONTEXT() REPRESENTATION_CONTEXT('2D SPACE',''
  ) );
#12079 = ORIENTED_EDGE('',*,*,#12080,.T.);
#12080 = EDGE_CURVE('',#12051,#5691,#12081,.T.);
#12081 = SURFACE_CURVE('',#12082,(#12086,#12093),.PCURVE_S1.);
#12082 = LINE('',#12083,#12084);
#12083 = CARTESIAN_POINT('',(42.466064453125,14.177734375,3.4));
#12084 = VECTOR('',#12085,1.);
#12085 = DIRECTION('',(0.,0.,1.));
#12086 = PCURVE('',#5705,#12087);
#12087 = DEFINITIONAL_REPRESENTATION('',(#12088),#12092);
#12088 = LINE('',#12089,#12090);
#12089 = CARTESIAN_POINT('',(0.,0.));
#12090 = VECTOR('',#12091,1.);
#12091 = DIRECTION('',(0.,-1.));
#12092 = ( GEOMETRIC_REPRESENTATION_CONTEXT(2) 
PARAMETRIC_REPRESENTATION_CONTEXT() REPRESENTATION_CONTEXT('2D SPACE',''
  ) );
#12093 = PCURVE('',#5948,#12094);
#12094 = DEFINITIONAL_REPRESENTATION('',(#12095),#12099);
#12095 = LINE('',#12096,#12097);
#12096 = CARTESIAN_POINT('',(1.33447265625,0.));
#12097 = VECTOR('',#12098,1.);
#12098 = DIRECTION('',(0.,-1.));
#12099 = ( GEOMETRIC_REPRESENTATION_CONTEXT(2) 
PARAMETRIC_REPRESENTATION_CONTEXT() REPRESENTATION_CONTEXT('2D SPACE',''
  ) );
#12100 = ORIENTED_EDGE('',*,*,#5688,.F.);
#12101 = ORIENTED_EDGE('',*,*,#12102,.F.);
#12102 = EDGE_CURVE('',#12053,#5689,#12103,.T.);
#12103 = SURFACE_CURVE('',#12104,(#12108,#12115),.PCURVE_S1.);
#12104 = LINE('',#12105,#12106);
#12105 = CARTESIAN_POINT('',(42.466064453125,13.97412109375,3.4));
#12106 = VECTOR('',#12107,1.);
#12107 = DIRECTION('',(0.,0.,1.));
#12108 = PCURVE('',#5705,#12109);
#12109 = DEFINITIONAL_REPRESENTATION('',(#12110),#12114);
#12110 = LINE('',#12111,#12112);
#12111 = CARTESIAN_POINT('',(0.20361328125,0.));
#12112 = VECTOR('',#12113,1.);
#12113 = DIRECTION('',(0.,-1.));
#12114 = ( GEOMETRIC_REPRESENTATION_CONTEXT(2) 
PARAMETRIC_REPRESENTATION_CONTEXT() REPRESENTATION_CONTEXT('2D SPACE',''
  ) );
#12115 = PCURVE('',#5750,#12116);
#12116 = DEFINITIONAL_REPRESENTATION('',(#12117),#12121);
#12117 = LINE('',#12118,#12119);
#12118 = CARTESIAN_POINT('',(0.,0.));
#12119 = VECTOR('',#12120,1.);
#12120 = DIRECTION('',(0.,-1.));
#12121 = ( GEOMETRIC_REPRESENTATION_CONTEXT(2) 
PARAMETRIC_REPRESENTATION_CONTEXT() REPRESENTATION_CONTEXT('2D SPACE',''
  ) );
#12122 = ADVANCED_FACE('',(#12123),#5948,.F.);
#12123 = FACE_BOUND('',#12124,.F.);
#12124 = EDGE_LOOP('',(#12125,#12148,#12169,#12170));
#12125 = ORIENTED_EDGE('',*,*,#12126,.F.);
#12126 = EDGE_CURVE('',#12127,#12051,#12129,.T.);
#12127 = VERTEX_POINT('',#12128);
#12128 = CARTESIAN_POINT('',(41.131591796875,14.177734375,3.4));
#12129 = SURFACE_CURVE('',#12130,(#12134,#12141),.PCURVE_S1.);
#12130 = LINE('',#12131,#12132);
#12131 = CARTESIAN_POINT('',(41.131591796875,14.177734375,3.4));
#12132 = VECTOR('',#12133,1.);
#12133 = DIRECTION('',(1.,0.,0.));
#12134 = PCURVE('',#5948,#12135);
#12135 = DEFINITIONAL_REPRESENTATION('',(#12136),#12140);
#12136 = LINE('',#12137,#12138);
#12137 = CARTESIAN_POINT('',(0.,0.));
#12138 = VECTOR('',#12139,1.);
#12139 = DIRECTION('',(1.,0.));
#12140 = ( GEOMETRIC_REPRESENTATION_CONTEXT(2) 
PARAMETRIC_REPRESENTATION_CONTEXT() REPRESENTATION_CONTEXT('2D SPACE',''
  ) );
#12141 = PCURVE('',#12068,#12142);
#12142 = DEFINITIONAL_REPRESENTATION('',(#12143),#12147);
#12143 = LINE('',#12144,#12145);
#12144 = CARTESIAN_POINT('',(0.2314453125,1.97607421875));
#12145 = VECTOR('',#12146,1.);
#12146 = DIRECTION('',(1.,0.));
#12147 = ( GEOMETRIC_REPRESENTATION_CONTEXT(2) 
PARAMETRIC_REPRESENTATION_CONTEXT() REPRESENTATION_CONTEXT('2D SPACE',''
  ) );
#12148 = ORIENTED_EDGE('',*,*,#12149,.T.);
#12149 = EDGE_CURVE('',#12127,#5910,#12150,.T.);
#12150 = SURFACE_CURVE('',#12151,(#12155,#12162),.PCURVE_S1.);
#12151 = LINE('',#12152,#12153);
#12152 = CARTESIAN_POINT('',(41.131591796875,14.177734375,3.4));
#12153 = VECTOR('',#12154,1.);
#12154 = DIRECTION('',(0.,0.,1.));
#12155 = PCURVE('',#5948,#12156);
#12156 = DEFINITIONAL_REPRESENTATION('',(#12157),#12161);
#12157 = LINE('',#12158,#12159);
#12158 = CARTESIAN_POINT('',(0.,0.));
#12159 = VECTOR('',#12160,1.);
#12160 = DIRECTION('',(0.,-1.));
#12161 = ( GEOMETRIC_REPRESENTATION_CONTEXT(2) 
PARAMETRIC_REPRESENTATION_CONTEXT() REPRESENTATION_CONTEXT('2D SPACE',''
  ) );
#12162 = PCURVE('',#5924,#12163);
#12163 = DEFINITIONAL_REPRESENTATION('',(#12164),#12168);
#12164 = LINE('',#12165,#12166);
#12165 = CARTESIAN_POINT('',(0.21240234375,0.));
#12166 = VECTOR('',#12167,1.);
#12167 = DIRECTION('',(0.,-1.));
#12168 = ( GEOMETRIC_REPRESENTATION_CONTEXT(2) 
PARAMETRIC_REPRESENTATION_CONTEXT() REPRESENTATION_CONTEXT('2D SPACE',''
  ) );
#12169 = ORIENTED_EDGE('',*,*,#5935,.F.);
#12170 = ORIENTED_EDGE('',*,*,#12080,.F.);
#12171 = ADVANCED_FACE('',(#12172),#5924,.F.);
#12172 = FACE_BOUND('',#12173,.F.);
#12173 = EDGE_LOOP('',(#12174,#12197,#12218,#12219));
#12174 = ORIENTED_EDGE('',*,*,#12175,.F.);
#12175 = EDGE_CURVE('',#12176,#12127,#12178,.T.);
#12176 = VERTEX_POINT('',#12177);
#12177 = CARTESIAN_POINT('',(41.131591796875,13.96533203125,3.4));
#12178 = SURFACE_CURVE('',#12179,(#12183,#12190),.PCURVE_S1.);
#12179 = LINE('',#12180,#12181);
#12180 = CARTESIAN_POINT('',(41.131591796875,13.96533203125,3.4));
#12181 = VECTOR('',#12182,1.);
#12182 = DIRECTION('',(0.,1.,0.));
#12183 = PCURVE('',#5924,#12184);
#12184 = DEFINITIONAL_REPRESENTATION('',(#12185),#12189);
#12185 = LINE('',#12186,#12187);
#12186 = CARTESIAN_POINT('',(0.,0.));
#12187 = VECTOR('',#12188,1.);
#12188 = DIRECTION('',(1.,0.));
#12189 = ( GEOMETRIC_REPRESENTATION_CONTEXT(2) 
PARAMETRIC_REPRESENTATION_CONTEXT() REPRESENTATION_CONTEXT('2D SPACE',''
  ) );
#12190 = PCURVE('',#12068,#12191);
#12191 = DEFINITIONAL_REPRESENTATION('',(#12192),#12196);
#12192 = LINE('',#12193,#12194);
#12193 = CARTESIAN_POINT('',(0.2314453125,1.763671875));
#12194 = VECTOR('',#12195,1.);
#12195 = DIRECTION('',(0.,1.));
#12196 = ( GEOMETRIC_REPRESENTATION_CONTEXT(2) 
PARAMETRIC_REPRESENTATION_CONTEXT() REPRESENTATION_CONTEXT('2D SPACE',''
  ) );
#12197 = ORIENTED_EDGE('',*,*,#12198,.T.);
#12198 = EDGE_CURVE('',#12176,#5884,#12199,.T.);
#12199 = SURFACE_CURVE('',#12200,(#12204,#12211),.PCURVE_S1.);
#12200 = LINE('',#12201,#12202);
#12201 = CARTESIAN_POINT('',(41.131591796875,13.96533203125,3.4));
#12202 = VECTOR('',#12203,1.);
#12203 = DIRECTION('',(0.,0.,1.));
#12204 = PCURVE('',#5924,#12205);
#12205 = DEFINITIONAL_REPRESENTATION('',(#12206),#12210);
#12206 = LINE('',#12207,#12208);
#12207 = CARTESIAN_POINT('',(0.,0.));
#12208 = VECTOR('',#12209,1.);
#12209 = DIRECTION('',(0.,-1.));
#12210 = ( GEOMETRIC_REPRESENTATION_CONTEXT(2) 
PARAMETRIC_REPRESENTATION_CONTEXT() REPRESENTATION_CONTEXT('2D SPACE',''
  ) );
#12211 = PCURVE('',#5898,#12212);
#12212 = DEFINITIONAL_REPRESENTATION('',(#12213),#12217);
#12213 = LINE('',#12214,#12215);
#12214 = CARTESIAN_POINT('',(1.07958984375,0.));
#12215 = VECTOR('',#12216,1.);
#12216 = DIRECTION('',(0.,-1.));
#12217 = ( GEOMETRIC_REPRESENTATION_CONTEXT(2) 
PARAMETRIC_REPRESENTATION_CONTEXT() REPRESENTATION_CONTEXT('2D SPACE',''
  ) );
#12218 = ORIENTED_EDGE('',*,*,#5909,.F.);
#12219 = ORIENTED_EDGE('',*,*,#12149,.F.);
#12220 = ADVANCED_FACE('',(#12221),#5898,.F.);
#12221 = FACE_BOUND('',#12222,.F.);
#12222 = EDGE_LOOP('',(#12223,#12246,#12267,#12268));
#12223 = ORIENTED_EDGE('',*,*,#12224,.F.);
#12224 = EDGE_CURVE('',#12225,#12176,#12227,.T.);
#12225 = VERTEX_POINT('',#12226);
#12226 = CARTESIAN_POINT('',(42.211181640625,13.96533203125,3.4));
#12227 = SURFACE_CURVE('',#12228,(#12232,#12239),.PCURVE_S1.);
#12228 = LINE('',#12229,#12230);
#12229 = CARTESIAN_POINT('',(42.211181640625,13.96533203125,3.4));
#12230 = VECTOR('',#12231,1.);
#12231 = DIRECTION('',(-1.,0.,0.));
#12232 = PCURVE('',#5898,#12233);
#12233 = DEFINITIONAL_REPRESENTATION('',(#12234),#12238);
#12234 = LINE('',#12235,#12236);
#12235 = CARTESIAN_POINT('',(0.,-0.));
#12236 = VECTOR('',#12237,1.);
#12237 = DIRECTION('',(1.,0.));
#12238 = ( GEOMETRIC_REPRESENTATION_CONTEXT(2) 
PARAMETRIC_REPRESENTATION_CONTEXT() REPRESENTATION_CONTEXT('2D SPACE',''
  ) );
#12239 = PCURVE('',#12068,#12240);
#12240 = DEFINITIONAL_REPRESENTATION('',(#12241),#12245);
#12241 = LINE('',#12242,#12243);
#12242 = CARTESIAN_POINT('',(1.31103515625,1.763671875));
#12243 = VECTOR('',#12244,1.);
#12244 = DIRECTION('',(-1.,0.));
#12245 = ( GEOMETRIC_REPRESENTATION_CONTEXT(2) 
PARAMETRIC_REPRESENTATION_CONTEXT() REPRESENTATION_CONTEXT('2D SPACE',''
  ) );
#12246 = ORIENTED_EDGE('',*,*,#12247,.T.);
#12247 = EDGE_CURVE('',#12225,#5842,#12248,.T.);
#12248 = SURFACE_CURVE('',#12249,(#12253,#12260),.PCURVE_S1.);
#12249 = LINE('',#12250,#12251);
#12250 = CARTESIAN_POINT('',(42.211181640625,13.96533203125,3.4));
#12251 = VECTOR('',#12252,1.);
#12252 = DIRECTION('',(0.,0.,1.));
#12253 = PCURVE('',#5898,#12254);
#12254 = DEFINITIONAL_REPRESENTATION('',(#12255),#12259);
#12255 = LINE('',#12256,#12257);
#12256 = CARTESIAN_POINT('',(0.,-0.));
#12257 = VECTOR('',#12258,1.);
#12258 = DIRECTION('',(0.,-1.));
#12259 = ( GEOMETRIC_REPRESENTATION_CONTEXT(2) 
PARAMETRIC_REPRESENTATION_CONTEXT() REPRESENTATION_CONTEXT('2D SPACE',''
  ) );
#12260 = PCURVE('',#5865,#12261);
#12261 = DEFINITIONAL_REPRESENTATION('',(#12262),#12266);
#12262 = LINE('',#12263,#12264);
#12263 = CARTESIAN_POINT('',(1.,0.));
#12264 = VECTOR('',#12265,1.);
#12265 = DIRECTION('',(0.,-1.));
#12266 = ( GEOMETRIC_REPRESENTATION_CONTEXT(2) 
PARAMETRIC_REPRESENTATION_CONTEXT() REPRESENTATION_CONTEXT('2D SPACE',''
  ) );
#12267 = ORIENTED_EDGE('',*,*,#5883,.F.);
#12268 = ORIENTED_EDGE('',*,*,#12198,.F.);
#12269 = ADVANCED_FACE('',(#12270),#5865,.F.);
#12270 = FACE_BOUND('',#12271,.F.);
#12271 = EDGE_LOOP('',(#12272,#12295,#12316,#12317));
#12272 = ORIENTED_EDGE('',*,*,#12273,.F.);
#12273 = EDGE_CURVE('',#12274,#12225,#12276,.T.);
#12274 = VERTEX_POINT('',#12275);
#12275 = CARTESIAN_POINT('',(41.67724609375,13.032958984375,3.4));
#12276 = SURFACE_CURVE('',#12277,(#12281,#12288),.PCURVE_S1.);
#12277 = B_SPLINE_CURVE_WITH_KNOTS('',2,(#12278,#12279,#12280),
  .UNSPECIFIED.,.F.,.F.,(3,3),(0.,1.),.PIECEWISE_BEZIER_KNOTS.);
#12278 = CARTESIAN_POINT('',(41.67724609375,13.032958984375,3.4));
#12279 = CARTESIAN_POINT('',(41.856689453125,13.47900390625,3.4));
#12280 = CARTESIAN_POINT('',(42.211181640625,13.96533203125,3.4));
#12281 = PCURVE('',#5865,#12282);
#12282 = DEFINITIONAL_REPRESENTATION('',(#12283),#12287);
#12283 = LINE('',#12284,#12285);
#12284 = CARTESIAN_POINT('',(0.,0.));
#12285 = VECTOR('',#12286,1.);
#12286 = DIRECTION('',(1.,0.));
#12287 = ( GEOMETRIC_REPRESENTATION_CONTEXT(2) 
PARAMETRIC_REPRESENTATION_CONTEXT() REPRESENTATION_CONTEXT('2D SPACE',''
  ) );
#12288 = PCURVE('',#12068,#12289);
#12289 = DEFINITIONAL_REPRESENTATION('',(#12290),#12294);
#12290 = B_SPLINE_CURVE_WITH_KNOTS('',2,(#12291,#12292,#12293),
  .UNSPECIFIED.,.F.,.F.,(3,3),(0.,1.),.PIECEWISE_BEZIER_KNOTS.);
#12291 = CARTESIAN_POINT('',(0.777099609375,0.831298828125));
#12292 = CARTESIAN_POINT('',(0.95654296875,1.27734375));
#12293 = CARTESIAN_POINT('',(1.31103515625,1.763671875));
#12294 = ( GEOMETRIC_REPRESENTATION_CONTEXT(2) 
PARAMETRIC_REPRESENTATION_CONTEXT() REPRESENTATION_CONTEXT('2D SPACE',''
  ) );
#12295 = ORIENTED_EDGE('',*,*,#12296,.T.);
#12296 = EDGE_CURVE('',#12274,#5800,#12297,.T.);
#12297 = SURFACE_CURVE('',#12298,(#12302,#12309),.PCURVE_S1.);
#12298 = LINE('',#12299,#12300);
#12299 = CARTESIAN_POINT('',(41.67724609375,13.032958984375,3.4));
#12300 = VECTOR('',#12301,1.);
#12301 = DIRECTION('',(0.,0.,1.));
#12302 = PCURVE('',#5865,#12303);
#12303 = DEFINITIONAL_REPRESENTATION('',(#12304),#12308);
#12304 = LINE('',#12305,#12306);
#12305 = CARTESIAN_POINT('',(0.,0.));
#12306 = VECTOR('',#12307,1.);
#12307 = DIRECTION('',(0.,-1.));
#12308 = ( GEOMETRIC_REPRESENTATION_CONTEXT(2) 
PARAMETRIC_REPRESENTATION_CONTEXT() REPRESENTATION_CONTEXT('2D SPACE',''
  ) );
#12309 = PCURVE('',#5823,#12310);
#12310 = DEFINITIONAL_REPRESENTATION('',(#12311),#12315);
#12311 = LINE('',#12312,#12313);
#12312 = CARTESIAN_POINT('',(1.,0.));
#12313 = VECTOR('',#12314,1.);
#12314 = DIRECTION('',(0.,-1.));
#12315 = ( GEOMETRIC_REPRESENTATION_CONTEXT(2) 
PARAMETRIC_REPRESENTATION_CONTEXT() REPRESENTATION_CONTEXT('2D SPACE',''
  ) );
#12316 = ORIENTED_EDGE('',*,*,#5841,.F.);
#12317 = ORIENTED_EDGE('',*,*,#12247,.F.);
#12318 = ADVANCED_FACE('',(#12319),#5823,.F.);
#12319 = FACE_BOUND('',#12320,.F.);
#12320 = EDGE_LOOP('',(#12321,#12344,#12365,#12366));
#12321 = ORIENTED_EDGE('',*,*,#12322,.F.);
#12322 = EDGE_CURVE('',#12323,#12274,#12325,.T.);
#12323 = VERTEX_POINT('',#12324);
#12324 = CARTESIAN_POINT('',(41.497802734375,12.20166015625,3.4));
#12325 = SURFACE_CURVE('',#12326,(#12330,#12337),.PCURVE_S1.);
#12326 = B_SPLINE_CURVE_WITH_KNOTS('',2,(#12327,#12328,#12329),
  .UNSPECIFIED.,.F.,.F.,(3,3),(0.,1.),.PIECEWISE_BEZIER_KNOTS.);
#12327 = CARTESIAN_POINT('',(41.497802734375,12.20166015625,3.4));
#12328 = CARTESIAN_POINT('',(41.497802734375,12.5869140625,3.4));
#12329 = CARTESIAN_POINT('',(41.67724609375,13.032958984375,3.4));
#12330 = PCURVE('',#5823,#12331);
#12331 = DEFINITIONAL_REPRESENTATION('',(#12332),#12336);
#12332 = LINE('',#12333,#12334);
#12333 = CARTESIAN_POINT('',(0.,0.));
#12334 = VECTOR('',#12335,1.);
#12335 = DIRECTION('',(1.,0.));
#12336 = ( GEOMETRIC_REPRESENTATION_CONTEXT(2) 
PARAMETRIC_REPRESENTATION_CONTEXT() REPRESENTATION_CONTEXT('2D SPACE',''
  ) );
#12337 = PCURVE('',#12068,#12338);
#12338 = DEFINITIONAL_REPRESENTATION('',(#12339),#12343);
#12339 = B_SPLINE_CURVE_WITH_KNOTS('',2,(#12340,#12341,#12342),
  .UNSPECIFIED.,.F.,.F.,(3,3),(0.,1.),.PIECEWISE_BEZIER_KNOTS.);
#12340 = CARTESIAN_POINT('',(0.59765625,0.));
#12341 = CARTESIAN_POINT('',(0.59765625,0.38525390625));
#12342 = CARTESIAN_POINT('',(0.777099609375,0.831298828125));
#12343 = ( GEOMETRIC_REPRESENTATION_CONTEXT(2) 
PARAMETRIC_REPRESENTATION_CONTEXT() REPRESENTATION_CONTEXT('2D SPACE',''
  ) );
#12344 = ORIENTED_EDGE('',*,*,#12345,.T.);
#12345 = EDGE_CURVE('',#12323,#5774,#12346,.T.);
#12346 = SURFACE_CURVE('',#12347,(#12351,#12358),.PCURVE_S1.);
#12347 = LINE('',#12348,#12349);
#12348 = CARTESIAN_POINT('',(41.497802734375,12.20166015625,3.4));
#12349 = VECTOR('',#12350,1.);
#12350 = DIRECTION('',(0.,0.,1.));
#12351 = PCURVE('',#5823,#12352);
#12352 = DEFINITIONAL_REPRESENTATION('',(#12353),#12357);
#12353 = LINE('',#12354,#12355);
#12354 = CARTESIAN_POINT('',(0.,0.));
#12355 = VECTOR('',#12356,1.);
#12356 = DIRECTION('',(0.,-1.));
#12357 = ( GEOMETRIC_REPRESENTATION_CONTEXT(2) 
PARAMETRIC_REPRESENTATION_CONTEXT() REPRESENTATION_CONTEXT('2D SPACE',''
  ) );
#12358 = PCURVE('',#5788,#12359);
#12359 = DEFINITIONAL_REPRESENTATION('',(#12360),#12364);
#12360 = LINE('',#12361,#12362);
#12361 = CARTESIAN_POINT('',(0.275390625,0.));
#12362 = VECTOR('',#12363,1.);
#12363 = DIRECTION('',(0.,-1.));
#12364 = ( GEOMETRIC_REPRESENTATION_CONTEXT(2) 
PARAMETRIC_REPRESENTATION_CONTEXT() REPRESENTATION_CONTEXT('2D SPACE',''
  ) );
#12365 = ORIENTED_EDGE('',*,*,#5799,.F.);
#12366 = ORIENTED_EDGE('',*,*,#12296,.F.);
#12367 = ADVANCED_FACE('',(#12368),#5788,.F.);
#12368 = FACE_BOUND('',#12369,.F.);
#12369 = EDGE_LOOP('',(#12370,#12393,#12414,#12415));
#12370 = ORIENTED_EDGE('',*,*,#12371,.F.);
#12371 = EDGE_CURVE('',#12372,#12323,#12374,.T.);
#12372 = VERTEX_POINT('',#12373);
#12373 = CARTESIAN_POINT('',(41.773193359375,12.20166015625,3.4));
#12374 = SURFACE_CURVE('',#12375,(#12379,#12386),.PCURVE_S1.);
#12375 = LINE('',#12376,#12377);
#12376 = CARTESIAN_POINT('',(41.773193359375,12.20166015625,3.4));
#12377 = VECTOR('',#12378,1.);
#12378 = DIRECTION('',(-1.,0.,0.));
#12379 = PCURVE('',#5788,#12380);
#12380 = DEFINITIONAL_REPRESENTATION('',(#12381),#12385);
#12381 = LINE('',#12382,#12383);
#12382 = CARTESIAN_POINT('',(0.,-0.));
#12383 = VECTOR('',#12384,1.);
#12384 = DIRECTION('',(1.,0.));
#12385 = ( GEOMETRIC_REPRESENTATION_CONTEXT(2) 
PARAMETRIC_REPRESENTATION_CONTEXT() REPRESENTATION_CONTEXT('2D SPACE',''
  ) );
#12386 = PCURVE('',#12068,#12387);
#12387 = DEFINITIONAL_REPRESENTATION('',(#12388),#12392);
#12388 = LINE('',#12389,#12390);
#12389 = CARTESIAN_POINT('',(0.873046875,0.));
#12390 = VECTOR('',#12391,1.);
#12391 = DIRECTION('',(-1.,0.));
#12392 = ( GEOMETRIC_REPRESENTATION_CONTEXT(2) 
PARAMETRIC_REPRESENTATION_CONTEXT() REPRESENTATION_CONTEXT('2D SPACE',''
  ) );
#12393 = ORIENTED_EDGE('',*,*,#12394,.T.);
#12394 = EDGE_CURVE('',#12372,#5717,#12395,.T.);
#12395 = SURFACE_CURVE('',#12396,(#12400,#12407),.PCURVE_S1.);
#12396 = LINE('',#12397,#12398);
#12397 = CARTESIAN_POINT('',(41.773193359375,12.20166015625,3.4));
#12398 = VECTOR('',#12399,1.);
#12399 = DIRECTION('',(0.,0.,1.));
#12400 = PCURVE('',#5788,#12401);
#12401 = DEFINITIONAL_REPRESENTATION('',(#12402),#12406);
#12402 = LINE('',#12403,#12404);
#12403 = CARTESIAN_POINT('',(0.,-0.));
#12404 = VECTOR('',#12405,1.);
#12405 = DIRECTION('',(0.,-1.));
#12406 = ( GEOMETRIC_REPRESENTATION_CONTEXT(2) 
PARAMETRIC_REPRESENTATION_CONTEXT() REPRESENTATION_CONTEXT('2D SPACE',''
  ) );
#12407 = PCURVE('',#5750,#12408);
#12408 = DEFINITIONAL_REPRESENTATION('',(#12409),#12413);
#12409 = LINE('',#12410,#12411);
#12410 = CARTESIAN_POINT('',(1.,0.));
#12411 = VECTOR('',#12412,1.);
#12412 = DIRECTION('',(0.,-1.));
#12413 = ( GEOMETRIC_REPRESENTATION_CONTEXT(2) 
PARAMETRIC_REPRESENTATION_CONTEXT() REPRESENTATION_CONTEXT('2D SPACE',''
  ) );
#12414 = ORIENTED_EDGE('',*,*,#5773,.F.);
#12415 = ORIENTED_EDGE('',*,*,#12345,.F.);
#12416 = ADVANCED_FACE('',(#12417),#5750,.F.);
#12417 = FACE_BOUND('',#12418,.F.);
#12418 = EDGE_LOOP('',(#12419,#12440,#12441,#12442));
#12419 = ORIENTED_EDGE('',*,*,#12420,.F.);
#12420 = EDGE_CURVE('',#12053,#12372,#12421,.T.);
#12421 = SURFACE_CURVE('',#12422,(#12426,#12433),.PCURVE_S1.);
#12422 = B_SPLINE_CURVE_WITH_KNOTS('',2,(#12423,#12424,#12425),
  .UNSPECIFIED.,.F.,.F.,(3,3),(0.,1.),.PIECEWISE_BEZIER_KNOTS.);
#12423 = CARTESIAN_POINT('',(42.466064453125,13.97412109375,3.4));
#12424 = CARTESIAN_POINT('',(41.773193359375,12.97802734375,3.4));
#12425 = CARTESIAN_POINT('',(41.773193359375,12.20166015625,3.4));
#12426 = PCURVE('',#5750,#12427);
#12427 = DEFINITIONAL_REPRESENTATION('',(#12428),#12432);
#12428 = LINE('',#12429,#12430);
#12429 = CARTESIAN_POINT('',(0.,0.));
#12430 = VECTOR('',#12431,1.);
#12431 = DIRECTION('',(1.,0.));
#12432 = ( GEOMETRIC_REPRESENTATION_CONTEXT(2) 
PARAMETRIC_REPRESENTATION_CONTEXT() REPRESENTATION_CONTEXT('2D SPACE',''
  ) );
#12433 = PCURVE('',#12068,#12434);
#12434 = DEFINITIONAL_REPRESENTATION('',(#12435),#12439);
#12435 = B_SPLINE_CURVE_WITH_KNOTS('',2,(#12436,#12437,#12438),
  .UNSPECIFIED.,.F.,.F.,(3,3),(0.,1.),.PIECEWISE_BEZIER_KNOTS.);
#12436 = CARTESIAN_POINT('',(1.56591796875,1.7724609375));
#12437 = CARTESIAN_POINT('',(0.873046875,0.7763671875));
#12438 = CARTESIAN_POINT('',(0.873046875,0.));
#12439 = ( GEOMETRIC_REPRESENTATION_CONTEXT(2) 
PARAMETRIC_REPRESENTATION_CONTEXT() REPRESENTATION_CONTEXT('2D SPACE',''
  ) );
#12440 = ORIENTED_EDGE('',*,*,#12102,.T.);
#12441 = ORIENTED_EDGE('',*,*,#5716,.F.);
#12442 = ORIENTED_EDGE('',*,*,#12394,.F.);
#12443 = ADVANCED_FACE('',(#12444),#6027,.T.);
#12444 = FACE_BOUND('',#12445,.T.);
#12445 = EDGE_LOOP('',(#12446,#12467,#12468,#12469));
#12446 = ORIENTED_EDGE('',*,*,#12447,.F.);
#12447 = EDGE_CURVE('',#6243,#6449,#12448,.T.);
#12448 = SURFACE_CURVE('',#12449,(#12453,#12460),.PCURVE_S1.);
#12449 = LINE('',#12450,#12451);
#12450 = CARTESIAN_POINT('',(48.,16.,0.));
#12451 = VECTOR('',#12452,1.);
#12452 = DIRECTION('',(0.,0.,1.));
#12453 = PCURVE('',#6027,#12454);
#12454 = DEFINITIONAL_REPRESENTATION('',(#12455),#12459);
#12455 = LINE('',#12456,#12457);
#12456 = CARTESIAN_POINT('',(0.,0.));
#12457 = VECTOR('',#12458,1.);
#12458 = DIRECTION('',(0.,1.));
#12459 = ( GEOMETRIC_REPRESENTATION_CONTEXT(2) 
PARAMETRIC_REPRESENTATION_CONTEXT() REPRESENTATION_CONTEXT('2D SPACE',''
  ) );
#12460 = PCURVE('',#6131,#12461);
#12461 = DEFINITIONAL_REPRESENTATION('',(#12462),#12466);
#12462 = LINE('',#12463,#12464);
#12463 = CARTESIAN_POINT('',(0.,-16.));
#12464 = VECTOR('',#12465,1.);
#12465 = DIRECTION('',(1.,0.));
#12466 = ( GEOMETRIC_REPRESENTATION_CONTEXT(2) 
PARAMETRIC_REPRESENTATION_CONTEXT() REPRESENTATION_CONTEXT('2D SPACE',''
  ) );
#12467 = ORIENTED_EDGE('',*,*,#6242,.F.);
#12468 = ORIENTED_EDGE('',*,*,#6011,.T.);
#12469 = ORIENTED_EDGE('',*,*,#6448,.T.);
#12470 = ADVANCED_FACE('',(#12471),#6131,.T.);
#12471 = FACE_BOUND('',#12472,.T.);
#12472 = EDGE_LOOP('',(#12473,#12474,#12475,#12476));
#12473 = ORIENTED_EDGE('',*,*,#6113,.F.);
#12474 = ORIENTED_EDGE('',*,*,#6290,.F.);
#12475 = ORIENTED_EDGE('',*,*,#12447,.T.);
#12476 = ORIENTED_EDGE('',*,*,#6496,.T.);
#12477 = ADVANCED_FACE('',(#12478),#6540,.T.);
#12478 = FACE_BOUND('',#12479,.F.);
#12479 = EDGE_LOOP('',(#12480,#12481,#12482,#12483));
#12480 = ORIENTED_EDGE('',*,*,#6522,.T.);
#12481 = ORIENTED_EDGE('',*,*,#6598,.T.);
#12482 = ORIENTED_EDGE('',*,*,#6696,.T.);
#12483 = ORIENTED_EDGE('',*,*,#6647,.T.);
#12484 = ADVANCED_FACE('',(#12485),#6741,.T.);
#12485 = FACE_BOUND('',#12486,.F.);
#12486 = EDGE_LOOP('',(#12487,#12488,#12489,#12490,#12491,#12492,#12493,
    #12494,#12495,#12496,#12497,#12498,#12499,#12500,#12501,#12502,
    #12503,#12504,#12505,#12506,#12507));
#12487 = ORIENTED_EDGE('',*,*,#6723,.T.);
#12488 = ORIENTED_EDGE('',*,*,#6799,.T.);
#12489 = ORIENTED_EDGE('',*,*,#6897,.T.);
#12490 = ORIENTED_EDGE('',*,*,#6995,.T.);
#12491 = ORIENTED_EDGE('',*,*,#7093,.T.);
#12492 = ORIENTED_EDGE('',*,*,#7191,.T.);
#12493 = ORIENTED_EDGE('',*,*,#7289,.T.);
#12494 = ORIENTED_EDGE('',*,*,#7387,.T.);
#12495 = ORIENTED_EDGE('',*,*,#7485,.T.);
#12496 = ORIENTED_EDGE('',*,*,#7583,.T.);
#12497 = ORIENTED_EDGE('',*,*,#7681,.T.);
#12498 = ORIENTED_EDGE('',*,*,#7730,.T.);
#12499 = ORIENTED_EDGE('',*,*,#7632,.T.);
#12500 = ORIENTED_EDGE('',*,*,#7534,.T.);
#12501 = ORIENTED_EDGE('',*,*,#7436,.T.);
#12502 = ORIENTED_EDGE('',*,*,#7338,.T.);
#12503 = ORIENTED_EDGE('',*,*,#7240,.T.);
#12504 = ORIENTED_EDGE('',*,*,#7142,.T.);
#12505 = ORIENTED_EDGE('',*,*,#7044,.T.);
#12506 = ORIENTED_EDGE('',*,*,#6946,.T.);
#12507 = ORIENTED_EDGE('',*,*,#6848,.T.);
#12508 = ADVANCED_FACE('',(#12509),#7775,.T.);
#12509 = FACE_BOUND('',#12510,.F.);
#12510 = EDGE_LOOP('',(#12511,#12512,#12513,#12514,#12515,#12516,#12517,
    #12518,#12519,#12520,#12521,#12522,#12523,#12524,#12525,#12526,
    #12527,#12528,#12529,#12530,#12531,#12532));
#12511 = ORIENTED_EDGE('',*,*,#7757,.T.);
#12512 = ORIENTED_EDGE('',*,*,#7833,.T.);
#12513 = ORIENTED_EDGE('',*,*,#7931,.T.);
#12514 = ORIENTED_EDGE('',*,*,#8029,.T.);
#12515 = ORIENTED_EDGE('',*,*,#8127,.T.);
#12516 = ORIENTED_EDGE('',*,*,#8225,.T.);
#12517 = ORIENTED_EDGE('',*,*,#8323,.T.);
#12518 = ORIENTED_EDGE('',*,*,#8421,.T.);
#12519 = ORIENTED_EDGE('',*,*,#8519,.T.);
#12520 = ORIENTED_EDGE('',*,*,#8617,.T.);
#12521 = ORIENTED_EDGE('',*,*,#8715,.T.);
#12522 = ORIENTED_EDGE('',*,*,#8813,.T.);
#12523 = ORIENTED_EDGE('',*,*,#8764,.T.);
#12524 = ORIENTED_EDGE('',*,*,#8666,.T.);
#12525 = ORIENTED_EDGE('',*,*,#8568,.T.);
#12526 = ORIENTED_EDGE('',*,*,#8470,.T.);
#12527 = ORIENTED_EDGE('',*,*,#8372,.T.);
#12528 = ORIENTED_EDGE('',*,*,#8274,.T.);
#12529 = ORIENTED_EDGE('',*,*,#8176,.T.);
#12530 = ORIENTED_EDGE('',*,*,#8078,.T.);
#12531 = ORIENTED_EDGE('',*,*,#7980,.T.);
#12532 = ORIENTED_EDGE('',*,*,#7882,.T.);
#12533 = ADVANCED_FACE('',(#12534),#8858,.T.);
#12534 = FACE_BOUND('',#12535,.F.);
#12535 = EDGE_LOOP('',(#12536,#12537,#12538,#12539,#12540,#12541,#12542,
    #12543,#12544,#12545,#12546,#12547,#12548,#12549,#12550,#12551,
    #12552,#12553,#12554,#12555,#12556));
#12536 = ORIENTED_EDGE('',*,*,#8840,.T.);
#12537 = ORIENTED_EDGE('',*,*,#8916,.T.);
#12538 = ORIENTED_EDGE('',*,*,#9014,.T.);
#12539 = ORIENTED_EDGE('',*,*,#9112,.T.);
#12540 = ORIENTED_EDGE('',*,*,#9210,.T.);
#12541 = ORIENTED_EDGE('',*,*,#9308,.T.);
#12542 = ORIENTED_EDGE('',*,*,#9406,.T.);
#12543 = ORIENTED_EDGE('',*,*,#9504,.T.);
#12544 = ORIENTED_EDGE('',*,*,#9602,.T.);
#12545 = ORIENTED_EDGE('',*,*,#9700,.T.);
#12546 = ORIENTED_EDGE('',*,*,#9798,.T.);
#12547 = ORIENTED_EDGE('',*,*,#9847,.T.);
#12548 = ORIENTED_EDGE('',*,*,#9749,.T.);
#12549 = ORIENTED_EDGE('',*,*,#9651,.T.);
#12550 = ORIENTED_EDGE('',*,*,#9553,.T.);
#12551 = ORIENTED_EDGE('',*,*,#9455,.T.);
#12552 = ORIENTED_EDGE('',*,*,#9357,.T.);
#12553 = ORIENTED_EDGE('',*,*,#9259,.T.);
#12554 = ORIENTED_EDGE('',*,*,#9161,.T.);
#12555 = ORIENTED_EDGE('',*,*,#9063,.T.);
#12556 = ORIENTED_EDGE('',*,*,#8965,.T.);
#12557 = ADVANCED_FACE('',(#12558),#9892,.T.);
#12558 = FACE_BOUND('',#12559,.F.);
#12559 = EDGE_LOOP('',(#12560,#12561,#12562,#12563));
#12560 = ORIENTED_EDGE('',*,*,#9874,.T.);
#12561 = ORIENTED_EDGE('',*,*,#9950,.T.);
#12562 = ORIENTED_EDGE('',*,*,#10048,.T.);
#12563 = ORIENTED_EDGE('',*,*,#9999,.T.);
#12564 = ADVANCED_FACE('',(#12565,#12582),#10093,.T.);
#12565 = FACE_BOUND('',#12566,.F.);
#12566 = EDGE_LOOP('',(#12567,#12568,#12569,#12570,#12571,#12572,#12573,
    #12574,#12575,#12576,#12577,#12578,#12579,#12580,#12581));
#12567 = ORIENTED_EDGE('',*,*,#10075,.T.);
#12568 = ORIENTED_EDGE('',*,*,#10151,.T.);
#12569 = ORIENTED_EDGE('',*,*,#10249,.T.);
#12570 = ORIENTED_EDGE('',*,*,#10347,.T.);
#12571 = ORIENTED_EDGE('',*,*,#10445,.T.);
#12572 = ORIENTED_EDGE('',*,*,#10543,.T.);
#12573 = ORIENTED_EDGE('',*,*,#10641,.T.);
#12574 = ORIENTED_EDGE('',*,*,#10739,.T.);
#12575 = ORIENTED_EDGE('',*,*,#10788,.T.);
#12576 = ORIENTED_EDGE('',*,*,#10690,.T.);
#12577 = ORIENTED_EDGE('',*,*,#10592,.T.);
#12578 = ORIENTED_EDGE('',*,*,#10494,.T.);
#12579 = ORIENTED_EDGE('',*,*,#10396,.T.);
#12580 = ORIENTED_EDGE('',*,*,#10298,.T.);
#12581 = ORIENTED_EDGE('',*,*,#10200,.T.);
#12582 = FACE_BOUND('',#12583,.F.);
#12583 = EDGE_LOOP('',(#12584,#12616,#12646,#12676,#12706,#12736,#12766,
    #12796,#12826));
#12584 = ORIENTED_EDGE('',*,*,#12585,.T.);
#12585 = EDGE_CURVE('',#12586,#12588,#12590,.T.);
#12586 = VERTEX_POINT('',#12587);
#12587 = CARTESIAN_POINT('',(26.237548828125,12.84326171875,3.4));
#12588 = VERTEX_POINT('',#12589);
#12589 = CARTESIAN_POINT('',(26.12548828125,13.17138671875,3.4));
#12590 = SURFACE_CURVE('',#12591,(#12595,#12602),.PCURVE_S1.);
#12591 = B_SPLINE_CURVE_WITH_KNOTS('',2,(#12592,#12593,#12594),
  .UNSPECIFIED.,.F.,.F.,(3,3),(0.,1.),.PIECEWISE_BEZIER_KNOTS.);
#12592 = CARTESIAN_POINT('',(26.237548828125,12.84326171875,3.4));
#12593 = CARTESIAN_POINT('',(26.237548828125,13.05419921875,3.4));
#12594 = CARTESIAN_POINT('',(26.12548828125,13.17138671875,3.4));
#12595 = PCURVE('',#10093,#12596);
#12596 = DEFINITIONAL_REPRESENTATION('',(#12597),#12601);
#12597 = B_SPLINE_CURVE_WITH_KNOTS('',2,(#12598,#12599,#12600),
  .UNSPECIFIED.,.F.,.F.,(3,3),(0.,1.),.PIECEWISE_BEZIER_KNOTS.);
#12598 = CARTESIAN_POINT('',(1.33740234375,0.6416015625));
#12599 = CARTESIAN_POINT('',(1.33740234375,0.8525390625));
#12600 = CARTESIAN_POINT('',(1.225341796875,0.9697265625));
#12601 = ( GEOMETRIC_REPRESENTATION_CONTEXT(2) 
PARAMETRIC_REPRESENTATION_CONTEXT() REPRESENTATION_CONTEXT('2D SPACE',''
  ) );
#12602 = PCURVE('',#12603,#12610);
#12603 = SURFACE_OF_LINEAR_EXTRUSION('',#12604,#12608);
#12604 = B_SPLINE_CURVE_WITH_KNOTS('',2,(#12605,#12606,#12607),
  .UNSPECIFIED.,.F.,.F.,(3,3),(0.,1.),.PIECEWISE_BEZIER_KNOTS.);
#12605 = CARTESIAN_POINT('',(26.237548828125,12.84326171875,3.4));
#12606 = CARTESIAN_POINT('',(26.237548828125,13.05419921875,3.4));
#12607 = CARTESIAN_POINT('',(26.12548828125,13.17138671875,3.4));
#12608 = VECTOR('',#12609,1.);
#12609 = DIRECTION('',(-0.,-0.,-1.));
#12610 = DEFINITIONAL_REPRESENTATION('',(#12611),#12615);
#12611 = LINE('',#12612,#12613);
#12612 = CARTESIAN_POINT('',(0.,0.));
#12613 = VECTOR('',#12614,1.);
#12614 = DIRECTION('',(1.,0.));
#12615 = ( GEOMETRIC_REPRESENTATION_CONTEXT(2) 
PARAMETRIC_REPRESENTATION_CONTEXT() REPRESENTATION_CONTEXT('2D SPACE',''
  ) );
#12616 = ORIENTED_EDGE('',*,*,#12617,.T.);
#12617 = EDGE_CURVE('',#12588,#12618,#12620,.T.);
#12618 = VERTEX_POINT('',#12619);
#12619 = CARTESIAN_POINT('',(25.821533203125,13.28857421875,3.4));
#12620 = SURFACE_CURVE('',#12621,(#12625,#12632),.PCURVE_S1.);
#12621 = B_SPLINE_CURVE_WITH_KNOTS('',2,(#12622,#12623,#12624),
  .UNSPECIFIED.,.F.,.F.,(3,3),(0.,1.),.PIECEWISE_BEZIER_KNOTS.);
#12622 = CARTESIAN_POINT('',(26.12548828125,13.17138671875,3.4));
#12623 = CARTESIAN_POINT('',(26.013427734375,13.28857421875,3.4));
#12624 = CARTESIAN_POINT('',(25.821533203125,13.28857421875,3.4));
#12625 = PCURVE('',#10093,#12626);
#12626 = DEFINITIONAL_REPRESENTATION('',(#12627),#12631);
#12627 = B_SPLINE_CURVE_WITH_KNOTS('',2,(#12628,#12629,#12630),
  .UNSPECIFIED.,.F.,.F.,(3,3),(0.,1.),.PIECEWISE_BEZIER_KNOTS.);
#12628 = CARTESIAN_POINT('',(1.225341796875,0.9697265625));
#12629 = CARTESIAN_POINT('',(1.11328125,1.0869140625));
#12630 = CARTESIAN_POINT('',(0.92138671875,1.0869140625));
#12631 = ( GEOMETRIC_REPRESENTATION_CONTEXT(2) 
PARAMETRIC_REPRESENTATION_CONTEXT() REPRESENTATION_CONTEXT('2D SPACE',''
  ) );
#12632 = PCURVE('',#12633,#12640);
#12633 = SURFACE_OF_LINEAR_EXTRUSION('',#12634,#12638);
#12634 = B_SPLINE_CURVE_WITH_KNOTS('',2,(#12635,#12636,#12637),
  .UNSPECIFIED.,.F.,.F.,(3,3),(0.,1.),.PIECEWISE_BEZIER_KNOTS.);
#12635 = CARTESIAN_POINT('',(26.12548828125,13.17138671875,3.4));
#12636 = CARTESIAN_POINT('',(26.013427734375,13.28857421875,3.4));
#12637 = CARTESIAN_POINT('',(25.821533203125,13.28857421875,3.4));
#12638 = VECTOR('',#12639,1.);
#12639 = DIRECTION('',(-0.,-0.,-1.));
#12640 = DEFINITIONAL_REPRESENTATION('',(#12641),#12645);
#12641 = LINE('',#12642,#12643);
#12642 = CARTESIAN_POINT('',(0.,0.));
#12643 = VECTOR('',#12644,1.);
#12644 = DIRECTION('',(1.,0.));
#12645 = ( GEOMETRIC_REPRESENTATION_CONTEXT(2) 
PARAMETRIC_REPRESENTATION_CONTEXT() REPRESENTATION_CONTEXT('2D SPACE',''
  ) );
#12646 = ORIENTED_EDGE('',*,*,#12647,.T.);
#12647 = EDGE_CURVE('',#12618,#12648,#12650,.T.);
#12648 = VERTEX_POINT('',#12649);
#12649 = CARTESIAN_POINT('',(25.616455078125,13.239501953125,3.4));
#12650 = SURFACE_CURVE('',#12651,(#12655,#12662),.PCURVE_S1.);
#12651 = B_SPLINE_CURVE_WITH_KNOTS('',2,(#12652,#12653,#12654),
  .UNSPECIFIED.,.F.,.F.,(3,3),(0.,1.),.PIECEWISE_BEZIER_KNOTS.);
#12652 = CARTESIAN_POINT('',(25.821533203125,13.28857421875,3.4));
#12653 = CARTESIAN_POINT('',(25.713134765625,13.28857421875,3.4));
#12654 = CARTESIAN_POINT('',(25.616455078125,13.239501953125,3.4));
#12655 = PCURVE('',#10093,#12656);
#12656 = DEFINITIONAL_REPRESENTATION('',(#12657),#12661);
#12657 = B_SPLINE_CURVE_WITH_KNOTS('',2,(#12658,#12659,#12660),
  .UNSPECIFIED.,.F.,.F.,(3,3),(0.,1.),.PIECEWISE_BEZIER_KNOTS.);
#12658 = CARTESIAN_POINT('',(0.92138671875,1.0869140625));
#12659 = CARTESIAN_POINT('',(0.81298828125,1.0869140625));
#12660 = CARTESIAN_POINT('',(0.71630859375,1.037841796875));
#12661 = ( GEOMETRIC_REPRESENTATION_CONTEXT(2) 
PARAMETRIC_REPRESENTATION_CONTEXT() REPRESENTATION_CONTEXT('2D SPACE',''
  ) );
#12662 = PCURVE('',#12663,#12670);
#12663 = SURFACE_OF_LINEAR_EXTRUSION('',#12664,#12668);
#12664 = B_SPLINE_CURVE_WITH_KNOTS('',2,(#12665,#12666,#12667),
  .UNSPECIFIED.,.F.,.F.,(3,3),(0.,1.),.PIECEWISE_BEZIER_KNOTS.);
#12665 = CARTESIAN_POINT('',(25.821533203125,13.28857421875,3.4));
#12666 = CARTESIAN_POINT('',(25.713134765625,13.28857421875,3.4));
#12667 = CARTESIAN_POINT('',(25.616455078125,13.239501953125,3.4));
#12668 = VECTOR('',#12669,1.);
#12669 = DIRECTION('',(-0.,-0.,-1.));
#12670 = DEFINITIONAL_REPRESENTATION('',(#12671),#12675);
#12671 = LINE('',#12672,#12673);
#12672 = CARTESIAN_POINT('',(0.,0.));
#12673 = VECTOR('',#12674,1.);
#12674 = DIRECTION('',(1.,0.));
#12675 = ( GEOMETRIC_REPRESENTATION_CONTEXT(2) 
PARAMETRIC_REPRESENTATION_CONTEXT() REPRESENTATION_CONTEXT('2D SPACE',''
  ) );
#12676 = ORIENTED_EDGE('',*,*,#12677,.T.);
#12677 = EDGE_CURVE('',#12648,#12678,#12680,.T.);
#12678 = VERTEX_POINT('',#12679);
#12679 = CARTESIAN_POINT('',(25.46484375,13.103271484375,3.4));
#12680 = SURFACE_CURVE('',#12681,(#12685,#12692),.PCURVE_S1.);
#12681 = B_SPLINE_CURVE_WITH_KNOTS('',2,(#12682,#12683,#12684),
  .UNSPECIFIED.,.F.,.F.,(3,3),(0.,1.),.PIECEWISE_BEZIER_KNOTS.);
#12682 = CARTESIAN_POINT('',(25.616455078125,13.239501953125,3.4));
#12683 = CARTESIAN_POINT('',(25.519775390625,13.1904296875,3.4));
#12684 = CARTESIAN_POINT('',(25.46484375,13.103271484375,3.4));
#12685 = PCURVE('',#10093,#12686);
#12686 = DEFINITIONAL_REPRESENTATION('',(#12687),#12691);
#12687 = B_SPLINE_CURVE_WITH_KNOTS('',2,(#12688,#12689,#12690),
  .UNSPECIFIED.,.F.,.F.,(3,3),(0.,1.),.PIECEWISE_BEZIER_KNOTS.);
#12688 = CARTESIAN_POINT('',(0.71630859375,1.037841796875));
#12689 = CARTESIAN_POINT('',(0.61962890625,0.98876953125));
#12690 = CARTESIAN_POINT('',(0.564697265625,0.901611328125));
#12691 = ( GEOMETRIC_REPRESENTATION_CONTEXT(2) 
PARAMETRIC_REPRESENTATION_CONTEXT() REPRESENTATION_CONTEXT('2D SPACE',''
  ) );
#12692 = PCURVE('',#12693,#12700);
#12693 = SURFACE_OF_LINEAR_EXTRUSION('',#12694,#12698);
#12694 = B_SPLINE_CURVE_WITH_KNOTS('',2,(#12695,#12696,#12697),
  .UNSPECIFIED.,.F.,.F.,(3,3),(0.,1.),.PIECEWISE_BEZIER_KNOTS.);
#12695 = CARTESIAN_POINT('',(25.616455078125,13.239501953125,3.4));
#12696 = CARTESIAN_POINT('',(25.519775390625,13.1904296875,3.4));
#12697 = CARTESIAN_POINT('',(25.46484375,13.103271484375,3.4));
#12698 = VECTOR('',#12699,1.);
#12699 = DIRECTION('',(-0.,-0.,-1.));
#12700 = DEFINITIONAL_REPRESENTATION('',(#12701),#12705);
#12701 = LINE('',#12702,#12703);
#12702 = CARTESIAN_POINT('',(0.,0.));
#12703 = VECTOR('',#12704,1.);
#12704 = DIRECTION('',(1.,0.));
#12705 = ( GEOMETRIC_REPRESENTATION_CONTEXT(2) 
PARAMETRIC_REPRESENTATION_CONTEXT() REPRESENTATION_CONTEXT('2D SPACE',''
  ) );
#12706 = ORIENTED_EDGE('',*,*,#12707,.T.);
#12707 = EDGE_CURVE('',#12678,#12708,#12710,.T.);
#12708 = VERTEX_POINT('',#12709);
#12709 = CARTESIAN_POINT('',(25.409912109375,12.90625,3.4));
#12710 = SURFACE_CURVE('',#12711,(#12715,#12722),.PCURVE_S1.);
#12711 = B_SPLINE_CURVE_WITH_KNOTS('',2,(#12712,#12713,#12714),
  .UNSPECIFIED.,.F.,.F.,(3,3),(0.,1.),.PIECEWISE_BEZIER_KNOTS.);
#12712 = CARTESIAN_POINT('',(25.46484375,13.103271484375,3.4));
#12713 = CARTESIAN_POINT('',(25.409912109375,13.01611328125,3.4));
#12714 = CARTESIAN_POINT('',(25.409912109375,12.90625,3.4));
#12715 = PCURVE('',#10093,#12716);
#12716 = DEFINITIONAL_REPRESENTATION('',(#12717),#12721);
#12717 = B_SPLINE_CURVE_WITH_KNOTS('',2,(#12718,#12719,#12720),
  .UNSPECIFIED.,.F.,.F.,(3,3),(0.,1.),.PIECEWISE_BEZIER_KNOTS.);
#12718 = CARTESIAN_POINT('',(0.564697265625,0.901611328125));
#12719 = CARTESIAN_POINT('',(0.509765625,0.814453125));
#12720 = CARTESIAN_POINT('',(0.509765625,0.70458984375));
#12721 = ( GEOMETRIC_REPRESENTATION_CONTEXT(2) 
PARAMETRIC_REPRESENTATION_CONTEXT() REPRESENTATION_CONTEXT('2D SPACE',''
  ) );
#12722 = PCURVE('',#12723,#12730);
#12723 = SURFACE_OF_LINEAR_EXTRUSION('',#12724,#12728);
#12724 = B_SPLINE_CURVE_WITH_KNOTS('',2,(#12725,#12726,#12727),
  .UNSPECIFIED.,.F.,.F.,(3,3),(0.,1.),.PIECEWISE_BEZIER_KNOTS.);
#12725 = CARTESIAN_POINT('',(25.46484375,13.103271484375,3.4));
#12726 = CARTESIAN_POINT('',(25.409912109375,13.01611328125,3.4));
#12727 = CARTESIAN_POINT('',(25.409912109375,12.90625,3.4));
#12728 = VECTOR('',#12729,1.);
#12729 = DIRECTION('',(-0.,-0.,-1.));
#12730 = DEFINITIONAL_REPRESENTATION('',(#12731),#12735);
#12731 = LINE('',#12732,#12733);
#12732 = CARTESIAN_POINT('',(0.,0.));
#12733 = VECTOR('',#12734,1.);
#12734 = DIRECTION('',(1.,0.));
#12735 = ( GEOMETRIC_REPRESENTATION_CONTEXT(2) 
PARAMETRIC_REPRESENTATION_CONTEXT() REPRESENTATION_CONTEXT('2D SPACE',''
  ) );
#12736 = ORIENTED_EDGE('',*,*,#12737,.T.);
#12737 = EDGE_CURVE('',#12708,#12738,#12740,.T.);
#12738 = VERTEX_POINT('',#12739);
#12739 = CARTESIAN_POINT('',(25.52783203125,12.5341796875,3.4));
#12740 = SURFACE_CURVE('',#12741,(#12745,#12752),.PCURVE_S1.);
#12741 = B_SPLINE_CURVE_WITH_KNOTS('',2,(#12742,#12743,#12744),
  .UNSPECIFIED.,.F.,.F.,(3,3),(0.,1.),.PIECEWISE_BEZIER_KNOTS.);
#12742 = CARTESIAN_POINT('',(25.409912109375,12.90625,3.4));
#12743 = CARTESIAN_POINT('',(25.409912109375,12.68359375,3.4));
#12744 = CARTESIAN_POINT('',(25.52783203125,12.5341796875,3.4));
#12745 = PCURVE('',#10093,#12746);
#12746 = DEFINITIONAL_REPRESENTATION('',(#12747),#12751);
#12747 = B_SPLINE_CURVE_WITH_KNOTS('',2,(#12748,#12749,#12750),
  .UNSPECIFIED.,.F.,.F.,(3,3),(0.,1.),.PIECEWISE_BEZIER_KNOTS.);
#12748 = CARTESIAN_POINT('',(0.509765625,0.70458984375));
#12749 = CARTESIAN_POINT('',(0.509765625,0.48193359375));
#12750 = CARTESIAN_POINT('',(0.627685546875,0.33251953125));
#12751 = ( GEOMETRIC_REPRESENTATION_CONTEXT(2) 
PARAMETRIC_REPRESENTATION_CONTEXT() REPRESENTATION_CONTEXT('2D SPACE',''
  ) );
#12752 = PCURVE('',#12753,#12760);
#12753 = SURFACE_OF_LINEAR_EXTRUSION('',#12754,#12758);
#12754 = B_SPLINE_CURVE_WITH_KNOTS('',2,(#12755,#12756,#12757),
  .UNSPECIFIED.,.F.,.F.,(3,3),(0.,1.),.PIECEWISE_BEZIER_KNOTS.);
#12755 = CARTESIAN_POINT('',(25.409912109375,12.90625,3.4));
#12756 = CARTESIAN_POINT('',(25.409912109375,12.68359375,3.4));
#12757 = CARTESIAN_POINT('',(25.52783203125,12.5341796875,3.4));
#12758 = VECTOR('',#12759,1.);
#12759 = DIRECTION('',(-0.,-0.,-1.));
#12760 = DEFINITIONAL_REPRESENTATION('',(#12761),#12765);
#12761 = LINE('',#12762,#12763);
#12762 = CARTESIAN_POINT('',(0.,0.));
#12763 = VECTOR('',#12764,1.);
#12764 = DIRECTION('',(1.,0.));
#12765 = ( GEOMETRIC_REPRESENTATION_CONTEXT(2) 
PARAMETRIC_REPRESENTATION_CONTEXT() REPRESENTATION_CONTEXT('2D SPACE',''
  ) );
#12766 = ORIENTED_EDGE('',*,*,#12767,.T.);
#12767 = EDGE_CURVE('',#12738,#12768,#12770,.T.);
#12768 = VERTEX_POINT('',#12769);
#12769 = CARTESIAN_POINT('',(25.830322265625,12.384765625,3.4));
#12770 = SURFACE_CURVE('',#12771,(#12775,#12782),.PCURVE_S1.);
#12771 = B_SPLINE_CURVE_WITH_KNOTS('',2,(#12772,#12773,#12774),
  .UNSPECIFIED.,.F.,.F.,(3,3),(0.,1.),.PIECEWISE_BEZIER_KNOTS.);
#12772 = CARTESIAN_POINT('',(25.52783203125,12.5341796875,3.4));
#12773 = CARTESIAN_POINT('',(25.645751953125,12.384765625,3.4));
#12774 = CARTESIAN_POINT('',(25.830322265625,12.384765625,3.4));
#12775 = PCURVE('',#10093,#12776);
#12776 = DEFINITIONAL_REPRESENTATION('',(#12777),#12781);
#12777 = B_SPLINE_CURVE_WITH_KNOTS('',2,(#12778,#12779,#12780),
  .UNSPECIFIED.,.F.,.F.,(3,3),(0.,1.),.PIECEWISE_BEZIER_KNOTS.);
#12778 = CARTESIAN_POINT('',(0.627685546875,0.33251953125));
#12779 = CARTESIAN_POINT('',(0.74560546875,0.18310546875));
#12780 = CARTESIAN_POINT('',(0.93017578125,0.18310546875));
#12781 = ( GEOMETRIC_REPRESENTATION_CONTEXT(2) 
PARAMETRIC_REPRESENTATION_CONTEXT() REPRESENTATION_CONTEXT('2D SPACE',''
  ) );
#12782 = PCURVE('',#12783,#12790);
#12783 = SURFACE_OF_LINEAR_EXTRUSION('',#12784,#12788);
#12784 = B_SPLINE_CURVE_WITH_KNOTS('',2,(#12785,#12786,#12787),
  .UNSPECIFIED.,.F.,.F.,(3,3),(0.,1.),.PIECEWISE_BEZIER_KNOTS.);
#12785 = CARTESIAN_POINT('',(25.52783203125,12.5341796875,3.4));
#12786 = CARTESIAN_POINT('',(25.645751953125,12.384765625,3.4));
#12787 = CARTESIAN_POINT('',(25.830322265625,12.384765625,3.4));
#12788 = VECTOR('',#12789,1.);
#12789 = DIRECTION('',(-0.,-0.,-1.));
#12790 = DEFINITIONAL_REPRESENTATION('',(#12791),#12795);
#12791 = LINE('',#12792,#12793);
#12792 = CARTESIAN_POINT('',(0.,0.));
#12793 = VECTOR('',#12794,1.);
#12794 = DIRECTION('',(1.,0.));
#12795 = ( GEOMETRIC_REPRESENTATION_CONTEXT(2) 
PARAMETRIC_REPRESENTATION_CONTEXT() REPRESENTATION_CONTEXT('2D SPACE',''
  ) );
#12796 = ORIENTED_EDGE('',*,*,#12797,.T.);
#12797 = EDGE_CURVE('',#12768,#12798,#12800,.T.);
#12798 = VERTEX_POINT('',#12799);
#12799 = CARTESIAN_POINT('',(26.126953125,12.5078125,3.4));
#12800 = SURFACE_CURVE('',#12801,(#12805,#12812),.PCURVE_S1.);
#12801 = B_SPLINE_CURVE_WITH_KNOTS('',2,(#12802,#12803,#12804),
  .UNSPECIFIED.,.F.,.F.,(3,3),(0.,1.),.PIECEWISE_BEZIER_KNOTS.);
#12802 = CARTESIAN_POINT('',(25.830322265625,12.384765625,3.4));
#12803 = CARTESIAN_POINT('',(26.016357421875,12.384765625,3.4));
#12804 = CARTESIAN_POINT('',(26.126953125,12.5078125,3.4));
#12805 = PCURVE('',#10093,#12806);
#12806 = DEFINITIONAL_REPRESENTATION('',(#12807),#12811);
#12807 = B_SPLINE_CURVE_WITH_KNOTS('',2,(#12808,#12809,#12810),
  .UNSPECIFIED.,.F.,.F.,(3,3),(0.,1.),.PIECEWISE_BEZIER_KNOTS.);
#12808 = CARTESIAN_POINT('',(0.93017578125,0.18310546875));
#12809 = CARTESIAN_POINT('',(1.1162109375,0.18310546875));
#12810 = CARTESIAN_POINT('',(1.226806640625,0.30615234375));
#12811 = ( GEOMETRIC_REPRESENTATION_CONTEXT(2) 
PARAMETRIC_REPRESENTATION_CONTEXT() REPRESENTATION_CONTEXT('2D SPACE',''
  ) );
#12812 = PCURVE('',#12813,#12820);
#12813 = SURFACE_OF_LINEAR_EXTRUSION('',#12814,#12818);
#12814 = B_SPLINE_CURVE_WITH_KNOTS('',2,(#12815,#12816,#12817),
  .UNSPECIFIED.,.F.,.F.,(3,3),(0.,1.),.PIECEWISE_BEZIER_KNOTS.);
#12815 = CARTESIAN_POINT('',(25.830322265625,12.384765625,3.4));
#12816 = CARTESIAN_POINT('',(26.016357421875,12.384765625,3.4));
#12817 = CARTESIAN_POINT('',(26.126953125,12.5078125,3.4));
#12818 = VECTOR('',#12819,1.);
#12819 = DIRECTION('',(-0.,-0.,-1.));
#12820 = DEFINITIONAL_REPRESENTATION('',(#12821),#12825);
#12821 = LINE('',#12822,#12823);
#12822 = CARTESIAN_POINT('',(0.,0.));
#12823 = VECTOR('',#12824,1.);
#12824 = DIRECTION('',(1.,0.));
#12825 = ( GEOMETRIC_REPRESENTATION_CONTEXT(2) 
PARAMETRIC_REPRESENTATION_CONTEXT() REPRESENTATION_CONTEXT('2D SPACE',''
  ) );
#12826 = ORIENTED_EDGE('',*,*,#12827,.T.);
#12827 = EDGE_CURVE('',#12798,#12586,#12828,.T.);
#12828 = SURFACE_CURVE('',#12829,(#12833,#12840),.PCURVE_S1.);
#12829 = B_SPLINE_CURVE_WITH_KNOTS('',2,(#12830,#12831,#12832),
  .UNSPECIFIED.,.F.,.F.,(3,3),(0.,1.),.PIECEWISE_BEZIER_KNOTS.);
#12830 = CARTESIAN_POINT('',(26.126953125,12.5078125,3.4));
#12831 = CARTESIAN_POINT('',(26.237548828125,12.630859375,3.4));
#12832 = CARTESIAN_POINT('',(26.237548828125,12.84326171875,3.4));
#12833 = PCURVE('',#10093,#12834);
#12834 = DEFINITIONAL_REPRESENTATION('',(#12835),#12839);
#12835 = B_SPLINE_CURVE_WITH_KNOTS('',2,(#12836,#12837,#12838),
  .UNSPECIFIED.,.F.,.F.,(3,3),(0.,1.),.PIECEWISE_BEZIER_KNOTS.);
#12836 = CARTESIAN_POINT('',(1.226806640625,0.30615234375));
#12837 = CARTESIAN_POINT('',(1.33740234375,0.42919921875));
#12838 = CARTESIAN_POINT('',(1.33740234375,0.6416015625));
#12839 = ( GEOMETRIC_REPRESENTATION_CONTEXT(2) 
PARAMETRIC_REPRESENTATION_CONTEXT() REPRESENTATION_CONTEXT('2D SPACE',''
  ) );
#12840 = PCURVE('',#12841,#12848);
#12841 = SURFACE_OF_LINEAR_EXTRUSION('',#12842,#12846);
#12842 = B_SPLINE_CURVE_WITH_KNOTS('',2,(#12843,#12844,#12845),
  .UNSPECIFIED.,.F.,.F.,(3,3),(0.,1.),.PIECEWISE_BEZIER_KNOTS.);
#12843 = CARTESIAN_POINT('',(26.126953125,12.5078125,3.4));
#12844 = CARTESIAN_POINT('',(26.237548828125,12.630859375,3.4));
#12845 = CARTESIAN_POINT('',(26.237548828125,12.84326171875,3.4));
#12846 = VECTOR('',#12847,1.);
#12847 = DIRECTION('',(-0.,-0.,-1.));
#12848 = DEFINITIONAL_REPRESENTATION('',(#12849),#12853);
#12849 = LINE('',#12850,#12851);
#12850 = CARTESIAN_POINT('',(0.,0.));
#12851 = VECTOR('',#12852,1.);
#12852 = DIRECTION('',(1.,0.));
#12853 = ( GEOMETRIC_REPRESENTATION_CONTEXT(2) 
PARAMETRIC_REPRESENTATION_CONTEXT() REPRESENTATION_CONTEXT('2D SPACE',''
  ) );
#12854 = ADVANCED_FACE('',(#12855),#10833,.T.);
#12855 = FACE_BOUND('',#12856,.F.);
#12856 = EDGE_LOOP('',(#12857,#12858,#12859,#12860));
#12857 = ORIENTED_EDGE('',*,*,#10815,.T.);
#12858 = ORIENTED_EDGE('',*,*,#10989,.T.);
#12859 = ORIENTED_EDGE('',*,*,#10940,.T.);
#12860 = ORIENTED_EDGE('',*,*,#10891,.T.);
#12861 = ADVANCED_FACE('',(#12862),#11034,.T.);
#12862 = FACE_BOUND('',#12863,.F.);
#12863 = EDGE_LOOP('',(#12864,#12865,#12866,#12867,#12868,#12869,#12870,
    #12871,#12872,#12873,#12874,#12875,#12876,#12877,#12878,#12879,
    #12880,#12881,#12882,#12883,#12884));
#12864 = ORIENTED_EDGE('',*,*,#11016,.T.);
#12865 = ORIENTED_EDGE('',*,*,#12023,.T.);
#12866 = ORIENTED_EDGE('',*,*,#11974,.T.);
#12867 = ORIENTED_EDGE('',*,*,#11925,.T.);
#12868 = ORIENTED_EDGE('',*,*,#11876,.T.);
#12869 = ORIENTED_EDGE('',*,*,#11827,.T.);
#12870 = ORIENTED_EDGE('',*,*,#11778,.T.);
#12871 = ORIENTED_EDGE('',*,*,#11729,.T.);
#12872 = ORIENTED_EDGE('',*,*,#11680,.T.);
#12873 = ORIENTED_EDGE('',*,*,#11631,.T.);
#12874 = ORIENTED_EDGE('',*,*,#11582,.T.);
#12875 = ORIENTED_EDGE('',*,*,#11533,.T.);
#12876 = ORIENTED_EDGE('',*,*,#11484,.T.);
#12877 = ORIENTED_EDGE('',*,*,#11435,.T.);
#12878 = ORIENTED_EDGE('',*,*,#11386,.T.);
#12879 = ORIENTED_EDGE('',*,*,#11337,.T.);
#12880 = ORIENTED_EDGE('',*,*,#11288,.T.);
#12881 = ORIENTED_EDGE('',*,*,#11239,.T.);
#12882 = ORIENTED_EDGE('',*,*,#11190,.T.);
#12883 = ORIENTED_EDGE('',*,*,#11141,.T.);
#12884 = ORIENTED_EDGE('',*,*,#11092,.T.);
#12885 = ADVANCED_FACE('',(#12886),#12068,.T.);
#12886 = FACE_BOUND('',#12887,.F.);
#12887 = EDGE_LOOP('',(#12888,#12889,#12890,#12891,#12892,#12893,#12894,
    #12895));
#12888 = ORIENTED_EDGE('',*,*,#12050,.T.);
#12889 = ORIENTED_EDGE('',*,*,#12420,.T.);
#12890 = ORIENTED_EDGE('',*,*,#12371,.T.);
#12891 = ORIENTED_EDGE('',*,*,#12322,.T.);
#12892 = ORIENTED_EDGE('',*,*,#12273,.T.);
#12893 = ORIENTED_EDGE('',*,*,#12224,.T.);
#12894 = ORIENTED_EDGE('',*,*,#12175,.T.);
#12895 = ORIENTED_EDGE('',*,*,#12126,.T.);
#12896 = ADVANCED_FACE('',(#12897),#12603,.F.);
#12897 = FACE_BOUND('',#12898,.F.);
#12898 = EDGE_LOOP('',(#12899,#12900,#12923,#12972));
#12899 = ORIENTED_EDGE('',*,*,#12585,.F.);
#12900 = ORIENTED_EDGE('',*,*,#12901,.T.);
#12901 = EDGE_CURVE('',#12586,#12902,#12904,.T.);
#12902 = VERTEX_POINT('',#12903);
#12903 = CARTESIAN_POINT('',(26.237548828125,12.84326171875,4.));
#12904 = SURFACE_CURVE('',#12905,(#12909,#12916),.PCURVE_S1.);
#12905 = LINE('',#12906,#12907);
#12906 = CARTESIAN_POINT('',(26.237548828125,12.84326171875,3.4));
#12907 = VECTOR('',#12908,1.);
#12908 = DIRECTION('',(0.,0.,1.));
#12909 = PCURVE('',#12603,#12910);
#12910 = DEFINITIONAL_REPRESENTATION('',(#12911),#12915);
#12911 = LINE('',#12912,#12913);
#12912 = CARTESIAN_POINT('',(0.,0.));
#12913 = VECTOR('',#12914,1.);
#12914 = DIRECTION('',(0.,-1.));
#12915 = ( GEOMETRIC_REPRESENTATION_CONTEXT(2) 
PARAMETRIC_REPRESENTATION_CONTEXT() REPRESENTATION_CONTEXT('2D SPACE',''
  ) );
#12916 = PCURVE('',#12841,#12917);
#12917 = DEFINITIONAL_REPRESENTATION('',(#12918),#12922);
#12918 = LINE('',#12919,#12920);
#12919 = CARTESIAN_POINT('',(1.,0.));
#12920 = VECTOR('',#12921,1.);
#12921 = DIRECTION('',(0.,-1.));
#12922 = ( GEOMETRIC_REPRESENTATION_CONTEXT(2) 
PARAMETRIC_REPRESENTATION_CONTEXT() REPRESENTATION_CONTEXT('2D SPACE',''
  ) );
#12923 = ORIENTED_EDGE('',*,*,#12924,.F.);
#12924 = EDGE_CURVE('',#12925,#12902,#12927,.T.);
#12925 = VERTEX_POINT('',#12926);
#12926 = CARTESIAN_POINT('',(26.12548828125,13.17138671875,4.));
#12927 = SURFACE_CURVE('',#12928,(#12939,#12953),.PCURVE_S1.);
#12928 = B_SPLINE_CURVE_WITH_KNOTS('',5,(#12929,#12930,#12931,#12932,
    #12933,#12934,#12935,#12936,#12937,#12938),.UNSPECIFIED.,.F.,.F.,(6,
    4,6),(0.,7.425332465905E-02,1.),.UNSPECIFIED.);
#12929 = CARTESIAN_POINT('',(26.12548828125,13.17138671875,4.));
#12930 = CARTESIAN_POINT('',(26.128849624178,13.16787158889,4.));
#12931 = CARTESIAN_POINT('',(26.132148309201,13.164303364721,4.));
#12932 = CARTESIAN_POINT('',(26.135384187854,13.160682150879,4.));
#12933 = CARTESIAN_POINT('',(26.138557129777,13.157008067457,4.));
#12934 = CARTESIAN_POINT('',(26.18043933428,13.10681748711,4.));
#12935 = CARTESIAN_POINT('',(26.209416573846,13.052150898908,4.));
#12936 = CARTESIAN_POINT('',(26.228359549248,12.989559745515,4.));
#12937 = CARTESIAN_POINT('',(26.237548828125,12.919667658875,4.));
#12938 = CARTESIAN_POINT('',(26.237548828125,12.84326171875,4.));
#12939 = PCURVE('',#12603,#12940);
#12940 = DEFINITIONAL_REPRESENTATION('',(#12941),#12952);
#12941 = B_SPLINE_CURVE_WITH_KNOTS('',5,(#12942,#12943,#12944,#12945,
    #12946,#12947,#12948,#12949,#12950,#12951),.UNSPECIFIED.,.F.,.F.,(6,
    4,6),(0.,7.425332465905E-02,1.),.UNSPECIFIED.);
#12942 = CARTESIAN_POINT('',(1.,-0.6));
#12943 = CARTESIAN_POINT('',(0.985002112598,-0.6));
#12944 = CARTESIAN_POINT('',(0.970002626089,-0.6));
#12945 = CARTESIAN_POINT('',(0.955002082912,-0.6));
#12946 = CARTESIAN_POINT('',(0.940001026244,-0.6));
#12947 = CARTESIAN_POINT('',(0.737976048744,-0.6));
#12948 = CARTESIAN_POINT('',(0.55093252945,-0.6));
#12949 = CARTESIAN_POINT('',(0.365003352856,-0.6));
#12950 = CARTESIAN_POINT('',(0.181110376592,-0.6));
#12951 = CARTESIAN_POINT('',(0.,-0.6));
#12952 = ( GEOMETRIC_REPRESENTATION_CONTEXT(2) 
PARAMETRIC_REPRESENTATION_CONTEXT() REPRESENTATION_CONTEXT('2D SPACE',''
  ) );
#12953 = PCURVE('',#12954,#12959);
#12954 = PLANE('',#12955);
#12955 = AXIS2_PLACEMENT_3D('',#12956,#12957,#12958);
#12956 = CARTESIAN_POINT('',(0.,0.,4.));
#12957 = DIRECTION('',(0.,0.,1.));
#12958 = DIRECTION('',(1.,0.,0.));
#12959 = DEFINITIONAL_REPRESENTATION('',(#12960),#12971);
#12960 = B_SPLINE_CURVE_WITH_KNOTS('',5,(#12961,#12962,#12963,#12964,
    #12965,#12966,#12967,#12968,#12969,#12970),.UNSPECIFIED.,.F.,.F.,(6,
    4,6),(0.,7.425332465905E-02,1.),.UNSPECIFIED.);
#12961 = CARTESIAN_POINT('',(26.12548828125,13.17138671875));
#12962 = CARTESIAN_POINT('',(26.128849624178,13.16787158889));
#12963 = CARTESIAN_POINT('',(26.132148309201,13.164303364721));
#12964 = CARTESIAN_POINT('',(26.135384187854,13.160682150879));
#12965 = CARTESIAN_POINT('',(26.138557129777,13.157008067457));
#12966 = CARTESIAN_POINT('',(26.18043933428,13.10681748711));
#12967 = CARTESIAN_POINT('',(26.209416573846,13.052150898908));
#12968 = CARTESIAN_POINT('',(26.228359549248,12.989559745515));
#12969 = CARTESIAN_POINT('',(26.237548828125,12.919667658875));
#12970 = CARTESIAN_POINT('',(26.237548828125,12.84326171875));
#12971 = ( GEOMETRIC_REPRESENTATION_CONTEXT(2) 
PARAMETRIC_REPRESENTATION_CONTEXT() REPRESENTATION_CONTEXT('2D SPACE',''
  ) );
#12972 = ORIENTED_EDGE('',*,*,#12973,.F.);
#12973 = EDGE_CURVE('',#12588,#12925,#12974,.T.);
#12974 = SURFACE_CURVE('',#12975,(#12979,#12986),.PCURVE_S1.);
#12975 = LINE('',#12976,#12977);
#12976 = CARTESIAN_POINT('',(26.12548828125,13.17138671875,3.4));
#12977 = VECTOR('',#12978,1.);
#12978 = DIRECTION('',(0.,0.,1.));
#12979 = PCURVE('',#12603,#12980);
#12980 = DEFINITIONAL_REPRESENTATION('',(#12981),#12985);
#12981 = LINE('',#12982,#12983);
#12982 = CARTESIAN_POINT('',(1.,0.));
#12983 = VECTOR('',#12984,1.);
#12984 = DIRECTION('',(0.,-1.));
#12985 = ( GEOMETRIC_REPRESENTATION_CONTEXT(2) 
PARAMETRIC_REPRESENTATION_CONTEXT() REPRESENTATION_CONTEXT('2D SPACE',''
  ) );
#12986 = PCURVE('',#12633,#12987);
#12987 = DEFINITIONAL_REPRESENTATION('',(#12988),#12992);
#12988 = LINE('',#12989,#12990);
#12989 = CARTESIAN_POINT('',(0.,0.));
#12990 = VECTOR('',#12991,1.);
#12991 = DIRECTION('',(0.,-1.));
#12992 = ( GEOMETRIC_REPRESENTATION_CONTEXT(2) 
PARAMETRIC_REPRESENTATION_CONTEXT() REPRESENTATION_CONTEXT('2D SPACE',''
  ) );
#12993 = ADVANCED_FACE('',(#12994),#12633,.F.);
#12994 = FACE_BOUND('',#12995,.F.);
#12995 = EDGE_LOOP('',(#12996,#12997,#12998,#13042));
#12996 = ORIENTED_EDGE('',*,*,#12617,.F.);
#12997 = ORIENTED_EDGE('',*,*,#12973,.T.);
#12998 = ORIENTED_EDGE('',*,*,#12999,.F.);
#12999 = EDGE_CURVE('',#13000,#12925,#13002,.T.);
#13000 = VERTEX_POINT('',#13001);
#13001 = CARTESIAN_POINT('',(25.821533203125,13.28857421875,4.));
#13002 = SURFACE_CURVE('',#13003,(#13014,#13028),.PCURVE_S1.);
#13003 = B_SPLINE_CURVE_WITH_KNOTS('',5,(#13004,#13005,#13006,#13007,
    #13008,#13009,#13010,#13011,#13012,#13013),.UNSPECIFIED.,.F.,.F.,(6,
    4,6),(0.,0.76314051895,1.),.UNSPECIFIED.);
#13004 = CARTESIAN_POINT('',(25.821533203125,13.28857421875,4.));
#13005 = CARTESIAN_POINT('',(25.879221652219,13.28857421875,4.));
#13006 = CARTESIAN_POINT('',(25.932983621396,13.281954908021,4.));
#13007 = CARTESIAN_POINT('',(25.982467005305,13.268448646736,4.));
#13008 = CARTESIAN_POINT('',(26.027397775718,13.247938574921,4.));
#13009 = CARTESIAN_POINT('',(26.080110962883,13.212023072808,4.));
#13010 = CARTESIAN_POINT('',(26.092143747616,13.2028514259,4.));
#13011 = CARTESIAN_POINT('',(26.103719370397,13.193018026931,4.));
#13012 = CARTESIAN_POINT('',(26.11483479575,13.18252761862,4.));
#13013 = CARTESIAN_POINT('',(26.12548828125,13.17138671875,4.));
#13014 = PCURVE('',#12633,#13015);
#13015 = DEFINITIONAL_REPRESENTATION('',(#13016),#13027);
#13016 = B_SPLINE_CURVE_WITH_KNOTS('',5,(#13017,#13018,#13019,#13020,
    #13021,#13022,#13023,#13024,#13025,#13026),.UNSPECIFIED.,.F.,.F.,(6,
    4,6),(0.,0.76314051895,1.),.UNSPECIFIED.);
#13017 = CARTESIAN_POINT('',(1.,-0.6));
#13018 = CARTESIAN_POINT('',(0.849687094472,-0.6));
#13019 = CARTESIAN_POINT('',(0.697855319403,-0.6));
#13020 = CARTESIAN_POINT('',(0.544947042063,-0.6));
#13021 = CARTESIAN_POINT('',(0.391468835954,-0.6));
#13022 = CARTESIAN_POINT('',(0.190367161828,-0.6));
#13023 = CARTESIAN_POINT('',(0.142734305723,-0.6));
#13024 = CARTESIAN_POINT('',(9.511797786335E-02,-0.6));
#13025 = CARTESIAN_POINT('',(4.753450611001E-02,-0.6));
#13026 = CARTESIAN_POINT('',(0.,-0.6));
#13027 = ( GEOMETRIC_REPRESENTATION_CONTEXT(2) 
PARAMETRIC_REPRESENTATION_CONTEXT() REPRESENTATION_CONTEXT('2D SPACE',''
  ) );
#13028 = PCURVE('',#12954,#13029);
#13029 = DEFINITIONAL_REPRESENTATION('',(#13030),#13041);
#13030 = B_SPLINE_CURVE_WITH_KNOTS('',5,(#13031,#13032,#13033,#13034,
    #13035,#13036,#13037,#13038,#13039,#13040),.UNSPECIFIED.,.F.,.F.,(6,
    4,6),(0.,0.76314051895,1.),.UNSPECIFIED.);
#13031 = CARTESIAN_POINT('',(25.821533203125,13.28857421875));
#13032 = CARTESIAN_POINT('',(25.879221652219,13.28857421875));
#13033 = CARTESIAN_POINT('',(25.932983621396,13.281954908021));
#13034 = CARTESIAN_POINT('',(25.982467005305,13.268448646736));
#13035 = CARTESIAN_POINT('',(26.027397775718,13.247938574921));
#13036 = CARTESIAN_POINT('',(26.080110962883,13.212023072808));
#13037 = CARTESIAN_POINT('',(26.092143747616,13.2028514259));
#13038 = CARTESIAN_POINT('',(26.103719370397,13.193018026931));
#13039 = CARTESIAN_POINT('',(26.11483479575,13.18252761862));
#13040 = CARTESIAN_POINT('',(26.12548828125,13.17138671875));
#13041 = ( GEOMETRIC_REPRESENTATION_CONTEXT(2) 
PARAMETRIC_REPRESENTATION_CONTEXT() REPRESENTATION_CONTEXT('2D SPACE',''
  ) );
#13042 = ORIENTED_EDGE('',*,*,#13043,.F.);
#13043 = EDGE_CURVE('',#12618,#13000,#13044,.T.);
#13044 = SURFACE_CURVE('',#13045,(#13049,#13056),.PCURVE_S1.);
#13045 = LINE('',#13046,#13047);
#13046 = CARTESIAN_POINT('',(25.821533203125,13.28857421875,3.4));
#13047 = VECTOR('',#13048,1.);
#13048 = DIRECTION('',(0.,0.,1.));
#13049 = PCURVE('',#12633,#13050);
#13050 = DEFINITIONAL_REPRESENTATION('',(#13051),#13055);
#13051 = LINE('',#13052,#13053);
#13052 = CARTESIAN_POINT('',(1.,0.));
#13053 = VECTOR('',#13054,1.);
#13054 = DIRECTION('',(0.,-1.));
#13055 = ( GEOMETRIC_REPRESENTATION_CONTEXT(2) 
PARAMETRIC_REPRESENTATION_CONTEXT() REPRESENTATION_CONTEXT('2D SPACE',''
  ) );
#13056 = PCURVE('',#12663,#13057);
#13057 = DEFINITIONAL_REPRESENTATION('',(#13058),#13062);
#13058 = LINE('',#13059,#13060);
#13059 = CARTESIAN_POINT('',(0.,0.));
#13060 = VECTOR('',#13061,1.);
#13061 = DIRECTION('',(0.,-1.));
#13062 = ( GEOMETRIC_REPRESENTATION_CONTEXT(2) 
PARAMETRIC_REPRESENTATION_CONTEXT() REPRESENTATION_CONTEXT('2D SPACE',''
  ) );
#13063 = ADVANCED_FACE('',(#13064),#12663,.F.);
#13064 = FACE_BOUND('',#13065,.F.);
#13065 = EDGE_LOOP('',(#13066,#13067,#13068,#13106));
#13066 = ORIENTED_EDGE('',*,*,#12647,.F.);
#13067 = ORIENTED_EDGE('',*,*,#13043,.T.);
#13068 = ORIENTED_EDGE('',*,*,#13069,.F.);
#13069 = EDGE_CURVE('',#13070,#13000,#13072,.T.);
#13070 = VERTEX_POINT('',#13071);
#13071 = CARTESIAN_POINT('',(25.616455078125,13.239501953125,4.));
#13072 = SURFACE_CURVE('',#13073,(#13082,#13094),.PCURVE_S1.);
#13073 = B_SPLINE_CURVE_WITH_KNOTS('',4,(#13074,#13075,#13076,#13077,
    #13078,#13079,#13080,#13081),.UNSPECIFIED.,.F.,.F.,(5,3,5),(0.,
    0.500001154429,1.),.UNSPECIFIED.);
#13074 = CARTESIAN_POINT('',(25.616455078125,13.239501953125,4.));
#13075 = CARTESIAN_POINT('',(25.640605346814,13.251760044051,4.));
#13076 = CARTESIAN_POINT('',(25.665262701951,13.261986733387,4.));
#13077 = CARTESIAN_POINT('',(25.690419221171,13.270169614698,4.));
#13078 = CARTESIAN_POINT('',(25.741709566657,13.282442661653,4.));
#13079 = CARTESIAN_POINT('',(25.767843403806,13.286532849907,4.));
#13080 = CARTESIAN_POINT('',(25.794455504458,13.28857421875,4.));
#13081 = CARTESIAN_POINT('',(25.821533203125,13.28857421875,4.));
#13082 = PCURVE('',#12663,#13083);
#13083 = DEFINITIONAL_REPRESENTATION('',(#13084),#13093);
#13084 = B_SPLINE_CURVE_WITH_KNOTS('',4,(#13085,#13086,#13087,#13088,
    #13089,#13090,#13091,#13092),.UNSPECIFIED.,.F.,.F.,(5,3,5),(0.,
    0.500001154429,1.),.UNSPECIFIED.);
#13085 = CARTESIAN_POINT('',(1.,-0.6));
#13086 = CARTESIAN_POINT('',(0.875101640719,-0.6));
#13087 = CARTESIAN_POINT('',(0.750101916414,-0.6));
#13088 = CARTESIAN_POINT('',(0.625051035814,-0.6));
#13089 = CARTESIAN_POINT('',(0.374949541635,-0.6));
#13090 = CARTESIAN_POINT('',(0.249898852953,-0.6));
#13091 = CARTESIAN_POINT('',(0.12489893439,-0.6));
#13092 = CARTESIAN_POINT('',(0.,-0.6));
#13093 = ( GEOMETRIC_REPRESENTATION_CONTEXT(2) 
PARAMETRIC_REPRESENTATION_CONTEXT() REPRESENTATION_CONTEXT('2D SPACE',''
  ) );
#13094 = PCURVE('',#12954,#13095);
#13095 = DEFINITIONAL_REPRESENTATION('',(#13096),#13105);
#13096 = B_SPLINE_CURVE_WITH_KNOTS('',4,(#13097,#13098,#13099,#13100,
    #13101,#13102,#13103,#13104),.UNSPECIFIED.,.F.,.F.,(5,3,5),(0.,
    0.500001154429,1.),.UNSPECIFIED.);
#13097 = CARTESIAN_POINT('',(25.616455078125,13.239501953125));
#13098 = CARTESIAN_POINT('',(25.640605346814,13.251760044051));
#13099 = CARTESIAN_POINT('',(25.665262701951,13.261986733387));
#13100 = CARTESIAN_POINT('',(25.690419221171,13.270169614698));
#13101 = CARTESIAN_POINT('',(25.741709566657,13.282442661653));
#13102 = CARTESIAN_POINT('',(25.767843403806,13.286532849907));
#13103 = CARTESIAN_POINT('',(25.794455504458,13.28857421875));
#13104 = CARTESIAN_POINT('',(25.821533203125,13.28857421875));
#13105 = ( GEOMETRIC_REPRESENTATION_CONTEXT(2) 
PARAMETRIC_REPRESENTATION_CONTEXT() REPRESENTATION_CONTEXT('2D SPACE',''
  ) );
#13106 = ORIENTED_EDGE('',*,*,#13107,.F.);
#13107 = EDGE_CURVE('',#12648,#13070,#13108,.T.);
#13108 = SURFACE_CURVE('',#13109,(#13113,#13120),.PCURVE_S1.);
#13109 = LINE('',#13110,#13111);
#13110 = CARTESIAN_POINT('',(25.616455078125,13.239501953125,3.4));
#13111 = VECTOR('',#13112,1.);
#13112 = DIRECTION('',(0.,0.,1.));
#13113 = PCURVE('',#12663,#13114);
#13114 = DEFINITIONAL_REPRESENTATION('',(#13115),#13119);
#13115 = LINE('',#13116,#13117);
#13116 = CARTESIAN_POINT('',(1.,0.));
#13117 = VECTOR('',#13118,1.);
#13118 = DIRECTION('',(0.,-1.));
#13119 = ( GEOMETRIC_REPRESENTATION_CONTEXT(2) 
PARAMETRIC_REPRESENTATION_CONTEXT() REPRESENTATION_CONTEXT('2D SPACE',''
  ) );
#13120 = PCURVE('',#12693,#13121);
#13121 = DEFINITIONAL_REPRESENTATION('',(#13122),#13126);
#13122 = LINE('',#13123,#13124);
#13123 = CARTESIAN_POINT('',(0.,0.));
#13124 = VECTOR('',#13125,1.);
#13125 = DIRECTION('',(0.,-1.));
#13126 = ( GEOMETRIC_REPRESENTATION_CONTEXT(2) 
PARAMETRIC_REPRESENTATION_CONTEXT() REPRESENTATION_CONTEXT('2D SPACE',''
  ) );
#13127 = ADVANCED_FACE('',(#13128),#12693,.F.);
#13128 = FACE_BOUND('',#13129,.F.);
#13129 = EDGE_LOOP('',(#13130,#13131,#13132,#13170));
#13130 = ORIENTED_EDGE('',*,*,#12677,.F.);
#13131 = ORIENTED_EDGE('',*,*,#13107,.T.);
#13132 = ORIENTED_EDGE('',*,*,#13133,.F.);
#13133 = EDGE_CURVE('',#13134,#13070,#13136,.T.);
#13134 = VERTEX_POINT('',#13135);
#13135 = CARTESIAN_POINT('',(25.46484375,13.103271484375,4.));
#13136 = SURFACE_CURVE('',#13137,(#13146,#13158),.PCURVE_S1.);
#13137 = B_SPLINE_CURVE_WITH_KNOTS('',4,(#13138,#13139,#13140,#13141,
    #13142,#13143,#13144,#13145),.UNSPECIFIED.,.F.,.F.,(5,3,5),(0.,
    0.319841949954,1.),.UNSPECIFIED.);
#13138 = CARTESIAN_POINT('',(25.46484375,13.103271484375,4.));
#13139 = CARTESIAN_POINT('',(25.473629112111,13.117210925592,4.));
#13140 = CARTESIAN_POINT('',(25.483130063247,13.130506767903,4.));
#13141 = CARTESIAN_POINT('',(25.493346121194,13.143154879006,4.));
#13142 = CARTESIAN_POINT('',(25.527515744059,13.180666704365,4.));
#13143 = CARTESIAN_POINT('',(25.553980071899,13.203240114042,4.));
#13144 = CARTESIAN_POINT('',(25.583645691782,13.222848703996,4.));
#13145 = CARTESIAN_POINT('',(25.616455078125,13.239501953125,4.));
#13146 = PCURVE('',#12693,#13147);
#13147 = DEFINITIONAL_REPRESENTATION('',(#13148),#13157);
#13148 = B_SPLINE_CURVE_WITH_KNOTS('',4,(#13149,#13150,#13151,#13152,
    #13153,#13154,#13155,#13156),.UNSPECIFIED.,.F.,.F.,(5,3,5),(0.,
    0.319841949954,1.),.UNSPECIFIED.);
#13149 = CARTESIAN_POINT('',(1.,-0.6));
#13150 = CARTESIAN_POINT('',(0.92003368176,-0.6));
#13151 = CARTESIAN_POINT('',(0.840033783473,-0.6));
#13152 = CARTESIAN_POINT('',(0.760016959085,-0.6));
#13153 = CARTESIAN_POINT('',(0.509840398141,-0.6));
#13154 = CARTESIAN_POINT('',(0.339679874883,-0.6));
#13155 = CARTESIAN_POINT('',(0.169680866746,-0.6));
#13156 = CARTESIAN_POINT('',(0.,-0.6));
#13157 = ( GEOMETRIC_REPRESENTATION_CONTEXT(2) 
PARAMETRIC_REPRESENTATION_CONTEXT() REPRESENTATION_CONTEXT('2D SPACE',''
  ) );
#13158 = PCURVE('',#12954,#13159);
#13159 = DEFINITIONAL_REPRESENTATION('',(#13160),#13169);
#13160 = B_SPLINE_CURVE_WITH_KNOTS('',4,(#13161,#13162,#13163,#13164,
    #13165,#13166,#13167,#13168),.UNSPECIFIED.,.F.,.F.,(5,3,5),(0.,
    0.319841949954,1.),.UNSPECIFIED.);
#13161 = CARTESIAN_POINT('',(25.46484375,13.103271484375));
#13162 = CARTESIAN_POINT('',(25.473629112111,13.117210925592));
#13163 = CARTESIAN_POINT('',(25.483130063247,13.130506767903));
#13164 = CARTESIAN_POINT('',(25.493346121194,13.143154879006));
#13165 = CARTESIAN_POINT('',(25.527515744059,13.180666704365));
#13166 = CARTESIAN_POINT('',(25.553980071899,13.203240114042));
#13167 = CARTESIAN_POINT('',(25.583645691782,13.222848703996));
#13168 = CARTESIAN_POINT('',(25.616455078125,13.239501953125));
#13169 = ( GEOMETRIC_REPRESENTATION_CONTEXT(2) 
PARAMETRIC_REPRESENTATION_CONTEXT() REPRESENTATION_CONTEXT('2D SPACE',''
  ) );
#13170 = ORIENTED_EDGE('',*,*,#13171,.F.);
#13171 = EDGE_CURVE('',#12678,#13134,#13172,.T.);
#13172 = SURFACE_CURVE('',#13173,(#13177,#13184),.PCURVE_S1.);
#13173 = LINE('',#13174,#13175);
#13174 = CARTESIAN_POINT('',(25.46484375,13.103271484375,3.4));
#13175 = VECTOR('',#13176,1.);
#13176 = DIRECTION('',(0.,0.,1.));
#13177 = PCURVE('',#12693,#13178);
#13178 = DEFINITIONAL_REPRESENTATION('',(#13179),#13183);
#13179 = LINE('',#13180,#13181);
#13180 = CARTESIAN_POINT('',(1.,0.));
#13181 = VECTOR('',#13182,1.);
#13182 = DIRECTION('',(0.,-1.));
#13183 = ( GEOMETRIC_REPRESENTATION_CONTEXT(2) 
PARAMETRIC_REPRESENTATION_CONTEXT() REPRESENTATION_CONTEXT('2D SPACE',''
  ) );
#13184 = PCURVE('',#12723,#13185);
#13185 = DEFINITIONAL_REPRESENTATION('',(#13186),#13190);
#13186 = LINE('',#13187,#13188);
#13187 = CARTESIAN_POINT('',(0.,0.));
#13188 = VECTOR('',#13189,1.);
#13189 = DIRECTION('',(0.,-1.));
#13190 = ( GEOMETRIC_REPRESENTATION_CONTEXT(2) 
PARAMETRIC_REPRESENTATION_CONTEXT() REPRESENTATION_CONTEXT('2D SPACE',''
  ) );
#13191 = ADVANCED_FACE('',(#13192),#12723,.F.);
#13192 = FACE_BOUND('',#13193,.F.);
#13193 = EDGE_LOOP('',(#13194,#13195,#13196,#13225));
#13194 = ORIENTED_EDGE('',*,*,#12707,.F.);
#13195 = ORIENTED_EDGE('',*,*,#13171,.T.);
#13196 = ORIENTED_EDGE('',*,*,#13197,.F.);
#13197 = EDGE_CURVE('',#13198,#13134,#13200,.T.);
#13198 = VERTEX_POINT('',#13199);
#13199 = CARTESIAN_POINT('',(25.409912109375,12.90625,4.));
#13200 = SURFACE_CURVE('',#13201,(#13207,#13216),.PCURVE_S1.);
#13201 = B_SPLINE_CURVE_WITH_KNOTS('',4,(#13202,#13203,#13204,#13205,
    #13206),.UNSPECIFIED.,.F.,.F.,(5,5),(0.,1.),
  .PIECEWISE_BEZIER_KNOTS.);
#13202 = CARTESIAN_POINT('',(25.409912109375,12.90625,4.));
#13203 = CARTESIAN_POINT('',(25.409912109375,12.961043343382,4.));
#13204 = CARTESIAN_POINT('',(25.419021119292,13.01224559329,4.));
#13205 = CARTESIAN_POINT('',(25.437370655245,13.059680840697,4.));
#13206 = CARTESIAN_POINT('',(25.46484375,13.103271484375,4.));
#13207 = PCURVE('',#12723,#13208);
#13208 = DEFINITIONAL_REPRESENTATION('',(#13209),#13215);
#13209 = B_SPLINE_CURVE_WITH_KNOTS('',4,(#13210,#13211,#13212,#13213,
    #13214),.UNSPECIFIED.,.F.,.F.,(5,5),(0.,1.),
  .PIECEWISE_BEZIER_KNOTS.);
#13210 = CARTESIAN_POINT('',(1.,-0.6));
#13211 = CARTESIAN_POINT('',(0.750629406121,-0.6));
#13212 = CARTESIAN_POINT('',(0.500467082934,-0.6));
#13213 = CARTESIAN_POINT('',(0.25006621359,-0.6));
#13214 = CARTESIAN_POINT('',(0.,-0.6));
#13215 = ( GEOMETRIC_REPRESENTATION_CONTEXT(2) 
PARAMETRIC_REPRESENTATION_CONTEXT() REPRESENTATION_CONTEXT('2D SPACE',''
  ) );
#13216 = PCURVE('',#12954,#13217);
#13217 = DEFINITIONAL_REPRESENTATION('',(#13218),#13224);
#13218 = B_SPLINE_CURVE_WITH_KNOTS('',4,(#13219,#13220,#13221,#13222,
    #13223),.UNSPECIFIED.,.F.,.F.,(5,5),(0.,1.),
  .PIECEWISE_BEZIER_KNOTS.);
#13219 = CARTESIAN_POINT('',(25.409912109375,12.90625));
#13220 = CARTESIAN_POINT('',(25.409912109375,12.961043343382));
#13221 = CARTESIAN_POINT('',(25.419021119292,13.01224559329));
#13222 = CARTESIAN_POINT('',(25.437370655245,13.059680840697));
#13223 = CARTESIAN_POINT('',(25.46484375,13.103271484375));
#13224 = ( GEOMETRIC_REPRESENTATION_CONTEXT(2) 
PARAMETRIC_REPRESENTATION_CONTEXT() REPRESENTATION_CONTEXT('2D SPACE',''
  ) );
#13225 = ORIENTED_EDGE('',*,*,#13226,.F.);
#13226 = EDGE_CURVE('',#12708,#13198,#13227,.T.);
#13227 = SURFACE_CURVE('',#13228,(#13232,#13239),.PCURVE_S1.);
#13228 = LINE('',#13229,#13230);
#13229 = CARTESIAN_POINT('',(25.409912109375,12.90625,3.4));
#13230 = VECTOR('',#13231,1.);
#13231 = DIRECTION('',(0.,0.,1.));
#13232 = PCURVE('',#12723,#13233);
#13233 = DEFINITIONAL_REPRESENTATION('',(#13234),#13238);
#13234 = LINE('',#13235,#13236);
#13235 = CARTESIAN_POINT('',(1.,0.));
#13236 = VECTOR('',#13237,1.);
#13237 = DIRECTION('',(0.,-1.));
#13238 = ( GEOMETRIC_REPRESENTATION_CONTEXT(2) 
PARAMETRIC_REPRESENTATION_CONTEXT() REPRESENTATION_CONTEXT('2D SPACE',''
  ) );
#13239 = PCURVE('',#12753,#13240);
#13240 = DEFINITIONAL_REPRESENTATION('',(#13241),#13245);
#13241 = LINE('',#13242,#13243);
#13242 = CARTESIAN_POINT('',(0.,0.));
#13243 = VECTOR('',#13244,1.);
#13244 = DIRECTION('',(0.,-1.));
#13245 = ( GEOMETRIC_REPRESENTATION_CONTEXT(2) 
PARAMETRIC_REPRESENTATION_CONTEXT() REPRESENTATION_CONTEXT('2D SPACE',''
  ) );
#13246 = ADVANCED_FACE('',(#13247),#12753,.F.);
#13247 = FACE_BOUND('',#13248,.F.);
#13248 = EDGE_LOOP('',(#13249,#13250,#13251,#13295));
#13249 = ORIENTED_EDGE('',*,*,#12737,.F.);
#13250 = ORIENTED_EDGE('',*,*,#13226,.T.);
#13251 = ORIENTED_EDGE('',*,*,#13252,.F.);
#13252 = EDGE_CURVE('',#13253,#13198,#13255,.T.);
#13253 = VERTEX_POINT('',#13254);
#13254 = CARTESIAN_POINT('',(25.52783203125,12.5341796875,4.));
#13255 = SURFACE_CURVE('',#13256,(#13267,#13281),.PCURVE_S1.);
#13256 = B_SPLINE_CURVE_WITH_KNOTS('',5,(#13257,#13258,#13259,#13260,
    #13261,#13262,#13263,#13264,#13265,#13266),.UNSPECIFIED.,.F.,.F.,(6,
    4,6),(0.,0.152008429271,1.),.UNSPECIFIED.);
#13257 = CARTESIAN_POINT('',(25.52783203125,12.5341796875,4.));
#13258 = CARTESIAN_POINT('',(25.52061915039,12.543318989956,4.));
#13259 = CARTESIAN_POINT('',(25.513679162071,12.552633179723,4.));
#13260 = CARTESIAN_POINT('',(25.507013445939,12.562121334414,4.));
#13261 = CARTESIAN_POINT('',(25.500623096399,12.571782345238,4.));
#13262 = CARTESIAN_POINT('',(25.460400499398,12.636466730187,4.));
#13263 = CARTESIAN_POINT('',(25.434884181706,12.696661795947,4.));
#13264 = CARTESIAN_POINT('',(25.418111078783,12.761964144023,4.));
#13265 = CARTESIAN_POINT('',(25.409912109375,12.831985491834,4.));
#13266 = CARTESIAN_POINT('',(25.409912109375,12.90625,4.));
#13267 = PCURVE('',#12753,#13268);
#13268 = DEFINITIONAL_REPRESENTATION('',(#13269),#13280);
#13269 = B_SPLINE_CURVE_WITH_KNOTS('',5,(#13270,#13271,#13272,#13273,
    #13274,#13275,#13276,#13277,#13278,#13279),.UNSPECIFIED.,.F.,.F.,(6,
    4,6),(0.,0.152008429271,1.),.UNSPECIFIED.);
#13270 = CARTESIAN_POINT('',(1.,-0.6));
#13271 = CARTESIAN_POINT('',(0.969416190474,-0.6));
#13272 = CARTESIAN_POINT('',(0.938820279697,-0.6));
#13273 = CARTESIAN_POINT('',(0.908216263312,-0.6));
#13274 = CARTESIAN_POINT('',(0.877608157703,-0.6));
#13275 = CARTESIAN_POINT('',(0.676249865599,-0.6));
#13276 = CARTESIAN_POINT('',(0.505485042494,-0.6));
#13277 = CARTESIAN_POINT('',(0.33544619466,-0.6));
#13278 = CARTESIAN_POINT('',(0.166769421846,-0.6));
#13279 = CARTESIAN_POINT('',(0.,-0.6));
#13280 = ( GEOMETRIC_REPRESENTATION_CONTEXT(2) 
PARAMETRIC_REPRESENTATION_CONTEXT() REPRESENTATION_CONTEXT('2D SPACE',''
  ) );
#13281 = PCURVE('',#12954,#13282);
#13282 = DEFINITIONAL_REPRESENTATION('',(#13283),#13294);
#13283 = B_SPLINE_CURVE_WITH_KNOTS('',5,(#13284,#13285,#13286,#13287,
    #13288,#13289,#13290,#13291,#13292,#13293),.UNSPECIFIED.,.F.,.F.,(6,
    4,6),(0.,0.152008429271,1.),.UNSPECIFIED.);
#13284 = CARTESIAN_POINT('',(25.52783203125,12.5341796875));
#13285 = CARTESIAN_POINT('',(25.52061915039,12.543318989956));
#13286 = CARTESIAN_POINT('',(25.513679162071,12.552633179723));
#13287 = CARTESIAN_POINT('',(25.507013445939,12.562121334414));
#13288 = CARTESIAN_POINT('',(25.500623096399,12.571782345238));
#13289 = CARTESIAN_POINT('',(25.460400499398,12.636466730187));
#13290 = CARTESIAN_POINT('',(25.434884181706,12.696661795947));
#13291 = CARTESIAN_POINT('',(25.418111078783,12.761964144023));
#13292 = CARTESIAN_POINT('',(25.409912109375,12.831985491834));
#13293 = CARTESIAN_POINT('',(25.409912109375,12.90625));
#13294 = ( GEOMETRIC_REPRESENTATION_CONTEXT(2) 
PARAMETRIC_REPRESENTATION_CONTEXT() REPRESENTATION_CONTEXT('2D SPACE',''
  ) );
#13295 = ORIENTED_EDGE('',*,*,#13296,.F.);
#13296 = EDGE_CURVE('',#12738,#13253,#13297,.T.);
#13297 = SURFACE_CURVE('',#13298,(#13302,#13309),.PCURVE_S1.);
#13298 = LINE('',#13299,#13300);
#13299 = CARTESIAN_POINT('',(25.52783203125,12.5341796875,3.4));
#13300 = VECTOR('',#13301,1.);
#13301 = DIRECTION('',(0.,0.,1.));
#13302 = PCURVE('',#12753,#13303);
#13303 = DEFINITIONAL_REPRESENTATION('',(#13304),#13308);
#13304 = LINE('',#13305,#13306);
#13305 = CARTESIAN_POINT('',(1.,0.));
#13306 = VECTOR('',#13307,1.);
#13307 = DIRECTION('',(0.,-1.));
#13308 = ( GEOMETRIC_REPRESENTATION_CONTEXT(2) 
PARAMETRIC_REPRESENTATION_CONTEXT() REPRESENTATION_CONTEXT('2D SPACE',''
  ) );
#13309 = PCURVE('',#12783,#13310);
#13310 = DEFINITIONAL_REPRESENTATION('',(#13311),#13315);
#13311 = LINE('',#13312,#13313);
#13312 = CARTESIAN_POINT('',(0.,0.));
#13313 = VECTOR('',#13314,1.);
#13314 = DIRECTION('',(0.,-1.));
#13315 = ( GEOMETRIC_REPRESENTATION_CONTEXT(2) 
PARAMETRIC_REPRESENTATION_CONTEXT() REPRESENTATION_CONTEXT('2D SPACE',''
  ) );
#13316 = ADVANCED_FACE('',(#13317),#12783,.F.);
#13317 = FACE_BOUND('',#13318,.F.);
#13318 = EDGE_LOOP('',(#13319,#13320,#13321,#13365));
#13319 = ORIENTED_EDGE('',*,*,#12767,.F.);
#13320 = ORIENTED_EDGE('',*,*,#13296,.T.);
#13321 = ORIENTED_EDGE('',*,*,#13322,.F.);
#13322 = EDGE_CURVE('',#13323,#13253,#13325,.T.);
#13323 = VERTEX_POINT('',#13324);
#13324 = CARTESIAN_POINT('',(25.830322265625,12.384765625,4.));
#13325 = SURFACE_CURVE('',#13326,(#13337,#13351),.PCURVE_S1.);
#13326 = B_SPLINE_CURVE_WITH_KNOTS('',5,(#13327,#13328,#13329,#13330,
    #13331,#13332,#13333,#13334,#13335,#13336),.UNSPECIFIED.,.F.,.F.,(6,
    4,6),(0.,0.458684972305,1.),.UNSPECIFIED.);
#13327 = CARTESIAN_POINT('',(25.830322265625,12.384765625,4.));
#13328 = CARTESIAN_POINT('',(25.796660856295,12.384765625,4.));
#13329 = CARTESIAN_POINT('',(25.764218292057,12.387871698334,4.));
#13330 = CARTESIAN_POINT('',(25.73307411058,12.394145406674,4.));
#13331 = CARTESIAN_POINT('',(25.703294431758,12.403610347321,4.));
#13332 = CARTESIAN_POINT('',(25.641452985507,12.431154266445,4.));
#13333 = CARTESIAN_POINT('',(25.609944983121,12.450478550456,4.));
#13334 = CARTESIAN_POINT('',(25.580487120024,12.47418131547,4.));
#13335 = CARTESIAN_POINT('',(25.553116001802,12.502142855248,4.));
#13336 = CARTESIAN_POINT('',(25.52783203125,12.5341796875,4.));
#13337 = PCURVE('',#12783,#13338);
#13338 = DEFINITIONAL_REPRESENTATION('',(#13339),#13350);
#13339 = B_SPLINE_CURVE_WITH_KNOTS('',5,(#13340,#13341,#13342,#13343,
    #13344,#13345,#13346,#13347,#13348,#13349),.UNSPECIFIED.,.F.,.F.,(6,
    4,6),(0.,0.458684972305,1.),.UNSPECIFIED.);
#13340 = CARTESIAN_POINT('',(1.,-0.6));
#13341 = CARTESIAN_POINT('',(0.908811420227,-0.6));
#13342 = CARTESIAN_POINT('',(0.817171231457,-0.6));
#13343 = CARTESIAN_POINT('',(0.725220508199,-0.6));
#13344 = CARTESIAN_POINT('',(0.633109853354,-0.6));
#13345 = CARTESIAN_POINT('',(0.432296966699,-0.6));
#13346 = CARTESIAN_POINT('',(0.323590024229,-0.6));
#13347 = CARTESIAN_POINT('',(0.215145836237,-0.6));
#13348 = CARTESIAN_POINT('',(0.10720822296,-0.6));
#13349 = CARTESIAN_POINT('',(0.,-0.6));
#13350 = ( GEOMETRIC_REPRESENTATION_CONTEXT(2) 
PARAMETRIC_REPRESENTATION_CONTEXT() REPRESENTATION_CONTEXT('2D SPACE',''
  ) );
#13351 = PCURVE('',#12954,#13352);
#13352 = DEFINITIONAL_REPRESENTATION('',(#13353),#13364);
#13353 = B_SPLINE_CURVE_WITH_KNOTS('',5,(#13354,#13355,#13356,#13357,
    #13358,#13359,#13360,#13361,#13362,#13363),.UNSPECIFIED.,.F.,.F.,(6,
    4,6),(0.,0.458684972305,1.),.UNSPECIFIED.);
#13354 = CARTESIAN_POINT('',(25.830322265625,12.384765625));
#13355 = CARTESIAN_POINT('',(25.796660856295,12.384765625));
#13356 = CARTESIAN_POINT('',(25.764218292057,12.387871698334));
#13357 = CARTESIAN_POINT('',(25.73307411058,12.394145406674));
#13358 = CARTESIAN_POINT('',(25.703294431758,12.403610347321));
#13359 = CARTESIAN_POINT('',(25.641452985507,12.431154266445));
#13360 = CARTESIAN_POINT('',(25.609944983121,12.450478550456));
#13361 = CARTESIAN_POINT('',(25.580487120024,12.47418131547));
#13362 = CARTESIAN_POINT('',(25.553116001802,12.502142855248));
#13363 = CARTESIAN_POINT('',(25.52783203125,12.5341796875));
#13364 = ( GEOMETRIC_REPRESENTATION_CONTEXT(2) 
PARAMETRIC_REPRESENTATION_CONTEXT() REPRESENTATION_CONTEXT('2D SPACE',''
  ) );
#13365 = ORIENTED_EDGE('',*,*,#13366,.F.);
#13366 = EDGE_CURVE('',#12768,#13323,#13367,.T.);
#13367 = SURFACE_CURVE('',#13368,(#13372,#13379),.PCURVE_S1.);
#13368 = LINE('',#13369,#13370);
#13369 = CARTESIAN_POINT('',(25.830322265625,12.384765625,3.4));
#13370 = VECTOR('',#13371,1.);
#13371 = DIRECTION('',(0.,0.,1.));
#13372 = PCURVE('',#12783,#13373);
#13373 = DEFINITIONAL_REPRESENTATION('',(#13374),#13378);
#13374 = LINE('',#13375,#13376);
#13375 = CARTESIAN_POINT('',(1.,0.));
#13376 = VECTOR('',#13377,1.);
#13377 = DIRECTION('',(0.,-1.));
#13378 = ( GEOMETRIC_REPRESENTATION_CONTEXT(2) 
PARAMETRIC_REPRESENTATION_CONTEXT() REPRESENTATION_CONTEXT('2D SPACE',''
  ) );
#13379 = PCURVE('',#12813,#13380);
#13380 = DEFINITIONAL_REPRESENTATION('',(#13381),#13385);
#13381 = LINE('',#13382,#13383);
#13382 = CARTESIAN_POINT('',(0.,0.));
#13383 = VECTOR('',#13384,1.);
#13384 = DIRECTION('',(0.,-1.));
#13385 = ( GEOMETRIC_REPRESENTATION_CONTEXT(2) 
PARAMETRIC_REPRESENTATION_CONTEXT() REPRESENTATION_CONTEXT('2D SPACE',''
  ) );
#13386 = ADVANCED_FACE('',(#13387),#12813,.F.);
#13387 = FACE_BOUND('',#13388,.F.);
#13388 = EDGE_LOOP('',(#13389,#13390,#13391,#13435));
#13389 = ORIENTED_EDGE('',*,*,#12797,.F.);
#13390 = ORIENTED_EDGE('',*,*,#13366,.T.);
#13391 = ORIENTED_EDGE('',*,*,#13392,.F.);
#13392 = EDGE_CURVE('',#13393,#13323,#13395,.T.);
#13393 = VERTEX_POINT('',#13394);
#13394 = CARTESIAN_POINT('',(26.126953125,12.5078125,4.));
#13395 = SURFACE_CURVE('',#13396,(#13407,#13421),.PCURVE_S1.);
#13396 = B_SPLINE_CURVE_WITH_KNOTS('',5,(#13397,#13398,#13399,#13400,
    #13401,#13402,#13403,#13404,#13405,#13406),.UNSPECIFIED.,.F.,.F.,(6,
    4,6),(0.,0.326045194673,1.),.UNSPECIFIED.);
#13397 = CARTESIAN_POINT('',(26.126953125,12.5078125,4.));
#13398 = CARTESIAN_POINT('',(26.112525876811,12.491760992082,4.));
#13399 = CARTESIAN_POINT('',(26.097267420975,12.476986046288,4.));
#13400 = CARTESIAN_POINT('',(26.081180674646,12.463508707574,4.));
#13401 = CARTESIAN_POINT('',(26.064273133129,12.451343239262,4.));
#13402 = CARTESIAN_POINT('',(26.009936300244,12.418077555877,4.));
#13403 = CARTESIAN_POINT('',(25.969858674503,12.401294073855,4.));
#13404 = CARTESIAN_POINT('',(25.926433942896,12.390215136188,4.));
#13405 = CARTESIAN_POINT('',(25.87984436689,12.384765625,4.));
#13406 = CARTESIAN_POINT('',(25.830322265625,12.384765625,4.));
#13407 = PCURVE('',#12813,#13408);
#13408 = DEFINITIONAL_REPRESENTATION('',(#13409),#13420);
#13409 = B_SPLINE_CURVE_WITH_KNOTS('',5,(#13410,#13411,#13412,#13413,
    #13414,#13415,#13416,#13417,#13418,#13419),.UNSPECIFIED.,.F.,.F.,(6,
    4,6),(0.,0.326045194673,1.),.UNSPECIFIED.);
#13410 = CARTESIAN_POINT('',(1.,-0.6));
#13411 = CARTESIAN_POINT('',(0.934774824966,-0.6));
#13412 = CARTESIAN_POINT('',(0.869419154469,-0.6));
#13413 = CARTESIAN_POINT('',(0.803975506593,-0.6));
#13414 = CARTESIAN_POINT('',(0.738487529214,-0.6));
#13415 = CARTESIAN_POINT('',(0.537633382967,-0.6));
#13416 = CARTESIAN_POINT('',(0.402262467968,-0.6));
#13417 = CARTESIAN_POINT('',(0.267295570996,-0.6));
#13418 = CARTESIAN_POINT('',(0.133098770855,-0.6));
#13419 = CARTESIAN_POINT('',(0.,-0.6));
#13420 = ( GEOMETRIC_REPRESENTATION_CONTEXT(2) 
PARAMETRIC_REPRESENTATION_CONTEXT() REPRESENTATION_CONTEXT('2D SPACE',''
  ) );
#13421 = PCURVE('',#12954,#13422);
#13422 = DEFINITIONAL_REPRESENTATION('',(#13423),#13434);
#13423 = B_SPLINE_CURVE_WITH_KNOTS('',5,(#13424,#13425,#13426,#13427,
    #13428,#13429,#13430,#13431,#13432,#13433),.UNSPECIFIED.,.F.,.F.,(6,
    4,6),(0.,0.326045194673,1.),.UNSPECIFIED.);
#13424 = CARTESIAN_POINT('',(26.126953125,12.5078125));
#13425 = CARTESIAN_POINT('',(26.112525876811,12.491760992082));
#13426 = CARTESIAN_POINT('',(26.097267420975,12.476986046288));
#13427 = CARTESIAN_POINT('',(26.081180674646,12.463508707574));
#13428 = CARTESIAN_POINT('',(26.064273133129,12.451343239262));
#13429 = CARTESIAN_POINT('',(26.009936300244,12.418077555877));
#13430 = CARTESIAN_POINT('',(25.969858674503,12.401294073855));
#13431 = CARTESIAN_POINT('',(25.926433942896,12.390215136188));
#13432 = CARTESIAN_POINT('',(25.87984436689,12.384765625));
#13433 = CARTESIAN_POINT('',(25.830322265625,12.384765625));
#13434 = ( GEOMETRIC_REPRESENTATION_CONTEXT(2) 
PARAMETRIC_REPRESENTATION_CONTEXT() REPRESENTATION_CONTEXT('2D SPACE',''
  ) );
#13435 = ORIENTED_EDGE('',*,*,#13436,.F.);
#13436 = EDGE_CURVE('',#12798,#13393,#13437,.T.);
#13437 = SURFACE_CURVE('',#13438,(#13442,#13449),.PCURVE_S1.);
#13438 = LINE('',#13439,#13440);
#13439 = CARTESIAN_POINT('',(26.126953125,12.5078125,3.4));
#13440 = VECTOR('',#13441,1.);
#13441 = DIRECTION('',(0.,0.,1.));
#13442 = PCURVE('',#12813,#13443);
#13443 = DEFINITIONAL_REPRESENTATION('',(#13444),#13448);
#13444 = LINE('',#13445,#13446);
#13445 = CARTESIAN_POINT('',(1.,0.));
#13446 = VECTOR('',#13447,1.);
#13447 = DIRECTION('',(0.,-1.));
#13448 = ( GEOMETRIC_REPRESENTATION_CONTEXT(2) 
PARAMETRIC_REPRESENTATION_CONTEXT() REPRESENTATION_CONTEXT('2D SPACE',''
  ) );
#13449 = PCURVE('',#12841,#13450);
#13450 = DEFINITIONAL_REPRESENTATION('',(#13451),#13455);
#13451 = LINE('',#13452,#13453);
#13452 = CARTESIAN_POINT('',(0.,0.));
#13453 = VECTOR('',#13454,1.);
#13454 = DIRECTION('',(0.,-1.));
#13455 = ( GEOMETRIC_REPRESENTATION_CONTEXT(2) 
PARAMETRIC_REPRESENTATION_CONTEXT() REPRESENTATION_CONTEXT('2D SPACE',''
  ) );
#13456 = ADVANCED_FACE('',(#13457),#12841,.F.);
#13457 = FACE_BOUND('',#13458,.F.);
#13458 = EDGE_LOOP('',(#13459,#13460,#13461,#13491));
#13459 = ORIENTED_EDGE('',*,*,#12827,.F.);
#13460 = ORIENTED_EDGE('',*,*,#13436,.T.);
#13461 = ORIENTED_EDGE('',*,*,#13462,.F.);
#13462 = EDGE_CURVE('',#12902,#13393,#13463,.T.);
#13463 = SURFACE_CURVE('',#13464,(#13471,#13481),.PCURVE_S1.);
#13464 = B_SPLINE_CURVE_WITH_KNOTS('',5,(#13465,#13466,#13467,#13468,
    #13469,#13470),.UNSPECIFIED.,.F.,.F.,(6,6),(0.,1.),
  .PIECEWISE_BEZIER_KNOTS.);
#13465 = CARTESIAN_POINT('',(26.237548828125,12.84326171875,4.));
#13466 = CARTESIAN_POINT('',(26.237548828125,12.760089318521,4.));
#13467 = CARTESIAN_POINT('',(26.226949990199,12.684154374702,4.));
#13468 = CARTESIAN_POINT('',(26.205076578917,12.616389538314,4.));
#13469 = CARTESIAN_POINT('',(26.17162467063,12.557513292489,4.));
#13470 = CARTESIAN_POINT('',(26.126953125,12.5078125,4.));
#13471 = PCURVE('',#12841,#13472);
#13472 = DEFINITIONAL_REPRESENTATION('',(#13473),#13480);
#13473 = B_SPLINE_CURVE_WITH_KNOTS('',5,(#13474,#13475,#13476,#13477,
    #13478,#13479),.UNSPECIFIED.,.F.,.F.,(6,6),(0.,1.),
  .PIECEWISE_BEZIER_KNOTS.);
#13474 = CARTESIAN_POINT('',(1.,-0.6));
#13475 = CARTESIAN_POINT('',(0.804210257851,-0.6));
#13476 = CARTESIAN_POINT('',(0.605299450551,-0.6));
#13477 = CARTESIAN_POINT('',(0.404177861356,-0.6));
#13478 = CARTESIAN_POINT('',(0.201958775828,-0.6));
#13479 = CARTESIAN_POINT('',(0.,-0.6));
#13480 = ( GEOMETRIC_REPRESENTATION_CONTEXT(2) 
PARAMETRIC_REPRESENTATION_CONTEXT() REPRESENTATION_CONTEXT('2D SPACE',''
  ) );
#13481 = PCURVE('',#12954,#13482);
#13482 = DEFINITIONAL_REPRESENTATION('',(#13483),#13490);
#13483 = B_SPLINE_CURVE_WITH_KNOTS('',5,(#13484,#13485,#13486,#13487,
    #13488,#13489),.UNSPECIFIED.,.F.,.F.,(6,6),(0.,1.),
  .PIECEWISE_BEZIER_KNOTS.);
#13484 = CARTESIAN_POINT('',(26.237548828125,12.84326171875));
#13485 = CARTESIAN_POINT('',(26.237548828125,12.760089318521));
#13486 = CARTESIAN_POINT('',(26.226949990199,12.684154374702));
#13487 = CARTESIAN_POINT('',(26.205076578917,12.616389538314));
#13488 = CARTESIAN_POINT('',(26.17162467063,12.557513292489));
#13489 = CARTESIAN_POINT('',(26.126953125,12.5078125));
#13490 = ( GEOMETRIC_REPRESENTATION_CONTEXT(2) 
PARAMETRIC_REPRESENTATION_CONTEXT() REPRESENTATION_CONTEXT('2D SPACE',''
  ) );
#13491 = ORIENTED_EDGE('',*,*,#12901,.F.);
#13492 = ADVANCED_FACE('',(#13493),#12954,.T.);
#13493 = FACE_BOUND('',#13494,.T.);
#13494 = EDGE_LOOP('',(#13495,#13496,#13497,#13498,#13499,#13500,#13501,
    #13502,#13503));
#13495 = ORIENTED_EDGE('',*,*,#12924,.F.);
#13496 = ORIENTED_EDGE('',*,*,#12999,.F.);
#13497 = ORIENTED_EDGE('',*,*,#13069,.F.);
#13498 = ORIENTED_EDGE('',*,*,#13133,.F.);
#13499 = ORIENTED_EDGE('',*,*,#13197,.F.);
#13500 = ORIENTED_EDGE('',*,*,#13252,.F.);
#13501 = ORIENTED_EDGE('',*,*,#13322,.F.);
#13502 = ORIENTED_EDGE('',*,*,#13392,.F.);
#13503 = ORIENTED_EDGE('',*,*,#13462,.F.);
#13504 = ( GEOMETRIC_REPRESENTATION_CONTEXT(3) 
GLOBAL_UNCERTAINTY_ASSIGNED_CONTEXT((#13508)) 
GLOBAL_UNIT_ASSIGNED_CONTEXT((#13505,#13506,#13507)) 
REPRESENTATION_CONTEXT('Context #1',
  '3D Context with UNIT and UNCERTAINTY') );
#13505 = ( LENGTH_UNIT() NAMED_UNIT(*) SI_UNIT(.MILLI.,.METRE.) );
#13506 = ( NAMED_UNIT(*) PLANE_ANGLE_UNIT() SI_UNIT($,.RADIAN.) );
#13507 = ( NAMED_UNIT(*) SI_UNIT($,.STERADIAN.) SOLID_ANGLE_UNIT() );
#13508 = UNCERTAINTY_MEASURE_WITH_UNIT(LENGTH_MEASURE(2.E-06),#13505,
  'distance_accuracy_value','confusion accuracy');
#13509 = PRODUCT_RELATED_PRODUCT_CATEGORY('part',$,(#7));
ENDSEC;
END-ISO-10303-21;
