ISO-10303-21;
HEADER;
FILE_DESCRIPTION(('Open CASCADE Model'),'2;1');
FILE_NAME('Open CASCADE Shape Model','2026-09-30T09:19:42',('Author'),(
    'Open CASCADE'),'Open CASCADE STEP processor 7.8','Open CASCADE 7.8'
  ,'Unknown');
FILE_SCHEMA(('AUTOMOTIVE_DESIGN { 1 0 10303 214 1 1 1 1 }'));
ENDSEC;
DATA;
#1 = APPLICATION_PROTOCOL_DEFINITION('international standard',
  'automotive_design',2000,#2);
#2 = APPLICATION_CONTEXT(
  'core data for automotive mechanical design processes');
#3 = SHAPE_DEFINITION_REPRESENTATION(#4,#10);
#4 = PRODUCT_DEFINITION_SHAPE('','',#5);
#5 = PRODUCT_DEFINITION('design','',#6,#9);
#6 = PRODUCT_DEFINITION_FORMATION('','',#7);
#7 = PRODUCT('Open CASCADE STEP translator 7.8 5',
  'Open CASCADE STEP translator 7.8 5','',(#8));
#8 = PRODUCT_CONTEXT('',#2,'mechanical');
#9 = PRODUCT_DEFINITION_CONTEXT('part definition',#2,'design');
#10 = ADVANCED_BREP_SHAPE_REPRESENTATION('',(#11,#15),#5708);
#11 = AXIS2_PLACEMENT_3D('',#12,#13,#14);
#12 = CARTESIAN_POINT('',(0.,0.,0.));
#13 = DIRECTION('',(0.,0.,1.));
#14 = DIRECTION('',(1.,0.,-0.));
#15 = MANIFOLD_SOLID_BREP('',#16);
#16 = CLOSED_SHELL('',(#17,#643,#699,#956,#1034,#1116,#1142,#1377,#1403,
    #1454,#1509,#1587,#1669,#1695,#1930,#1956,#2007,#2062,#2101,#2188,
    #2237,#2297,#2384,#2433,#2493,#2672,#2748,#2775,#2824,#2879,#2933,
    #2961,#3015,#3064,#3140,#3167,#3217,#3271,#3326,#3353,#3407,#3456,
    #3512,#3659,#3686,#3713,#3860,#3887,#3914,#3973,#4027,#4081,#4135,
    #4189,#4239,#4289,#4316,#4366,#4415,#4443,#4941,#4968,#4995,#5002,
    #5029,#5056,#5063,#5082,#5159,#5208,#5258,#5285,#5361,#5410,#5459,
    #5486,#5562,#5611,#5660,#5687,#5694,#5701));
#17 = ADVANCED_FACE('',(#18),#32,.T.);
#18 = FACE_BOUND('',#19,.F.);
#19 = EDGE_LOOP('',(#20,#50,#79,#107,#153,#185,#218,#250,#296,#324,#348,
    #376,#422,#454,#487,#519,#565,#593,#615,#616));
#20 = ORIENTED_EDGE('',*,*,#21,.F.);
#21 = EDGE_CURVE('',#22,#24,#26,.T.);
#22 = VERTEX_POINT('',#23);
#23 = CARTESIAN_POINT('',(55.6000001,49.,0.5));
#24 = VERTEX_POINT('',#25);
#25 = CARTESIAN_POINT('',(55.6000001,49.,78.6));
#26 = SEAM_CURVE('',#27,(#31,#43),.PCURVE_S1.);
#27 = LINE('',#28,#29);
#28 = CARTESIAN_POINT('',(55.6000001,49.,1.7763568394E-15));
#29 = VECTOR('',#30,1.);
#30 = DIRECTION('',(0.,0.,1.));
#31 = PCURVE('',#32,#37);
#32 = CYLINDRICAL_SURFACE('',#33,27.8);
#33 = AXIS2_PLACEMENT_3D('',#34,#35,#36);
#34 = CARTESIAN_POINT('',(27.8000001,49.,1.7763568394E-15));
#35 = DIRECTION('',(-0.,-0.,-1.));
#36 = DIRECTION('',(1.,0.,0.));
#37 = DEFINITIONAL_REPRESENTATION('',(#38),#42);
#38 = LINE('',#39,#40);
#39 = CARTESIAN_POINT('',(-6.28318530718,0.));
#40 = VECTOR('',#41,1.);
#41 = DIRECTION('',(-0.,-1.));
#42 = ( GEOMETRIC_REPRESENTATION_CONTEXT(2) 
PARAMETRIC_REPRESENTATION_CONTEXT() REPRESENTATION_CONTEXT('2D SPACE',''
  ) );
#43 = PCURVE('',#32,#44);
#44 = DEFINITIONAL_REPRESENTATION('',(#45),#49);
#45 = LINE('',#46,#47);
#46 = CARTESIAN_POINT('',(-0.,0.));
#47 = VECTOR('',#48,1.);
#48 = DIRECTION('',(-0.,-1.));
#49 = ( GEOMETRIC_REPRESENTATION_CONTEXT(2) 
PARAMETRIC_REPRESENTATION_CONTEXT() REPRESENTATION_CONTEXT('2D SPACE',''
  ) );
#50 = ORIENTED_EDGE('',*,*,#51,.F.);
#51 = EDGE_CURVE('',#52,#22,#54,.T.);
#52 = VERTEX_POINT('',#53);
#53 = CARTESIAN_POINT('',(33.632172399229,21.818650396419,0.5));
#54 = SURFACE_CURVE('',#55,(#60,#67),.PCURVE_S1.);
#55 = CIRCLE('',#56,27.8);
#56 = AXIS2_PLACEMENT_3D('',#57,#58,#59);
#57 = CARTESIAN_POINT('',(27.8000001,49.,0.5));
#58 = DIRECTION('',(0.,0.,1.));
#59 = DIRECTION('',(1.,0.,-0.));
#60 = PCURVE('',#32,#61);
#61 = DEFINITIONAL_REPRESENTATION('',(#62),#66);
#62 = LINE('',#63,#64);
#63 = CARTESIAN_POINT('',(-0.,-0.5));
#64 = VECTOR('',#65,1.);
#65 = DIRECTION('',(-1.,0.));
#66 = ( GEOMETRIC_REPRESENTATION_CONTEXT(2) 
PARAMETRIC_REPRESENTATION_CONTEXT() REPRESENTATION_CONTEXT('2D SPACE',''
  ) );
#67 = PCURVE('',#68,#73);
#68 = CONICAL_SURFACE('',#69,27.8,0.785398163397);
#69 = AXIS2_PLACEMENT_3D('',#70,#71,#72);
#70 = CARTESIAN_POINT('',(27.8000001,49.,0.5));
#71 = DIRECTION('',(0.,0.,1.));
#72 = DIRECTION('',(1.,0.,-0.));
#73 = DEFINITIONAL_REPRESENTATION('',(#74),#78);
#74 = LINE('',#75,#76);
#75 = CARTESIAN_POINT('',(0.,-0.));
#76 = VECTOR('',#77,1.);
#77 = DIRECTION('',(1.,-0.));
#78 = ( GEOMETRIC_REPRESENTATION_CONTEXT(2) 
PARAMETRIC_REPRESENTATION_CONTEXT() REPRESENTATION_CONTEXT('2D SPACE',''
  ) );
#79 = ORIENTED_EDGE('',*,*,#80,.F.);
#80 = EDGE_CURVE('',#81,#52,#83,.T.);
#81 = VERTEX_POINT('',#82);
#82 = CARTESIAN_POINT('',(33.63217239923,21.818650396419,5.5));
#83 = SURFACE_CURVE('',#84,(#88,#95),.PCURVE_S1.);
#84 = LINE('',#85,#86);
#85 = CARTESIAN_POINT('',(33.63217239923,21.818650396419,
    1.7763568394E-15));
#86 = VECTOR('',#87,1.);
#87 = DIRECTION('',(-0.,-0.,-1.));
#88 = PCURVE('',#32,#89);
#89 = DEFINITIONAL_REPRESENTATION('',(#90),#94);
#90 = LINE('',#91,#92);
#91 = CARTESIAN_POINT('',(-4.923749534495,0.));
#92 = VECTOR('',#93,1.);
#93 = DIRECTION('',(-0.,1.));
#94 = ( GEOMETRIC_REPRESENTATION_CONTEXT(2) 
PARAMETRIC_REPRESENTATION_CONTEXT() REPRESENTATION_CONTEXT('2D SPACE',''
  ) );
#95 = PCURVE('',#96,#101);
#96 = CYLINDRICAL_SURFACE('',#97,2.);
#97 = AXIS2_PLACEMENT_3D('',#98,#99,#100);
#98 = CARTESIAN_POINT('',(32.8000001,20.,1.7763568394E-15));
#99 = DIRECTION('',(0.,0.,1.));
#100 = DIRECTION('',(1.,0.,-0.));
#101 = DEFINITIONAL_REPRESENTATION('',(#102),#106);
#102 = LINE('',#103,#104);
#103 = CARTESIAN_POINT('',(1.141659393035,0.));
#104 = VECTOR('',#105,1.);
#105 = DIRECTION('',(0.,-1.));
#106 = ( GEOMETRIC_REPRESENTATION_CONTEXT(2) 
PARAMETRIC_REPRESENTATION_CONTEXT() REPRESENTATION_CONTEXT('2D SPACE',''
  ) );
#107 = ORIENTED_EDGE('',*,*,#108,.F.);
#108 = EDGE_CURVE('',#109,#81,#111,.T.);
#109 = VERTEX_POINT('',#110);
#110 = CARTESIAN_POINT('',(32.8000001,21.653336583781,5.846663416219));
#111 = SURFACE_CURVE('',#112,(#122,#135),.PCURVE_S1.);
#112 = B_SPLINE_CURVE_WITH_KNOTS('',8,(#113,#114,#115,#116,#117,#118,
    #119,#120,#121),.UNSPECIFIED.,.F.,.F.,(9,9),(0.,1.),
  .PIECEWISE_BEZIER_KNOTS.);
#113 = CARTESIAN_POINT('',(32.8000001,21.653336583781,5.846663416219));
#114 = CARTESIAN_POINT('',(32.92067593297,21.675400670929,5.824599329071
    ));
#115 = CARTESIAN_POINT('',(33.036091624758,21.697131977945,
    5.792801297167));
#116 = CARTESIAN_POINT('',(33.146217331699,21.718430862095,
    5.753445238437));
#117 = CARTESIAN_POINT('',(33.251421096264,21.73927611097,5.708676440604
    ));
#118 = CARTESIAN_POINT('',(33.351996770886,21.759651469819,
    5.660084865901));
#119 = CARTESIAN_POINT('',(33.448461443745,21.779593782976,
    5.608797542948));
#120 = CARTESIAN_POINT('',(33.54152364083,21.799200325491,5.555404132452
    ));
#121 = CARTESIAN_POINT('',(33.63217239923,21.818650396419,5.5));
#122 = PCURVE('',#32,#123);
#123 = DEFINITIONAL_REPRESENTATION('',(#124),#134);
#124 = B_SPLINE_CURVE_WITH_KNOTS('',8,(#125,#126,#127,#128,#129,#130,
    #131,#132,#133),.UNSPECIFIED.,.F.,.F.,(9,9),(0.,1.),
  .PIECEWISE_BEZIER_KNOTS.);
#125 = CARTESIAN_POINT('',(-4.893229159545,-5.846663416219));
#126 = CARTESIAN_POINT('',(-4.897641976975,-5.824599329071));
#127 = CARTESIAN_POINT('',(-4.901866513228,-5.792801297167));
#128 = CARTESIAN_POINT('',(-4.905901198745,-5.753445238437));
#129 = CARTESIAN_POINT('',(-4.909759002599,-5.708676440604));
#130 = CARTESIAN_POINT('',(-4.913450265011,-5.660084865901));
#131 = CARTESIAN_POINT('',(-4.916993548035,-5.608797542948));
#132 = CARTESIAN_POINT('',(-4.92041457285,-5.555404132452));
#133 = CARTESIAN_POINT('',(-4.923749534495,-5.5));
#134 = ( GEOMETRIC_REPRESENTATION_CONTEXT(2) 
PARAMETRIC_REPRESENTATION_CONTEXT() REPRESENTATION_CONTEXT('2D SPACE',''
  ) );
#135 = PCURVE('',#136,#141);
#136 = CONICAL_SURFACE('',#137,2.,0.785398163397);
#137 = AXIS2_PLACEMENT_3D('',#138,#139,#140);
#138 = CARTESIAN_POINT('',(32.8000001,20.,5.5));
#139 = DIRECTION('',(-0.,-0.,-1.));
#140 = DIRECTION('',(0.,1.,-0.));
#141 = DEFINITIONAL_REPRESENTATION('',(#142),#152);
#142 = B_SPLINE_CURVE_WITH_KNOTS('',8,(#143,#144,#145,#146,#147,#148,
    #149,#150,#151),.UNSPECIFIED.,.F.,.F.,(9,9),(0.,1.),
  .PIECEWISE_BEZIER_KNOTS.);
#143 = CARTESIAN_POINT('',(0.,-0.346663416219));
#144 = CARTESIAN_POINT('',(7.298927160605E-02,-0.324599329071));
#145 = CARTESIAN_POINT('',(0.140570962468,-0.292801297167));
#146 = CARTESIAN_POINT('',(0.201886385211,-0.253445238438));
#147 = CARTESIAN_POINT('',(0.257058683783,-0.208676440603));
#148 = CARTESIAN_POINT('',(0.306659158068,-0.160084865902));
#149 = CARTESIAN_POINT('',(0.351382193009,-0.108797542948));
#150 = CARTESIAN_POINT('',(0.391968786221,-5.540413245153E-02));
#151 = CARTESIAN_POINT('',(0.42913693376,0.));
#152 = ( GEOMETRIC_REPRESENTATION_CONTEXT(2) 
PARAMETRIC_REPRESENTATION_CONTEXT() REPRESENTATION_CONTEXT('2D SPACE',''
  ) );
#153 = ORIENTED_EDGE('',*,*,#154,.F.);
#154 = EDGE_CURVE('',#155,#109,#157,.T.);
#155 = VERTEX_POINT('',#156);
#156 = CARTESIAN_POINT('',(31.873082470883,21.5,6.));
#157 = SURFACE_CURVE('',#158,(#163,#173),.PCURVE_S1.);
#158 = ELLIPSE('',#159,39.315137033972,27.8);
#159 = AXIS2_PLACEMENT_3D('',#160,#161,#162);
#160 = CARTESIAN_POINT('',(27.8000001,49.,-21.5));
#161 = DIRECTION('',(0.,0.707106781187,0.707106781187));
#162 = DIRECTION('',(0.,0.707106781187,-0.707106781187));
#163 = PCURVE('',#32,#164);
#164 = DEFINITIONAL_REPRESENTATION('',(#165),#172);
#165 = B_SPLINE_CURVE_WITH_KNOTS('',5,(#166,#167,#168,#169,#170,#171),
  .UNSPECIFIED.,.F.,.F.,(6,6),(3.275803805119,3.359131712071),
  .PIECEWISE_BEZIER_KNOTS.);
#166 = CARTESIAN_POINT('',(-4.846600131914,-6.05));
#167 = CARTESIAN_POINT('',(-4.863265713304,-5.988006053258));
#168 = CARTESIAN_POINT('',(-4.879931294695,-5.916447380339));
#169 = CARTESIAN_POINT('',(-4.896596876085,-5.835359850865));
#170 = CARTESIAN_POINT('',(-4.913262457475,-5.74479041151));
#171 = CARTESIAN_POINT('',(-4.929928038866,-5.644796923167));
#172 = ( GEOMETRIC_REPRESENTATION_CONTEXT(2) 
PARAMETRIC_REPRESENTATION_CONTEXT() REPRESENTATION_CONTEXT('2D SPACE',''
  ) );
#173 = PCURVE('',#174,#179);
#174 = PLANE('',#175);
#175 = AXIS2_PLACEMENT_3D('',#176,#177,#178);
#176 = CARTESIAN_POINT('',(22.8000001,21.75,5.75));
#177 = DIRECTION('',(0.,0.707106781187,0.707106781187));
#178 = DIRECTION('',(-1.,-0.,0.));
#179 = DEFINITIONAL_REPRESENTATION('',(#180),#184);
#180 = ELLIPSE('',#181,39.315137033972,27.8);
#181 = AXIS2_PLACEMENT_2D('',#182,#183);
#182 = CARTESIAN_POINT('',(-5.,-38.53731957466));
#183 = DIRECTION('',(-0.,-1.));
#184 = ( GEOMETRIC_REPRESENTATION_CONTEXT(2) 
PARAMETRIC_REPRESENTATION_CONTEXT() REPRESENTATION_CONTEXT('2D SPACE',''
  ) );
#185 = ORIENTED_EDGE('',*,*,#186,.T.);
#186 = EDGE_CURVE('',#155,#187,#189,.T.);
#187 = VERTEX_POINT('',#188);
#188 = CARTESIAN_POINT('',(23.726917729117,21.5,6.));
#189 = SURFACE_CURVE('',#190,(#195,#202),.PCURVE_S1.);
#190 = CIRCLE('',#191,27.8);
#191 = AXIS2_PLACEMENT_3D('',#192,#193,#194);
#192 = CARTESIAN_POINT('',(27.8000001,49.,6.));
#193 = DIRECTION('',(0.,0.,-1.));
#194 = DIRECTION('',(1.,0.,0.));
#195 = PCURVE('',#32,#196);
#196 = DEFINITIONAL_REPRESENTATION('',(#197),#201);
#197 = LINE('',#198,#199);
#198 = CARTESIAN_POINT('',(-6.28318530718,-6.));
#199 = VECTOR('',#200,1.);
#200 = DIRECTION('',(1.,-0.));
#201 = ( GEOMETRIC_REPRESENTATION_CONTEXT(2) 
PARAMETRIC_REPRESENTATION_CONTEXT() REPRESENTATION_CONTEXT('2D SPACE',''
  ) );
#202 = PCURVE('',#203,#208);
#203 = PLANE('',#204);
#204 = AXIS2_PLACEMENT_3D('',#205,#206,#207);
#205 = CARTESIAN_POINT('',(20.8000001,0.,6.));
#206 = DIRECTION('',(0.,0.,1.));
#207 = DIRECTION('',(1.,0.,0.));
#208 = DEFINITIONAL_REPRESENTATION('',(#209),#217);
#209 = ( BOUNDED_CURVE() B_SPLINE_CURVE(2,(#210,#211,#212,#213,#214,#215
,#216),.UNSPECIFIED.,.T.,.F.) B_SPLINE_CURVE_WITH_KNOTS((1,2,2,2,2,1),(
    -2.094395102393,0.,2.094395102393,4.188790204786,6.28318530718,
8.377580409573),.UNSPECIFIED.) CURVE() GEOMETRIC_REPRESENTATION_ITEM() 
RATIONAL_B_SPLINE_CURVE((1.,0.5,1.,0.5,1.,0.5,1.)) REPRESENTATION_ITEM(
  '') );
#210 = CARTESIAN_POINT('',(34.8,49.));
#211 = CARTESIAN_POINT('',(34.8,0.848987549585));
#212 = CARTESIAN_POINT('',(-6.9,24.924493774793));
#213 = CARTESIAN_POINT('',(-48.6,49.));
#214 = CARTESIAN_POINT('',(-6.9,73.075506225207));
#215 = CARTESIAN_POINT('',(34.8,97.151012450415));
#216 = CARTESIAN_POINT('',(34.8,49.));
#217 = ( GEOMETRIC_REPRESENTATION_CONTEXT(2) 
PARAMETRIC_REPRESENTATION_CONTEXT() REPRESENTATION_CONTEXT('2D SPACE',''
  ) );
#218 = ORIENTED_EDGE('',*,*,#219,.F.);
#219 = EDGE_CURVE('',#220,#187,#222,.T.);
#220 = VERTEX_POINT('',#221);
#221 = CARTESIAN_POINT('',(22.8000001,21.653336583781,5.846663416219));
#222 = SURFACE_CURVE('',#223,(#228,#238),.PCURVE_S1.);
#223 = ELLIPSE('',#224,39.315137033972,27.8);
#224 = AXIS2_PLACEMENT_3D('',#225,#226,#227);
#225 = CARTESIAN_POINT('',(27.8000001,49.,-21.5));
#226 = DIRECTION('',(0.,0.707106781187,0.707106781187));
#227 = DIRECTION('',(0.,0.707106781187,-0.707106781187));
#228 = PCURVE('',#32,#229);
#229 = DEFINITIONAL_REPRESENTATION('',(#230),#237);
#230 = B_SPLINE_CURVE_WITH_KNOTS('',5,(#231,#232,#233,#234,#235,#236),
  .UNSPECIFIED.,.F.,.F.,(6,6),(2.924053595109,3.007381502061),
  .PIECEWISE_BEZIER_KNOTS.);
#231 = CARTESIAN_POINT('',(-4.494849921903,-5.644796923167));
#232 = CARTESIAN_POINT('',(-4.511515503294,-5.74479041151));
#233 = CARTESIAN_POINT('',(-4.528181084684,-5.835359850865));
#234 = CARTESIAN_POINT('',(-4.544846666075,-5.916447380339));
#235 = CARTESIAN_POINT('',(-4.561512247465,-5.988006053258));
#236 = CARTESIAN_POINT('',(-4.578177828856,-6.05));
#237 = ( GEOMETRIC_REPRESENTATION_CONTEXT(2) 
PARAMETRIC_REPRESENTATION_CONTEXT() REPRESENTATION_CONTEXT('2D SPACE',''
  ) );
#238 = PCURVE('',#239,#244);
#239 = PLANE('',#240);
#240 = AXIS2_PLACEMENT_3D('',#241,#242,#243);
#241 = CARTESIAN_POINT('',(22.8000001,21.75,5.75));
#242 = DIRECTION('',(0.,0.707106781187,0.707106781187));
#243 = DIRECTION('',(-1.,-0.,0.));
#244 = DEFINITIONAL_REPRESENTATION('',(#245),#249);
#245 = ELLIPSE('',#246,39.315137033972,27.8);
#246 = AXIS2_PLACEMENT_2D('',#247,#248);
#247 = CARTESIAN_POINT('',(-5.,-38.53731957466));
#248 = DIRECTION('',(-0.,-1.));
#249 = ( GEOMETRIC_REPRESENTATION_CONTEXT(2) 
PARAMETRIC_REPRESENTATION_CONTEXT() REPRESENTATION_CONTEXT('2D SPACE',''
  ) );
#250 = ORIENTED_EDGE('',*,*,#251,.F.);
#251 = EDGE_CURVE('',#252,#220,#254,.T.);
#252 = VERTEX_POINT('',#253);
#253 = CARTESIAN_POINT('',(21.96782780077,21.818650396419,5.5));
#254 = SURFACE_CURVE('',#255,(#265,#278),.PCURVE_S1.);
#255 = B_SPLINE_CURVE_WITH_KNOTS('',8,(#256,#257,#258,#259,#260,#261,
    #262,#263,#264),.UNSPECIFIED.,.F.,.F.,(9,9),(0.,1.),
  .PIECEWISE_BEZIER_KNOTS.);
#256 = CARTESIAN_POINT('',(21.96782780077,21.818650396419,5.5));
#257 = CARTESIAN_POINT('',(22.058476357863,21.799200368685,
    5.555404009413));
#258 = CARTESIAN_POINT('',(22.151538274062,21.779593884939,
    5.608797262196));
#259 = CARTESIAN_POINT('',(22.248002638527,21.759651632955,
    5.660084450006));
#260 = CARTESIAN_POINT('',(22.348578147315,21.739276304164,
    5.708675981376));
#261 = CARTESIAN_POINT('',(22.453781785995,21.718431073308,
    5.753444823686));
#262 = CARTESIAN_POINT('',(22.563907648351,21.697132154483,
    5.792801007475));
#263 = CARTESIAN_POINT('',(22.679323579576,21.675400796622,
    5.824599203378));
#264 = CARTESIAN_POINT('',(22.8000001,21.653336583781,5.846663416219));
#265 = PCURVE('',#32,#266);
#266 = DEFINITIONAL_REPRESENTATION('',(#267),#277);
#267 = B_SPLINE_CURVE_WITH_KNOTS('',8,(#268,#269,#270,#271,#272,#273,
    #274,#275,#276),.UNSPECIFIED.,.F.,.F.,(9,9),(0.,1.),
  .PIECEWISE_BEZIER_KNOTS.);
#268 = CARTESIAN_POINT('',(-4.501028426274,-5.5));
#269 = CARTESIAN_POINT('',(-4.504363380514,-5.555404009413));
#270 = CARTESIAN_POINT('',(-4.507784395006,-5.608797262196));
#271 = CARTESIAN_POINT('',(-4.511327666721,-5.660084450006));
#272 = CARTESIAN_POINT('',(-4.515018923073,-5.708675981376));
#273 = CARTESIAN_POINT('',(-4.518876722359,-5.753444823687));
#274 = CARTESIAN_POINT('',(-4.522911413602,-5.792801007475));
#275 = CARTESIAN_POINT('',(-4.527135958656,-5.824599203378));
#276 = CARTESIAN_POINT('',(-4.531548801224,-5.846663416219));
#277 = ( GEOMETRIC_REPRESENTATION_CONTEXT(2) 
PARAMETRIC_REPRESENTATION_CONTEXT() REPRESENTATION_CONTEXT('2D SPACE',''
  ) );
#278 = PCURVE('',#279,#284);
#279 = CONICAL_SURFACE('',#280,2.,0.785398163397);
#280 = AXIS2_PLACEMENT_3D('',#281,#282,#283);
#281 = CARTESIAN_POINT('',(22.8000001,20.,5.5));
#282 = DIRECTION('',(-0.,-0.,-1.));
#283 = DIRECTION('',(-1.,0.,0.));
#284 = DEFINITIONAL_REPRESENTATION('',(#285),#295);
#285 = B_SPLINE_CURVE_WITH_KNOTS('',8,(#286,#287,#288,#289,#290,#291,
    #292,#293,#294),.UNSPECIFIED.,.F.,.F.,(9,9),(0.,1.),
  .PIECEWISE_BEZIER_KNOTS.);
#286 = CARTESIAN_POINT('',(1.141659393035,-4.929390229336E-14));
#287 = CARTESIAN_POINT('',(1.178827458033,-5.540400941329E-02));
#288 = CARTESIAN_POINT('',(1.219413925759,-0.108797262196));
#289 = CARTESIAN_POINT('',(1.264136801235,-0.160084450006));
#290 = CARTESIAN_POINT('',(1.313737165254,-0.208675981375));
#291 = CARTESIAN_POINT('',(1.368909353366,-0.253444823687));
#292 = CARTESIAN_POINT('',(1.430224828804,-0.292801007475));
#293 = CARTESIAN_POINT('',(1.497806639391,-0.324599203378));
#294 = CARTESIAN_POINT('',(1.570796326795,-0.346663416219));
#295 = ( GEOMETRIC_REPRESENTATION_CONTEXT(2) 
PARAMETRIC_REPRESENTATION_CONTEXT() REPRESENTATION_CONTEXT('2D SPACE',''
  ) );
#296 = ORIENTED_EDGE('',*,*,#297,.T.);
#297 = EDGE_CURVE('',#252,#298,#300,.T.);
#298 = VERTEX_POINT('',#299);
#299 = CARTESIAN_POINT('',(21.967827800771,21.818650396419,0.5));
#300 = SURFACE_CURVE('',#301,(#305,#312),.PCURVE_S1.);
#301 = LINE('',#302,#303);
#302 = CARTESIAN_POINT('',(21.96782780077,21.818650396419,
    1.7763568394E-15));
#303 = VECTOR('',#304,1.);
#304 = DIRECTION('',(-0.,-0.,-1.));
#305 = PCURVE('',#32,#306);
#306 = DEFINITIONAL_REPRESENTATION('',(#307),#311);
#307 = LINE('',#308,#309);
#308 = CARTESIAN_POINT('',(-4.501028426274,0.));
#309 = VECTOR('',#310,1.);
#310 = DIRECTION('',(-0.,1.));
#311 = ( GEOMETRIC_REPRESENTATION_CONTEXT(2) 
PARAMETRIC_REPRESENTATION_CONTEXT() REPRESENTATION_CONTEXT('2D SPACE',''
  ) );
#312 = PCURVE('',#313,#318);
#313 = CYLINDRICAL_SURFACE('',#314,2.);
#314 = AXIS2_PLACEMENT_3D('',#315,#316,#317);
#315 = CARTESIAN_POINT('',(22.8000001,20.,1.7763568394E-15));
#316 = DIRECTION('',(0.,0.,1.));
#317 = DIRECTION('',(-1.,-0.,0.));
#318 = DEFINITIONAL_REPRESENTATION('',(#319),#323);
#319 = LINE('',#320,#321);
#320 = CARTESIAN_POINT('',(-1.141659393035,0.));
#321 = VECTOR('',#322,1.);
#322 = DIRECTION('',(-0.,-1.));
#323 = ( GEOMETRIC_REPRESENTATION_CONTEXT(2) 
PARAMETRIC_REPRESENTATION_CONTEXT() REPRESENTATION_CONTEXT('2D SPACE',''
  ) );
#324 = ORIENTED_EDGE('',*,*,#325,.F.);
#325 = EDGE_CURVE('',#326,#298,#328,.T.);
#326 = VERTEX_POINT('',#327);
#327 = CARTESIAN_POINT('',(21.967827800771,76.181349603581,0.5));
#328 = SURFACE_CURVE('',#329,(#334,#341),.PCURVE_S1.);
#329 = CIRCLE('',#330,27.8);
#330 = AXIS2_PLACEMENT_3D('',#331,#332,#333);
#331 = CARTESIAN_POINT('',(27.8000001,49.,0.5));
#332 = DIRECTION('',(0.,0.,1.));
#333 = DIRECTION('',(1.,0.,-0.));
#334 = PCURVE('',#32,#335);
#335 = DEFINITIONAL_REPRESENTATION('',(#336),#340);
#336 = LINE('',#337,#338);
#337 = CARTESIAN_POINT('',(-0.,-0.5));
#338 = VECTOR('',#339,1.);
#339 = DIRECTION('',(-1.,0.));
#340 = ( GEOMETRIC_REPRESENTATION_CONTEXT(2) 
PARAMETRIC_REPRESENTATION_CONTEXT() REPRESENTATION_CONTEXT('2D SPACE',''
  ) );
#341 = PCURVE('',#68,#342);
#342 = DEFINITIONAL_REPRESENTATION('',(#343),#347);
#343 = LINE('',#344,#345);
#344 = CARTESIAN_POINT('',(0.,-0.));
#345 = VECTOR('',#346,1.);
#346 = DIRECTION('',(1.,-0.));
#347 = ( GEOMETRIC_REPRESENTATION_CONTEXT(2) 
PARAMETRIC_REPRESENTATION_CONTEXT() REPRESENTATION_CONTEXT('2D SPACE',''
  ) );
#348 = ORIENTED_EDGE('',*,*,#349,.F.);
#349 = EDGE_CURVE('',#350,#326,#352,.T.);
#350 = VERTEX_POINT('',#351);
#351 = CARTESIAN_POINT('',(21.96782780077,76.181349603581,5.5));
#352 = SURFACE_CURVE('',#353,(#357,#364),.PCURVE_S1.);
#353 = LINE('',#354,#355);
#354 = CARTESIAN_POINT('',(21.96782780077,76.181349603581,
    1.7763568394E-15));
#355 = VECTOR('',#356,1.);
#356 = DIRECTION('',(-0.,-0.,-1.));
#357 = PCURVE('',#32,#358);
#358 = DEFINITIONAL_REPRESENTATION('',(#359),#363);
#359 = LINE('',#360,#361);
#360 = CARTESIAN_POINT('',(-1.782156880905,0.));
#361 = VECTOR('',#362,1.);
#362 = DIRECTION('',(-0.,1.));
#363 = ( GEOMETRIC_REPRESENTATION_CONTEXT(2) 
PARAMETRIC_REPRESENTATION_CONTEXT() REPRESENTATION_CONTEXT('2D SPACE',''
  ) );
#364 = PCURVE('',#365,#370);
#365 = CYLINDRICAL_SURFACE('',#366,2.);
#366 = AXIS2_PLACEMENT_3D('',#367,#368,#369);
#367 = CARTESIAN_POINT('',(22.8000001,78.,1.7763568394E-15));
#368 = DIRECTION('',(0.,0.,1.));
#369 = DIRECTION('',(-1.,-0.,0.));
#370 = DEFINITIONAL_REPRESENTATION('',(#371),#375);
#371 = LINE('',#372,#373);
#372 = CARTESIAN_POINT('',(1.141659393035,0.));
#373 = VECTOR('',#374,1.);
#374 = DIRECTION('',(0.,-1.));
#375 = ( GEOMETRIC_REPRESENTATION_CONTEXT(2) 
PARAMETRIC_REPRESENTATION_CONTEXT() REPRESENTATION_CONTEXT('2D SPACE',''
  ) );
#376 = ORIENTED_EDGE('',*,*,#377,.F.);
#377 = EDGE_CURVE('',#378,#350,#380,.T.);
#378 = VERTEX_POINT('',#379);
#379 = CARTESIAN_POINT('',(22.8000001,76.346663416219,5.846663416219));
#380 = SURFACE_CURVE('',#381,(#391,#404),.PCURVE_S1.);
#381 = B_SPLINE_CURVE_WITH_KNOTS('',8,(#382,#383,#384,#385,#386,#387,
    #388,#389,#390),.UNSPECIFIED.,.F.,.F.,(9,9),(0.,1.),
  .PIECEWISE_BEZIER_KNOTS.);
#382 = CARTESIAN_POINT('',(22.8000001,76.346663416219,5.846663416219));
#383 = CARTESIAN_POINT('',(22.679313427579,76.32459734721,5.824597347211
    ));
#384 = CARTESIAN_POINT('',(22.563892396822,76.302864949947,5.79279639582
    ));
#385 = CARTESIAN_POINT('',(22.453767454291,76.281566095473,
    5.753438778764));
#386 = CARTESIAN_POINT('',(22.348564389441,76.260720940731,
    5.708669792444));
#387 = CARTESIAN_POINT('',(22.247991532385,76.24034607546,5.660078553124
    ));
#388 = CARTESIAN_POINT('',(22.15152984104,76.22040434526,5.608792502458)
  );
#389 = CARTESIAN_POINT('',(22.058471654489,76.200798622135,
    5.555401134731));
#390 = CARTESIAN_POINT('',(21.96782780077,76.181349603581,5.5));
#391 = PCURVE('',#32,#392);
#392 = DEFINITIONAL_REPRESENTATION('',(#393),#403);
#393 = B_SPLINE_CURVE_WITH_KNOTS('',8,(#394,#395,#396,#397,#398,#399,
    #400,#401,#402),.UNSPECIFIED.,.F.,.F.,(9,9),(0.,1.),
  .PIECEWISE_BEZIER_KNOTS.);
#394 = CARTESIAN_POINT('',(-1.751636505955,-5.846663416219));
#395 = CARTESIAN_POINT('',(-1.756049719757,-5.824597347211));
#396 = CARTESIAN_POINT('',(-1.760274451981,-5.79279639582));
#397 = CARTESIAN_POINT('',(-1.764309110295,-5.753438778764));
#398 = CARTESIAN_POINT('',(-1.768166888818,-5.708669792444));
#399 = CARTESIAN_POINT('',(-1.771858048365,-5.660078553124));
#400 = CARTESIAN_POINT('',(-1.775401222127,-5.608792502458));
#401 = CARTESIAN_POINT('',(-1.778822099703,-5.555401134731));
#402 = CARTESIAN_POINT('',(-1.782156880905,-5.5));
#403 = ( GEOMETRIC_REPRESENTATION_CONTEXT(2) 
PARAMETRIC_REPRESENTATION_CONTEXT() REPRESENTATION_CONTEXT('2D SPACE',''
  ) );
#404 = PCURVE('',#405,#410);
#405 = CONICAL_SURFACE('',#406,2.,0.785398163397);
#406 = AXIS2_PLACEMENT_3D('',#407,#408,#409);
#407 = CARTESIAN_POINT('',(22.8000001,78.,5.5));
#408 = DIRECTION('',(-0.,-0.,-1.));
#409 = DIRECTION('',(0.,-1.,0.));
#410 = DEFINITIONAL_REPRESENTATION('',(#411),#421);
#411 = B_SPLINE_CURVE_WITH_KNOTS('',8,(#412,#413,#414,#415,#416,#417,
    #418,#419,#420),.UNSPECIFIED.,.F.,.F.,(9,9),(0.,1.),
  .PIECEWISE_BEZIER_KNOTS.);
#412 = CARTESIAN_POINT('',(0.,-0.346663416219));
#413 = CARTESIAN_POINT('',(7.299582771314E-02,-0.324597347211));
#414 = CARTESIAN_POINT('',(0.140580341166,-0.29279639582));
#415 = CARTESIAN_POINT('',(0.201894596682,-0.253438778764));
#416 = CARTESIAN_POINT('',(0.257066115897,-0.208669792443));
#417 = CARTESIAN_POINT('',(0.30666474404,-0.160078553125));
#418 = CARTESIAN_POINT('',(0.351386113712,-0.108792502458));
#419 = CARTESIAN_POINT('',(0.391970797257,-5.540113473132E-02));
#420 = CARTESIAN_POINT('',(0.42913693376,0.));
#421 = ( GEOMETRIC_REPRESENTATION_CONTEXT(2) 
PARAMETRIC_REPRESENTATION_CONTEXT() REPRESENTATION_CONTEXT('2D SPACE',''
  ) );
#422 = ORIENTED_EDGE('',*,*,#423,.T.);
#423 = EDGE_CURVE('',#378,#424,#426,.T.);
#424 = VERTEX_POINT('',#425);
#425 = CARTESIAN_POINT('',(23.726917729117,76.5,6.));
#426 = SURFACE_CURVE('',#427,(#432,#442),.PCURVE_S1.);
#427 = ELLIPSE('',#428,39.315137033972,27.8);
#428 = AXIS2_PLACEMENT_3D('',#429,#430,#431);
#429 = CARTESIAN_POINT('',(27.8000001,49.,-21.5));
#430 = DIRECTION('',(0.,0.707106781187,-0.707106781187));
#431 = DIRECTION('',(0.,-0.707106781187,-0.707106781187));
#432 = PCURVE('',#32,#433);
#433 = DEFINITIONAL_REPRESENTATION('',(#434),#441);
#434 = B_SPLINE_CURVE_WITH_KNOTS('',5,(#435,#436,#437,#438,#439,#440),
  .UNSPECIFIED.,.F.,.F.,(6,6),(2.924053595109,3.007381502061),
  .PIECEWISE_BEZIER_KNOTS.);
#435 = CARTESIAN_POINT('',(-1.788335385276,-5.644796923167));
#436 = CARTESIAN_POINT('',(-1.771669803886,-5.74479041151));
#437 = CARTESIAN_POINT('',(-1.755004222495,-5.835359850865));
#438 = CARTESIAN_POINT('',(-1.738338641105,-5.916447380339));
#439 = CARTESIAN_POINT('',(-1.721673059714,-5.988006053258));
#440 = CARTESIAN_POINT('',(-1.705007478324,-6.05));
#441 = ( GEOMETRIC_REPRESENTATION_CONTEXT(2) 
PARAMETRIC_REPRESENTATION_CONTEXT() REPRESENTATION_CONTEXT('2D SPACE',''
  ) );
#442 = PCURVE('',#443,#448);
#443 = PLANE('',#444);
#444 = AXIS2_PLACEMENT_3D('',#445,#446,#447);
#445 = CARTESIAN_POINT('',(32.8000001,76.25,5.75));
#446 = DIRECTION('',(0.,0.707106781187,-0.707106781187));
#447 = DIRECTION('',(-1.,0.,-0.));
#448 = DEFINITIONAL_REPRESENTATION('',(#449),#453);
#449 = ELLIPSE('',#450,39.315137033972,27.8);
#450 = AXIS2_PLACEMENT_2D('',#451,#452);
#451 = CARTESIAN_POINT('',(5.,-38.53731957466));
#452 = DIRECTION('',(0.,-1.));
#453 = ( GEOMETRIC_REPRESENTATION_CONTEXT(2) 
PARAMETRIC_REPRESENTATION_CONTEXT() REPRESENTATION_CONTEXT('2D SPACE',''
  ) );
#454 = ORIENTED_EDGE('',*,*,#455,.T.);
#455 = EDGE_CURVE('',#424,#456,#458,.T.);
#456 = VERTEX_POINT('',#457);
#457 = CARTESIAN_POINT('',(31.873082470883,76.5,6.));
#458 = SURFACE_CURVE('',#459,(#464,#471),.PCURVE_S1.);
#459 = CIRCLE('',#460,27.8);
#460 = AXIS2_PLACEMENT_3D('',#461,#462,#463);
#461 = CARTESIAN_POINT('',(27.8000001,49.,6.));
#462 = DIRECTION('',(0.,0.,-1.));
#463 = DIRECTION('',(1.,0.,0.));
#464 = PCURVE('',#32,#465);
#465 = DEFINITIONAL_REPRESENTATION('',(#466),#470);
#466 = LINE('',#467,#468);
#467 = CARTESIAN_POINT('',(-6.28318530718,-6.));
#468 = VECTOR('',#469,1.);
#469 = DIRECTION('',(1.,-0.));
#470 = ( GEOMETRIC_REPRESENTATION_CONTEXT(2) 
PARAMETRIC_REPRESENTATION_CONTEXT() REPRESENTATION_CONTEXT('2D SPACE',''
  ) );
#471 = PCURVE('',#472,#477);
#472 = PLANE('',#473);
#473 = AXIS2_PLACEMENT_3D('',#474,#475,#476);
#474 = CARTESIAN_POINT('',(20.8000001,76.,6.));
#475 = DIRECTION('',(0.,0.,1.));
#476 = DIRECTION('',(1.,0.,0.));
#477 = DEFINITIONAL_REPRESENTATION('',(#478),#486);
#478 = ( BOUNDED_CURVE() B_SPLINE_CURVE(2,(#479,#480,#481,#482,#483,#484
,#485),.UNSPECIFIED.,.T.,.F.) B_SPLINE_CURVE_WITH_KNOTS((1,2,2,2,2,1),(
    -2.094395102393,0.,2.094395102393,4.188790204786,6.28318530718,
8.377580409573),.UNSPECIFIED.) CURVE() GEOMETRIC_REPRESENTATION_ITEM() 
RATIONAL_B_SPLINE_CURVE((1.,0.5,1.,0.5,1.,0.5,1.)) REPRESENTATION_ITEM(
  '') );
#479 = CARTESIAN_POINT('',(34.8,-27.));
#480 = CARTESIAN_POINT('',(34.8,-75.15101245041));
#481 = CARTESIAN_POINT('',(-6.9,-51.0755062252));
#482 = CARTESIAN_POINT('',(-48.6,-27.));
#483 = CARTESIAN_POINT('',(-6.9,-2.924493774793));
#484 = CARTESIAN_POINT('',(34.8,21.151012450415));
#485 = CARTESIAN_POINT('',(34.8,-27.));
#486 = ( GEOMETRIC_REPRESENTATION_CONTEXT(2) 
PARAMETRIC_REPRESENTATION_CONTEXT() REPRESENTATION_CONTEXT('2D SPACE',''
  ) );
#487 = ORIENTED_EDGE('',*,*,#488,.T.);
#488 = EDGE_CURVE('',#456,#489,#491,.T.);
#489 = VERTEX_POINT('',#490);
#490 = CARTESIAN_POINT('',(32.8000001,76.346663416219,5.846663416219));
#491 = SURFACE_CURVE('',#492,(#497,#507),.PCURVE_S1.);
#492 = ELLIPSE('',#493,39.315137033972,27.8);
#493 = AXIS2_PLACEMENT_3D('',#494,#495,#496);
#494 = CARTESIAN_POINT('',(27.8000001,49.,-21.5));
#495 = DIRECTION('',(0.,0.707106781187,-0.707106781187));
#496 = DIRECTION('',(0.,-0.707106781187,-0.707106781187));
#497 = PCURVE('',#32,#498);
#498 = DEFINITIONAL_REPRESENTATION('',(#499),#506);
#499 = B_SPLINE_CURVE_WITH_KNOTS('',5,(#500,#501,#502,#503,#504,#505),
  .UNSPECIFIED.,.F.,.F.,(6,6),(3.275803805119,3.359131712071),
  .PIECEWISE_BEZIER_KNOTS.);
#500 = CARTESIAN_POINT('',(-1.436585175266,-6.05));
#501 = CARTESIAN_POINT('',(-1.419919593875,-5.988006053258));
#502 = CARTESIAN_POINT('',(-1.403254012485,-5.916447380339));
#503 = CARTESIAN_POINT('',(-1.386588431095,-5.835359850865));
#504 = CARTESIAN_POINT('',(-1.369922849704,-5.74479041151));
#505 = CARTESIAN_POINT('',(-1.353257268314,-5.644796923167));
#506 = ( GEOMETRIC_REPRESENTATION_CONTEXT(2) 
PARAMETRIC_REPRESENTATION_CONTEXT() REPRESENTATION_CONTEXT('2D SPACE',''
  ) );
#507 = PCURVE('',#508,#513);
#508 = PLANE('',#509);
#509 = AXIS2_PLACEMENT_3D('',#510,#511,#512);
#510 = CARTESIAN_POINT('',(32.8000001,76.25,5.75));
#511 = DIRECTION('',(0.,0.707106781187,-0.707106781187));
#512 = DIRECTION('',(-1.,0.,-0.));
#513 = DEFINITIONAL_REPRESENTATION('',(#514),#518);
#514 = ELLIPSE('',#515,39.315137033972,27.8);
#515 = AXIS2_PLACEMENT_2D('',#516,#517);
#516 = CARTESIAN_POINT('',(5.,-38.53731957466));
#517 = DIRECTION('',(0.,-1.));
#518 = ( GEOMETRIC_REPRESENTATION_CONTEXT(2) 
PARAMETRIC_REPRESENTATION_CONTEXT() REPRESENTATION_CONTEXT('2D SPACE',''
  ) );
#519 = ORIENTED_EDGE('',*,*,#520,.F.);
#520 = EDGE_CURVE('',#521,#489,#523,.T.);
#521 = VERTEX_POINT('',#522);
#522 = CARTESIAN_POINT('',(33.63217239923,76.181349603581,5.5));
#523 = SURFACE_CURVE('',#524,(#534,#547),.PCURVE_S1.);
#524 = B_SPLINE_CURVE_WITH_KNOTS('',8,(#525,#526,#527,#528,#529,#530,
    #531,#532,#533),.UNSPECIFIED.,.F.,.F.,(9,9),(0.,1.),
  .PIECEWISE_BEZIER_KNOTS.);
#525 = CARTESIAN_POINT('',(33.63217239923,76.181349603581,5.5));
#526 = CARTESIAN_POINT('',(33.541526293165,76.20079910541,5.555402511356
    ));
#527 = CARTESIAN_POINT('',(33.448469658859,76.22040447178,5.608792670434
    ));
#528 = CARTESIAN_POINT('',(33.352011250391,76.240345544742,5.66007730208
    ));
#529 = CARTESIAN_POINT('',(33.251437999996,76.260720469026,
    5.708668182513));
#530 = CARTESIAN_POINT('',(33.146235607076,76.281565606728,
    5.753438773687));
#531 = CARTESIAN_POINT('',(33.03610406675,76.30286565957,5.792797535535)
  );
#532 = CARTESIAN_POINT('',(32.920684591985,76.324597745876,
    5.824597745876));
#533 = CARTESIAN_POINT('',(32.8000001,76.346663416219,5.846663416219));
#534 = PCURVE('',#32,#535);
#535 = DEFINITIONAL_REPRESENTATION('',(#536),#546);
#536 = B_SPLINE_CURVE_WITH_KNOTS('',8,(#537,#538,#539,#540,#541,#542,
    #543,#544,#545),.UNSPECIFIED.,.F.,.F.,(9,9),(0.,1.),
  .PIECEWISE_BEZIER_KNOTS.);
#537 = CARTESIAN_POINT('',(-1.359435772684,-5.5));
#538 = CARTESIAN_POINT('',(-1.362770636751,-5.555402511356));
#539 = CARTESIAN_POINT('',(-1.366191457046,-5.608792670434));
#540 = CARTESIAN_POINT('',(-1.369734510366,-5.66007730208));
#541 = CARTESIAN_POINT('',(-1.373425684245,-5.708668182513));
#542 = CARTESIAN_POINT('',(-1.377283438896,-5.753438773688));
#543 = CARTESIAN_POINT('',(-1.381318338412,-5.792797535535));
#544 = CARTESIAN_POINT('',(-1.385543013566,-5.824597745876));
#545 = CARTESIAN_POINT('',(-1.389956147634,-5.846663416219));
#546 = ( GEOMETRIC_REPRESENTATION_CONTEXT(2) 
PARAMETRIC_REPRESENTATION_CONTEXT() REPRESENTATION_CONTEXT('2D SPACE',''
  ) );
#547 = PCURVE('',#548,#553);
#548 = CONICAL_SURFACE('',#549,2.,0.785398163397);
#549 = AXIS2_PLACEMENT_3D('',#550,#551,#552);
#550 = CARTESIAN_POINT('',(32.8000001,78.,5.5));
#551 = DIRECTION('',(-0.,-0.,-1.));
#552 = DIRECTION('',(1.,0.,0.));
#553 = DEFINITIONAL_REPRESENTATION('',(#554),#564);
#554 = B_SPLINE_CURVE_WITH_KNOTS('',8,(#555,#556,#557,#558,#559,#560,
    #561,#562,#563),.UNSPECIFIED.,.F.,.F.,(9,9),(0.,1.),
  .PIECEWISE_BEZIER_KNOTS.);
#555 = CARTESIAN_POINT('',(1.141659393035,-5.861977570021E-14));
#556 = CARTESIAN_POINT('',(1.178826453053,-5.540251135563E-02));
#557 = CARTESIAN_POINT('',(1.219410631747,-0.108792670434));
#558 = CARTESIAN_POINT('',(1.264130460389,-0.16007730208));
#559 = CARTESIAN_POINT('',(1.313729184191,-0.208668182513));
#560 = CARTESIAN_POINT('',(1.368899796191,-0.253438773688));
#561 = CARTESIAN_POINT('',(1.430218147824,-0.292797535535));
#562 = CARTESIAN_POINT('',(1.497801817891,-0.324597745876));
#563 = CARTESIAN_POINT('',(1.570796326795,-0.346663416219));
#564 = ( GEOMETRIC_REPRESENTATION_CONTEXT(2) 
PARAMETRIC_REPRESENTATION_CONTEXT() REPRESENTATION_CONTEXT('2D SPACE',''
  ) );
#565 = ORIENTED_EDGE('',*,*,#566,.T.);
#566 = EDGE_CURVE('',#521,#567,#569,.T.);
#567 = VERTEX_POINT('',#568);
#568 = CARTESIAN_POINT('',(33.632172399229,76.181349603581,0.5));
#569 = SURFACE_CURVE('',#570,(#574,#581),.PCURVE_S1.);
#570 = LINE('',#571,#572);
#571 = CARTESIAN_POINT('',(33.63217239923,76.181349603581,
    1.7763568394E-15));
#572 = VECTOR('',#573,1.);
#573 = DIRECTION('',(-0.,-0.,-1.));
#574 = PCURVE('',#32,#575);
#575 = DEFINITIONAL_REPRESENTATION('',(#576),#580);
#576 = LINE('',#577,#578);
#577 = CARTESIAN_POINT('',(-1.359435772684,0.));
#578 = VECTOR('',#579,1.);
#579 = DIRECTION('',(-0.,1.));
#580 = ( GEOMETRIC_REPRESENTATION_CONTEXT(2) 
PARAMETRIC_REPRESENTATION_CONTEXT() REPRESENTATION_CONTEXT('2D SPACE',''
  ) );
#581 = PCURVE('',#582,#587);
#582 = CYLINDRICAL_SURFACE('',#583,2.);
#583 = AXIS2_PLACEMENT_3D('',#584,#585,#586);
#584 = CARTESIAN_POINT('',(32.8000001,78.,1.7763568394E-15));
#585 = DIRECTION('',(0.,0.,1.));
#586 = DIRECTION('',(1.,0.,-0.));
#587 = DEFINITIONAL_REPRESENTATION('',(#588),#592);
#588 = LINE('',#589,#590);
#589 = CARTESIAN_POINT('',(-1.141659393035,0.));
#590 = VECTOR('',#591,1.);
#591 = DIRECTION('',(-0.,-1.));
#592 = ( GEOMETRIC_REPRESENTATION_CONTEXT(2) 
PARAMETRIC_REPRESENTATION_CONTEXT() REPRESENTATION_CONTEXT('2D SPACE',''
  ) );
#593 = ORIENTED_EDGE('',*,*,#594,.F.);
#594 = EDGE_CURVE('',#22,#567,#595,.T.);
#595 = SURFACE_CURVE('',#596,(#601,#608),.PCURVE_S1.);
#596 = CIRCLE('',#597,27.8);
#597 = AXIS2_PLACEMENT_3D('',#598,#599,#600);
#598 = CARTESIAN_POINT('',(27.8000001,49.,0.5));
#599 = DIRECTION('',(0.,0.,1.));
#600 = DIRECTION('',(1.,0.,-0.));
#601 = PCURVE('',#32,#602);
#602 = DEFINITIONAL_REPRESENTATION('',(#603),#607);
#603 = LINE('',#604,#605);
#604 = CARTESIAN_POINT('',(-0.,-0.5));
#605 = VECTOR('',#606,1.);
#606 = DIRECTION('',(-1.,0.));
#607 = ( GEOMETRIC_REPRESENTATION_CONTEXT(2) 
PARAMETRIC_REPRESENTATION_CONTEXT() REPRESENTATION_CONTEXT('2D SPACE',''
  ) );
#608 = PCURVE('',#68,#609);
#609 = DEFINITIONAL_REPRESENTATION('',(#610),#614);
#610 = LINE('',#611,#612);
#611 = CARTESIAN_POINT('',(0.,-0.));
#612 = VECTOR('',#613,1.);
#613 = DIRECTION('',(1.,-0.));
#614 = ( GEOMETRIC_REPRESENTATION_CONTEXT(2) 
PARAMETRIC_REPRESENTATION_CONTEXT() REPRESENTATION_CONTEXT('2D SPACE',''
  ) );
#615 = ORIENTED_EDGE('',*,*,#21,.T.);
#616 = ORIENTED_EDGE('',*,*,#617,.T.);
#617 = EDGE_CURVE('',#24,#24,#618,.T.);
#618 = SURFACE_CURVE('',#619,(#624,#631),.PCURVE_S1.);
#619 = CIRCLE('',#620,27.8);
#620 = AXIS2_PLACEMENT_3D('',#621,#622,#623);
#621 = CARTESIAN_POINT('',(27.8000001,49.,78.6));
#622 = DIRECTION('',(0.,0.,1.));
#623 = DIRECTION('',(1.,0.,-0.));
#624 = PCURVE('',#32,#625);
#625 = DEFINITIONAL_REPRESENTATION('',(#626),#630);
#626 = LINE('',#627,#628);
#627 = CARTESIAN_POINT('',(-0.,-78.6));
#628 = VECTOR('',#629,1.);
#629 = DIRECTION('',(-1.,0.));
#630 = ( GEOMETRIC_REPRESENTATION_CONTEXT(2) 
PARAMETRIC_REPRESENTATION_CONTEXT() REPRESENTATION_CONTEXT('2D SPACE',''
  ) );
#631 = PCURVE('',#632,#637);
#632 = TOROIDAL_SURFACE('',#633,27.,0.8);
#633 = AXIS2_PLACEMENT_3D('',#634,#635,#636);
#634 = CARTESIAN_POINT('',(27.8000001,49.,78.6));
#635 = DIRECTION('',(0.,0.,1.));
#636 = DIRECTION('',(1.,0.,-0.));
#637 = DEFINITIONAL_REPRESENTATION('',(#638),#642);
#638 = LINE('',#639,#640);
#639 = CARTESIAN_POINT('',(0.,0.));
#640 = VECTOR('',#641,1.);
#641 = DIRECTION('',(1.,0.));
#642 = ( GEOMETRIC_REPRESENTATION_CONTEXT(2) 
PARAMETRIC_REPRESENTATION_CONTEXT() REPRESENTATION_CONTEXT('2D SPACE',''
  ) );
#643 = ADVANCED_FACE('',(#644),#632,.T.);
#644 = FACE_BOUND('',#645,.T.);
#645 = EDGE_LOOP('',(#646,#670,#671,#672));
#646 = ORIENTED_EDGE('',*,*,#647,.F.);
#647 = EDGE_CURVE('',#24,#648,#650,.T.);
#648 = VERTEX_POINT('',#649);
#649 = CARTESIAN_POINT('',(54.8000001,49.,79.4));
#650 = SEAM_CURVE('',#651,(#656,#663),.PCURVE_S1.);
#651 = CIRCLE('',#652,0.8);
#652 = AXIS2_PLACEMENT_3D('',#653,#654,#655);
#653 = CARTESIAN_POINT('',(54.8000001,49.,78.6));
#654 = DIRECTION('',(0.,-1.,0.));
#655 = DIRECTION('',(1.,0.,0.));
#656 = PCURVE('',#632,#657);
#657 = DEFINITIONAL_REPRESENTATION('',(#658),#662);
#658 = LINE('',#659,#660);
#659 = CARTESIAN_POINT('',(0.,0.));
#660 = VECTOR('',#661,1.);
#661 = DIRECTION('',(0.,1.));
#662 = ( GEOMETRIC_REPRESENTATION_CONTEXT(2) 
PARAMETRIC_REPRESENTATION_CONTEXT() REPRESENTATION_CONTEXT('2D SPACE',''
  ) );
#663 = PCURVE('',#632,#664);
#664 = DEFINITIONAL_REPRESENTATION('',(#665),#669);
#665 = LINE('',#666,#667);
#666 = CARTESIAN_POINT('',(6.28318530718,0.));
#667 = VECTOR('',#668,1.);
#668 = DIRECTION('',(0.,1.));
#669 = ( GEOMETRIC_REPRESENTATION_CONTEXT(2) 
PARAMETRIC_REPRESENTATION_CONTEXT() REPRESENTATION_CONTEXT('2D SPACE',''
  ) );
#670 = ORIENTED_EDGE('',*,*,#617,.T.);
#671 = ORIENTED_EDGE('',*,*,#647,.T.);
#672 = ORIENTED_EDGE('',*,*,#673,.F.);
#673 = EDGE_CURVE('',#648,#648,#674,.T.);
#674 = SURFACE_CURVE('',#675,(#680,#687),.PCURVE_S1.);
#675 = CIRCLE('',#676,27.);
#676 = AXIS2_PLACEMENT_3D('',#677,#678,#679);
#677 = CARTESIAN_POINT('',(27.8000001,49.,79.4));
#678 = DIRECTION('',(0.,0.,1.));
#679 = DIRECTION('',(1.,0.,-0.));
#680 = PCURVE('',#632,#681);
#681 = DEFINITIONAL_REPRESENTATION('',(#682),#686);
#682 = LINE('',#683,#684);
#683 = CARTESIAN_POINT('',(0.,1.570796326795));
#684 = VECTOR('',#685,1.);
#685 = DIRECTION('',(1.,0.));
#686 = ( GEOMETRIC_REPRESENTATION_CONTEXT(2) 
PARAMETRIC_REPRESENTATION_CONTEXT() REPRESENTATION_CONTEXT('2D SPACE',''
  ) );
#687 = PCURVE('',#688,#693);
#688 = PLANE('',#689);
#689 = AXIS2_PLACEMENT_3D('',#690,#691,#692);
#690 = CARTESIAN_POINT('',(27.8000001,49.,79.4));
#691 = DIRECTION('',(0.,0.,1.));
#692 = DIRECTION('',(1.,0.,-0.));
#693 = DEFINITIONAL_REPRESENTATION('',(#694),#698);
#694 = CIRCLE('',#695,27.);
#695 = AXIS2_PLACEMENT_2D('',#696,#697);
#696 = CARTESIAN_POINT('',(0.,0.));
#697 = DIRECTION('',(1.,0.));
#698 = ( GEOMETRIC_REPRESENTATION_CONTEXT(2) 
PARAMETRIC_REPRESENTATION_CONTEXT() REPRESENTATION_CONTEXT('2D SPACE',''
  ) );
#699 = ADVANCED_FACE('',(#700),#68,.T.);
#700 = FACE_BOUND('',#701,.F.);
#701 = EDGE_LOOP('',(#702,#737,#738,#761,#788,#789,#790,#825,#857,#890,
    #891,#926));
#702 = ORIENTED_EDGE('',*,*,#703,.T.);
#703 = EDGE_CURVE('',#704,#52,#706,.T.);
#704 = VERTEX_POINT('',#705);
#705 = CARTESIAN_POINT('',(32.8000001,21.828102189781,0.328102189781));
#706 = SURFACE_CURVE('',#707,(#712,#722),.PCURVE_S1.);
#707 = HYPERBOLA('',#708,19.568086263097,7.077428911688);
#708 = AXIS2_PLACEMENT_3D('',#709,#710,#711);
#709 = CARTESIAN_POINT('',(30.3000001,34.5,-14.4));
#710 = DIRECTION('',(-0.127759044313,0.741002457013,0.659236668653));
#711 = DIRECTION('',(0.11200886962,-0.649651443794,0.75193551233));
#712 = PCURVE('',#68,#713);
#713 = DEFINITIONAL_REPRESENTATION('',(#714),#721);
#714 = B_SPLINE_CURVE_WITH_KNOTS('',5,(#715,#716,#717,#718,#719,#720),
  .UNSPECIFIED.,.F.,.F.,(6,6),(4.387293575052E-02,0.158862592282),
  .PIECEWISE_BEZIER_KNOTS.);
#715 = CARTESIAN_POINT('',(4.894366865983,-0.171897810219));
#716 = CARTESIAN_POINT('',(4.900258194415,-0.157046877378));
#717 = CARTESIAN_POINT('',(4.906145564399,-0.132458739831));
#718 = CARTESIAN_POINT('',(4.912025522416,-9.811702673235E-02));
#719 = CARTESIAN_POINT('',(4.917894634353,-5.398393921008E-02));
#720 = CARTESIAN_POINT('',(4.923749534495,-1.883826428184E-12));
#721 = ( GEOMETRIC_REPRESENTATION_CONTEXT(2) 
PARAMETRIC_REPRESENTATION_CONTEXT() REPRESENTATION_CONTEXT('2D SPACE',''
  ) );
#722 = PCURVE('',#723,#728);
#723 = CONICAL_SURFACE('',#724,2.,0.785398163397);
#724 = AXIS2_PLACEMENT_3D('',#725,#726,#727);
#725 = CARTESIAN_POINT('',(32.8000001,20.,0.5));
#726 = DIRECTION('',(0.,0.,1.));
#727 = DIRECTION('',(0.,1.,0.));
#728 = DEFINITIONAL_REPRESENTATION('',(#729),#736);
#729 = B_SPLINE_CURVE_WITH_KNOTS('',5,(#730,#731,#732,#733,#734,#735),
  .UNSPECIFIED.,.F.,.F.,(6,6),(4.387293575052E-02,0.158862592282),
  .PIECEWISE_BEZIER_KNOTS.);
#730 = CARTESIAN_POINT('',(-1.554711196632E-14,-0.171897810219));
#731 = CARTESIAN_POINT('',(-8.903562658907E-02,-0.157046877378));
#732 = CARTESIAN_POINT('',(-0.177167963322,-0.132458739831));
#733 = CARTESIAN_POINT('',(-0.263625704728,-9.811702673242E-02));
#734 = CARTESIAN_POINT('',(-0.347753821789,-5.398393921015E-02));
#735 = CARTESIAN_POINT('',(-0.429136933757,-1.946443006773E-12));
#736 = ( GEOMETRIC_REPRESENTATION_CONTEXT(2) 
PARAMETRIC_REPRESENTATION_CONTEXT() REPRESENTATION_CONTEXT('2D SPACE',''
  ) );
#737 = ORIENTED_EDGE('',*,*,#51,.T.);
#738 = ORIENTED_EDGE('',*,*,#739,.T.);
#739 = EDGE_CURVE('',#22,#740,#742,.T.);
#740 = VERTEX_POINT('',#741);
#741 = CARTESIAN_POINT('',(55.1000001,49.,1.7763568394E-15));
#742 = SEAM_CURVE('',#743,(#747,#754),.PCURVE_S1.);
#743 = LINE('',#744,#745);
#744 = CARTESIAN_POINT('',(55.6000001,49.,0.5));
#745 = VECTOR('',#746,1.);
#746 = DIRECTION('',(-0.707106781187,-0.,-0.707106781187));
#747 = PCURVE('',#68,#748);
#748 = DEFINITIONAL_REPRESENTATION('',(#749),#753);
#749 = LINE('',#750,#751);
#750 = CARTESIAN_POINT('',(0.,-0.));
#751 = VECTOR('',#752,1.);
#752 = DIRECTION('',(0.,-1.));
#753 = ( GEOMETRIC_REPRESENTATION_CONTEXT(2) 
PARAMETRIC_REPRESENTATION_CONTEXT() REPRESENTATION_CONTEXT('2D SPACE',''
  ) );
#754 = PCURVE('',#68,#755);
#755 = DEFINITIONAL_REPRESENTATION('',(#756),#760);
#756 = LINE('',#757,#758);
#757 = CARTESIAN_POINT('',(6.28318530718,-0.));
#758 = VECTOR('',#759,1.);
#759 = DIRECTION('',(0.,-1.));
#760 = ( GEOMETRIC_REPRESENTATION_CONTEXT(2) 
PARAMETRIC_REPRESENTATION_CONTEXT() REPRESENTATION_CONTEXT('2D SPACE',''
  ) );
#761 = ORIENTED_EDGE('',*,*,#762,.F.);
#762 = EDGE_CURVE('',#740,#740,#763,.T.);
#763 = SURFACE_CURVE('',#764,(#769,#776),.PCURVE_S1.);
#764 = CIRCLE('',#765,27.3);
#765 = AXIS2_PLACEMENT_3D('',#766,#767,#768);
#766 = CARTESIAN_POINT('',(27.8000001,49.,1.7763568394E-15));
#767 = DIRECTION('',(0.,0.,1.));
#768 = DIRECTION('',(1.,0.,-0.));
#769 = PCURVE('',#68,#770);
#770 = DEFINITIONAL_REPRESENTATION('',(#771),#775);
#771 = LINE('',#772,#773);
#772 = CARTESIAN_POINT('',(0.,-0.5));
#773 = VECTOR('',#774,1.);
#774 = DIRECTION('',(1.,-0.));
#775 = ( GEOMETRIC_REPRESENTATION_CONTEXT(2) 
PARAMETRIC_REPRESENTATION_CONTEXT() REPRESENTATION_CONTEXT('2D SPACE',''
  ) );
#776 = PCURVE('',#777,#782);
#777 = PLANE('',#778);
#778 = AXIS2_PLACEMENT_3D('',#779,#780,#781);
#779 = CARTESIAN_POINT('',(27.8000001,49.,1.7763568394E-15));
#780 = DIRECTION('',(0.,0.,1.));
#781 = DIRECTION('',(1.,0.,-0.));
#782 = DEFINITIONAL_REPRESENTATION('',(#783),#787);
#783 = CIRCLE('',#784,27.3);
#784 = AXIS2_PLACEMENT_2D('',#785,#786);
#785 = CARTESIAN_POINT('',(0.,0.));
#786 = DIRECTION('',(1.,0.));
#787 = ( GEOMETRIC_REPRESENTATION_CONTEXT(2) 
PARAMETRIC_REPRESENTATION_CONTEXT() REPRESENTATION_CONTEXT('2D SPACE',''
  ) );
#788 = ORIENTED_EDGE('',*,*,#739,.F.);
#789 = ORIENTED_EDGE('',*,*,#594,.T.);
#790 = ORIENTED_EDGE('',*,*,#791,.T.);
#791 = EDGE_CURVE('',#567,#792,#794,.T.);
#792 = VERTEX_POINT('',#793);
#793 = CARTESIAN_POINT('',(32.8000001,76.171897810219,0.328102189781));
#794 = SURFACE_CURVE('',#795,(#800,#810),.PCURVE_S1.);
#795 = HYPERBOLA('',#796,19.568086263097,7.077428911688);
#796 = AXIS2_PLACEMENT_3D('',#797,#798,#799);
#797 = CARTESIAN_POINT('',(30.3000001,63.5,-14.4));
#798 = DIRECTION('',(-0.127759044313,-0.741002457013,0.659236668653));
#799 = DIRECTION('',(0.11200886962,0.649651443794,0.75193551233));
#800 = PCURVE('',#68,#801);
#801 = DEFINITIONAL_REPRESENTATION('',(#802),#809);
#802 = B_SPLINE_CURVE_WITH_KNOTS('',5,(#803,#804,#805,#806,#807,#808),
  .UNSPECIFIED.,.F.,.F.,(6,6),(-0.158862592283,-4.387293575052E-02),
  .PIECEWISE_BEZIER_KNOTS.);
#803 = CARTESIAN_POINT('',(1.359435772684,1.358912982141E-13));
#804 = CARTESIAN_POINT('',(1.365290672826,-5.398393920876E-02));
#805 = CARTESIAN_POINT('',(1.371159784763,-9.811702673157E-02));
#806 = CARTESIAN_POINT('',(1.377039742781,-0.13245873983));
#807 = CARTESIAN_POINT('',(1.382927112765,-0.157046877378));
#808 = CARTESIAN_POINT('',(1.388818441196,-0.171897810219));
#809 = ( GEOMETRIC_REPRESENTATION_CONTEXT(2) 
PARAMETRIC_REPRESENTATION_CONTEXT() REPRESENTATION_CONTEXT('2D SPACE',''
  ) );
#810 = PCURVE('',#811,#816);
#811 = CONICAL_SURFACE('',#812,2.,0.785398163397);
#812 = AXIS2_PLACEMENT_3D('',#813,#814,#815);
#813 = CARTESIAN_POINT('',(32.8000001,78.,0.5));
#814 = DIRECTION('',(0.,0.,1.));
#815 = DIRECTION('',(1.,0.,-0.));
#816 = DEFINITIONAL_REPRESENTATION('',(#817),#824);
#817 = B_SPLINE_CURVE_WITH_KNOTS('',5,(#818,#819,#820,#821,#822,#823),
  .UNSPECIFIED.,.F.,.F.,(6,6),(-0.158862592283,-4.387293575052E-02),
  .PIECEWISE_BEZIER_KNOTS.);
#818 = CARTESIAN_POINT('',(-1.141659393035,7.216449660064E-14));
#819 = CARTESIAN_POINT('',(-1.223042505003,-5.398393920883E-02));
#820 = CARTESIAN_POINT('',(-1.307170622065,-9.811702673165E-02));
#821 = CARTESIAN_POINT('',(-1.393628363472,-0.13245873983));
#822 = CARTESIAN_POINT('',(-1.481760700205,-0.157046877378));
#823 = CARTESIAN_POINT('',(-1.570796326795,-0.171897810219));
#824 = ( GEOMETRIC_REPRESENTATION_CONTEXT(2) 
PARAMETRIC_REPRESENTATION_CONTEXT() REPRESENTATION_CONTEXT('2D SPACE',''
  ) );
#825 = ORIENTED_EDGE('',*,*,#826,.T.);
#826 = EDGE_CURVE('',#792,#827,#829,.T.);
#827 = VERTEX_POINT('',#828);
#828 = CARTESIAN_POINT('',(22.8000001,76.171897810219,0.328102189781));
#829 = SURFACE_CURVE('',#830,(#835,#845),.PCURVE_S1.);
#830 = PARABOLA('',#831,19.374725804511);
#831 = AXIS2_PLACEMENT_3D('',#832,#833,#834);
#832 = CARTESIAN_POINT('',(27.8000001,76.4,0.1));
#833 = DIRECTION('',(0.,-0.707106781187,-0.707106781187));
#834 = DIRECTION('',(0.,-0.707106781187,0.707106781187));
#835 = PCURVE('',#68,#836);
#836 = DEFINITIONAL_REPRESENTATION('',(#837),#844);
#837 = B_SPLINE_CURVE_WITH_KNOTS('',5,(#838,#839,#840,#841,#842,#843),
  .UNSPECIFIED.,.F.,.F.,(6,6),(-6.,6.),.PIECEWISE_BEZIER_KNOTS.);
#838 = CARTESIAN_POINT('',(1.352687009908,-7.153284671533E-02));
#839 = CARTESIAN_POINT('',(1.439240658429,-0.334306569343));
#840 = CARTESIAN_POINT('',(1.52681955049,-0.465693430657));
#841 = CARTESIAN_POINT('',(1.6147731031,-0.465693430657));
#842 = CARTESIAN_POINT('',(1.702351995161,-0.334306569343));
#843 = CARTESIAN_POINT('',(1.788905643681,-7.153284671532E-02));
#844 = ( GEOMETRIC_REPRESENTATION_CONTEXT(2) 
PARAMETRIC_REPRESENTATION_CONTEXT() REPRESENTATION_CONTEXT('2D SPACE',''
  ) );
#845 = PCURVE('',#846,#851);
#846 = PLANE('',#847);
#847 = AXIS2_PLACEMENT_3D('',#848,#849,#850);
#848 = CARTESIAN_POINT('',(32.8000001,76.25,0.25));
#849 = DIRECTION('',(0.,-0.707106781187,-0.707106781187));
#850 = DIRECTION('',(-1.,-0.,0.));
#851 = DEFINITIONAL_REPRESENTATION('',(#852),#856);
#852 = PARABOLA('',#853,19.374725804511);
#853 = AXIS2_PLACEMENT_2D('',#854,#855);
#854 = CARTESIAN_POINT('',(5.,0.212132034356));
#855 = DIRECTION('',(0.,-1.));
#856 = ( GEOMETRIC_REPRESENTATION_CONTEXT(2) 
PARAMETRIC_REPRESENTATION_CONTEXT() REPRESENTATION_CONTEXT('2D SPACE',''
  ) );
#857 = ORIENTED_EDGE('',*,*,#858,.T.);
#858 = EDGE_CURVE('',#827,#326,#859,.T.);
#859 = SURFACE_CURVE('',#860,(#865,#875),.PCURVE_S1.);
#860 = HYPERBOLA('',#861,19.568086263097,7.077428911688);
#861 = AXIS2_PLACEMENT_3D('',#862,#863,#864);
#862 = CARTESIAN_POINT('',(25.3000001,63.5,-14.4));
#863 = DIRECTION('',(0.127759044313,-0.741002457013,0.659236668653));
#864 = DIRECTION('',(-0.11200886962,0.649651443794,0.75193551233));
#865 = PCURVE('',#68,#866);
#866 = DEFINITIONAL_REPRESENTATION('',(#867),#874);
#867 = B_SPLINE_CURVE_WITH_KNOTS('',5,(#868,#869,#870,#871,#872,#873),
  .UNSPECIFIED.,.F.,.F.,(6,6),(4.387293575052E-02,0.158862592284),
  .PIECEWISE_BEZIER_KNOTS.);
#868 = CARTESIAN_POINT('',(1.752774212393,-0.171897810219));
#869 = CARTESIAN_POINT('',(1.758665540825,-0.157046877378));
#870 = CARTESIAN_POINT('',(1.764552910809,-0.13245873983));
#871 = CARTESIAN_POINT('',(1.770432868827,-9.811702673082E-02));
#872 = CARTESIAN_POINT('',(1.776301980764,-5.398393920747E-02));
#873 = CARTESIAN_POINT('',(1.782156880906,2.121858244664E-12));
#874 = ( GEOMETRIC_REPRESENTATION_CONTEXT(2) 
PARAMETRIC_REPRESENTATION_CONTEXT() REPRESENTATION_CONTEXT('2D SPACE',''
  ) );
#875 = PCURVE('',#876,#881);
#876 = CONICAL_SURFACE('',#877,2.,0.785398163397);
#877 = AXIS2_PLACEMENT_3D('',#878,#879,#880);
#878 = CARTESIAN_POINT('',(22.8000001,78.,0.5));
#879 = DIRECTION('',(0.,0.,1.));
#880 = DIRECTION('',(0.,-1.,0.));
#881 = DEFINITIONAL_REPRESENTATION('',(#882),#889);
#882 = B_SPLINE_CURVE_WITH_KNOTS('',5,(#883,#884,#885,#886,#887,#888),
  .UNSPECIFIED.,.F.,.F.,(6,6),(4.387293575052E-02,0.158862592284),
  .PIECEWISE_BEZIER_KNOTS.);
#883 = CARTESIAN_POINT('',(-1.554711196632E-14,-0.171897810219));
#884 = CARTESIAN_POINT('',(-8.903562659039E-02,-0.157046877378));
#885 = CARTESIAN_POINT('',(-0.177167963325,-0.13245873983));
#886 = CARTESIAN_POINT('',(-0.263625704732,-9.811702673089E-02));
#887 = CARTESIAN_POINT('',(-0.347753821794,-5.398393920753E-02));
#888 = CARTESIAN_POINT('',(-0.429136933763,2.061906201334E-12));
#889 = ( GEOMETRIC_REPRESENTATION_CONTEXT(2) 
PARAMETRIC_REPRESENTATION_CONTEXT() REPRESENTATION_CONTEXT('2D SPACE',''
  ) );
#890 = ORIENTED_EDGE('',*,*,#325,.T.);
#891 = ORIENTED_EDGE('',*,*,#892,.T.);
#892 = EDGE_CURVE('',#298,#893,#895,.T.);
#893 = VERTEX_POINT('',#894);
#894 = CARTESIAN_POINT('',(22.8000001,21.828102189781,0.328102189781));
#895 = SURFACE_CURVE('',#896,(#901,#911),.PCURVE_S1.);
#896 = HYPERBOLA('',#897,19.568086263097,7.077428911688);
#897 = AXIS2_PLACEMENT_3D('',#898,#899,#900);
#898 = CARTESIAN_POINT('',(25.3000001,34.5,-14.4));
#899 = DIRECTION('',(0.127759044313,0.741002457013,0.659236668653));
#900 = DIRECTION('',(-0.11200886962,-0.649651443794,0.75193551233));
#901 = PCURVE('',#68,#902);
#902 = DEFINITIONAL_REPRESENTATION('',(#903),#910);
#903 = B_SPLINE_CURVE_WITH_KNOTS('',5,(#904,#905,#906,#907,#908,#909),
  .UNSPECIFIED.,.F.,.F.,(6,6),(-0.158862592283,-4.387293575052E-02),
  .PIECEWISE_BEZIER_KNOTS.);
#904 = CARTESIAN_POINT('',(4.501028426274,1.056932319443E-13));
#905 = CARTESIAN_POINT('',(4.506883326416,-5.398393920878E-02));
#906 = CARTESIAN_POINT('',(4.512752438353,-9.81170267316E-02));
#907 = CARTESIAN_POINT('',(4.518632396371,-0.13245873983));
#908 = CARTESIAN_POINT('',(4.524519766355,-0.157046877378));
#909 = CARTESIAN_POINT('',(4.530411094786,-0.171897810219));
#910 = ( GEOMETRIC_REPRESENTATION_CONTEXT(2) 
PARAMETRIC_REPRESENTATION_CONTEXT() REPRESENTATION_CONTEXT('2D SPACE',''
  ) );
#911 = PCURVE('',#912,#917);
#912 = CONICAL_SURFACE('',#913,2.,0.785398163397);
#913 = AXIS2_PLACEMENT_3D('',#914,#915,#916);
#914 = CARTESIAN_POINT('',(22.8000001,20.,0.5));
#915 = DIRECTION('',(0.,0.,1.));
#916 = DIRECTION('',(-1.,0.,0.));
#917 = DEFINITIONAL_REPRESENTATION('',(#918),#925);
#918 = B_SPLINE_CURVE_WITH_KNOTS('',5,(#919,#920,#921,#922,#923,#924),
  .UNSPECIFIED.,.F.,.F.,(6,6),(-0.158862592283,-4.387293575052E-02),
  .PIECEWISE_BEZIER_KNOTS.);
#919 = CARTESIAN_POINT('',(-1.141659393035,4.329869796038E-14));
#920 = CARTESIAN_POINT('',(-1.223042505003,-5.398393920885E-02));
#921 = CARTESIAN_POINT('',(-1.307170622065,-9.811702673167E-02));
#922 = CARTESIAN_POINT('',(-1.393628363472,-0.13245873983));
#923 = CARTESIAN_POINT('',(-1.481760700205,-0.157046877378));
#924 = CARTESIAN_POINT('',(-1.570796326795,-0.171897810219));
#925 = ( GEOMETRIC_REPRESENTATION_CONTEXT(2) 
PARAMETRIC_REPRESENTATION_CONTEXT() REPRESENTATION_CONTEXT('2D SPACE',''
  ) );
#926 = ORIENTED_EDGE('',*,*,#927,.T.);
#927 = EDGE_CURVE('',#893,#704,#928,.T.);
#928 = SURFACE_CURVE('',#929,(#934,#944),.PCURVE_S1.);
#929 = PARABOLA('',#930,19.374725804511);
#930 = AXIS2_PLACEMENT_3D('',#931,#932,#933);
#931 = CARTESIAN_POINT('',(27.8000001,21.6,0.1));
#932 = DIRECTION('',(-0.,0.707106781187,-0.707106781187));
#933 = DIRECTION('',(0.,0.707106781187,0.707106781187));
#934 = PCURVE('',#68,#935);
#935 = DEFINITIONAL_REPRESENTATION('',(#936),#943);
#936 = B_SPLINE_CURVE_WITH_KNOTS('',5,(#937,#938,#939,#940,#941,#942),
  .UNSPECIFIED.,.F.,.F.,(6,6),(-6.,6.),.PIECEWISE_BEZIER_KNOTS.);
#937 = CARTESIAN_POINT('',(4.494279663498,-7.153284671533E-02));
#938 = CARTESIAN_POINT('',(4.580833312019,-0.334306569343));
#939 = CARTESIAN_POINT('',(4.668412204079,-0.465693430657));
#940 = CARTESIAN_POINT('',(4.75636575669,-0.465693430657));
#941 = CARTESIAN_POINT('',(4.843944648751,-0.334306569343));
#942 = CARTESIAN_POINT('',(4.930498297271,-7.153284671533E-02));
#943 = ( GEOMETRIC_REPRESENTATION_CONTEXT(2) 
PARAMETRIC_REPRESENTATION_CONTEXT() REPRESENTATION_CONTEXT('2D SPACE',''
  ) );
#944 = PCURVE('',#945,#950);
#945 = PLANE('',#946);
#946 = AXIS2_PLACEMENT_3D('',#947,#948,#949);
#947 = CARTESIAN_POINT('',(22.8000001,21.75,0.25));
#948 = DIRECTION('',(0.,-0.707106781187,0.707106781187));
#949 = DIRECTION('',(-1.,-0.,-0.));
#950 = DEFINITIONAL_REPRESENTATION('',(#951),#955);
#951 = PARABOLA('',#952,19.374725804511);
#952 = AXIS2_PLACEMENT_2D('',#953,#954);
#953 = CARTESIAN_POINT('',(-5.,0.212132034356));
#954 = DIRECTION('',(-0.,-1.));
#955 = ( GEOMETRIC_REPRESENTATION_CONTEXT(2) 
PARAMETRIC_REPRESENTATION_CONTEXT() REPRESENTATION_CONTEXT('2D SPACE',''
  ) );
#956 = ADVANCED_FACE('',(#957),#582,.T.);
#957 = FACE_BOUND('',#958,.F.);
#958 = EDGE_LOOP('',(#959,#989,#1011,#1012));
#959 = ORIENTED_EDGE('',*,*,#960,.F.);
#960 = EDGE_CURVE('',#961,#963,#965,.T.);
#961 = VERTEX_POINT('',#962);
#962 = CARTESIAN_POINT('',(34.8000001,78.,0.5));
#963 = VERTEX_POINT('',#964);
#964 = CARTESIAN_POINT('',(34.8000001,78.,5.5));
#965 = SURFACE_CURVE('',#966,(#970,#977),.PCURVE_S1.);
#966 = LINE('',#967,#968);
#967 = CARTESIAN_POINT('',(34.8000001,78.,1.7763568394E-15));
#968 = VECTOR('',#969,1.);
#969 = DIRECTION('',(0.,0.,1.));
#970 = PCURVE('',#582,#971);
#971 = DEFINITIONAL_REPRESENTATION('',(#972),#976);
#972 = LINE('',#973,#974);
#973 = CARTESIAN_POINT('',(-0.,0.));
#974 = VECTOR('',#975,1.);
#975 = DIRECTION('',(-0.,1.));
#976 = ( GEOMETRIC_REPRESENTATION_CONTEXT(2) 
PARAMETRIC_REPRESENTATION_CONTEXT() REPRESENTATION_CONTEXT('2D SPACE',''
  ) );
#977 = PCURVE('',#978,#983);
#978 = PLANE('',#979);
#979 = AXIS2_PLACEMENT_3D('',#980,#981,#982);
#980 = CARTESIAN_POINT('',(34.8000001,76.,1.7763568394E-15));
#981 = DIRECTION('',(1.,0.,0.));
#982 = DIRECTION('',(0.,0.,1.));
#983 = DEFINITIONAL_REPRESENTATION('',(#984),#988);
#984 = LINE('',#985,#986);
#985 = CARTESIAN_POINT('',(0.,-2.));
#986 = VECTOR('',#987,1.);
#987 = DIRECTION('',(1.,0.));
#988 = ( GEOMETRIC_REPRESENTATION_CONTEXT(2) 
PARAMETRIC_REPRESENTATION_CONTEXT() REPRESENTATION_CONTEXT('2D SPACE',''
  ) );
#989 = ORIENTED_EDGE('',*,*,#990,.T.);
#990 = EDGE_CURVE('',#961,#567,#991,.T.);
#991 = SURFACE_CURVE('',#992,(#997,#1004),.PCURVE_S1.);
#992 = CIRCLE('',#993,2.);
#993 = AXIS2_PLACEMENT_3D('',#994,#995,#996);
#994 = CARTESIAN_POINT('',(32.8000001,78.,0.5));
#995 = DIRECTION('',(0.,-0.,-1.));
#996 = DIRECTION('',(1.,0.,-0.));
#997 = PCURVE('',#582,#998);
#998 = DEFINITIONAL_REPRESENTATION('',(#999),#1003);
#999 = LINE('',#1000,#1001);
#1000 = CARTESIAN_POINT('',(-0.,0.5));
#1001 = VECTOR('',#1002,1.);
#1002 = DIRECTION('',(-1.,0.));
#1003 = ( GEOMETRIC_REPRESENTATION_CONTEXT(2) 
PARAMETRIC_REPRESENTATION_CONTEXT() REPRESENTATION_CONTEXT('2D SPACE',''
  ) );
#1004 = PCURVE('',#811,#1005);
#1005 = DEFINITIONAL_REPRESENTATION('',(#1006),#1010);
#1006 = LINE('',#1007,#1008);
#1007 = CARTESIAN_POINT('',(-0.,-0.));
#1008 = VECTOR('',#1009,1.);
#1009 = DIRECTION('',(-1.,-0.));
#1010 = ( GEOMETRIC_REPRESENTATION_CONTEXT(2) 
PARAMETRIC_REPRESENTATION_CONTEXT() REPRESENTATION_CONTEXT('2D SPACE',''
  ) );
#1011 = ORIENTED_EDGE('',*,*,#566,.F.);
#1012 = ORIENTED_EDGE('',*,*,#1013,.F.);
#1013 = EDGE_CURVE('',#963,#521,#1014,.T.);
#1014 = SURFACE_CURVE('',#1015,(#1020,#1027),.PCURVE_S1.);
#1015 = CIRCLE('',#1016,2.);
#1016 = AXIS2_PLACEMENT_3D('',#1017,#1018,#1019);
#1017 = CARTESIAN_POINT('',(32.8000001,78.,5.5));
#1018 = DIRECTION('',(0.,0.,-1.));
#1019 = DIRECTION('',(1.,0.,0.));
#1020 = PCURVE('',#582,#1021);
#1021 = DEFINITIONAL_REPRESENTATION('',(#1022),#1026);
#1022 = LINE('',#1023,#1024);
#1023 = CARTESIAN_POINT('',(-0.,5.5));
#1024 = VECTOR('',#1025,1.);
#1025 = DIRECTION('',(-1.,0.));
#1026 = ( GEOMETRIC_REPRESENTATION_CONTEXT(2) 
PARAMETRIC_REPRESENTATION_CONTEXT() REPRESENTATION_CONTEXT('2D SPACE',''
  ) );
#1027 = PCURVE('',#548,#1028);
#1028 = DEFINITIONAL_REPRESENTATION('',(#1029),#1033);
#1029 = LINE('',#1030,#1031);
#1030 = CARTESIAN_POINT('',(0.,-0.));
#1031 = VECTOR('',#1032,1.);
#1032 = DIRECTION('',(1.,-0.));
#1033 = ( GEOMETRIC_REPRESENTATION_CONTEXT(2) 
PARAMETRIC_REPRESENTATION_CONTEXT() REPRESENTATION_CONTEXT('2D SPACE',''
  ) );
#1034 = ADVANCED_FACE('',(#1035),#548,.T.);
#1035 = FACE_BOUND('',#1036,.F.);
#1036 = EDGE_LOOP('',(#1037,#1065,#1066,#1067,#1090));
#1037 = ORIENTED_EDGE('',*,*,#1038,.F.);
#1038 = EDGE_CURVE('',#963,#1039,#1041,.T.);
#1039 = VERTEX_POINT('',#1040);
#1040 = CARTESIAN_POINT('',(34.3000001,78.,6.));
#1041 = SURFACE_CURVE('',#1042,(#1046,#1053),.PCURVE_S1.);
#1042 = LINE('',#1043,#1044);
#1043 = CARTESIAN_POINT('',(34.5500001,78.,5.75));
#1044 = VECTOR('',#1045,1.);
#1045 = DIRECTION('',(-0.707106781187,-0.,0.707106781187));
#1046 = PCURVE('',#548,#1047);
#1047 = DEFINITIONAL_REPRESENTATION('',(#1048),#1052);
#1048 = LINE('',#1049,#1050);
#1049 = CARTESIAN_POINT('',(0.,-0.25));
#1050 = VECTOR('',#1051,1.);
#1051 = DIRECTION('',(0.,-1.));
#1052 = ( GEOMETRIC_REPRESENTATION_CONTEXT(2) 
PARAMETRIC_REPRESENTATION_CONTEXT() REPRESENTATION_CONTEXT('2D SPACE',''
  ) );
#1053 = PCURVE('',#1054,#1059);
#1054 = PLANE('',#1055);
#1055 = AXIS2_PLACEMENT_3D('',#1056,#1057,#1058);
#1056 = CARTESIAN_POINT('',(34.5500001,96.,5.75));
#1057 = DIRECTION('',(0.707106781187,0.,0.707106781187));
#1058 = DIRECTION('',(-0.,1.,-0.));
#1059 = DEFINITIONAL_REPRESENTATION('',(#1060),#1064);
#1060 = LINE('',#1061,#1062);
#1061 = CARTESIAN_POINT('',(-18.,0.));
#1062 = VECTOR('',#1063,1.);
#1063 = DIRECTION('',(-0.,1.));
#1064 = ( GEOMETRIC_REPRESENTATION_CONTEXT(2) 
PARAMETRIC_REPRESENTATION_CONTEXT() REPRESENTATION_CONTEXT('2D SPACE',''
  ) );
#1065 = ORIENTED_EDGE('',*,*,#1013,.T.);
#1066 = ORIENTED_EDGE('',*,*,#520,.T.);
#1067 = ORIENTED_EDGE('',*,*,#1068,.T.);
#1068 = EDGE_CURVE('',#489,#1069,#1071,.T.);
#1069 = VERTEX_POINT('',#1070);
#1070 = CARTESIAN_POINT('',(32.8000001,76.5,6.));
#1071 = SURFACE_CURVE('',#1072,(#1076,#1083),.PCURVE_S1.);
#1072 = LINE('',#1073,#1074);
#1073 = CARTESIAN_POINT('',(32.8000001,76.,5.5));
#1074 = VECTOR('',#1075,1.);
#1075 = DIRECTION('',(-4.329780281177E-17,0.707106781187,0.707106781187)
  );
#1076 = PCURVE('',#548,#1077);
#1077 = DEFINITIONAL_REPRESENTATION('',(#1078),#1082);
#1078 = LINE('',#1079,#1080);
#1079 = CARTESIAN_POINT('',(1.570796326795,-0.));
#1080 = VECTOR('',#1081,1.);
#1081 = DIRECTION('',(0.,-1.));
#1082 = ( GEOMETRIC_REPRESENTATION_CONTEXT(2) 
PARAMETRIC_REPRESENTATION_CONTEXT() REPRESENTATION_CONTEXT('2D SPACE',''
  ) );
#1083 = PCURVE('',#508,#1084);
#1084 = DEFINITIONAL_REPRESENTATION('',(#1085),#1089);
#1085 = LINE('',#1086,#1087);
#1086 = CARTESIAN_POINT('',(0.,-0.353553390593));
#1087 = VECTOR('',#1088,1.);
#1088 = DIRECTION('',(4.329780281177E-17,1.));
#1089 = ( GEOMETRIC_REPRESENTATION_CONTEXT(2) 
PARAMETRIC_REPRESENTATION_CONTEXT() REPRESENTATION_CONTEXT('2D SPACE',''
  ) );
#1090 = ORIENTED_EDGE('',*,*,#1091,.F.);
#1091 = EDGE_CURVE('',#1039,#1069,#1092,.T.);
#1092 = SURFACE_CURVE('',#1093,(#1098,#1105),.PCURVE_S1.);
#1093 = CIRCLE('',#1094,1.5);
#1094 = AXIS2_PLACEMENT_3D('',#1095,#1096,#1097);
#1095 = CARTESIAN_POINT('',(32.8000001,78.,6.));
#1096 = DIRECTION('',(0.,0.,-1.));
#1097 = DIRECTION('',(1.,0.,0.));
#1098 = PCURVE('',#548,#1099);
#1099 = DEFINITIONAL_REPRESENTATION('',(#1100),#1104);
#1100 = LINE('',#1101,#1102);
#1101 = CARTESIAN_POINT('',(0.,-0.5));
#1102 = VECTOR('',#1103,1.);
#1103 = DIRECTION('',(1.,-0.));
#1104 = ( GEOMETRIC_REPRESENTATION_CONTEXT(2) 
PARAMETRIC_REPRESENTATION_CONTEXT() REPRESENTATION_CONTEXT('2D SPACE',''
  ) );
#1105 = PCURVE('',#472,#1106);
#1106 = DEFINITIONAL_REPRESENTATION('',(#1107),#1115);
#1107 = ( BOUNDED_CURVE() B_SPLINE_CURVE(2,(#1108,#1109,#1110,#1111,
#1112,#1113,#1114),.UNSPECIFIED.,.T.,.F.) B_SPLINE_CURVE_WITH_KNOTS((1,2
    ,2,2,2,1),(-2.094395102393,0.,2.094395102393,4.188790204786,
6.28318530718,8.377580409573),.UNSPECIFIED.) CURVE() 
GEOMETRIC_REPRESENTATION_ITEM() RATIONAL_B_SPLINE_CURVE((1.,0.5,1.,0.5,
1.,0.5,1.)) REPRESENTATION_ITEM('') );
#1108 = CARTESIAN_POINT('',(13.5,2.));
#1109 = CARTESIAN_POINT('',(13.5,-0.598076211353));
#1110 = CARTESIAN_POINT('',(11.25,0.700961894323));
#1111 = CARTESIAN_POINT('',(9.,2.));
#1112 = CARTESIAN_POINT('',(11.25,3.299038105677));
#1113 = CARTESIAN_POINT('',(13.5,4.598076211353));
#1114 = CARTESIAN_POINT('',(13.5,2.));
#1115 = ( GEOMETRIC_REPRESENTATION_CONTEXT(2) 
PARAMETRIC_REPRESENTATION_CONTEXT() REPRESENTATION_CONTEXT('2D SPACE',''
  ) );
#1116 = ADVANCED_FACE('',(#1117),#508,.F.);
#1117 = FACE_BOUND('',#1118,.F.);
#1118 = EDGE_LOOP('',(#1119,#1120,#1121));
#1119 = ORIENTED_EDGE('',*,*,#1068,.F.);
#1120 = ORIENTED_EDGE('',*,*,#488,.F.);
#1121 = ORIENTED_EDGE('',*,*,#1122,.F.);
#1122 = EDGE_CURVE('',#1069,#456,#1123,.T.);
#1123 = SURFACE_CURVE('',#1124,(#1128,#1135),.PCURVE_S1.);
#1124 = LINE('',#1125,#1126);
#1125 = CARTESIAN_POINT('',(32.8000001,76.5,6.));
#1126 = VECTOR('',#1127,1.);
#1127 = DIRECTION('',(-1.,-0.,-0.));
#1128 = PCURVE('',#508,#1129);
#1129 = DEFINITIONAL_REPRESENTATION('',(#1130),#1134);
#1130 = LINE('',#1131,#1132);
#1131 = CARTESIAN_POINT('',(0.,0.353553390593));
#1132 = VECTOR('',#1133,1.);
#1133 = DIRECTION('',(1.,0.));
#1134 = ( GEOMETRIC_REPRESENTATION_CONTEXT(2) 
PARAMETRIC_REPRESENTATION_CONTEXT() REPRESENTATION_CONTEXT('2D SPACE',''
  ) );
#1135 = PCURVE('',#472,#1136);
#1136 = DEFINITIONAL_REPRESENTATION('',(#1137),#1141);
#1137 = LINE('',#1138,#1139);
#1138 = CARTESIAN_POINT('',(12.,0.5));
#1139 = VECTOR('',#1140,1.);
#1140 = DIRECTION('',(-1.,0.));
#1141 = ( GEOMETRIC_REPRESENTATION_CONTEXT(2) 
PARAMETRIC_REPRESENTATION_CONTEXT() REPRESENTATION_CONTEXT('2D SPACE',''
  ) );
#1142 = ADVANCED_FACE('',(#1143,#1342),#472,.T.);
#1143 = FACE_BOUND('',#1144,.T.);
#1144 = EDGE_LOOP('',(#1145,#1175,#1203,#1224,#1225,#1226,#1227,#1250,
    #1283,#1311));
#1145 = ORIENTED_EDGE('',*,*,#1146,.F.);
#1146 = EDGE_CURVE('',#1147,#1149,#1151,.T.);
#1147 = VERTEX_POINT('',#1148);
#1148 = CARTESIAN_POINT('',(21.3000001,78.,6.));
#1149 = VERTEX_POINT('',#1150);
#1150 = CARTESIAN_POINT('',(21.3000001,96.,6.));
#1151 = SURFACE_CURVE('',#1152,(#1156,#1163),.PCURVE_S1.);
#1152 = LINE('',#1153,#1154);
#1153 = CARTESIAN_POINT('',(21.3000001,78.,6.));
#1154 = VECTOR('',#1155,1.);
#1155 = DIRECTION('',(0.,1.,0.));
#1156 = PCURVE('',#472,#1157);
#1157 = DEFINITIONAL_REPRESENTATION('',(#1158),#1162);
#1158 = LINE('',#1159,#1160);
#1159 = CARTESIAN_POINT('',(0.5,2.));
#1160 = VECTOR('',#1161,1.);
#1161 = DIRECTION('',(0.,1.));
#1162 = ( GEOMETRIC_REPRESENTATION_CONTEXT(2) 
PARAMETRIC_REPRESENTATION_CONTEXT() REPRESENTATION_CONTEXT('2D SPACE',''
  ) );
#1163 = PCURVE('',#1164,#1169);
#1164 = PLANE('',#1165);
#1165 = AXIS2_PLACEMENT_3D('',#1166,#1167,#1168);
#1166 = CARTESIAN_POINT('',(21.0500001,78.,5.75));
#1167 = DIRECTION('',(0.707106781187,0.,-0.707106781187));
#1168 = DIRECTION('',(0.,1.,0.));
#1169 = DEFINITIONAL_REPRESENTATION('',(#1170),#1174);
#1170 = LINE('',#1171,#1172);
#1171 = CARTESIAN_POINT('',(0.,0.353553390593));
#1172 = VECTOR('',#1173,1.);
#1173 = DIRECTION('',(1.,0.));
#1174 = ( GEOMETRIC_REPRESENTATION_CONTEXT(2) 
PARAMETRIC_REPRESENTATION_CONTEXT() REPRESENTATION_CONTEXT('2D SPACE',''
  ) );
#1175 = ORIENTED_EDGE('',*,*,#1176,.F.);
#1176 = EDGE_CURVE('',#1177,#1147,#1179,.T.);
#1177 = VERTEX_POINT('',#1178);
#1178 = CARTESIAN_POINT('',(22.8000001,76.5,6.));
#1179 = SURFACE_CURVE('',#1180,(#1185,#1196),.PCURVE_S1.);
#1180 = CIRCLE('',#1181,1.5);
#1181 = AXIS2_PLACEMENT_3D('',#1182,#1183,#1184);
#1182 = CARTESIAN_POINT('',(22.8000001,78.,6.));
#1183 = DIRECTION('',(-0.,-0.,-1.));
#1184 = DIRECTION('',(0.,-1.,0.));
#1185 = PCURVE('',#472,#1186);
#1186 = DEFINITIONAL_REPRESENTATION('',(#1187),#1195);
#1187 = ( BOUNDED_CURVE() B_SPLINE_CURVE(2,(#1188,#1189,#1190,#1191,
#1192,#1193,#1194),.UNSPECIFIED.,.T.,.F.) B_SPLINE_CURVE_WITH_KNOTS((1,2
    ,2,2,2,1),(-2.094395102393,0.,2.094395102393,4.188790204786,
6.28318530718,8.377580409573),.UNSPECIFIED.) CURVE() 
GEOMETRIC_REPRESENTATION_ITEM() RATIONAL_B_SPLINE_CURVE((1.,0.5,1.,0.5,
1.,0.5,1.)) REPRESENTATION_ITEM('') );
#1188 = CARTESIAN_POINT('',(2.,0.5));
#1189 = CARTESIAN_POINT('',(-0.598076211353,0.5));
#1190 = CARTESIAN_POINT('',(0.700961894323,2.75));
#1191 = CARTESIAN_POINT('',(2.,5.));
#1192 = CARTESIAN_POINT('',(3.299038105677,2.75));
#1193 = CARTESIAN_POINT('',(4.598076211353,0.5));
#1194 = CARTESIAN_POINT('',(2.,0.5));
#1195 = ( GEOMETRIC_REPRESENTATION_CONTEXT(2) 
PARAMETRIC_REPRESENTATION_CONTEXT() REPRESENTATION_CONTEXT('2D SPACE',''
  ) );
#1196 = PCURVE('',#405,#1197);
#1197 = DEFINITIONAL_REPRESENTATION('',(#1198),#1202);
#1198 = LINE('',#1199,#1200);
#1199 = CARTESIAN_POINT('',(0.,-0.5));
#1200 = VECTOR('',#1201,1.);
#1201 = DIRECTION('',(1.,-0.));
#1202 = ( GEOMETRIC_REPRESENTATION_CONTEXT(2) 
PARAMETRIC_REPRESENTATION_CONTEXT() REPRESENTATION_CONTEXT('2D SPACE',''
  ) );
#1203 = ORIENTED_EDGE('',*,*,#1204,.F.);
#1204 = EDGE_CURVE('',#424,#1177,#1205,.T.);
#1205 = SURFACE_CURVE('',#1206,(#1210,#1217),.PCURVE_S1.);
#1206 = LINE('',#1207,#1208);
#1207 = CARTESIAN_POINT('',(32.8000001,76.5,6.));
#1208 = VECTOR('',#1209,1.);
#1209 = DIRECTION('',(-1.,-0.,-0.));
#1210 = PCURVE('',#472,#1211);
#1211 = DEFINITIONAL_REPRESENTATION('',(#1212),#1216);
#1212 = LINE('',#1213,#1214);
#1213 = CARTESIAN_POINT('',(12.,0.5));
#1214 = VECTOR('',#1215,1.);
#1215 = DIRECTION('',(-1.,0.));
#1216 = ( GEOMETRIC_REPRESENTATION_CONTEXT(2) 
PARAMETRIC_REPRESENTATION_CONTEXT() REPRESENTATION_CONTEXT('2D SPACE',''
  ) );
#1217 = PCURVE('',#443,#1218);
#1218 = DEFINITIONAL_REPRESENTATION('',(#1219),#1223);
#1219 = LINE('',#1220,#1221);
#1220 = CARTESIAN_POINT('',(0.,0.353553390593));
#1221 = VECTOR('',#1222,1.);
#1222 = DIRECTION('',(1.,0.));
#1223 = ( GEOMETRIC_REPRESENTATION_CONTEXT(2) 
PARAMETRIC_REPRESENTATION_CONTEXT() REPRESENTATION_CONTEXT('2D SPACE',''
  ) );
#1224 = ORIENTED_EDGE('',*,*,#455,.T.);
#1225 = ORIENTED_EDGE('',*,*,#1122,.F.);
#1226 = ORIENTED_EDGE('',*,*,#1091,.F.);
#1227 = ORIENTED_EDGE('',*,*,#1228,.F.);
#1228 = EDGE_CURVE('',#1229,#1039,#1231,.T.);
#1229 = VERTEX_POINT('',#1230);
#1230 = CARTESIAN_POINT('',(34.3000001,96.,6.));
#1231 = SURFACE_CURVE('',#1232,(#1236,#1243),.PCURVE_S1.);
#1232 = LINE('',#1233,#1234);
#1233 = CARTESIAN_POINT('',(34.3000001,96.,6.));
#1234 = VECTOR('',#1235,1.);
#1235 = DIRECTION('',(-0.,-1.,-0.));
#1236 = PCURVE('',#472,#1237);
#1237 = DEFINITIONAL_REPRESENTATION('',(#1238),#1242);
#1238 = LINE('',#1239,#1240);
#1239 = CARTESIAN_POINT('',(13.5,20.));
#1240 = VECTOR('',#1241,1.);
#1241 = DIRECTION('',(0.,-1.));
#1242 = ( GEOMETRIC_REPRESENTATION_CONTEXT(2) 
PARAMETRIC_REPRESENTATION_CONTEXT() REPRESENTATION_CONTEXT('2D SPACE',''
  ) );
#1243 = PCURVE('',#1054,#1244);
#1244 = DEFINITIONAL_REPRESENTATION('',(#1245),#1249);
#1245 = LINE('',#1246,#1247);
#1246 = CARTESIAN_POINT('',(-0.,0.353553390593));
#1247 = VECTOR('',#1248,1.);
#1248 = DIRECTION('',(-1.,0.));
#1249 = ( GEOMETRIC_REPRESENTATION_CONTEXT(2) 
PARAMETRIC_REPRESENTATION_CONTEXT() REPRESENTATION_CONTEXT('2D SPACE',''
  ) );
#1250 = ORIENTED_EDGE('',*,*,#1251,.F.);
#1251 = EDGE_CURVE('',#1252,#1229,#1254,.T.);
#1252 = VERTEX_POINT('',#1253);
#1253 = CARTESIAN_POINT('',(32.8000001,97.5,6.));
#1254 = SURFACE_CURVE('',#1255,(#1260,#1271),.PCURVE_S1.);
#1255 = CIRCLE('',#1256,1.5);
#1256 = AXIS2_PLACEMENT_3D('',#1257,#1258,#1259);
#1257 = CARTESIAN_POINT('',(32.8000001,96.,6.));
#1258 = DIRECTION('',(0.,-0.,-1.));
#1259 = DIRECTION('',(0.,1.,-0.));
#1260 = PCURVE('',#472,#1261);
#1261 = DEFINITIONAL_REPRESENTATION('',(#1262),#1270);
#1262 = ( BOUNDED_CURVE() B_SPLINE_CURVE(2,(#1263,#1264,#1265,#1266,
#1267,#1268,#1269),.UNSPECIFIED.,.T.,.F.) B_SPLINE_CURVE_WITH_KNOTS((1,2
    ,2,2,2,1),(-2.094395102393,0.,2.094395102393,4.188790204786,
6.28318530718,8.377580409573),.UNSPECIFIED.) CURVE() 
GEOMETRIC_REPRESENTATION_ITEM() RATIONAL_B_SPLINE_CURVE((1.,0.5,1.,0.5,
1.,0.5,1.)) REPRESENTATION_ITEM('') );
#1263 = CARTESIAN_POINT('',(12.,21.5));
#1264 = CARTESIAN_POINT('',(14.598076211353,21.5));
#1265 = CARTESIAN_POINT('',(13.299038105677,19.25));
#1266 = CARTESIAN_POINT('',(12.,17.));
#1267 = CARTESIAN_POINT('',(10.700961894323,19.25));
#1268 = CARTESIAN_POINT('',(9.401923788647,21.5));
#1269 = CARTESIAN_POINT('',(12.,21.5));
#1270 = ( GEOMETRIC_REPRESENTATION_CONTEXT(2) 
PARAMETRIC_REPRESENTATION_CONTEXT() REPRESENTATION_CONTEXT('2D SPACE',''
  ) );
#1271 = PCURVE('',#1272,#1277);
#1272 = CONICAL_SURFACE('',#1273,2.,0.785398163397);
#1273 = AXIS2_PLACEMENT_3D('',#1274,#1275,#1276);
#1274 = CARTESIAN_POINT('',(32.8000001,96.,5.5));
#1275 = DIRECTION('',(-0.,-0.,-1.));
#1276 = DIRECTION('',(0.,1.,-0.));
#1277 = DEFINITIONAL_REPRESENTATION('',(#1278),#1282);
#1278 = LINE('',#1279,#1280);
#1279 = CARTESIAN_POINT('',(0.,-0.5));
#1280 = VECTOR('',#1281,1.);
#1281 = DIRECTION('',(1.,-0.));
#1282 = ( GEOMETRIC_REPRESENTATION_CONTEXT(2) 
PARAMETRIC_REPRESENTATION_CONTEXT() REPRESENTATION_CONTEXT('2D SPACE',''
  ) );
#1283 = ORIENTED_EDGE('',*,*,#1284,.F.);
#1284 = EDGE_CURVE('',#1285,#1252,#1287,.T.);
#1285 = VERTEX_POINT('',#1286);
#1286 = CARTESIAN_POINT('',(22.8000001,97.5,6.));
#1287 = SURFACE_CURVE('',#1288,(#1292,#1299),.PCURVE_S1.);
#1288 = LINE('',#1289,#1290);
#1289 = CARTESIAN_POINT('',(22.8000001,97.5,6.));
#1290 = VECTOR('',#1291,1.);
#1291 = DIRECTION('',(1.,0.,0.));
#1292 = PCURVE('',#472,#1293);
#1293 = DEFINITIONAL_REPRESENTATION('',(#1294),#1298);
#1294 = LINE('',#1295,#1296);
#1295 = CARTESIAN_POINT('',(2.,21.5));
#1296 = VECTOR('',#1297,1.);
#1297 = DIRECTION('',(1.,0.));
#1298 = ( GEOMETRIC_REPRESENTATION_CONTEXT(2) 
PARAMETRIC_REPRESENTATION_CONTEXT() REPRESENTATION_CONTEXT('2D SPACE',''
  ) );
#1299 = PCURVE('',#1300,#1305);
#1300 = PLANE('',#1301);
#1301 = AXIS2_PLACEMENT_3D('',#1302,#1303,#1304);
#1302 = CARTESIAN_POINT('',(22.8000001,97.75,5.75));
#1303 = DIRECTION('',(0.,0.707106781187,0.707106781187));
#1304 = DIRECTION('',(-1.,-0.,0.));
#1305 = DEFINITIONAL_REPRESENTATION('',(#1306),#1310);
#1306 = LINE('',#1307,#1308);
#1307 = CARTESIAN_POINT('',(-0.,0.353553390593));
#1308 = VECTOR('',#1309,1.);
#1309 = DIRECTION('',(-1.,0.));
#1310 = ( GEOMETRIC_REPRESENTATION_CONTEXT(2) 
PARAMETRIC_REPRESENTATION_CONTEXT() REPRESENTATION_CONTEXT('2D SPACE',''
  ) );
#1311 = ORIENTED_EDGE('',*,*,#1312,.F.);
#1312 = EDGE_CURVE('',#1149,#1285,#1313,.T.);
#1313 = SURFACE_CURVE('',#1314,(#1319,#1330),.PCURVE_S1.);
#1314 = CIRCLE('',#1315,1.5);
#1315 = AXIS2_PLACEMENT_3D('',#1316,#1317,#1318);
#1316 = CARTESIAN_POINT('',(22.8000001,96.,6.));
#1317 = DIRECTION('',(-0.,0.,-1.));
#1318 = DIRECTION('',(-1.,0.,0.));
#1319 = PCURVE('',#472,#1320);
#1320 = DEFINITIONAL_REPRESENTATION('',(#1321),#1329);
#1321 = ( BOUNDED_CURVE() B_SPLINE_CURVE(2,(#1322,#1323,#1324,#1325,
#1326,#1327,#1328),.UNSPECIFIED.,.T.,.F.) B_SPLINE_CURVE_WITH_KNOTS((1,2
    ,2,2,2,1),(-2.094395102393,0.,2.094395102393,4.188790204786,
6.28318530718,8.377580409573),.UNSPECIFIED.) CURVE() 
GEOMETRIC_REPRESENTATION_ITEM() RATIONAL_B_SPLINE_CURVE((1.,0.5,1.,0.5,
1.,0.5,1.)) REPRESENTATION_ITEM('') );
#1322 = CARTESIAN_POINT('',(0.5,20.));
#1323 = CARTESIAN_POINT('',(0.5,22.598076211353));
#1324 = CARTESIAN_POINT('',(2.75,21.299038105677));
#1325 = CARTESIAN_POINT('',(5.,20.));
#1326 = CARTESIAN_POINT('',(2.75,18.700961894323));
#1327 = CARTESIAN_POINT('',(0.5,17.401923788647));
#1328 = CARTESIAN_POINT('',(0.5,20.));
#1329 = ( GEOMETRIC_REPRESENTATION_CONTEXT(2) 
PARAMETRIC_REPRESENTATION_CONTEXT() REPRESENTATION_CONTEXT('2D SPACE',''
  ) );
#1330 = PCURVE('',#1331,#1336);
#1331 = CONICAL_SURFACE('',#1332,2.,0.785398163397);
#1332 = AXIS2_PLACEMENT_3D('',#1333,#1334,#1335);
#1333 = CARTESIAN_POINT('',(22.8000001,96.,5.5));
#1334 = DIRECTION('',(-0.,-0.,-1.));
#1335 = DIRECTION('',(-1.,0.,0.));
#1336 = DEFINITIONAL_REPRESENTATION('',(#1337),#1341);
#1337 = LINE('',#1338,#1339);
#1338 = CARTESIAN_POINT('',(0.,-0.5));
#1339 = VECTOR('',#1340,1.);
#1340 = DIRECTION('',(1.,-0.));
#1341 = ( GEOMETRIC_REPRESENTATION_CONTEXT(2) 
PARAMETRIC_REPRESENTATION_CONTEXT() REPRESENTATION_CONTEXT('2D SPACE',''
  ) );
#1342 = FACE_BOUND('',#1343,.T.);
#1343 = EDGE_LOOP('',(#1344));
#1344 = ORIENTED_EDGE('',*,*,#1345,.T.);
#1345 = EDGE_CURVE('',#1346,#1346,#1348,.T.);
#1346 = VERTEX_POINT('',#1347);
#1347 = CARTESIAN_POINT('',(29.4500001,87.,6.));
#1348 = SURFACE_CURVE('',#1349,(#1354,#1365),.PCURVE_S1.);
#1349 = CIRCLE('',#1350,1.65);
#1350 = AXIS2_PLACEMENT_3D('',#1351,#1352,#1353);
#1351 = CARTESIAN_POINT('',(27.8000001,87.,6.));
#1352 = DIRECTION('',(0.,0.,-1.));
#1353 = DIRECTION('',(1.,0.,0.));
#1354 = PCURVE('',#472,#1355);
#1355 = DEFINITIONAL_REPRESENTATION('',(#1356),#1364);
#1356 = ( BOUNDED_CURVE() B_SPLINE_CURVE(2,(#1357,#1358,#1359,#1360,
#1361,#1362,#1363),.UNSPECIFIED.,.T.,.F.) B_SPLINE_CURVE_WITH_KNOTS((1,2
    ,2,2,2,1),(-2.094395102393,0.,2.094395102393,4.188790204786,
6.28318530718,8.377580409573),.UNSPECIFIED.) CURVE() 
GEOMETRIC_REPRESENTATION_ITEM() RATIONAL_B_SPLINE_CURVE((1.,0.5,1.,0.5,
1.,0.5,1.)) REPRESENTATION_ITEM('') );
#1357 = CARTESIAN_POINT('',(8.65,11.));
#1358 = CARTESIAN_POINT('',(8.65,8.142116167511));
#1359 = CARTESIAN_POINT('',(6.175,9.571058083756));
#1360 = CARTESIAN_POINT('',(3.7,11.));
#1361 = CARTESIAN_POINT('',(6.175,12.428941916244));
#1362 = CARTESIAN_POINT('',(8.65,13.857883832489));
#1363 = CARTESIAN_POINT('',(8.65,11.));
#1364 = ( GEOMETRIC_REPRESENTATION_CONTEXT(2) 
PARAMETRIC_REPRESENTATION_CONTEXT() REPRESENTATION_CONTEXT('2D SPACE',''
  ) );
#1365 = PCURVE('',#1366,#1371);
#1366 = CYLINDRICAL_SURFACE('',#1367,1.65);
#1367 = AXIS2_PLACEMENT_3D('',#1368,#1369,#1370);
#1368 = CARTESIAN_POINT('',(27.8000001,87.,-15.4));
#1369 = DIRECTION('',(-0.,-0.,-1.));
#1370 = DIRECTION('',(1.,0.,0.));
#1371 = DEFINITIONAL_REPRESENTATION('',(#1372),#1376);
#1372 = LINE('',#1373,#1374);
#1373 = CARTESIAN_POINT('',(-6.28318530718,-21.4));
#1374 = VECTOR('',#1375,1.);
#1375 = DIRECTION('',(1.,-0.));
#1376 = ( GEOMETRIC_REPRESENTATION_CONTEXT(2) 
PARAMETRIC_REPRESENTATION_CONTEXT() REPRESENTATION_CONTEXT('2D SPACE',''
  ) );
#1377 = ADVANCED_FACE('',(#1378),#443,.F.);
#1378 = FACE_BOUND('',#1379,.F.);
#1379 = EDGE_LOOP('',(#1380,#1381,#1402));
#1380 = ORIENTED_EDGE('',*,*,#423,.F.);
#1381 = ORIENTED_EDGE('',*,*,#1382,.T.);
#1382 = EDGE_CURVE('',#378,#1177,#1383,.T.);
#1383 = SURFACE_CURVE('',#1384,(#1388,#1395),.PCURVE_S1.);
#1384 = LINE('',#1385,#1386);
#1385 = CARTESIAN_POINT('',(22.8000001,76.25,5.75));
#1386 = VECTOR('',#1387,1.);
#1387 = DIRECTION('',(0.,0.707106781187,0.707106781187));
#1388 = PCURVE('',#443,#1389);
#1389 = DEFINITIONAL_REPRESENTATION('',(#1390),#1394);
#1390 = LINE('',#1391,#1392);
#1391 = CARTESIAN_POINT('',(10.,0.));
#1392 = VECTOR('',#1393,1.);
#1393 = DIRECTION('',(0.,1.));
#1394 = ( GEOMETRIC_REPRESENTATION_CONTEXT(2) 
PARAMETRIC_REPRESENTATION_CONTEXT() REPRESENTATION_CONTEXT('2D SPACE',''
  ) );
#1395 = PCURVE('',#405,#1396);
#1396 = DEFINITIONAL_REPRESENTATION('',(#1397),#1401);
#1397 = LINE('',#1398,#1399);
#1398 = CARTESIAN_POINT('',(0.,-0.25));
#1399 = VECTOR('',#1400,1.);
#1400 = DIRECTION('',(0.,-1.));
#1401 = ( GEOMETRIC_REPRESENTATION_CONTEXT(2) 
PARAMETRIC_REPRESENTATION_CONTEXT() REPRESENTATION_CONTEXT('2D SPACE',''
  ) );
#1402 = ORIENTED_EDGE('',*,*,#1204,.F.);
#1403 = ADVANCED_FACE('',(#1404),#405,.T.);
#1404 = FACE_BOUND('',#1405,.F.);
#1405 = EDGE_LOOP('',(#1406,#1407,#1408,#1432,#1453));
#1406 = ORIENTED_EDGE('',*,*,#1382,.F.);
#1407 = ORIENTED_EDGE('',*,*,#377,.T.);
#1408 = ORIENTED_EDGE('',*,*,#1409,.T.);
#1409 = EDGE_CURVE('',#350,#1410,#1412,.T.);
#1410 = VERTEX_POINT('',#1411);
#1411 = CARTESIAN_POINT('',(20.8000001,78.,5.5));
#1412 = SURFACE_CURVE('',#1413,(#1418,#1425),.PCURVE_S1.);
#1413 = CIRCLE('',#1414,2.);
#1414 = AXIS2_PLACEMENT_3D('',#1415,#1416,#1417);
#1415 = CARTESIAN_POINT('',(22.8000001,78.,5.5));
#1416 = DIRECTION('',(-0.,-0.,-1.));
#1417 = DIRECTION('',(0.,-1.,0.));
#1418 = PCURVE('',#405,#1419);
#1419 = DEFINITIONAL_REPRESENTATION('',(#1420),#1424);
#1420 = LINE('',#1421,#1422);
#1421 = CARTESIAN_POINT('',(0.,-0.));
#1422 = VECTOR('',#1423,1.);
#1423 = DIRECTION('',(1.,-0.));
#1424 = ( GEOMETRIC_REPRESENTATION_CONTEXT(2) 
PARAMETRIC_REPRESENTATION_CONTEXT() REPRESENTATION_CONTEXT('2D SPACE',''
  ) );
#1425 = PCURVE('',#365,#1426);
#1426 = DEFINITIONAL_REPRESENTATION('',(#1427),#1431);
#1427 = LINE('',#1428,#1429);
#1428 = CARTESIAN_POINT('',(1.570796326795,5.5));
#1429 = VECTOR('',#1430,1.);
#1430 = DIRECTION('',(-1.,-0.));
#1431 = ( GEOMETRIC_REPRESENTATION_CONTEXT(2) 
PARAMETRIC_REPRESENTATION_CONTEXT() REPRESENTATION_CONTEXT('2D SPACE',''
  ) );
#1432 = ORIENTED_EDGE('',*,*,#1433,.T.);
#1433 = EDGE_CURVE('',#1410,#1147,#1434,.T.);
#1434 = SURFACE_CURVE('',#1435,(#1439,#1446),.PCURVE_S1.);
#1435 = LINE('',#1436,#1437);
#1436 = CARTESIAN_POINT('',(21.0500001,78.,5.75));
#1437 = VECTOR('',#1438,1.);
#1438 = DIRECTION('',(0.707106781187,-0.,0.707106781187));
#1439 = PCURVE('',#405,#1440);
#1440 = DEFINITIONAL_REPRESENTATION('',(#1441),#1445);
#1441 = LINE('',#1442,#1443);
#1442 = CARTESIAN_POINT('',(1.570796326795,-0.25));
#1443 = VECTOR('',#1444,1.);
#1444 = DIRECTION('',(0.,-1.));
#1445 = ( GEOMETRIC_REPRESENTATION_CONTEXT(2) 
PARAMETRIC_REPRESENTATION_CONTEXT() REPRESENTATION_CONTEXT('2D SPACE',''
  ) );
#1446 = PCURVE('',#1164,#1447);
#1447 = DEFINITIONAL_REPRESENTATION('',(#1448),#1452);
#1448 = LINE('',#1449,#1450);
#1449 = CARTESIAN_POINT('',(0.,0.));
#1450 = VECTOR('',#1451,1.);
#1451 = DIRECTION('',(0.,1.));
#1452 = ( GEOMETRIC_REPRESENTATION_CONTEXT(2) 
PARAMETRIC_REPRESENTATION_CONTEXT() REPRESENTATION_CONTEXT('2D SPACE',''
  ) );
#1453 = ORIENTED_EDGE('',*,*,#1176,.F.);
#1454 = ADVANCED_FACE('',(#1455),#365,.T.);
#1455 = FACE_BOUND('',#1456,.T.);
#1456 = EDGE_LOOP('',(#1457,#1485,#1507,#1508));
#1457 = ORIENTED_EDGE('',*,*,#1458,.F.);
#1458 = EDGE_CURVE('',#1459,#1410,#1461,.T.);
#1459 = VERTEX_POINT('',#1460);
#1460 = CARTESIAN_POINT('',(20.8000001,78.,0.5));
#1461 = SURFACE_CURVE('',#1462,(#1466,#1473),.PCURVE_S1.);
#1462 = LINE('',#1463,#1464);
#1463 = CARTESIAN_POINT('',(20.8000001,78.,1.7763568394E-15));
#1464 = VECTOR('',#1465,1.);
#1465 = DIRECTION('',(0.,0.,1.));
#1466 = PCURVE('',#365,#1467);
#1467 = DEFINITIONAL_REPRESENTATION('',(#1468),#1472);
#1468 = LINE('',#1469,#1470);
#1469 = CARTESIAN_POINT('',(0.,0.));
#1470 = VECTOR('',#1471,1.);
#1471 = DIRECTION('',(0.,1.));
#1472 = ( GEOMETRIC_REPRESENTATION_CONTEXT(2) 
PARAMETRIC_REPRESENTATION_CONTEXT() REPRESENTATION_CONTEXT('2D SPACE',''
  ) );
#1473 = PCURVE('',#1474,#1479);
#1474 = PLANE('',#1475);
#1475 = AXIS2_PLACEMENT_3D('',#1476,#1477,#1478);
#1476 = CARTESIAN_POINT('',(20.8000001,76.,1.7763568394E-15));
#1477 = DIRECTION('',(1.,0.,0.));
#1478 = DIRECTION('',(0.,0.,1.));
#1479 = DEFINITIONAL_REPRESENTATION('',(#1480),#1484);
#1480 = LINE('',#1481,#1482);
#1481 = CARTESIAN_POINT('',(0.,-2.));
#1482 = VECTOR('',#1483,1.);
#1483 = DIRECTION('',(1.,0.));
#1484 = ( GEOMETRIC_REPRESENTATION_CONTEXT(2) 
PARAMETRIC_REPRESENTATION_CONTEXT() REPRESENTATION_CONTEXT('2D SPACE',''
  ) );
#1485 = ORIENTED_EDGE('',*,*,#1486,.F.);
#1486 = EDGE_CURVE('',#326,#1459,#1487,.T.);
#1487 = SURFACE_CURVE('',#1488,(#1493,#1500),.PCURVE_S1.);
#1488 = CIRCLE('',#1489,2.);
#1489 = AXIS2_PLACEMENT_3D('',#1490,#1491,#1492);
#1490 = CARTESIAN_POINT('',(22.8000001,78.,0.5));
#1491 = DIRECTION('',(-0.,-0.,-1.));
#1492 = DIRECTION('',(0.,-1.,0.));
#1493 = PCURVE('',#365,#1494);
#1494 = DEFINITIONAL_REPRESENTATION('',(#1495),#1499);
#1495 = LINE('',#1496,#1497);
#1496 = CARTESIAN_POINT('',(1.570796326795,0.5));
#1497 = VECTOR('',#1498,1.);
#1498 = DIRECTION('',(-1.,-0.));
#1499 = ( GEOMETRIC_REPRESENTATION_CONTEXT(2) 
PARAMETRIC_REPRESENTATION_CONTEXT() REPRESENTATION_CONTEXT('2D SPACE',''
  ) );
#1500 = PCURVE('',#876,#1501);
#1501 = DEFINITIONAL_REPRESENTATION('',(#1502),#1506);
#1502 = LINE('',#1503,#1504);
#1503 = CARTESIAN_POINT('',(-0.,-0.));
#1504 = VECTOR('',#1505,1.);
#1505 = DIRECTION('',(-1.,-0.));
#1506 = ( GEOMETRIC_REPRESENTATION_CONTEXT(2) 
PARAMETRIC_REPRESENTATION_CONTEXT() REPRESENTATION_CONTEXT('2D SPACE',''
  ) );
#1507 = ORIENTED_EDGE('',*,*,#349,.F.);
#1508 = ORIENTED_EDGE('',*,*,#1409,.T.);
#1509 = ADVANCED_FACE('',(#1510),#313,.T.);
#1510 = FACE_BOUND('',#1511,.F.);
#1511 = EDGE_LOOP('',(#1512,#1542,#1564,#1565));
#1512 = ORIENTED_EDGE('',*,*,#1513,.F.);
#1513 = EDGE_CURVE('',#1514,#1516,#1518,.T.);
#1514 = VERTEX_POINT('',#1515);
#1515 = CARTESIAN_POINT('',(20.8000001,20.,0.5));
#1516 = VERTEX_POINT('',#1517);
#1517 = CARTESIAN_POINT('',(20.8000001,20.,5.5));
#1518 = SURFACE_CURVE('',#1519,(#1523,#1530),.PCURVE_S1.);
#1519 = LINE('',#1520,#1521);
#1520 = CARTESIAN_POINT('',(20.8000001,20.,1.7763568394E-15));
#1521 = VECTOR('',#1522,1.);
#1522 = DIRECTION('',(0.,0.,1.));
#1523 = PCURVE('',#313,#1524);
#1524 = DEFINITIONAL_REPRESENTATION('',(#1525),#1529);
#1525 = LINE('',#1526,#1527);
#1526 = CARTESIAN_POINT('',(-0.,0.));
#1527 = VECTOR('',#1528,1.);
#1528 = DIRECTION('',(-0.,1.));
#1529 = ( GEOMETRIC_REPRESENTATION_CONTEXT(2) 
PARAMETRIC_REPRESENTATION_CONTEXT() REPRESENTATION_CONTEXT('2D SPACE',''
  ) );
#1530 = PCURVE('',#1531,#1536);
#1531 = PLANE('',#1532);
#1532 = AXIS2_PLACEMENT_3D('',#1533,#1534,#1535);
#1533 = CARTESIAN_POINT('',(20.8000001,0.,1.7763568394E-15));
#1534 = DIRECTION('',(1.,0.,0.));
#1535 = DIRECTION('',(0.,0.,1.));
#1536 = DEFINITIONAL_REPRESENTATION('',(#1537),#1541);
#1537 = LINE('',#1538,#1539);
#1538 = CARTESIAN_POINT('',(0.,-20.));
#1539 = VECTOR('',#1540,1.);
#1540 = DIRECTION('',(1.,0.));
#1541 = ( GEOMETRIC_REPRESENTATION_CONTEXT(2) 
PARAMETRIC_REPRESENTATION_CONTEXT() REPRESENTATION_CONTEXT('2D SPACE',''
  ) );
#1542 = ORIENTED_EDGE('',*,*,#1543,.T.);
#1543 = EDGE_CURVE('',#1514,#298,#1544,.T.);
#1544 = SURFACE_CURVE('',#1545,(#1550,#1557),.PCURVE_S1.);
#1545 = CIRCLE('',#1546,2.);
#1546 = AXIS2_PLACEMENT_3D('',#1547,#1548,#1549);
#1547 = CARTESIAN_POINT('',(22.8000001,20.,0.5));
#1548 = DIRECTION('',(-0.,0.,-1.));
#1549 = DIRECTION('',(-1.,0.,0.));
#1550 = PCURVE('',#313,#1551);
#1551 = DEFINITIONAL_REPRESENTATION('',(#1552),#1556);
#1552 = LINE('',#1553,#1554);
#1553 = CARTESIAN_POINT('',(-0.,0.5));
#1554 = VECTOR('',#1555,1.);
#1555 = DIRECTION('',(-1.,0.));
#1556 = ( GEOMETRIC_REPRESENTATION_CONTEXT(2) 
PARAMETRIC_REPRESENTATION_CONTEXT() REPRESENTATION_CONTEXT('2D SPACE',''
  ) );
#1557 = PCURVE('',#912,#1558);
#1558 = DEFINITIONAL_REPRESENTATION('',(#1559),#1563);
#1559 = LINE('',#1560,#1561);
#1560 = CARTESIAN_POINT('',(-0.,-0.));
#1561 = VECTOR('',#1562,1.);
#1562 = DIRECTION('',(-1.,-0.));
#1563 = ( GEOMETRIC_REPRESENTATION_CONTEXT(2) 
PARAMETRIC_REPRESENTATION_CONTEXT() REPRESENTATION_CONTEXT('2D SPACE',''
  ) );
#1564 = ORIENTED_EDGE('',*,*,#297,.F.);
#1565 = ORIENTED_EDGE('',*,*,#1566,.F.);
#1566 = EDGE_CURVE('',#1516,#252,#1567,.T.);
#1567 = SURFACE_CURVE('',#1568,(#1573,#1580),.PCURVE_S1.);
#1568 = CIRCLE('',#1569,2.);
#1569 = AXIS2_PLACEMENT_3D('',#1570,#1571,#1572);
#1570 = CARTESIAN_POINT('',(22.8000001,20.,5.5));
#1571 = DIRECTION('',(-0.,0.,-1.));
#1572 = DIRECTION('',(-1.,0.,0.));
#1573 = PCURVE('',#313,#1574);
#1574 = DEFINITIONAL_REPRESENTATION('',(#1575),#1579);
#1575 = LINE('',#1576,#1577);
#1576 = CARTESIAN_POINT('',(-0.,5.5));
#1577 = VECTOR('',#1578,1.);
#1578 = DIRECTION('',(-1.,0.));
#1579 = ( GEOMETRIC_REPRESENTATION_CONTEXT(2) 
PARAMETRIC_REPRESENTATION_CONTEXT() REPRESENTATION_CONTEXT('2D SPACE',''
  ) );
#1580 = PCURVE('',#279,#1581);
#1581 = DEFINITIONAL_REPRESENTATION('',(#1582),#1586);
#1582 = LINE('',#1583,#1584);
#1583 = CARTESIAN_POINT('',(0.,-0.));
#1584 = VECTOR('',#1585,1.);
#1585 = DIRECTION('',(1.,-0.));
#1586 = ( GEOMETRIC_REPRESENTATION_CONTEXT(2) 
PARAMETRIC_REPRESENTATION_CONTEXT() REPRESENTATION_CONTEXT('2D SPACE',''
  ) );
#1587 = ADVANCED_FACE('',(#1588),#279,.T.);
#1588 = FACE_BOUND('',#1589,.F.);
#1589 = EDGE_LOOP('',(#1590,#1618,#1619,#1620,#1643));
#1590 = ORIENTED_EDGE('',*,*,#1591,.F.);
#1591 = EDGE_CURVE('',#1516,#1592,#1594,.T.);
#1592 = VERTEX_POINT('',#1593);
#1593 = CARTESIAN_POINT('',(21.3000001,20.,6.));
#1594 = SURFACE_CURVE('',#1595,(#1599,#1606),.PCURVE_S1.);
#1595 = LINE('',#1596,#1597);
#1596 = CARTESIAN_POINT('',(21.0500001,20.,5.75));
#1597 = VECTOR('',#1598,1.);
#1598 = DIRECTION('',(0.707106781187,-0.,0.707106781187));
#1599 = PCURVE('',#279,#1600);
#1600 = DEFINITIONAL_REPRESENTATION('',(#1601),#1605);
#1601 = LINE('',#1602,#1603);
#1602 = CARTESIAN_POINT('',(0.,-0.25));
#1603 = VECTOR('',#1604,1.);
#1604 = DIRECTION('',(0.,-1.));
#1605 = ( GEOMETRIC_REPRESENTATION_CONTEXT(2) 
PARAMETRIC_REPRESENTATION_CONTEXT() REPRESENTATION_CONTEXT('2D SPACE',''
  ) );
#1606 = PCURVE('',#1607,#1612);
#1607 = PLANE('',#1608);
#1608 = AXIS2_PLACEMENT_3D('',#1609,#1610,#1611);
#1609 = CARTESIAN_POINT('',(21.0500001,2.,5.75));
#1610 = DIRECTION('',(0.707106781187,0.,-0.707106781187));
#1611 = DIRECTION('',(0.,1.,0.));
#1612 = DEFINITIONAL_REPRESENTATION('',(#1613),#1617);
#1613 = LINE('',#1614,#1615);
#1614 = CARTESIAN_POINT('',(18.,0.));
#1615 = VECTOR('',#1616,1.);
#1616 = DIRECTION('',(0.,1.));
#1617 = ( GEOMETRIC_REPRESENTATION_CONTEXT(2) 
PARAMETRIC_REPRESENTATION_CONTEXT() REPRESENTATION_CONTEXT('2D SPACE',''
  ) );
#1618 = ORIENTED_EDGE('',*,*,#1566,.T.);
#1619 = ORIENTED_EDGE('',*,*,#251,.T.);
#1620 = ORIENTED_EDGE('',*,*,#1621,.T.);
#1621 = EDGE_CURVE('',#220,#1622,#1624,.T.);
#1622 = VERTEX_POINT('',#1623);
#1623 = CARTESIAN_POINT('',(22.8000001,21.5,6.));
#1624 = SURFACE_CURVE('',#1625,(#1629,#1636),.PCURVE_S1.);
#1625 = LINE('',#1626,#1627);
#1626 = CARTESIAN_POINT('',(22.8000001,22.,5.5));
#1627 = VECTOR('',#1628,1.);
#1628 = DIRECTION('',(4.329780281177E-17,-0.707106781187,0.707106781187)
  );
#1629 = PCURVE('',#279,#1630);
#1630 = DEFINITIONAL_REPRESENTATION('',(#1631),#1635);
#1631 = LINE('',#1632,#1633);
#1632 = CARTESIAN_POINT('',(1.570796326795,-0.));
#1633 = VECTOR('',#1634,1.);
#1634 = DIRECTION('',(0.,-1.));
#1635 = ( GEOMETRIC_REPRESENTATION_CONTEXT(2) 
PARAMETRIC_REPRESENTATION_CONTEXT() REPRESENTATION_CONTEXT('2D SPACE',''
  ) );
#1636 = PCURVE('',#239,#1637);
#1637 = DEFINITIONAL_REPRESENTATION('',(#1638),#1642);
#1638 = LINE('',#1639,#1640);
#1639 = CARTESIAN_POINT('',(-0.,-0.353553390593));
#1640 = VECTOR('',#1641,1.);
#1641 = DIRECTION('',(-4.329780281177E-17,1.));
#1642 = ( GEOMETRIC_REPRESENTATION_CONTEXT(2) 
PARAMETRIC_REPRESENTATION_CONTEXT() REPRESENTATION_CONTEXT('2D SPACE',''
  ) );
#1643 = ORIENTED_EDGE('',*,*,#1644,.F.);
#1644 = EDGE_CURVE('',#1592,#1622,#1645,.T.);
#1645 = SURFACE_CURVE('',#1646,(#1651,#1658),.PCURVE_S1.);
#1646 = CIRCLE('',#1647,1.5);
#1647 = AXIS2_PLACEMENT_3D('',#1648,#1649,#1650);
#1648 = CARTESIAN_POINT('',(22.8000001,20.,6.));
#1649 = DIRECTION('',(-0.,0.,-1.));
#1650 = DIRECTION('',(-1.,0.,0.));
#1651 = PCURVE('',#279,#1652);
#1652 = DEFINITIONAL_REPRESENTATION('',(#1653),#1657);
#1653 = LINE('',#1654,#1655);
#1654 = CARTESIAN_POINT('',(0.,-0.5));
#1655 = VECTOR('',#1656,1.);
#1656 = DIRECTION('',(1.,-0.));
#1657 = ( GEOMETRIC_REPRESENTATION_CONTEXT(2) 
PARAMETRIC_REPRESENTATION_CONTEXT() REPRESENTATION_CONTEXT('2D SPACE',''
  ) );
#1658 = PCURVE('',#203,#1659);
#1659 = DEFINITIONAL_REPRESENTATION('',(#1660),#1668);
#1660 = ( BOUNDED_CURVE() B_SPLINE_CURVE(2,(#1661,#1662,#1663,#1664,
#1665,#1666,#1667),.UNSPECIFIED.,.T.,.F.) B_SPLINE_CURVE_WITH_KNOTS((1,2
    ,2,2,2,1),(-2.094395102393,0.,2.094395102393,4.188790204786,
6.28318530718,8.377580409573),.UNSPECIFIED.) CURVE() 
GEOMETRIC_REPRESENTATION_ITEM() RATIONAL_B_SPLINE_CURVE((1.,0.5,1.,0.5,
1.,0.5,1.)) REPRESENTATION_ITEM('') );
#1661 = CARTESIAN_POINT('',(0.5,20.));
#1662 = CARTESIAN_POINT('',(0.5,22.598076211353));
#1663 = CARTESIAN_POINT('',(2.75,21.299038105677));
#1664 = CARTESIAN_POINT('',(5.,20.));
#1665 = CARTESIAN_POINT('',(2.75,18.700961894323));
#1666 = CARTESIAN_POINT('',(0.5,17.401923788647));
#1667 = CARTESIAN_POINT('',(0.5,20.));
#1668 = ( GEOMETRIC_REPRESENTATION_CONTEXT(2) 
PARAMETRIC_REPRESENTATION_CONTEXT() REPRESENTATION_CONTEXT('2D SPACE',''
  ) );
#1669 = ADVANCED_FACE('',(#1670),#239,.T.);
#1670 = FACE_BOUND('',#1671,.F.);
#1671 = EDGE_LOOP('',(#1672,#1673,#1674));
#1672 = ORIENTED_EDGE('',*,*,#1621,.F.);
#1673 = ORIENTED_EDGE('',*,*,#219,.T.);
#1674 = ORIENTED_EDGE('',*,*,#1675,.F.);
#1675 = EDGE_CURVE('',#1622,#187,#1676,.T.);
#1676 = SURFACE_CURVE('',#1677,(#1681,#1688),.PCURVE_S1.);
#1677 = LINE('',#1678,#1679);
#1678 = CARTESIAN_POINT('',(22.8000001,21.5,6.));
#1679 = VECTOR('',#1680,1.);
#1680 = DIRECTION('',(1.,0.,0.));
#1681 = PCURVE('',#239,#1682);
#1682 = DEFINITIONAL_REPRESENTATION('',(#1683),#1687);
#1683 = LINE('',#1684,#1685);
#1684 = CARTESIAN_POINT('',(-0.,0.353553390593));
#1685 = VECTOR('',#1686,1.);
#1686 = DIRECTION('',(-1.,0.));
#1687 = ( GEOMETRIC_REPRESENTATION_CONTEXT(2) 
PARAMETRIC_REPRESENTATION_CONTEXT() REPRESENTATION_CONTEXT('2D SPACE',''
  ) );
#1688 = PCURVE('',#203,#1689);
#1689 = DEFINITIONAL_REPRESENTATION('',(#1690),#1694);
#1690 = LINE('',#1691,#1692);
#1691 = CARTESIAN_POINT('',(2.,21.5));
#1692 = VECTOR('',#1693,1.);
#1693 = DIRECTION('',(1.,0.));
#1694 = ( GEOMETRIC_REPRESENTATION_CONTEXT(2) 
PARAMETRIC_REPRESENTATION_CONTEXT() REPRESENTATION_CONTEXT('2D SPACE',''
  ) );
#1695 = ADVANCED_FACE('',(#1696,#1895),#203,.T.);
#1696 = FACE_BOUND('',#1697,.T.);
#1697 = EDGE_LOOP('',(#1698,#1721,#1754,#1782,#1815,#1843,#1871,#1892,
    #1893,#1894));
#1698 = ORIENTED_EDGE('',*,*,#1699,.F.);
#1699 = EDGE_CURVE('',#1700,#1592,#1702,.T.);
#1700 = VERTEX_POINT('',#1701);
#1701 = CARTESIAN_POINT('',(21.3000001,2.,6.));
#1702 = SURFACE_CURVE('',#1703,(#1707,#1714),.PCURVE_S1.);
#1703 = LINE('',#1704,#1705);
#1704 = CARTESIAN_POINT('',(21.3000001,2.,6.));
#1705 = VECTOR('',#1706,1.);
#1706 = DIRECTION('',(0.,1.,0.));
#1707 = PCURVE('',#203,#1708);
#1708 = DEFINITIONAL_REPRESENTATION('',(#1709),#1713);
#1709 = LINE('',#1710,#1711);
#1710 = CARTESIAN_POINT('',(0.5,2.));
#1711 = VECTOR('',#1712,1.);
#1712 = DIRECTION('',(0.,1.));
#1713 = ( GEOMETRIC_REPRESENTATION_CONTEXT(2) 
PARAMETRIC_REPRESENTATION_CONTEXT() REPRESENTATION_CONTEXT('2D SPACE',''
  ) );
#1714 = PCURVE('',#1607,#1715);
#1715 = DEFINITIONAL_REPRESENTATION('',(#1716),#1720);
#1716 = LINE('',#1717,#1718);
#1717 = CARTESIAN_POINT('',(0.,0.353553390593));
#1718 = VECTOR('',#1719,1.);
#1719 = DIRECTION('',(1.,0.));
#1720 = ( GEOMETRIC_REPRESENTATION_CONTEXT(2) 
PARAMETRIC_REPRESENTATION_CONTEXT() REPRESENTATION_CONTEXT('2D SPACE',''
  ) );
#1721 = ORIENTED_EDGE('',*,*,#1722,.F.);
#1722 = EDGE_CURVE('',#1723,#1700,#1725,.T.);
#1723 = VERTEX_POINT('',#1724);
#1724 = CARTESIAN_POINT('',(22.8000001,0.5,6.));
#1725 = SURFACE_CURVE('',#1726,(#1731,#1742),.PCURVE_S1.);
#1726 = CIRCLE('',#1727,1.5);
#1727 = AXIS2_PLACEMENT_3D('',#1728,#1729,#1730);
#1728 = CARTESIAN_POINT('',(22.8000001,2.,6.));
#1729 = DIRECTION('',(-0.,-0.,-1.));
#1730 = DIRECTION('',(0.,-1.,0.));
#1731 = PCURVE('',#203,#1732);
#1732 = DEFINITIONAL_REPRESENTATION('',(#1733),#1741);
#1733 = ( BOUNDED_CURVE() B_SPLINE_CURVE(2,(#1734,#1735,#1736,#1737,
#1738,#1739,#1740),.UNSPECIFIED.,.T.,.F.) B_SPLINE_CURVE_WITH_KNOTS((1,2
    ,2,2,2,1),(-2.094395102393,0.,2.094395102393,4.188790204786,
6.28318530718,8.377580409573),.UNSPECIFIED.) CURVE() 
GEOMETRIC_REPRESENTATION_ITEM() RATIONAL_B_SPLINE_CURVE((1.,0.5,1.,0.5,
1.,0.5,1.)) REPRESENTATION_ITEM('') );
#1734 = CARTESIAN_POINT('',(2.,0.5));
#1735 = CARTESIAN_POINT('',(-0.598076211353,0.5));
#1736 = CARTESIAN_POINT('',(0.700961894323,2.75));
#1737 = CARTESIAN_POINT('',(2.,5.));
#1738 = CARTESIAN_POINT('',(3.299038105677,2.75));
#1739 = CARTESIAN_POINT('',(4.598076211353,0.5));
#1740 = CARTESIAN_POINT('',(2.,0.5));
#1741 = ( GEOMETRIC_REPRESENTATION_CONTEXT(2) 
PARAMETRIC_REPRESENTATION_CONTEXT() REPRESENTATION_CONTEXT('2D SPACE',''
  ) );
#1742 = PCURVE('',#1743,#1748);
#1743 = CONICAL_SURFACE('',#1744,2.,0.785398163397);
#1744 = AXIS2_PLACEMENT_3D('',#1745,#1746,#1747);
#1745 = CARTESIAN_POINT('',(22.8000001,2.,5.5));
#1746 = DIRECTION('',(-0.,-0.,-1.));
#1747 = DIRECTION('',(0.,-1.,0.));
#1748 = DEFINITIONAL_REPRESENTATION('',(#1749),#1753);
#1749 = LINE('',#1750,#1751);
#1750 = CARTESIAN_POINT('',(0.,-0.5));
#1751 = VECTOR('',#1752,1.);
#1752 = DIRECTION('',(1.,-0.));
#1753 = ( GEOMETRIC_REPRESENTATION_CONTEXT(2) 
PARAMETRIC_REPRESENTATION_CONTEXT() REPRESENTATION_CONTEXT('2D SPACE',''
  ) );
#1754 = ORIENTED_EDGE('',*,*,#1755,.F.);
#1755 = EDGE_CURVE('',#1756,#1723,#1758,.T.);
#1756 = VERTEX_POINT('',#1757);
#1757 = CARTESIAN_POINT('',(32.8000001,0.5,6.));
#1758 = SURFACE_CURVE('',#1759,(#1763,#1770),.PCURVE_S1.);
#1759 = LINE('',#1760,#1761);
#1760 = CARTESIAN_POINT('',(32.8000001,0.5,6.));
#1761 = VECTOR('',#1762,1.);
#1762 = DIRECTION('',(-1.,-0.,-0.));
#1763 = PCURVE('',#203,#1764);
#1764 = DEFINITIONAL_REPRESENTATION('',(#1765),#1769);
#1765 = LINE('',#1766,#1767);
#1766 = CARTESIAN_POINT('',(12.,0.5));
#1767 = VECTOR('',#1768,1.);
#1768 = DIRECTION('',(-1.,0.));
#1769 = ( GEOMETRIC_REPRESENTATION_CONTEXT(2) 
PARAMETRIC_REPRESENTATION_CONTEXT() REPRESENTATION_CONTEXT('2D SPACE',''
  ) );
#1770 = PCURVE('',#1771,#1776);
#1771 = PLANE('',#1772);
#1772 = AXIS2_PLACEMENT_3D('',#1773,#1774,#1775);
#1773 = CARTESIAN_POINT('',(32.8000001,0.25,5.75));
#1774 = DIRECTION('',(0.,0.707106781187,-0.707106781187));
#1775 = DIRECTION('',(-1.,0.,-0.));
#1776 = DEFINITIONAL_REPRESENTATION('',(#1777),#1781);
#1777 = LINE('',#1778,#1779);
#1778 = CARTESIAN_POINT('',(0.,0.353553390593));
#1779 = VECTOR('',#1780,1.);
#1780 = DIRECTION('',(1.,0.));
#1781 = ( GEOMETRIC_REPRESENTATION_CONTEXT(2) 
PARAMETRIC_REPRESENTATION_CONTEXT() REPRESENTATION_CONTEXT('2D SPACE',''
  ) );
#1782 = ORIENTED_EDGE('',*,*,#1783,.F.);
#1783 = EDGE_CURVE('',#1784,#1756,#1786,.T.);
#1784 = VERTEX_POINT('',#1785);
#1785 = CARTESIAN_POINT('',(34.3000001,2.,6.));
#1786 = SURFACE_CURVE('',#1787,(#1792,#1803),.PCURVE_S1.);
#1787 = CIRCLE('',#1788,1.5);
#1788 = AXIS2_PLACEMENT_3D('',#1789,#1790,#1791);
#1789 = CARTESIAN_POINT('',(32.8000001,2.,6.));
#1790 = DIRECTION('',(0.,0.,-1.));
#1791 = DIRECTION('',(1.,0.,0.));
#1792 = PCURVE('',#203,#1793);
#1793 = DEFINITIONAL_REPRESENTATION('',(#1794),#1802);
#1794 = ( BOUNDED_CURVE() B_SPLINE_CURVE(2,(#1795,#1796,#1797,#1798,
#1799,#1800,#1801),.UNSPECIFIED.,.T.,.F.) B_SPLINE_CURVE_WITH_KNOTS((1,2
    ,2,2,2,1),(-2.094395102393,0.,2.094395102393,4.188790204786,
6.28318530718,8.377580409573),.UNSPECIFIED.) CURVE() 
GEOMETRIC_REPRESENTATION_ITEM() RATIONAL_B_SPLINE_CURVE((1.,0.5,1.,0.5,
1.,0.5,1.)) REPRESENTATION_ITEM('') );
#1795 = CARTESIAN_POINT('',(13.5,2.));
#1796 = CARTESIAN_POINT('',(13.5,-0.598076211353));
#1797 = CARTESIAN_POINT('',(11.25,0.700961894323));
#1798 = CARTESIAN_POINT('',(9.,2.));
#1799 = CARTESIAN_POINT('',(11.25,3.299038105677));
#1800 = CARTESIAN_POINT('',(13.5,4.598076211353));
#1801 = CARTESIAN_POINT('',(13.5,2.));
#1802 = ( GEOMETRIC_REPRESENTATION_CONTEXT(2) 
PARAMETRIC_REPRESENTATION_CONTEXT() REPRESENTATION_CONTEXT('2D SPACE',''
  ) );
#1803 = PCURVE('',#1804,#1809);
#1804 = CONICAL_SURFACE('',#1805,2.,0.785398163397);
#1805 = AXIS2_PLACEMENT_3D('',#1806,#1807,#1808);
#1806 = CARTESIAN_POINT('',(32.8000001,2.,5.5));
#1807 = DIRECTION('',(-0.,-0.,-1.));
#1808 = DIRECTION('',(1.,0.,0.));
#1809 = DEFINITIONAL_REPRESENTATION('',(#1810),#1814);
#1810 = LINE('',#1811,#1812);
#1811 = CARTESIAN_POINT('',(0.,-0.5));
#1812 = VECTOR('',#1813,1.);
#1813 = DIRECTION('',(1.,-0.));
#1814 = ( GEOMETRIC_REPRESENTATION_CONTEXT(2) 
PARAMETRIC_REPRESENTATION_CONTEXT() REPRESENTATION_CONTEXT('2D SPACE',''
  ) );
#1815 = ORIENTED_EDGE('',*,*,#1816,.F.);
#1816 = EDGE_CURVE('',#1817,#1784,#1819,.T.);
#1817 = VERTEX_POINT('',#1818);
#1818 = CARTESIAN_POINT('',(34.3000001,20.,6.));
#1819 = SURFACE_CURVE('',#1820,(#1824,#1831),.PCURVE_S1.);
#1820 = LINE('',#1821,#1822);
#1821 = CARTESIAN_POINT('',(34.3000001,20.,6.));
#1822 = VECTOR('',#1823,1.);
#1823 = DIRECTION('',(-0.,-1.,-0.));
#1824 = PCURVE('',#203,#1825);
#1825 = DEFINITIONAL_REPRESENTATION('',(#1826),#1830);
#1826 = LINE('',#1827,#1828);
#1827 = CARTESIAN_POINT('',(13.5,20.));
#1828 = VECTOR('',#1829,1.);
#1829 = DIRECTION('',(0.,-1.));
#1830 = ( GEOMETRIC_REPRESENTATION_CONTEXT(2) 
PARAMETRIC_REPRESENTATION_CONTEXT() REPRESENTATION_CONTEXT('2D SPACE',''
  ) );
#1831 = PCURVE('',#1832,#1837);
#1832 = PLANE('',#1833);
#1833 = AXIS2_PLACEMENT_3D('',#1834,#1835,#1836);
#1834 = CARTESIAN_POINT('',(34.5500001,20.,5.75));
#1835 = DIRECTION('',(0.707106781187,0.,0.707106781187));
#1836 = DIRECTION('',(-0.,1.,-0.));
#1837 = DEFINITIONAL_REPRESENTATION('',(#1838),#1842);
#1838 = LINE('',#1839,#1840);
#1839 = CARTESIAN_POINT('',(-0.,0.353553390593));
#1840 = VECTOR('',#1841,1.);
#1841 = DIRECTION('',(-1.,0.));
#1842 = ( GEOMETRIC_REPRESENTATION_CONTEXT(2) 
PARAMETRIC_REPRESENTATION_CONTEXT() REPRESENTATION_CONTEXT('2D SPACE',''
  ) );
#1843 = ORIENTED_EDGE('',*,*,#1844,.F.);
#1844 = EDGE_CURVE('',#1845,#1817,#1847,.T.);
#1845 = VERTEX_POINT('',#1846);
#1846 = CARTESIAN_POINT('',(32.8000001,21.5,6.));
#1847 = SURFACE_CURVE('',#1848,(#1853,#1864),.PCURVE_S1.);
#1848 = CIRCLE('',#1849,1.5);
#1849 = AXIS2_PLACEMENT_3D('',#1850,#1851,#1852);
#1850 = CARTESIAN_POINT('',(32.8000001,20.,6.));
#1851 = DIRECTION('',(0.,-0.,-1.));
#1852 = DIRECTION('',(0.,1.,-0.));
#1853 = PCURVE('',#203,#1854);
#1854 = DEFINITIONAL_REPRESENTATION('',(#1855),#1863);
#1855 = ( BOUNDED_CURVE() B_SPLINE_CURVE(2,(#1856,#1857,#1858,#1859,
#1860,#1861,#1862),.UNSPECIFIED.,.T.,.F.) B_SPLINE_CURVE_WITH_KNOTS((1,2
    ,2,2,2,1),(-2.094395102393,0.,2.094395102393,4.188790204786,
6.28318530718,8.377580409573),.UNSPECIFIED.) CURVE() 
GEOMETRIC_REPRESENTATION_ITEM() RATIONAL_B_SPLINE_CURVE((1.,0.5,1.,0.5,
1.,0.5,1.)) REPRESENTATION_ITEM('') );
#1856 = CARTESIAN_POINT('',(12.,21.5));
#1857 = CARTESIAN_POINT('',(14.598076211353,21.5));
#1858 = CARTESIAN_POINT('',(13.299038105677,19.25));
#1859 = CARTESIAN_POINT('',(12.,17.));
#1860 = CARTESIAN_POINT('',(10.700961894323,19.25));
#1861 = CARTESIAN_POINT('',(9.401923788647,21.5));
#1862 = CARTESIAN_POINT('',(12.,21.5));
#1863 = ( GEOMETRIC_REPRESENTATION_CONTEXT(2) 
PARAMETRIC_REPRESENTATION_CONTEXT() REPRESENTATION_CONTEXT('2D SPACE',''
  ) );
#1864 = PCURVE('',#136,#1865);
#1865 = DEFINITIONAL_REPRESENTATION('',(#1866),#1870);
#1866 = LINE('',#1867,#1868);
#1867 = CARTESIAN_POINT('',(0.,-0.5));
#1868 = VECTOR('',#1869,1.);
#1869 = DIRECTION('',(1.,-0.));
#1870 = ( GEOMETRIC_REPRESENTATION_CONTEXT(2) 
PARAMETRIC_REPRESENTATION_CONTEXT() REPRESENTATION_CONTEXT('2D SPACE',''
  ) );
#1871 = ORIENTED_EDGE('',*,*,#1872,.F.);
#1872 = EDGE_CURVE('',#155,#1845,#1873,.T.);
#1873 = SURFACE_CURVE('',#1874,(#1878,#1885),.PCURVE_S1.);
#1874 = LINE('',#1875,#1876);
#1875 = CARTESIAN_POINT('',(22.8000001,21.5,6.));
#1876 = VECTOR('',#1877,1.);
#1877 = DIRECTION('',(1.,0.,0.));
#1878 = PCURVE('',#203,#1879);
#1879 = DEFINITIONAL_REPRESENTATION('',(#1880),#1884);
#1880 = LINE('',#1881,#1882);
#1881 = CARTESIAN_POINT('',(2.,21.5));
#1882 = VECTOR('',#1883,1.);
#1883 = DIRECTION('',(1.,0.));
#1884 = ( GEOMETRIC_REPRESENTATION_CONTEXT(2) 
PARAMETRIC_REPRESENTATION_CONTEXT() REPRESENTATION_CONTEXT('2D SPACE',''
  ) );
#1885 = PCURVE('',#174,#1886);
#1886 = DEFINITIONAL_REPRESENTATION('',(#1887),#1891);
#1887 = LINE('',#1888,#1889);
#1888 = CARTESIAN_POINT('',(-0.,0.353553390593));
#1889 = VECTOR('',#1890,1.);
#1890 = DIRECTION('',(-1.,0.));
#1891 = ( GEOMETRIC_REPRESENTATION_CONTEXT(2) 
PARAMETRIC_REPRESENTATION_CONTEXT() REPRESENTATION_CONTEXT('2D SPACE',''
  ) );
#1892 = ORIENTED_EDGE('',*,*,#186,.T.);
#1893 = ORIENTED_EDGE('',*,*,#1675,.F.);
#1894 = ORIENTED_EDGE('',*,*,#1644,.F.);
#1895 = FACE_BOUND('',#1896,.T.);
#1896 = EDGE_LOOP('',(#1897));
#1897 = ORIENTED_EDGE('',*,*,#1898,.T.);
#1898 = EDGE_CURVE('',#1899,#1899,#1901,.T.);
#1899 = VERTEX_POINT('',#1900);
#1900 = CARTESIAN_POINT('',(29.4500001,11.,6.));
#1901 = SURFACE_CURVE('',#1902,(#1907,#1918),.PCURVE_S1.);
#1902 = CIRCLE('',#1903,1.65);
#1903 = AXIS2_PLACEMENT_3D('',#1904,#1905,#1906);
#1904 = CARTESIAN_POINT('',(27.8000001,11.,6.));
#1905 = DIRECTION('',(0.,0.,-1.));
#1906 = DIRECTION('',(1.,0.,0.));
#1907 = PCURVE('',#203,#1908);
#1908 = DEFINITIONAL_REPRESENTATION('',(#1909),#1917);
#1909 = ( BOUNDED_CURVE() B_SPLINE_CURVE(2,(#1910,#1911,#1912,#1913,
#1914,#1915,#1916),.UNSPECIFIED.,.T.,.F.) B_SPLINE_CURVE_WITH_KNOTS((1,2
    ,2,2,2,1),(-2.094395102393,0.,2.094395102393,4.188790204786,
6.28318530718,8.377580409573),.UNSPECIFIED.) CURVE() 
GEOMETRIC_REPRESENTATION_ITEM() RATIONAL_B_SPLINE_CURVE((1.,0.5,1.,0.5,
1.,0.5,1.)) REPRESENTATION_ITEM('') );
#1910 = CARTESIAN_POINT('',(8.65,11.));
#1911 = CARTESIAN_POINT('',(8.65,8.142116167511));
#1912 = CARTESIAN_POINT('',(6.175,9.571058083756));
#1913 = CARTESIAN_POINT('',(3.7,11.));
#1914 = CARTESIAN_POINT('',(6.175,12.428941916244));
#1915 = CARTESIAN_POINT('',(8.65,13.857883832489));
#1916 = CARTESIAN_POINT('',(8.65,11.));
#1917 = ( GEOMETRIC_REPRESENTATION_CONTEXT(2) 
PARAMETRIC_REPRESENTATION_CONTEXT() REPRESENTATION_CONTEXT('2D SPACE',''
  ) );
#1918 = PCURVE('',#1919,#1924);
#1919 = CYLINDRICAL_SURFACE('',#1920,1.65);
#1920 = AXIS2_PLACEMENT_3D('',#1921,#1922,#1923);
#1921 = CARTESIAN_POINT('',(27.8000001,11.,-15.4));
#1922 = DIRECTION('',(-0.,-0.,-1.));
#1923 = DIRECTION('',(1.,0.,0.));
#1924 = DEFINITIONAL_REPRESENTATION('',(#1925),#1929);
#1925 = LINE('',#1926,#1927);
#1926 = CARTESIAN_POINT('',(-6.28318530718,-21.4));
#1927 = VECTOR('',#1928,1.);
#1928 = DIRECTION('',(1.,-0.));
#1929 = ( GEOMETRIC_REPRESENTATION_CONTEXT(2) 
PARAMETRIC_REPRESENTATION_CONTEXT() REPRESENTATION_CONTEXT('2D SPACE',''
  ) );
#1930 = ADVANCED_FACE('',(#1931),#174,.T.);
#1931 = FACE_BOUND('',#1932,.F.);
#1932 = EDGE_LOOP('',(#1933,#1934,#1955));
#1933 = ORIENTED_EDGE('',*,*,#154,.T.);
#1934 = ORIENTED_EDGE('',*,*,#1935,.T.);
#1935 = EDGE_CURVE('',#109,#1845,#1936,.T.);
#1936 = SURFACE_CURVE('',#1937,(#1941,#1948),.PCURVE_S1.);
#1937 = LINE('',#1938,#1939);
#1938 = CARTESIAN_POINT('',(32.8000001,21.75,5.75));
#1939 = VECTOR('',#1940,1.);
#1940 = DIRECTION('',(0.,-0.707106781187,0.707106781187));
#1941 = PCURVE('',#174,#1942);
#1942 = DEFINITIONAL_REPRESENTATION('',(#1943),#1947);
#1943 = LINE('',#1944,#1945);
#1944 = CARTESIAN_POINT('',(-10.,0.));
#1945 = VECTOR('',#1946,1.);
#1946 = DIRECTION('',(-0.,1.));
#1947 = ( GEOMETRIC_REPRESENTATION_CONTEXT(2) 
PARAMETRIC_REPRESENTATION_CONTEXT() REPRESENTATION_CONTEXT('2D SPACE',''
  ) );
#1948 = PCURVE('',#136,#1949);
#1949 = DEFINITIONAL_REPRESENTATION('',(#1950),#1954);
#1950 = LINE('',#1951,#1952);
#1951 = CARTESIAN_POINT('',(0.,-0.25));
#1952 = VECTOR('',#1953,1.);
#1953 = DIRECTION('',(0.,-1.));
#1954 = ( GEOMETRIC_REPRESENTATION_CONTEXT(2) 
PARAMETRIC_REPRESENTATION_CONTEXT() REPRESENTATION_CONTEXT('2D SPACE',''
  ) );
#1955 = ORIENTED_EDGE('',*,*,#1872,.F.);
#1956 = ADVANCED_FACE('',(#1957),#136,.T.);
#1957 = FACE_BOUND('',#1958,.F.);
#1958 = EDGE_LOOP('',(#1959,#1960,#1961,#1985,#2006));
#1959 = ORIENTED_EDGE('',*,*,#1935,.F.);
#1960 = ORIENTED_EDGE('',*,*,#108,.T.);
#1961 = ORIENTED_EDGE('',*,*,#1962,.T.);
#1962 = EDGE_CURVE('',#81,#1963,#1965,.T.);
#1963 = VERTEX_POINT('',#1964);
#1964 = CARTESIAN_POINT('',(34.8000001,20.,5.5));
#1965 = SURFACE_CURVE('',#1966,(#1971,#1978),.PCURVE_S1.);
#1966 = CIRCLE('',#1967,2.);
#1967 = AXIS2_PLACEMENT_3D('',#1968,#1969,#1970);
#1968 = CARTESIAN_POINT('',(32.8000001,20.,5.5));
#1969 = DIRECTION('',(0.,-0.,-1.));
#1970 = DIRECTION('',(0.,1.,-0.));
#1971 = PCURVE('',#136,#1972);
#1972 = DEFINITIONAL_REPRESENTATION('',(#1973),#1977);
#1973 = LINE('',#1974,#1975);
#1974 = CARTESIAN_POINT('',(0.,-0.));
#1975 = VECTOR('',#1976,1.);
#1976 = DIRECTION('',(1.,-0.));
#1977 = ( GEOMETRIC_REPRESENTATION_CONTEXT(2) 
PARAMETRIC_REPRESENTATION_CONTEXT() REPRESENTATION_CONTEXT('2D SPACE',''
  ) );
#1978 = PCURVE('',#96,#1979);
#1979 = DEFINITIONAL_REPRESENTATION('',(#1980),#1984);
#1980 = LINE('',#1981,#1982);
#1981 = CARTESIAN_POINT('',(1.570796326795,5.5));
#1982 = VECTOR('',#1983,1.);
#1983 = DIRECTION('',(-1.,-0.));
#1984 = ( GEOMETRIC_REPRESENTATION_CONTEXT(2) 
PARAMETRIC_REPRESENTATION_CONTEXT() REPRESENTATION_CONTEXT('2D SPACE',''
  ) );
#1985 = ORIENTED_EDGE('',*,*,#1986,.T.);
#1986 = EDGE_CURVE('',#1963,#1817,#1987,.T.);
#1987 = SURFACE_CURVE('',#1988,(#1992,#1999),.PCURVE_S1.);
#1988 = LINE('',#1989,#1990);
#1989 = CARTESIAN_POINT('',(34.8000001,20.,5.5));
#1990 = VECTOR('',#1991,1.);
#1991 = DIRECTION('',(-0.707106781187,-4.329780281177E-17,0.707106781187
    ));
#1992 = PCURVE('',#136,#1993);
#1993 = DEFINITIONAL_REPRESENTATION('',(#1994),#1998);
#1994 = LINE('',#1995,#1996);
#1995 = CARTESIAN_POINT('',(1.570796326795,-0.));
#1996 = VECTOR('',#1997,1.);
#1997 = DIRECTION('',(0.,-1.));
#1998 = ( GEOMETRIC_REPRESENTATION_CONTEXT(2) 
PARAMETRIC_REPRESENTATION_CONTEXT() REPRESENTATION_CONTEXT('2D SPACE',''
  ) );
#1999 = PCURVE('',#1832,#2000);
#2000 = DEFINITIONAL_REPRESENTATION('',(#2001),#2005);
#2001 = LINE('',#2002,#2003);
#2002 = CARTESIAN_POINT('',(-0.,-0.353553390593));
#2003 = VECTOR('',#2004,1.);
#2004 = DIRECTION('',(-4.329780281177E-17,1.));
#2005 = ( GEOMETRIC_REPRESENTATION_CONTEXT(2) 
PARAMETRIC_REPRESENTATION_CONTEXT() REPRESENTATION_CONTEXT('2D SPACE',''
  ) );
#2006 = ORIENTED_EDGE('',*,*,#1844,.F.);
#2007 = ADVANCED_FACE('',(#2008),#96,.T.);
#2008 = FACE_BOUND('',#2009,.T.);
#2009 = EDGE_LOOP('',(#2010,#2038,#2060,#2061));
#2010 = ORIENTED_EDGE('',*,*,#2011,.F.);
#2011 = EDGE_CURVE('',#2012,#1963,#2014,.T.);
#2012 = VERTEX_POINT('',#2013);
#2013 = CARTESIAN_POINT('',(34.8000001,20.,0.5));
#2014 = SURFACE_CURVE('',#2015,(#2019,#2026),.PCURVE_S1.);
#2015 = LINE('',#2016,#2017);
#2016 = CARTESIAN_POINT('',(34.8000001,20.,1.7763568394E-15));
#2017 = VECTOR('',#2018,1.);
#2018 = DIRECTION('',(0.,0.,1.));
#2019 = PCURVE('',#96,#2020);
#2020 = DEFINITIONAL_REPRESENTATION('',(#2021),#2025);
#2021 = LINE('',#2022,#2023);
#2022 = CARTESIAN_POINT('',(0.,0.));
#2023 = VECTOR('',#2024,1.);
#2024 = DIRECTION('',(0.,1.));
#2025 = ( GEOMETRIC_REPRESENTATION_CONTEXT(2) 
PARAMETRIC_REPRESENTATION_CONTEXT() REPRESENTATION_CONTEXT('2D SPACE',''
  ) );
#2026 = PCURVE('',#2027,#2032);
#2027 = PLANE('',#2028);
#2028 = AXIS2_PLACEMENT_3D('',#2029,#2030,#2031);
#2029 = CARTESIAN_POINT('',(34.8000001,0.,1.7763568394E-15));
#2030 = DIRECTION('',(1.,0.,0.));
#2031 = DIRECTION('',(0.,0.,1.));
#2032 = DEFINITIONAL_REPRESENTATION('',(#2033),#2037);
#2033 = LINE('',#2034,#2035);
#2034 = CARTESIAN_POINT('',(0.,-20.));
#2035 = VECTOR('',#2036,1.);
#2036 = DIRECTION('',(1.,0.));
#2037 = ( GEOMETRIC_REPRESENTATION_CONTEXT(2) 
PARAMETRIC_REPRESENTATION_CONTEXT() REPRESENTATION_CONTEXT('2D SPACE',''
  ) );
#2038 = ORIENTED_EDGE('',*,*,#2039,.F.);
#2039 = EDGE_CURVE('',#52,#2012,#2040,.T.);
#2040 = SURFACE_CURVE('',#2041,(#2046,#2053),.PCURVE_S1.);
#2041 = CIRCLE('',#2042,2.);
#2042 = AXIS2_PLACEMENT_3D('',#2043,#2044,#2045);
#2043 = CARTESIAN_POINT('',(32.8000001,20.,0.5));
#2044 = DIRECTION('',(0.,-0.,-1.));
#2045 = DIRECTION('',(0.,1.,-0.));
#2046 = PCURVE('',#96,#2047);
#2047 = DEFINITIONAL_REPRESENTATION('',(#2048),#2052);
#2048 = LINE('',#2049,#2050);
#2049 = CARTESIAN_POINT('',(1.570796326795,0.5));
#2050 = VECTOR('',#2051,1.);
#2051 = DIRECTION('',(-1.,-0.));
#2052 = ( GEOMETRIC_REPRESENTATION_CONTEXT(2) 
PARAMETRIC_REPRESENTATION_CONTEXT() REPRESENTATION_CONTEXT('2D SPACE',''
  ) );
#2053 = PCURVE('',#723,#2054);
#2054 = DEFINITIONAL_REPRESENTATION('',(#2055),#2059);
#2055 = LINE('',#2056,#2057);
#2056 = CARTESIAN_POINT('',(-0.,-0.));
#2057 = VECTOR('',#2058,1.);
#2058 = DIRECTION('',(-1.,-0.));
#2059 = ( GEOMETRIC_REPRESENTATION_CONTEXT(2) 
PARAMETRIC_REPRESENTATION_CONTEXT() REPRESENTATION_CONTEXT('2D SPACE',''
  ) );
#2060 = ORIENTED_EDGE('',*,*,#80,.F.);
#2061 = ORIENTED_EDGE('',*,*,#1962,.T.);
#2062 = ADVANCED_FACE('',(#2063,#2066),#688,.T.);
#2063 = FACE_BOUND('',#2064,.T.);
#2064 = EDGE_LOOP('',(#2065));
#2065 = ORIENTED_EDGE('',*,*,#673,.T.);
#2066 = FACE_BOUND('',#2067,.T.);
#2067 = EDGE_LOOP('',(#2068));
#2068 = ORIENTED_EDGE('',*,*,#2069,.T.);
#2069 = EDGE_CURVE('',#2070,#2070,#2072,.T.);
#2070 = VERTEX_POINT('',#2071);
#2071 = CARTESIAN_POINT('',(54.0000001,49.,79.4));
#2072 = SURFACE_CURVE('',#2073,(#2078,#2089),.PCURVE_S1.);
#2073 = CIRCLE('',#2074,26.2);
#2074 = AXIS2_PLACEMENT_3D('',#2075,#2076,#2077);
#2075 = CARTESIAN_POINT('',(27.8000001,49.,79.4));
#2076 = DIRECTION('',(0.,-0.,-1.));
#2077 = DIRECTION('',(1.,-2.449293598295E-16,0.));
#2078 = PCURVE('',#688,#2079);
#2079 = DEFINITIONAL_REPRESENTATION('',(#2080),#2088);
#2080 = ( BOUNDED_CURVE() B_SPLINE_CURVE(2,(#2081,#2082,#2083,#2084,
#2085,#2086,#2087),.UNSPECIFIED.,.T.,.F.) B_SPLINE_CURVE_WITH_KNOTS((1,2
    ,2,2,2,1),(-2.094395102393,0.,2.094395102393,4.188790204786,
6.28318530718,8.377580409573),.UNSPECIFIED.) CURVE() 
GEOMETRIC_REPRESENTATION_ITEM() RATIONAL_B_SPLINE_CURVE((1.,0.5,1.,0.5,
1.,0.5,1.)) REPRESENTATION_ITEM('') );
#2081 = CARTESIAN_POINT('',(26.2,-6.417149227532E-15));
#2082 = CARTESIAN_POINT('',(26.2,-45.3797311583));
#2083 = CARTESIAN_POINT('',(-13.1,-22.68986557915));
#2084 = CARTESIAN_POINT('',(-52.4,6.417149227532E-15));
#2085 = CARTESIAN_POINT('',(-13.1,22.689865579152));
#2086 = CARTESIAN_POINT('',(26.2,45.379731158305));
#2087 = CARTESIAN_POINT('',(26.2,-6.417149227532E-15));
#2088 = ( GEOMETRIC_REPRESENTATION_CONTEXT(2) 
PARAMETRIC_REPRESENTATION_CONTEXT() REPRESENTATION_CONTEXT('2D SPACE',''
  ) );
#2089 = PCURVE('',#2090,#2095);
#2090 = TOROIDAL_SURFACE('',#2091,26.2,0.8);
#2091 = AXIS2_PLACEMENT_3D('',#2092,#2093,#2094);
#2092 = CARTESIAN_POINT('',(27.8000001,49.,78.6));
#2093 = DIRECTION('',(0.,0.,1.));
#2094 = DIRECTION('',(1.,-2.449293598295E-16,0.));
#2095 = DEFINITIONAL_REPRESENTATION('',(#2096),#2100);
#2096 = LINE('',#2097,#2098);
#2097 = CARTESIAN_POINT('',(-0.,1.570796326795));
#2098 = VECTOR('',#2099,1.);
#2099 = DIRECTION('',(-1.,0.));
#2100 = ( GEOMETRIC_REPRESENTATION_CONTEXT(2) 
PARAMETRIC_REPRESENTATION_CONTEXT() REPRESENTATION_CONTEXT('2D SPACE',''
  ) );
#2101 = ADVANCED_FACE('',(#2102),#723,.T.);
#2102 = FACE_BOUND('',#2103,.T.);
#2103 = EDGE_LOOP('',(#2104,#2127,#2128,#2129,#2157));
#2104 = ORIENTED_EDGE('',*,*,#2105,.F.);
#2105 = EDGE_CURVE('',#704,#2106,#2108,.T.);
#2106 = VERTEX_POINT('',#2107);
#2107 = CARTESIAN_POINT('',(32.8000001,21.5,3.552713678801E-15));
#2108 = SURFACE_CURVE('',#2109,(#2113,#2120),.PCURVE_S1.);
#2109 = LINE('',#2110,#2111);
#2110 = CARTESIAN_POINT('',(32.8000001,21.75,0.25));
#2111 = VECTOR('',#2112,1.);
#2112 = DIRECTION('',(0.,-0.707106781187,-0.707106781187));
#2113 = PCURVE('',#723,#2114);
#2114 = DEFINITIONAL_REPRESENTATION('',(#2115),#2119);
#2115 = LINE('',#2116,#2117);
#2116 = CARTESIAN_POINT('',(-0.,-0.25));
#2117 = VECTOR('',#2118,1.);
#2118 = DIRECTION('',(-0.,-1.));
#2119 = ( GEOMETRIC_REPRESENTATION_CONTEXT(2) 
PARAMETRIC_REPRESENTATION_CONTEXT() REPRESENTATION_CONTEXT('2D SPACE',''
  ) );
#2120 = PCURVE('',#945,#2121);
#2121 = DEFINITIONAL_REPRESENTATION('',(#2122),#2126);
#2122 = LINE('',#2123,#2124);
#2123 = CARTESIAN_POINT('',(-10.,0.));
#2124 = VECTOR('',#2125,1.);
#2125 = DIRECTION('',(-0.,1.));
#2126 = ( GEOMETRIC_REPRESENTATION_CONTEXT(2) 
PARAMETRIC_REPRESENTATION_CONTEXT() REPRESENTATION_CONTEXT('2D SPACE',''
  ) );
#2127 = ORIENTED_EDGE('',*,*,#703,.T.);
#2128 = ORIENTED_EDGE('',*,*,#2039,.T.);
#2129 = ORIENTED_EDGE('',*,*,#2130,.T.);
#2130 = EDGE_CURVE('',#2012,#2131,#2133,.T.);
#2131 = VERTEX_POINT('',#2132);
#2132 = CARTESIAN_POINT('',(34.3000001,20.,1.7763568394E-15));
#2133 = SURFACE_CURVE('',#2134,(#2138,#2145),.PCURVE_S1.);
#2134 = LINE('',#2135,#2136);
#2135 = CARTESIAN_POINT('',(34.8000001,20.,0.5));
#2136 = VECTOR('',#2137,1.);
#2137 = DIRECTION('',(-0.707106781187,-4.329780281177E-17,
    -0.707106781187));
#2138 = PCURVE('',#723,#2139);
#2139 = DEFINITIONAL_REPRESENTATION('',(#2140),#2144);
#2140 = LINE('',#2141,#2142);
#2141 = CARTESIAN_POINT('',(-1.570796326795,-0.));
#2142 = VECTOR('',#2143,1.);
#2143 = DIRECTION('',(-0.,-1.));
#2144 = ( GEOMETRIC_REPRESENTATION_CONTEXT(2) 
PARAMETRIC_REPRESENTATION_CONTEXT() REPRESENTATION_CONTEXT('2D SPACE',''
  ) );
#2145 = PCURVE('',#2146,#2151);
#2146 = PLANE('',#2147);
#2147 = AXIS2_PLACEMENT_3D('',#2148,#2149,#2150);
#2148 = CARTESIAN_POINT('',(34.5500001,20.,0.25));
#2149 = DIRECTION('',(-0.707106781187,0.,0.707106781187));
#2150 = DIRECTION('',(0.,1.,-0.));
#2151 = DEFINITIONAL_REPRESENTATION('',(#2152),#2156);
#2152 = LINE('',#2153,#2154);
#2153 = CARTESIAN_POINT('',(-0.,-0.353553390593));
#2154 = VECTOR('',#2155,1.);
#2155 = DIRECTION('',(-4.329780281177E-17,1.));
#2156 = ( GEOMETRIC_REPRESENTATION_CONTEXT(2) 
PARAMETRIC_REPRESENTATION_CONTEXT() REPRESENTATION_CONTEXT('2D SPACE',''
  ) );
#2157 = ORIENTED_EDGE('',*,*,#2158,.F.);
#2158 = EDGE_CURVE('',#2106,#2131,#2159,.T.);
#2159 = SURFACE_CURVE('',#2160,(#2165,#2172),.PCURVE_S1.);
#2160 = CIRCLE('',#2161,1.5);
#2161 = AXIS2_PLACEMENT_3D('',#2162,#2163,#2164);
#2162 = CARTESIAN_POINT('',(32.8000001,20.,1.7763568394E-15));
#2163 = DIRECTION('',(0.,-0.,-1.));
#2164 = DIRECTION('',(0.,1.,-0.));
#2165 = PCURVE('',#723,#2166);
#2166 = DEFINITIONAL_REPRESENTATION('',(#2167),#2171);
#2167 = LINE('',#2168,#2169);
#2168 = CARTESIAN_POINT('',(-0.,-0.5));
#2169 = VECTOR('',#2170,1.);
#2170 = DIRECTION('',(-1.,-0.));
#2171 = ( GEOMETRIC_REPRESENTATION_CONTEXT(2) 
PARAMETRIC_REPRESENTATION_CONTEXT() REPRESENTATION_CONTEXT('2D SPACE',''
  ) );
#2172 = PCURVE('',#2173,#2178);
#2173 = PLANE('',#2174);
#2174 = AXIS2_PLACEMENT_3D('',#2175,#2176,#2177);
#2175 = CARTESIAN_POINT('',(20.8000001,0.,1.7763568394E-15));
#2176 = DIRECTION('',(0.,0.,1.));
#2177 = DIRECTION('',(1.,0.,0.));
#2178 = DEFINITIONAL_REPRESENTATION('',(#2179),#2187);
#2179 = ( BOUNDED_CURVE() B_SPLINE_CURVE(2,(#2180,#2181,#2182,#2183,
#2184,#2185,#2186),.UNSPECIFIED.,.T.,.F.) B_SPLINE_CURVE_WITH_KNOTS((1,2
    ,2,2,2,1),(-2.094395102393,0.,2.094395102393,4.188790204786,
6.28318530718,8.377580409573),.UNSPECIFIED.) CURVE() 
GEOMETRIC_REPRESENTATION_ITEM() RATIONAL_B_SPLINE_CURVE((1.,0.5,1.,0.5,
1.,0.5,1.)) REPRESENTATION_ITEM('') );
#2180 = CARTESIAN_POINT('',(12.,21.5));
#2181 = CARTESIAN_POINT('',(14.598076211353,21.5));
#2182 = CARTESIAN_POINT('',(13.299038105677,19.25));
#2183 = CARTESIAN_POINT('',(12.,17.));
#2184 = CARTESIAN_POINT('',(10.700961894323,19.25));
#2185 = CARTESIAN_POINT('',(9.401923788647,21.5));
#2186 = CARTESIAN_POINT('',(12.,21.5));
#2187 = ( GEOMETRIC_REPRESENTATION_CONTEXT(2) 
PARAMETRIC_REPRESENTATION_CONTEXT() REPRESENTATION_CONTEXT('2D SPACE',''
  ) );
#2188 = ADVANCED_FACE('',(#2189),#945,.F.);
#2189 = FACE_BOUND('',#2190,.T.);
#2190 = EDGE_LOOP('',(#2191,#2214,#2215,#2216));
#2191 = ORIENTED_EDGE('',*,*,#2192,.F.);
#2192 = EDGE_CURVE('',#893,#2193,#2195,.T.);
#2193 = VERTEX_POINT('',#2194);
#2194 = CARTESIAN_POINT('',(22.8000001,21.5,1.7763568394E-15));
#2195 = SURFACE_CURVE('',#2196,(#2200,#2207),.PCURVE_S1.);
#2196 = LINE('',#2197,#2198);
#2197 = CARTESIAN_POINT('',(22.8000001,22.,0.5));
#2198 = VECTOR('',#2199,1.);
#2199 = DIRECTION('',(4.329780281177E-17,-0.707106781187,-0.707106781187
    ));
#2200 = PCURVE('',#945,#2201);
#2201 = DEFINITIONAL_REPRESENTATION('',(#2202),#2206);
#2202 = LINE('',#2203,#2204);
#2203 = CARTESIAN_POINT('',(-0.,-0.353553390593));
#2204 = VECTOR('',#2205,1.);
#2205 = DIRECTION('',(-4.329780281177E-17,1.));
#2206 = ( GEOMETRIC_REPRESENTATION_CONTEXT(2) 
PARAMETRIC_REPRESENTATION_CONTEXT() REPRESENTATION_CONTEXT('2D SPACE',''
  ) );
#2207 = PCURVE('',#912,#2208);
#2208 = DEFINITIONAL_REPRESENTATION('',(#2209),#2213);
#2209 = LINE('',#2210,#2211);
#2210 = CARTESIAN_POINT('',(-1.570796326795,-0.));
#2211 = VECTOR('',#2212,1.);
#2212 = DIRECTION('',(-0.,-1.));
#2213 = ( GEOMETRIC_REPRESENTATION_CONTEXT(2) 
PARAMETRIC_REPRESENTATION_CONTEXT() REPRESENTATION_CONTEXT('2D SPACE',''
  ) );
#2214 = ORIENTED_EDGE('',*,*,#927,.T.);
#2215 = ORIENTED_EDGE('',*,*,#2105,.T.);
#2216 = ORIENTED_EDGE('',*,*,#2217,.F.);
#2217 = EDGE_CURVE('',#2193,#2106,#2218,.T.);
#2218 = SURFACE_CURVE('',#2219,(#2223,#2230),.PCURVE_S1.);
#2219 = LINE('',#2220,#2221);
#2220 = CARTESIAN_POINT('',(22.8000001,21.5,1.7763568394E-15));
#2221 = VECTOR('',#2222,1.);
#2222 = DIRECTION('',(1.,0.,0.));
#2223 = PCURVE('',#945,#2224);
#2224 = DEFINITIONAL_REPRESENTATION('',(#2225),#2229);
#2225 = LINE('',#2226,#2227);
#2226 = CARTESIAN_POINT('',(-0.,0.353553390593));
#2227 = VECTOR('',#2228,1.);
#2228 = DIRECTION('',(-1.,0.));
#2229 = ( GEOMETRIC_REPRESENTATION_CONTEXT(2) 
PARAMETRIC_REPRESENTATION_CONTEXT() REPRESENTATION_CONTEXT('2D SPACE',''
  ) );
#2230 = PCURVE('',#2173,#2231);
#2231 = DEFINITIONAL_REPRESENTATION('',(#2232),#2236);
#2232 = LINE('',#2233,#2234);
#2233 = CARTESIAN_POINT('',(2.,21.5));
#2234 = VECTOR('',#2235,1.);
#2235 = DIRECTION('',(1.,0.));
#2236 = ( GEOMETRIC_REPRESENTATION_CONTEXT(2) 
PARAMETRIC_REPRESENTATION_CONTEXT() REPRESENTATION_CONTEXT('2D SPACE',''
  ) );
#2237 = ADVANCED_FACE('',(#2238),#912,.T.);
#2238 = FACE_BOUND('',#2239,.T.);
#2239 = EDGE_LOOP('',(#2240,#2268,#2269,#2270,#2271));
#2240 = ORIENTED_EDGE('',*,*,#2241,.F.);
#2241 = EDGE_CURVE('',#1514,#2242,#2244,.T.);
#2242 = VERTEX_POINT('',#2243);
#2243 = CARTESIAN_POINT('',(21.3000001,20.,1.95399252334E-14));
#2244 = SURFACE_CURVE('',#2245,(#2249,#2256),.PCURVE_S1.);
#2245 = LINE('',#2246,#2247);
#2246 = CARTESIAN_POINT('',(21.0500001,20.,0.25));
#2247 = VECTOR('',#2248,1.);
#2248 = DIRECTION('',(0.707106781187,0.,-0.707106781187));
#2249 = PCURVE('',#912,#2250);
#2250 = DEFINITIONAL_REPRESENTATION('',(#2251),#2255);
#2251 = LINE('',#2252,#2253);
#2252 = CARTESIAN_POINT('',(-0.,-0.25));
#2253 = VECTOR('',#2254,1.);
#2254 = DIRECTION('',(-0.,-1.));
#2255 = ( GEOMETRIC_REPRESENTATION_CONTEXT(2) 
PARAMETRIC_REPRESENTATION_CONTEXT() REPRESENTATION_CONTEXT('2D SPACE',''
  ) );
#2256 = PCURVE('',#2257,#2262);
#2257 = PLANE('',#2258);
#2258 = AXIS2_PLACEMENT_3D('',#2259,#2260,#2261);
#2259 = CARTESIAN_POINT('',(21.0500001,2.,0.25));
#2260 = DIRECTION('',(-0.707106781187,0.,-0.707106781187));
#2261 = DIRECTION('',(0.,1.,0.));
#2262 = DEFINITIONAL_REPRESENTATION('',(#2263),#2267);
#2263 = LINE('',#2264,#2265);
#2264 = CARTESIAN_POINT('',(18.,0.));
#2265 = VECTOR('',#2266,1.);
#2266 = DIRECTION('',(0.,1.));
#2267 = ( GEOMETRIC_REPRESENTATION_CONTEXT(2) 
PARAMETRIC_REPRESENTATION_CONTEXT() REPRESENTATION_CONTEXT('2D SPACE',''
  ) );
#2268 = ORIENTED_EDGE('',*,*,#1543,.T.);
#2269 = ORIENTED_EDGE('',*,*,#892,.T.);
#2270 = ORIENTED_EDGE('',*,*,#2192,.T.);
#2271 = ORIENTED_EDGE('',*,*,#2272,.F.);
#2272 = EDGE_CURVE('',#2242,#2193,#2273,.T.);
#2273 = SURFACE_CURVE('',#2274,(#2279,#2286),.PCURVE_S1.);
#2274 = CIRCLE('',#2275,1.5);
#2275 = AXIS2_PLACEMENT_3D('',#2276,#2277,#2278);
#2276 = CARTESIAN_POINT('',(22.8000001,20.,1.7763568394E-15));
#2277 = DIRECTION('',(-0.,0.,-1.));
#2278 = DIRECTION('',(-1.,0.,0.));
#2279 = PCURVE('',#912,#2280);
#2280 = DEFINITIONAL_REPRESENTATION('',(#2281),#2285);
#2281 = LINE('',#2282,#2283);
#2282 = CARTESIAN_POINT('',(-0.,-0.5));
#2283 = VECTOR('',#2284,1.);
#2284 = DIRECTION('',(-1.,-0.));
#2285 = ( GEOMETRIC_REPRESENTATION_CONTEXT(2) 
PARAMETRIC_REPRESENTATION_CONTEXT() REPRESENTATION_CONTEXT('2D SPACE',''
  ) );
#2286 = PCURVE('',#2173,#2287);
#2287 = DEFINITIONAL_REPRESENTATION('',(#2288),#2296);
#2288 = ( BOUNDED_CURVE() B_SPLINE_CURVE(2,(#2289,#2290,#2291,#2292,
#2293,#2294,#2295),.UNSPECIFIED.,.T.,.F.) B_SPLINE_CURVE_WITH_KNOTS((1,2
    ,2,2,2,1),(-2.094395102393,0.,2.094395102393,4.188790204786,
6.28318530718,8.377580409573),.UNSPECIFIED.) CURVE() 
GEOMETRIC_REPRESENTATION_ITEM() RATIONAL_B_SPLINE_CURVE((1.,0.5,1.,0.5,
1.,0.5,1.)) REPRESENTATION_ITEM('') );
#2289 = CARTESIAN_POINT('',(0.5,20.));
#2290 = CARTESIAN_POINT('',(0.5,22.598076211353));
#2291 = CARTESIAN_POINT('',(2.75,21.299038105677));
#2292 = CARTESIAN_POINT('',(5.,20.));
#2293 = CARTESIAN_POINT('',(2.75,18.700961894323));
#2294 = CARTESIAN_POINT('',(0.5,17.401923788647));
#2295 = CARTESIAN_POINT('',(0.5,20.));
#2296 = ( GEOMETRIC_REPRESENTATION_CONTEXT(2) 
PARAMETRIC_REPRESENTATION_CONTEXT() REPRESENTATION_CONTEXT('2D SPACE',''
  ) );
#2297 = ADVANCED_FACE('',(#2298),#876,.T.);
#2298 = FACE_BOUND('',#2299,.T.);
#2299 = EDGE_LOOP('',(#2300,#2323,#2324,#2325,#2353));
#2300 = ORIENTED_EDGE('',*,*,#2301,.F.);
#2301 = EDGE_CURVE('',#827,#2302,#2304,.T.);
#2302 = VERTEX_POINT('',#2303);
#2303 = CARTESIAN_POINT('',(22.8000001,76.5,3.552713678801E-15));
#2304 = SURFACE_CURVE('',#2305,(#2309,#2316),.PCURVE_S1.);
#2305 = LINE('',#2306,#2307);
#2306 = CARTESIAN_POINT('',(22.8000001,76.25,0.25));
#2307 = VECTOR('',#2308,1.);
#2308 = DIRECTION('',(-0.,0.707106781187,-0.707106781187));
#2309 = PCURVE('',#876,#2310);
#2310 = DEFINITIONAL_REPRESENTATION('',(#2311),#2315);
#2311 = LINE('',#2312,#2313);
#2312 = CARTESIAN_POINT('',(-0.,-0.25));
#2313 = VECTOR('',#2314,1.);
#2314 = DIRECTION('',(-0.,-1.));
#2315 = ( GEOMETRIC_REPRESENTATION_CONTEXT(2) 
PARAMETRIC_REPRESENTATION_CONTEXT() REPRESENTATION_CONTEXT('2D SPACE',''
  ) );
#2316 = PCURVE('',#846,#2317);
#2317 = DEFINITIONAL_REPRESENTATION('',(#2318),#2322);
#2318 = LINE('',#2319,#2320);
#2319 = CARTESIAN_POINT('',(10.,0.));
#2320 = VECTOR('',#2321,1.);
#2321 = DIRECTION('',(0.,1.));
#2322 = ( GEOMETRIC_REPRESENTATION_CONTEXT(2) 
PARAMETRIC_REPRESENTATION_CONTEXT() REPRESENTATION_CONTEXT('2D SPACE',''
  ) );
#2323 = ORIENTED_EDGE('',*,*,#858,.T.);
#2324 = ORIENTED_EDGE('',*,*,#1486,.T.);
#2325 = ORIENTED_EDGE('',*,*,#2326,.T.);
#2326 = EDGE_CURVE('',#1459,#2327,#2329,.T.);
#2327 = VERTEX_POINT('',#2328);
#2328 = CARTESIAN_POINT('',(21.3000001,78.,1.95399252334E-14));
#2329 = SURFACE_CURVE('',#2330,(#2334,#2341),.PCURVE_S1.);
#2330 = LINE('',#2331,#2332);
#2331 = CARTESIAN_POINT('',(21.0500001,78.,0.25));
#2332 = VECTOR('',#2333,1.);
#2333 = DIRECTION('',(0.707106781187,0.,-0.707106781187));
#2334 = PCURVE('',#876,#2335);
#2335 = DEFINITIONAL_REPRESENTATION('',(#2336),#2340);
#2336 = LINE('',#2337,#2338);
#2337 = CARTESIAN_POINT('',(-1.570796326795,-0.25));
#2338 = VECTOR('',#2339,1.);
#2339 = DIRECTION('',(-0.,-1.));
#2340 = ( GEOMETRIC_REPRESENTATION_CONTEXT(2) 
PARAMETRIC_REPRESENTATION_CONTEXT() REPRESENTATION_CONTEXT('2D SPACE',''
  ) );
#2341 = PCURVE('',#2342,#2347);
#2342 = PLANE('',#2343);
#2343 = AXIS2_PLACEMENT_3D('',#2344,#2345,#2346);
#2344 = CARTESIAN_POINT('',(21.0500001,78.,0.25));
#2345 = DIRECTION('',(-0.707106781187,0.,-0.707106781187));
#2346 = DIRECTION('',(0.,1.,0.));
#2347 = DEFINITIONAL_REPRESENTATION('',(#2348),#2352);
#2348 = LINE('',#2349,#2350);
#2349 = CARTESIAN_POINT('',(0.,0.));
#2350 = VECTOR('',#2351,1.);
#2351 = DIRECTION('',(0.,1.));
#2352 = ( GEOMETRIC_REPRESENTATION_CONTEXT(2) 
PARAMETRIC_REPRESENTATION_CONTEXT() REPRESENTATION_CONTEXT('2D SPACE',''
  ) );
#2353 = ORIENTED_EDGE('',*,*,#2354,.F.);
#2354 = EDGE_CURVE('',#2302,#2327,#2355,.T.);
#2355 = SURFACE_CURVE('',#2356,(#2361,#2368),.PCURVE_S1.);
#2356 = CIRCLE('',#2357,1.5);
#2357 = AXIS2_PLACEMENT_3D('',#2358,#2359,#2360);
#2358 = CARTESIAN_POINT('',(22.8000001,78.,1.7763568394E-15));
#2359 = DIRECTION('',(-0.,-0.,-1.));
#2360 = DIRECTION('',(0.,-1.,0.));
#2361 = PCURVE('',#876,#2362);
#2362 = DEFINITIONAL_REPRESENTATION('',(#2363),#2367);
#2363 = LINE('',#2364,#2365);
#2364 = CARTESIAN_POINT('',(-0.,-0.5));
#2365 = VECTOR('',#2366,1.);
#2366 = DIRECTION('',(-1.,-0.));
#2367 = ( GEOMETRIC_REPRESENTATION_CONTEXT(2) 
PARAMETRIC_REPRESENTATION_CONTEXT() REPRESENTATION_CONTEXT('2D SPACE',''
  ) );
#2368 = PCURVE('',#2369,#2374);
#2369 = PLANE('',#2370);
#2370 = AXIS2_PLACEMENT_3D('',#2371,#2372,#2373);
#2371 = CARTESIAN_POINT('',(20.8000001,76.,1.7763568394E-15));
#2372 = DIRECTION('',(0.,0.,1.));
#2373 = DIRECTION('',(1.,0.,0.));
#2374 = DEFINITIONAL_REPRESENTATION('',(#2375),#2383);
#2375 = ( BOUNDED_CURVE() B_SPLINE_CURVE(2,(#2376,#2377,#2378,#2379,
#2380,#2381,#2382),.UNSPECIFIED.,.T.,.F.) B_SPLINE_CURVE_WITH_KNOTS((1,2
    ,2,2,2,1),(-2.094395102393,0.,2.094395102393,4.188790204786,
6.28318530718,8.377580409573),.UNSPECIFIED.) CURVE() 
GEOMETRIC_REPRESENTATION_ITEM() RATIONAL_B_SPLINE_CURVE((1.,0.5,1.,0.5,
1.,0.5,1.)) REPRESENTATION_ITEM('') );
#2376 = CARTESIAN_POINT('',(2.,0.5));
#2377 = CARTESIAN_POINT('',(-0.598076211353,0.5));
#2378 = CARTESIAN_POINT('',(0.700961894323,2.75));
#2379 = CARTESIAN_POINT('',(2.,5.));
#2380 = CARTESIAN_POINT('',(3.299038105677,2.75));
#2381 = CARTESIAN_POINT('',(4.598076211353,0.5));
#2382 = CARTESIAN_POINT('',(2.,0.5));
#2383 = ( GEOMETRIC_REPRESENTATION_CONTEXT(2) 
PARAMETRIC_REPRESENTATION_CONTEXT() REPRESENTATION_CONTEXT('2D SPACE',''
  ) );
#2384 = ADVANCED_FACE('',(#2385),#846,.T.);
#2385 = FACE_BOUND('',#2386,.T.);
#2386 = EDGE_LOOP('',(#2387,#2410,#2411,#2412));
#2387 = ORIENTED_EDGE('',*,*,#2388,.F.);
#2388 = EDGE_CURVE('',#792,#2389,#2391,.T.);
#2389 = VERTEX_POINT('',#2390);
#2390 = CARTESIAN_POINT('',(32.8000001,76.5,1.7763568394E-15));
#2391 = SURFACE_CURVE('',#2392,(#2396,#2403),.PCURVE_S1.);
#2392 = LINE('',#2393,#2394);
#2393 = CARTESIAN_POINT('',(32.8000001,76.,0.5));
#2394 = VECTOR('',#2395,1.);
#2395 = DIRECTION('',(-4.329780281177E-17,0.707106781187,-0.707106781187
    ));
#2396 = PCURVE('',#846,#2397);
#2397 = DEFINITIONAL_REPRESENTATION('',(#2398),#2402);
#2398 = LINE('',#2399,#2400);
#2399 = CARTESIAN_POINT('',(0.,-0.353553390593));
#2400 = VECTOR('',#2401,1.);
#2401 = DIRECTION('',(4.329780281177E-17,1.));
#2402 = ( GEOMETRIC_REPRESENTATION_CONTEXT(2) 
PARAMETRIC_REPRESENTATION_CONTEXT() REPRESENTATION_CONTEXT('2D SPACE',''
  ) );
#2403 = PCURVE('',#811,#2404);
#2404 = DEFINITIONAL_REPRESENTATION('',(#2405),#2409);
#2405 = LINE('',#2406,#2407);
#2406 = CARTESIAN_POINT('',(-1.570796326795,-0.));
#2407 = VECTOR('',#2408,1.);
#2408 = DIRECTION('',(-0.,-1.));
#2409 = ( GEOMETRIC_REPRESENTATION_CONTEXT(2) 
PARAMETRIC_REPRESENTATION_CONTEXT() REPRESENTATION_CONTEXT('2D SPACE',''
  ) );
#2410 = ORIENTED_EDGE('',*,*,#826,.T.);
#2411 = ORIENTED_EDGE('',*,*,#2301,.T.);
#2412 = ORIENTED_EDGE('',*,*,#2413,.F.);
#2413 = EDGE_CURVE('',#2389,#2302,#2414,.T.);
#2414 = SURFACE_CURVE('',#2415,(#2419,#2426),.PCURVE_S1.);
#2415 = LINE('',#2416,#2417);
#2416 = CARTESIAN_POINT('',(32.8000001,76.5,1.7763568394E-15));
#2417 = VECTOR('',#2418,1.);
#2418 = DIRECTION('',(-1.,-0.,-0.));
#2419 = PCURVE('',#846,#2420);
#2420 = DEFINITIONAL_REPRESENTATION('',(#2421),#2425);
#2421 = LINE('',#2422,#2423);
#2422 = CARTESIAN_POINT('',(-0.,0.353553390593));
#2423 = VECTOR('',#2424,1.);
#2424 = DIRECTION('',(1.,0.));
#2425 = ( GEOMETRIC_REPRESENTATION_CONTEXT(2) 
PARAMETRIC_REPRESENTATION_CONTEXT() REPRESENTATION_CONTEXT('2D SPACE',''
  ) );
#2426 = PCURVE('',#2369,#2427);
#2427 = DEFINITIONAL_REPRESENTATION('',(#2428),#2432);
#2428 = LINE('',#2429,#2430);
#2429 = CARTESIAN_POINT('',(12.,0.5));
#2430 = VECTOR('',#2431,1.);
#2431 = DIRECTION('',(-1.,0.));
#2432 = ( GEOMETRIC_REPRESENTATION_CONTEXT(2) 
PARAMETRIC_REPRESENTATION_CONTEXT() REPRESENTATION_CONTEXT('2D SPACE',''
  ) );
#2433 = ADVANCED_FACE('',(#2434),#811,.T.);
#2434 = FACE_BOUND('',#2435,.T.);
#2435 = EDGE_LOOP('',(#2436,#2464,#2465,#2466,#2467));
#2436 = ORIENTED_EDGE('',*,*,#2437,.F.);
#2437 = EDGE_CURVE('',#961,#2438,#2440,.T.);
#2438 = VERTEX_POINT('',#2439);
#2439 = CARTESIAN_POINT('',(34.3000001,78.,0.));
#2440 = SURFACE_CURVE('',#2441,(#2445,#2452),.PCURVE_S1.);
#2441 = LINE('',#2442,#2443);
#2442 = CARTESIAN_POINT('',(34.5500001,78.,0.25));
#2443 = VECTOR('',#2444,1.);
#2444 = DIRECTION('',(-0.707106781187,-0.,-0.707106781187));
#2445 = PCURVE('',#811,#2446);
#2446 = DEFINITIONAL_REPRESENTATION('',(#2447),#2451);
#2447 = LINE('',#2448,#2449);
#2448 = CARTESIAN_POINT('',(-0.,-0.25));
#2449 = VECTOR('',#2450,1.);
#2450 = DIRECTION('',(-0.,-1.));
#2451 = ( GEOMETRIC_REPRESENTATION_CONTEXT(2) 
PARAMETRIC_REPRESENTATION_CONTEXT() REPRESENTATION_CONTEXT('2D SPACE',''
  ) );
#2452 = PCURVE('',#2453,#2458);
#2453 = PLANE('',#2454);
#2454 = AXIS2_PLACEMENT_3D('',#2455,#2456,#2457);
#2455 = CARTESIAN_POINT('',(34.5500001,96.,0.25));
#2456 = DIRECTION('',(-0.707106781187,0.,0.707106781187));
#2457 = DIRECTION('',(0.,1.,-0.));
#2458 = DEFINITIONAL_REPRESENTATION('',(#2459),#2463);
#2459 = LINE('',#2460,#2461);
#2460 = CARTESIAN_POINT('',(-18.,0.));
#2461 = VECTOR('',#2462,1.);
#2462 = DIRECTION('',(-0.,1.));
#2463 = ( GEOMETRIC_REPRESENTATION_CONTEXT(2) 
PARAMETRIC_REPRESENTATION_CONTEXT() REPRESENTATION_CONTEXT('2D SPACE',''
  ) );
#2464 = ORIENTED_EDGE('',*,*,#990,.T.);
#2465 = ORIENTED_EDGE('',*,*,#791,.T.);
#2466 = ORIENTED_EDGE('',*,*,#2388,.T.);
#2467 = ORIENTED_EDGE('',*,*,#2468,.F.);
#2468 = EDGE_CURVE('',#2438,#2389,#2469,.T.);
#2469 = SURFACE_CURVE('',#2470,(#2475,#2482),.PCURVE_S1.);
#2470 = CIRCLE('',#2471,1.5);
#2471 = AXIS2_PLACEMENT_3D('',#2472,#2473,#2474);
#2472 = CARTESIAN_POINT('',(32.8000001,78.,1.7763568394E-15));
#2473 = DIRECTION('',(0.,-0.,-1.));
#2474 = DIRECTION('',(1.,0.,-0.));
#2475 = PCURVE('',#811,#2476);
#2476 = DEFINITIONAL_REPRESENTATION('',(#2477),#2481);
#2477 = LINE('',#2478,#2479);
#2478 = CARTESIAN_POINT('',(-0.,-0.5));
#2479 = VECTOR('',#2480,1.);
#2480 = DIRECTION('',(-1.,-0.));
#2481 = ( GEOMETRIC_REPRESENTATION_CONTEXT(2) 
PARAMETRIC_REPRESENTATION_CONTEXT() REPRESENTATION_CONTEXT('2D SPACE',''
  ) );
#2482 = PCURVE('',#2369,#2483);
#2483 = DEFINITIONAL_REPRESENTATION('',(#2484),#2492);
#2484 = ( BOUNDED_CURVE() B_SPLINE_CURVE(2,(#2485,#2486,#2487,#2488,
#2489,#2490,#2491),.UNSPECIFIED.,.T.,.F.) B_SPLINE_CURVE_WITH_KNOTS((1,2
    ,2,2,2,1),(-2.094395102393,0.,2.094395102393,4.188790204786,
6.28318530718,8.377580409573),.UNSPECIFIED.) CURVE() 
GEOMETRIC_REPRESENTATION_ITEM() RATIONAL_B_SPLINE_CURVE((1.,0.5,1.,0.5,
1.,0.5,1.)) REPRESENTATION_ITEM('') );
#2485 = CARTESIAN_POINT('',(13.5,2.));
#2486 = CARTESIAN_POINT('',(13.5,-0.598076211353));
#2487 = CARTESIAN_POINT('',(11.25,0.700961894323));
#2488 = CARTESIAN_POINT('',(9.,2.));
#2489 = CARTESIAN_POINT('',(11.25,3.299038105677));
#2490 = CARTESIAN_POINT('',(13.5,4.598076211353));
#2491 = CARTESIAN_POINT('',(13.5,2.));
#2492 = ( GEOMETRIC_REPRESENTATION_CONTEXT(2) 
PARAMETRIC_REPRESENTATION_CONTEXT() REPRESENTATION_CONTEXT('2D SPACE',''
  ) );
#2493 = ADVANCED_FACE('',(#2494,#2497,#2532,#2567,#2602,#2637),#777,.F.
  );
#2494 = FACE_BOUND('',#2495,.F.);
#2495 = EDGE_LOOP('',(#2496));
#2496 = ORIENTED_EDGE('',*,*,#762,.T.);
#2497 = FACE_BOUND('',#2498,.F.);
#2498 = EDGE_LOOP('',(#2499));
#2499 = ORIENTED_EDGE('',*,*,#2500,.T.);
#2500 = EDGE_CURVE('',#2501,#2501,#2503,.T.);
#2501 = VERTEX_POINT('',#2502);
#2502 = CARTESIAN_POINT('',(14.3000001,49.,1.7763568394E-15));
#2503 = SURFACE_CURVE('',#2504,(#2509,#2520),.PCURVE_S1.);
#2504 = CIRCLE('',#2505,1.5);
#2505 = AXIS2_PLACEMENT_3D('',#2506,#2507,#2508);
#2506 = CARTESIAN_POINT('',(12.8000001,49.,1.7763568394E-15));
#2507 = DIRECTION('',(0.,0.,-1.));
#2508 = DIRECTION('',(1.,0.,0.));
#2509 = PCURVE('',#777,#2510);
#2510 = DEFINITIONAL_REPRESENTATION('',(#2511),#2519);
#2511 = ( BOUNDED_CURVE() B_SPLINE_CURVE(2,(#2512,#2513,#2514,#2515,
#2516,#2517,#2518),.UNSPECIFIED.,.T.,.F.) B_SPLINE_CURVE_WITH_KNOTS((1,2
    ,2,2,2,1),(-2.094395102393,0.,2.094395102393,4.188790204786,
6.28318530718,8.377580409573),.UNSPECIFIED.) CURVE() 
GEOMETRIC_REPRESENTATION_ITEM() RATIONAL_B_SPLINE_CURVE((1.,0.5,1.,0.5,
1.,0.5,1.)) REPRESENTATION_ITEM('') );
#2512 = CARTESIAN_POINT('',(-13.5,0.));
#2513 = CARTESIAN_POINT('',(-13.5,-2.598076211353));
#2514 = CARTESIAN_POINT('',(-15.75,-1.299038105677));
#2515 = CARTESIAN_POINT('',(-18.,-3.673940397442E-16));
#2516 = CARTESIAN_POINT('',(-15.75,1.299038105677));
#2517 = CARTESIAN_POINT('',(-13.5,2.598076211353));
#2518 = CARTESIAN_POINT('',(-13.5,0.));
#2519 = ( GEOMETRIC_REPRESENTATION_CONTEXT(2) 
PARAMETRIC_REPRESENTATION_CONTEXT() REPRESENTATION_CONTEXT('2D SPACE',''
  ) );
#2520 = PCURVE('',#2521,#2526);
#2521 = CYLINDRICAL_SURFACE('',#2522,1.5);
#2522 = AXIS2_PLACEMENT_3D('',#2523,#2524,#2525);
#2523 = CARTESIAN_POINT('',(12.8000001,49.,-1.E-01));
#2524 = DIRECTION('',(-0.,-0.,-1.));
#2525 = DIRECTION('',(1.,0.,0.));
#2526 = DEFINITIONAL_REPRESENTATION('',(#2527),#2531);
#2527 = LINE('',#2528,#2529);
#2528 = CARTESIAN_POINT('',(-6.28318530718,-1.E-01));
#2529 = VECTOR('',#2530,1.);
#2530 = DIRECTION('',(1.,-0.));
#2531 = ( GEOMETRIC_REPRESENTATION_CONTEXT(2) 
PARAMETRIC_REPRESENTATION_CONTEXT() REPRESENTATION_CONTEXT('2D SPACE',''
  ) );
#2532 = FACE_BOUND('',#2533,.F.);
#2533 = EDGE_LOOP('',(#2534));
#2534 = ORIENTED_EDGE('',*,*,#2535,.T.);
#2535 = EDGE_CURVE('',#2536,#2536,#2538,.T.);
#2536 = VERTEX_POINT('',#2537);
#2537 = CARTESIAN_POINT('',(29.3000001,34.,1.7763568394E-15));
#2538 = SURFACE_CURVE('',#2539,(#2544,#2555),.PCURVE_S1.);
#2539 = CIRCLE('',#2540,1.5);
#2540 = AXIS2_PLACEMENT_3D('',#2541,#2542,#2543);
#2541 = CARTESIAN_POINT('',(27.8000001,34.,1.7763568394E-15));
#2542 = DIRECTION('',(0.,0.,-1.));
#2543 = DIRECTION('',(1.,0.,0.));
#2544 = PCURVE('',#777,#2545);
#2545 = DEFINITIONAL_REPRESENTATION('',(#2546),#2554);
#2546 = ( BOUNDED_CURVE() B_SPLINE_CURVE(2,(#2547,#2548,#2549,#2550,
#2551,#2552,#2553),.UNSPECIFIED.,.T.,.F.) B_SPLINE_CURVE_WITH_KNOTS((1,2
    ,2,2,2,1),(-2.094395102393,0.,2.094395102393,4.188790204786,
6.28318530718,8.377580409573),.UNSPECIFIED.) CURVE() 
GEOMETRIC_REPRESENTATION_ITEM() RATIONAL_B_SPLINE_CURVE((1.,0.5,1.,0.5,
1.,0.5,1.)) REPRESENTATION_ITEM('') );
#2547 = CARTESIAN_POINT('',(1.5,-15.));
#2548 = CARTESIAN_POINT('',(1.5,-17.59807621135));
#2549 = CARTESIAN_POINT('',(-0.75,-16.29903810567));
#2550 = CARTESIAN_POINT('',(-3.,-15.));
#2551 = CARTESIAN_POINT('',(-0.75,-13.70096189432));
#2552 = CARTESIAN_POINT('',(1.5,-12.40192378864));
#2553 = CARTESIAN_POINT('',(1.5,-15.));
#2554 = ( GEOMETRIC_REPRESENTATION_CONTEXT(2) 
PARAMETRIC_REPRESENTATION_CONTEXT() REPRESENTATION_CONTEXT('2D SPACE',''
  ) );
#2555 = PCURVE('',#2556,#2561);
#2556 = CYLINDRICAL_SURFACE('',#2557,1.5);
#2557 = AXIS2_PLACEMENT_3D('',#2558,#2559,#2560);
#2558 = CARTESIAN_POINT('',(27.8000001,34.,-1.E-01));
#2559 = DIRECTION('',(-0.,-0.,-1.));
#2560 = DIRECTION('',(1.,0.,0.));
#2561 = DEFINITIONAL_REPRESENTATION('',(#2562),#2566);
#2562 = LINE('',#2563,#2564);
#2563 = CARTESIAN_POINT('',(-6.28318530718,-1.E-01));
#2564 = VECTOR('',#2565,1.);
#2565 = DIRECTION('',(1.,-0.));
#2566 = ( GEOMETRIC_REPRESENTATION_CONTEXT(2) 
PARAMETRIC_REPRESENTATION_CONTEXT() REPRESENTATION_CONTEXT('2D SPACE',''
  ) );
#2567 = FACE_BOUND('',#2568,.F.);
#2568 = EDGE_LOOP('',(#2569));
#2569 = ORIENTED_EDGE('',*,*,#2570,.T.);
#2570 = EDGE_CURVE('',#2571,#2571,#2573,.T.);
#2571 = VERTEX_POINT('',#2572);
#2572 = CARTESIAN_POINT('',(29.3000001,49.,1.7763568394E-15));
#2573 = SURFACE_CURVE('',#2574,(#2579,#2590),.PCURVE_S1.);
#2574 = CIRCLE('',#2575,1.5);
#2575 = AXIS2_PLACEMENT_3D('',#2576,#2577,#2578);
#2576 = CARTESIAN_POINT('',(27.8000001,49.,1.7763568394E-15));
#2577 = DIRECTION('',(0.,0.,-1.));
#2578 = DIRECTION('',(1.,0.,0.));
#2579 = PCURVE('',#777,#2580);
#2580 = DEFINITIONAL_REPRESENTATION('',(#2581),#2589);
#2581 = ( BOUNDED_CURVE() B_SPLINE_CURVE(2,(#2582,#2583,#2584,#2585,
#2586,#2587,#2588),.UNSPECIFIED.,.T.,.F.) B_SPLINE_CURVE_WITH_KNOTS((1,2
    ,2,2,2,1),(-2.094395102393,0.,2.094395102393,4.188790204786,
6.28318530718,8.377580409573),.UNSPECIFIED.) CURVE() 
GEOMETRIC_REPRESENTATION_ITEM() RATIONAL_B_SPLINE_CURVE((1.,0.5,1.,0.5,
1.,0.5,1.)) REPRESENTATION_ITEM('') );
#2582 = CARTESIAN_POINT('',(1.5,0.));
#2583 = CARTESIAN_POINT('',(1.5,-2.598076211353));
#2584 = CARTESIAN_POINT('',(-0.75,-1.299038105677));
#2585 = CARTESIAN_POINT('',(-3.,-3.673940397442E-16));
#2586 = CARTESIAN_POINT('',(-0.75,1.299038105677));
#2587 = CARTESIAN_POINT('',(1.5,2.598076211353));
#2588 = CARTESIAN_POINT('',(1.5,0.));
#2589 = ( GEOMETRIC_REPRESENTATION_CONTEXT(2) 
PARAMETRIC_REPRESENTATION_CONTEXT() REPRESENTATION_CONTEXT('2D SPACE',''
  ) );
#2590 = PCURVE('',#2591,#2596);
#2591 = CYLINDRICAL_SURFACE('',#2592,1.5);
#2592 = AXIS2_PLACEMENT_3D('',#2593,#2594,#2595);
#2593 = CARTESIAN_POINT('',(27.8000001,49.,-1.E-01));
#2594 = DIRECTION('',(-0.,-0.,-1.));
#2595 = DIRECTION('',(1.,0.,0.));
#2596 = DEFINITIONAL_REPRESENTATION('',(#2597),#2601);
#2597 = LINE('',#2598,#2599);
#2598 = CARTESIAN_POINT('',(-6.28318530718,-1.E-01));
#2599 = VECTOR('',#2600,1.);
#2600 = DIRECTION('',(1.,-0.));
#2601 = ( GEOMETRIC_REPRESENTATION_CONTEXT(2) 
PARAMETRIC_REPRESENTATION_CONTEXT() REPRESENTATION_CONTEXT('2D SPACE',''
  ) );
#2602 = FACE_BOUND('',#2603,.F.);
#2603 = EDGE_LOOP('',(#2604));
#2604 = ORIENTED_EDGE('',*,*,#2605,.T.);
#2605 = EDGE_CURVE('',#2606,#2606,#2608,.T.);
#2606 = VERTEX_POINT('',#2607);
#2607 = CARTESIAN_POINT('',(44.3000001,49.,1.7763568394E-15));
#2608 = SURFACE_CURVE('',#2609,(#2614,#2625),.PCURVE_S1.);
#2609 = CIRCLE('',#2610,1.5);
#2610 = AXIS2_PLACEMENT_3D('',#2611,#2612,#2613);
#2611 = CARTESIAN_POINT('',(42.8000001,49.,1.7763568394E-15));
#2612 = DIRECTION('',(0.,0.,-1.));
#2613 = DIRECTION('',(1.,0.,0.));
#2614 = PCURVE('',#777,#2615);
#2615 = DEFINITIONAL_REPRESENTATION('',(#2616),#2624);
#2616 = ( BOUNDED_CURVE() B_SPLINE_CURVE(2,(#2617,#2618,#2619,#2620,
#2621,#2622,#2623),.UNSPECIFIED.,.T.,.F.) B_SPLINE_CURVE_WITH_KNOTS((1,2
    ,2,2,2,1),(-2.094395102393,0.,2.094395102393,4.188790204786,
6.28318530718,8.377580409573),.UNSPECIFIED.) CURVE() 
GEOMETRIC_REPRESENTATION_ITEM() RATIONAL_B_SPLINE_CURVE((1.,0.5,1.,0.5,
1.,0.5,1.)) REPRESENTATION_ITEM('') );
#2617 = CARTESIAN_POINT('',(16.5,0.));
#2618 = CARTESIAN_POINT('',(16.5,-2.598076211353));
#2619 = CARTESIAN_POINT('',(14.25,-1.299038105677));
#2620 = CARTESIAN_POINT('',(12.,-3.673940397442E-16));
#2621 = CARTESIAN_POINT('',(14.25,1.299038105677));
#2622 = CARTESIAN_POINT('',(16.5,2.598076211353));
#2623 = CARTESIAN_POINT('',(16.5,0.));
#2624 = ( GEOMETRIC_REPRESENTATION_CONTEXT(2) 
PARAMETRIC_REPRESENTATION_CONTEXT() REPRESENTATION_CONTEXT('2D SPACE',''
  ) );
#2625 = PCURVE('',#2626,#2631);
#2626 = CYLINDRICAL_SURFACE('',#2627,1.5);
#2627 = AXIS2_PLACEMENT_3D('',#2628,#2629,#2630);
#2628 = CARTESIAN_POINT('',(42.8000001,49.,-1.E-01));
#2629 = DIRECTION('',(-0.,-0.,-1.));
#2630 = DIRECTION('',(1.,0.,0.));
#2631 = DEFINITIONAL_REPRESENTATION('',(#2632),#2636);
#2632 = LINE('',#2633,#2634);
#2633 = CARTESIAN_POINT('',(-6.28318530718,-1.E-01));
#2634 = VECTOR('',#2635,1.);
#2635 = DIRECTION('',(1.,-0.));
#2636 = ( GEOMETRIC_REPRESENTATION_CONTEXT(2) 
PARAMETRIC_REPRESENTATION_CONTEXT() REPRESENTATION_CONTEXT('2D SPACE',''
  ) );
#2637 = FACE_BOUND('',#2638,.F.);
#2638 = EDGE_LOOP('',(#2639));
#2639 = ORIENTED_EDGE('',*,*,#2640,.T.);
#2640 = EDGE_CURVE('',#2641,#2641,#2643,.T.);
#2641 = VERTEX_POINT('',#2642);
#2642 = CARTESIAN_POINT('',(29.3000001,64.,1.7763568394E-15));
#2643 = SURFACE_CURVE('',#2644,(#2649,#2660),.PCURVE_S1.);
#2644 = CIRCLE('',#2645,1.5);
#2645 = AXIS2_PLACEMENT_3D('',#2646,#2647,#2648);
#2646 = CARTESIAN_POINT('',(27.8000001,64.,1.7763568394E-15));
#2647 = DIRECTION('',(0.,0.,-1.));
#2648 = DIRECTION('',(1.,0.,0.));
#2649 = PCURVE('',#777,#2650);
#2650 = DEFINITIONAL_REPRESENTATION('',(#2651),#2659);
#2651 = ( BOUNDED_CURVE() B_SPLINE_CURVE(2,(#2652,#2653,#2654,#2655,
#2656,#2657,#2658),.UNSPECIFIED.,.T.,.F.) B_SPLINE_CURVE_WITH_KNOTS((1,2
    ,2,2,2,1),(-2.094395102393,0.,2.094395102393,4.188790204786,
6.28318530718,8.377580409573),.UNSPECIFIED.) CURVE() 
GEOMETRIC_REPRESENTATION_ITEM() RATIONAL_B_SPLINE_CURVE((1.,0.5,1.,0.5,
1.,0.5,1.)) REPRESENTATION_ITEM('') );
#2652 = CARTESIAN_POINT('',(1.5,15.));
#2653 = CARTESIAN_POINT('',(1.5,12.401923788647));
#2654 = CARTESIAN_POINT('',(-0.75,13.700961894323));
#2655 = CARTESIAN_POINT('',(-3.,15.));
#2656 = CARTESIAN_POINT('',(-0.75,16.299038105677));
#2657 = CARTESIAN_POINT('',(1.5,17.598076211353));
#2658 = CARTESIAN_POINT('',(1.5,15.));
#2659 = ( GEOMETRIC_REPRESENTATION_CONTEXT(2) 
PARAMETRIC_REPRESENTATION_CONTEXT() REPRESENTATION_CONTEXT('2D SPACE',''
  ) );
#2660 = PCURVE('',#2661,#2666);
#2661 = CYLINDRICAL_SURFACE('',#2662,1.5);
#2662 = AXIS2_PLACEMENT_3D('',#2663,#2664,#2665);
#2663 = CARTESIAN_POINT('',(27.8000001,64.,-1.E-01));
#2664 = DIRECTION('',(-0.,-0.,-1.));
#2665 = DIRECTION('',(1.,0.,0.));
#2666 = DEFINITIONAL_REPRESENTATION('',(#2667),#2671);
#2667 = LINE('',#2668,#2669);
#2668 = CARTESIAN_POINT('',(-6.28318530718,-1.E-01));
#2669 = VECTOR('',#2670,1.);
#2670 = DIRECTION('',(1.,-0.));
#2671 = ( GEOMETRIC_REPRESENTATION_CONTEXT(2) 
PARAMETRIC_REPRESENTATION_CONTEXT() REPRESENTATION_CONTEXT('2D SPACE',''
  ) );
#2672 = ADVANCED_FACE('',(#2673),#978,.T.);
#2673 = FACE_BOUND('',#2674,.T.);
#2674 = EDGE_LOOP('',(#2675,#2676,#2699,#2727));
#2675 = ORIENTED_EDGE('',*,*,#960,.F.);
#2676 = ORIENTED_EDGE('',*,*,#2677,.F.);
#2677 = EDGE_CURVE('',#2678,#961,#2680,.T.);
#2678 = VERTEX_POINT('',#2679);
#2679 = CARTESIAN_POINT('',(34.8000001,96.,0.5));
#2680 = SURFACE_CURVE('',#2681,(#2685,#2692),.PCURVE_S1.);
#2681 = LINE('',#2682,#2683);
#2682 = CARTESIAN_POINT('',(34.8000001,96.,0.5));
#2683 = VECTOR('',#2684,1.);
#2684 = DIRECTION('',(-0.,-1.,-0.));
#2685 = PCURVE('',#978,#2686);
#2686 = DEFINITIONAL_REPRESENTATION('',(#2687),#2691);
#2687 = LINE('',#2688,#2689);
#2688 = CARTESIAN_POINT('',(0.5,-20.));
#2689 = VECTOR('',#2690,1.);
#2690 = DIRECTION('',(0.,1.));
#2691 = ( GEOMETRIC_REPRESENTATION_CONTEXT(2) 
PARAMETRIC_REPRESENTATION_CONTEXT() REPRESENTATION_CONTEXT('2D SPACE',''
  ) );
#2692 = PCURVE('',#2453,#2693);
#2693 = DEFINITIONAL_REPRESENTATION('',(#2694),#2698);
#2694 = LINE('',#2695,#2696);
#2695 = CARTESIAN_POINT('',(-0.,-0.353553390593));
#2696 = VECTOR('',#2697,1.);
#2697 = DIRECTION('',(-1.,0.));
#2698 = ( GEOMETRIC_REPRESENTATION_CONTEXT(2) 
PARAMETRIC_REPRESENTATION_CONTEXT() REPRESENTATION_CONTEXT('2D SPACE',''
  ) );
#2699 = ORIENTED_EDGE('',*,*,#2700,.T.);
#2700 = EDGE_CURVE('',#2678,#2701,#2703,.T.);
#2701 = VERTEX_POINT('',#2702);
#2702 = CARTESIAN_POINT('',(34.8000001,96.,5.5));
#2703 = SURFACE_CURVE('',#2704,(#2708,#2715),.PCURVE_S1.);
#2704 = LINE('',#2705,#2706);
#2705 = CARTESIAN_POINT('',(34.8000001,96.,1.7763568394E-15));
#2706 = VECTOR('',#2707,1.);
#2707 = DIRECTION('',(0.,0.,1.));
#2708 = PCURVE('',#978,#2709);
#2709 = DEFINITIONAL_REPRESENTATION('',(#2710),#2714);
#2710 = LINE('',#2711,#2712);
#2711 = CARTESIAN_POINT('',(0.,-20.));
#2712 = VECTOR('',#2713,1.);
#2713 = DIRECTION('',(1.,0.));
#2714 = ( GEOMETRIC_REPRESENTATION_CONTEXT(2) 
PARAMETRIC_REPRESENTATION_CONTEXT() REPRESENTATION_CONTEXT('2D SPACE',''
  ) );
#2715 = PCURVE('',#2716,#2721);
#2716 = CYLINDRICAL_SURFACE('',#2717,2.);
#2717 = AXIS2_PLACEMENT_3D('',#2718,#2719,#2720);
#2718 = CARTESIAN_POINT('',(32.8000001,96.,1.7763568394E-15));
#2719 = DIRECTION('',(0.,0.,1.));
#2720 = DIRECTION('',(1.,0.,-0.));
#2721 = DEFINITIONAL_REPRESENTATION('',(#2722),#2726);
#2722 = LINE('',#2723,#2724);
#2723 = CARTESIAN_POINT('',(0.,0.));
#2724 = VECTOR('',#2725,1.);
#2725 = DIRECTION('',(0.,1.));
#2726 = ( GEOMETRIC_REPRESENTATION_CONTEXT(2) 
PARAMETRIC_REPRESENTATION_CONTEXT() REPRESENTATION_CONTEXT('2D SPACE',''
  ) );
#2727 = ORIENTED_EDGE('',*,*,#2728,.T.);
#2728 = EDGE_CURVE('',#2701,#963,#2729,.T.);
#2729 = SURFACE_CURVE('',#2730,(#2734,#2741),.PCURVE_S1.);
#2730 = LINE('',#2731,#2732);
#2731 = CARTESIAN_POINT('',(34.8000001,96.,5.5));
#2732 = VECTOR('',#2733,1.);
#2733 = DIRECTION('',(-0.,-1.,-0.));
#2734 = PCURVE('',#978,#2735);
#2735 = DEFINITIONAL_REPRESENTATION('',(#2736),#2740);
#2736 = LINE('',#2737,#2738);
#2737 = CARTESIAN_POINT('',(5.5,-20.));
#2738 = VECTOR('',#2739,1.);
#2739 = DIRECTION('',(0.,1.));
#2740 = ( GEOMETRIC_REPRESENTATION_CONTEXT(2) 
PARAMETRIC_REPRESENTATION_CONTEXT() REPRESENTATION_CONTEXT('2D SPACE',''
  ) );
#2741 = PCURVE('',#1054,#2742);
#2742 = DEFINITIONAL_REPRESENTATION('',(#2743),#2747);
#2743 = LINE('',#2744,#2745);
#2744 = CARTESIAN_POINT('',(-0.,-0.353553390593));
#2745 = VECTOR('',#2746,1.);
#2746 = DIRECTION('',(-1.,0.));
#2747 = ( GEOMETRIC_REPRESENTATION_CONTEXT(2) 
PARAMETRIC_REPRESENTATION_CONTEXT() REPRESENTATION_CONTEXT('2D SPACE',''
  ) );
#2748 = ADVANCED_FACE('',(#2749),#1054,.T.);
#2749 = FACE_BOUND('',#2750,.F.);
#2750 = EDGE_LOOP('',(#2751,#2772,#2773,#2774));
#2751 = ORIENTED_EDGE('',*,*,#2752,.F.);
#2752 = EDGE_CURVE('',#2701,#1229,#2753,.T.);
#2753 = SURFACE_CURVE('',#2754,(#2758,#2765),.PCURVE_S1.);
#2754 = LINE('',#2755,#2756);
#2755 = CARTESIAN_POINT('',(34.8000001,96.,5.5));
#2756 = VECTOR('',#2757,1.);
#2757 = DIRECTION('',(-0.707106781187,-4.329780281177E-17,0.707106781187
    ));
#2758 = PCURVE('',#1054,#2759);
#2759 = DEFINITIONAL_REPRESENTATION('',(#2760),#2764);
#2760 = LINE('',#2761,#2762);
#2761 = CARTESIAN_POINT('',(-0.,-0.353553390593));
#2762 = VECTOR('',#2763,1.);
#2763 = DIRECTION('',(-4.329780281177E-17,1.));
#2764 = ( GEOMETRIC_REPRESENTATION_CONTEXT(2) 
PARAMETRIC_REPRESENTATION_CONTEXT() REPRESENTATION_CONTEXT('2D SPACE',''
  ) );
#2765 = PCURVE('',#1272,#2766);
#2766 = DEFINITIONAL_REPRESENTATION('',(#2767),#2771);
#2767 = LINE('',#2768,#2769);
#2768 = CARTESIAN_POINT('',(1.570796326795,-0.));
#2769 = VECTOR('',#2770,1.);
#2770 = DIRECTION('',(0.,-1.));
#2771 = ( GEOMETRIC_REPRESENTATION_CONTEXT(2) 
PARAMETRIC_REPRESENTATION_CONTEXT() REPRESENTATION_CONTEXT('2D SPACE',''
  ) );
#2772 = ORIENTED_EDGE('',*,*,#2728,.T.);
#2773 = ORIENTED_EDGE('',*,*,#1038,.T.);
#2774 = ORIENTED_EDGE('',*,*,#1228,.F.);
#2775 = ADVANCED_FACE('',(#2776),#1164,.F.);
#2776 = FACE_BOUND('',#2777,.F.);
#2777 = EDGE_LOOP('',(#2778,#2779,#2802,#2823));
#2778 = ORIENTED_EDGE('',*,*,#1433,.F.);
#2779 = ORIENTED_EDGE('',*,*,#2780,.T.);
#2780 = EDGE_CURVE('',#1410,#2781,#2783,.T.);
#2781 = VERTEX_POINT('',#2782);
#2782 = CARTESIAN_POINT('',(20.8000001,96.,5.5));
#2783 = SURFACE_CURVE('',#2784,(#2788,#2795),.PCURVE_S1.);
#2784 = LINE('',#2785,#2786);
#2785 = CARTESIAN_POINT('',(20.8000001,78.,5.5));
#2786 = VECTOR('',#2787,1.);
#2787 = DIRECTION('',(0.,1.,0.));
#2788 = PCURVE('',#1164,#2789);
#2789 = DEFINITIONAL_REPRESENTATION('',(#2790),#2794);
#2790 = LINE('',#2791,#2792);
#2791 = CARTESIAN_POINT('',(0.,-0.353553390593));
#2792 = VECTOR('',#2793,1.);
#2793 = DIRECTION('',(1.,0.));
#2794 = ( GEOMETRIC_REPRESENTATION_CONTEXT(2) 
PARAMETRIC_REPRESENTATION_CONTEXT() REPRESENTATION_CONTEXT('2D SPACE',''
  ) );
#2795 = PCURVE('',#1474,#2796);
#2796 = DEFINITIONAL_REPRESENTATION('',(#2797),#2801);
#2797 = LINE('',#2798,#2799);
#2798 = CARTESIAN_POINT('',(5.5,-2.));
#2799 = VECTOR('',#2800,1.);
#2800 = DIRECTION('',(0.,-1.));
#2801 = ( GEOMETRIC_REPRESENTATION_CONTEXT(2) 
PARAMETRIC_REPRESENTATION_CONTEXT() REPRESENTATION_CONTEXT('2D SPACE',''
  ) );
#2802 = ORIENTED_EDGE('',*,*,#2803,.T.);
#2803 = EDGE_CURVE('',#2781,#1149,#2804,.T.);
#2804 = SURFACE_CURVE('',#2805,(#2809,#2816),.PCURVE_S1.);
#2805 = LINE('',#2806,#2807);
#2806 = CARTESIAN_POINT('',(21.0500001,96.,5.75));
#2807 = VECTOR('',#2808,1.);
#2808 = DIRECTION('',(0.707106781187,-0.,0.707106781187));
#2809 = PCURVE('',#1164,#2810);
#2810 = DEFINITIONAL_REPRESENTATION('',(#2811),#2815);
#2811 = LINE('',#2812,#2813);
#2812 = CARTESIAN_POINT('',(18.,0.));
#2813 = VECTOR('',#2814,1.);
#2814 = DIRECTION('',(0.,1.));
#2815 = ( GEOMETRIC_REPRESENTATION_CONTEXT(2) 
PARAMETRIC_REPRESENTATION_CONTEXT() REPRESENTATION_CONTEXT('2D SPACE',''
  ) );
#2816 = PCURVE('',#1331,#2817);
#2817 = DEFINITIONAL_REPRESENTATION('',(#2818),#2822);
#2818 = LINE('',#2819,#2820);
#2819 = CARTESIAN_POINT('',(0.,-0.25));
#2820 = VECTOR('',#2821,1.);
#2821 = DIRECTION('',(0.,-1.));
#2822 = ( GEOMETRIC_REPRESENTATION_CONTEXT(2) 
PARAMETRIC_REPRESENTATION_CONTEXT() REPRESENTATION_CONTEXT('2D SPACE',''
  ) );
#2823 = ORIENTED_EDGE('',*,*,#1146,.F.);
#2824 = ADVANCED_FACE('',(#2825),#1331,.T.);
#2825 = FACE_BOUND('',#2826,.F.);
#2826 = EDGE_LOOP('',(#2827,#2828,#2857,#2878));
#2827 = ORIENTED_EDGE('',*,*,#2803,.F.);
#2828 = ORIENTED_EDGE('',*,*,#2829,.T.);
#2829 = EDGE_CURVE('',#2781,#2830,#2832,.T.);
#2830 = VERTEX_POINT('',#2831);
#2831 = CARTESIAN_POINT('',(22.8000001,98.,5.5));
#2832 = SURFACE_CURVE('',#2833,(#2838,#2845),.PCURVE_S1.);
#2833 = CIRCLE('',#2834,2.);
#2834 = AXIS2_PLACEMENT_3D('',#2835,#2836,#2837);
#2835 = CARTESIAN_POINT('',(22.8000001,96.,5.5));
#2836 = DIRECTION('',(-0.,0.,-1.));
#2837 = DIRECTION('',(-1.,0.,0.));
#2838 = PCURVE('',#1331,#2839);
#2839 = DEFINITIONAL_REPRESENTATION('',(#2840),#2844);
#2840 = LINE('',#2841,#2842);
#2841 = CARTESIAN_POINT('',(0.,-0.));
#2842 = VECTOR('',#2843,1.);
#2843 = DIRECTION('',(1.,-0.));
#2844 = ( GEOMETRIC_REPRESENTATION_CONTEXT(2) 
PARAMETRIC_REPRESENTATION_CONTEXT() REPRESENTATION_CONTEXT('2D SPACE',''
  ) );
#2845 = PCURVE('',#2846,#2851);
#2846 = CYLINDRICAL_SURFACE('',#2847,2.);
#2847 = AXIS2_PLACEMENT_3D('',#2848,#2849,#2850);
#2848 = CARTESIAN_POINT('',(22.8000001,96.,1.7763568394E-15));
#2849 = DIRECTION('',(0.,0.,1.));
#2850 = DIRECTION('',(-1.,-0.,0.));
#2851 = DEFINITIONAL_REPRESENTATION('',(#2852),#2856);
#2852 = LINE('',#2853,#2854);
#2853 = CARTESIAN_POINT('',(-0.,5.5));
#2854 = VECTOR('',#2855,1.);
#2855 = DIRECTION('',(-1.,0.));
#2856 = ( GEOMETRIC_REPRESENTATION_CONTEXT(2) 
PARAMETRIC_REPRESENTATION_CONTEXT() REPRESENTATION_CONTEXT('2D SPACE',''
  ) );
#2857 = ORIENTED_EDGE('',*,*,#2858,.T.);
#2858 = EDGE_CURVE('',#2830,#1285,#2859,.T.);
#2859 = SURFACE_CURVE('',#2860,(#2864,#2871),.PCURVE_S1.);
#2860 = LINE('',#2861,#2862);
#2861 = CARTESIAN_POINT('',(22.8000001,98.,5.5));
#2862 = VECTOR('',#2863,1.);
#2863 = DIRECTION('',(4.329780281177E-17,-0.707106781187,0.707106781187)
  );
#2864 = PCURVE('',#1331,#2865);
#2865 = DEFINITIONAL_REPRESENTATION('',(#2866),#2870);
#2866 = LINE('',#2867,#2868);
#2867 = CARTESIAN_POINT('',(1.570796326795,-0.));
#2868 = VECTOR('',#2869,1.);
#2869 = DIRECTION('',(0.,-1.));
#2870 = ( GEOMETRIC_REPRESENTATION_CONTEXT(2) 
PARAMETRIC_REPRESENTATION_CONTEXT() REPRESENTATION_CONTEXT('2D SPACE',''
  ) );
#2871 = PCURVE('',#1300,#2872);
#2872 = DEFINITIONAL_REPRESENTATION('',(#2873),#2877);
#2873 = LINE('',#2874,#2875);
#2874 = CARTESIAN_POINT('',(-0.,-0.353553390593));
#2875 = VECTOR('',#2876,1.);
#2876 = DIRECTION('',(-4.329780281177E-17,1.));
#2877 = ( GEOMETRIC_REPRESENTATION_CONTEXT(2) 
PARAMETRIC_REPRESENTATION_CONTEXT() REPRESENTATION_CONTEXT('2D SPACE',''
  ) );
#2878 = ORIENTED_EDGE('',*,*,#1312,.F.);
#2879 = ADVANCED_FACE('',(#2880),#1300,.T.);
#2880 = FACE_BOUND('',#2881,.F.);
#2881 = EDGE_LOOP('',(#2882,#2883,#2911,#2932));
#2882 = ORIENTED_EDGE('',*,*,#2858,.F.);
#2883 = ORIENTED_EDGE('',*,*,#2884,.T.);
#2884 = EDGE_CURVE('',#2830,#2885,#2887,.T.);
#2885 = VERTEX_POINT('',#2886);
#2886 = CARTESIAN_POINT('',(32.8000001,98.,5.5));
#2887 = SURFACE_CURVE('',#2888,(#2892,#2899),.PCURVE_S1.);
#2888 = LINE('',#2889,#2890);
#2889 = CARTESIAN_POINT('',(22.8000001,98.,5.5));
#2890 = VECTOR('',#2891,1.);
#2891 = DIRECTION('',(1.,0.,0.));
#2892 = PCURVE('',#1300,#2893);
#2893 = DEFINITIONAL_REPRESENTATION('',(#2894),#2898);
#2894 = LINE('',#2895,#2896);
#2895 = CARTESIAN_POINT('',(-0.,-0.353553390593));
#2896 = VECTOR('',#2897,1.);
#2897 = DIRECTION('',(-1.,0.));
#2898 = ( GEOMETRIC_REPRESENTATION_CONTEXT(2) 
PARAMETRIC_REPRESENTATION_CONTEXT() REPRESENTATION_CONTEXT('2D SPACE',''
  ) );
#2899 = PCURVE('',#2900,#2905);
#2900 = PLANE('',#2901);
#2901 = AXIS2_PLACEMENT_3D('',#2902,#2903,#2904);
#2902 = CARTESIAN_POINT('',(20.8000001,98.,1.7763568394E-15));
#2903 = DIRECTION('',(0.,1.,0.));
#2904 = DIRECTION('',(0.,0.,1.));
#2905 = DEFINITIONAL_REPRESENTATION('',(#2906),#2910);
#2906 = LINE('',#2907,#2908);
#2907 = CARTESIAN_POINT('',(5.5,2.));
#2908 = VECTOR('',#2909,1.);
#2909 = DIRECTION('',(0.,1.));
#2910 = ( GEOMETRIC_REPRESENTATION_CONTEXT(2) 
PARAMETRIC_REPRESENTATION_CONTEXT() REPRESENTATION_CONTEXT('2D SPACE',''
  ) );
#2911 = ORIENTED_EDGE('',*,*,#2912,.T.);
#2912 = EDGE_CURVE('',#2885,#1252,#2913,.T.);
#2913 = SURFACE_CURVE('',#2914,(#2918,#2925),.PCURVE_S1.);
#2914 = LINE('',#2915,#2916);
#2915 = CARTESIAN_POINT('',(32.8000001,97.75,5.75));
#2916 = VECTOR('',#2917,1.);
#2917 = DIRECTION('',(0.,-0.707106781187,0.707106781187));
#2918 = PCURVE('',#1300,#2919);
#2919 = DEFINITIONAL_REPRESENTATION('',(#2920),#2924);
#2920 = LINE('',#2921,#2922);
#2921 = CARTESIAN_POINT('',(-10.,0.));
#2922 = VECTOR('',#2923,1.);
#2923 = DIRECTION('',(-0.,1.));
#2924 = ( GEOMETRIC_REPRESENTATION_CONTEXT(2) 
PARAMETRIC_REPRESENTATION_CONTEXT() REPRESENTATION_CONTEXT('2D SPACE',''
  ) );
#2925 = PCURVE('',#1272,#2926);
#2926 = DEFINITIONAL_REPRESENTATION('',(#2927),#2931);
#2927 = LINE('',#2928,#2929);
#2928 = CARTESIAN_POINT('',(0.,-0.25));
#2929 = VECTOR('',#2930,1.);
#2930 = DIRECTION('',(0.,-1.));
#2931 = ( GEOMETRIC_REPRESENTATION_CONTEXT(2) 
PARAMETRIC_REPRESENTATION_CONTEXT() REPRESENTATION_CONTEXT('2D SPACE',''
  ) );
#2932 = ORIENTED_EDGE('',*,*,#1284,.F.);
#2933 = ADVANCED_FACE('',(#2934),#1272,.T.);
#2934 = FACE_BOUND('',#2935,.F.);
#2935 = EDGE_LOOP('',(#2936,#2937,#2959,#2960));
#2936 = ORIENTED_EDGE('',*,*,#2912,.F.);
#2937 = ORIENTED_EDGE('',*,*,#2938,.T.);
#2938 = EDGE_CURVE('',#2885,#2701,#2939,.T.);
#2939 = SURFACE_CURVE('',#2940,(#2945,#2952),.PCURVE_S1.);
#2940 = CIRCLE('',#2941,2.);
#2941 = AXIS2_PLACEMENT_3D('',#2942,#2943,#2944);
#2942 = CARTESIAN_POINT('',(32.8000001,96.,5.5));
#2943 = DIRECTION('',(0.,-0.,-1.));
#2944 = DIRECTION('',(0.,1.,-0.));
#2945 = PCURVE('',#1272,#2946);
#2946 = DEFINITIONAL_REPRESENTATION('',(#2947),#2951);
#2947 = LINE('',#2948,#2949);
#2948 = CARTESIAN_POINT('',(0.,-0.));
#2949 = VECTOR('',#2950,1.);
#2950 = DIRECTION('',(1.,-0.));
#2951 = ( GEOMETRIC_REPRESENTATION_CONTEXT(2) 
PARAMETRIC_REPRESENTATION_CONTEXT() REPRESENTATION_CONTEXT('2D SPACE',''
  ) );
#2952 = PCURVE('',#2716,#2953);
#2953 = DEFINITIONAL_REPRESENTATION('',(#2954),#2958);
#2954 = LINE('',#2955,#2956);
#2955 = CARTESIAN_POINT('',(1.570796326795,5.5));
#2956 = VECTOR('',#2957,1.);
#2957 = DIRECTION('',(-1.,-0.));
#2958 = ( GEOMETRIC_REPRESENTATION_CONTEXT(2) 
PARAMETRIC_REPRESENTATION_CONTEXT() REPRESENTATION_CONTEXT('2D SPACE',''
  ) );
#2959 = ORIENTED_EDGE('',*,*,#2752,.T.);
#2960 = ORIENTED_EDGE('',*,*,#1251,.F.);
#2961 = ADVANCED_FACE('',(#2962),#1366,.F.);
#2962 = FACE_BOUND('',#2963,.T.);
#2963 = EDGE_LOOP('',(#2964,#2992,#3013,#3014));
#2964 = ORIENTED_EDGE('',*,*,#2965,.T.);
#2965 = EDGE_CURVE('',#2966,#2966,#2968,.T.);
#2966 = VERTEX_POINT('',#2967);
#2967 = CARTESIAN_POINT('',(29.4500001,87.,1.7763568394E-15));
#2968 = SURFACE_CURVE('',#2969,(#2974,#2981),.PCURVE_S1.);
#2969 = CIRCLE('',#2970,1.65);
#2970 = AXIS2_PLACEMENT_3D('',#2971,#2972,#2973);
#2971 = CARTESIAN_POINT('',(27.8000001,87.,1.7763568394E-15));
#2972 = DIRECTION('',(0.,0.,-1.));
#2973 = DIRECTION('',(1.,0.,0.));
#2974 = PCURVE('',#1366,#2975);
#2975 = DEFINITIONAL_REPRESENTATION('',(#2976),#2980);
#2976 = LINE('',#2977,#2978);
#2977 = CARTESIAN_POINT('',(-6.28318530718,-15.4));
#2978 = VECTOR('',#2979,1.);
#2979 = DIRECTION('',(1.,-0.));
#2980 = ( GEOMETRIC_REPRESENTATION_CONTEXT(2) 
PARAMETRIC_REPRESENTATION_CONTEXT() REPRESENTATION_CONTEXT('2D SPACE',''
  ) );
#2981 = PCURVE('',#2369,#2982);
#2982 = DEFINITIONAL_REPRESENTATION('',(#2983),#2991);
#2983 = ( BOUNDED_CURVE() B_SPLINE_CURVE(2,(#2984,#2985,#2986,#2987,
#2988,#2989,#2990),.UNSPECIFIED.,.T.,.F.) B_SPLINE_CURVE_WITH_KNOTS((1,2
    ,2,2,2,1),(-2.094395102393,0.,2.094395102393,4.188790204786,
6.28318530718,8.377580409573),.UNSPECIFIED.) CURVE() 
GEOMETRIC_REPRESENTATION_ITEM() RATIONAL_B_SPLINE_CURVE((1.,0.5,1.,0.5,
1.,0.5,1.)) REPRESENTATION_ITEM('') );
#2984 = CARTESIAN_POINT('',(8.65,11.));
#2985 = CARTESIAN_POINT('',(8.65,8.142116167511));
#2986 = CARTESIAN_POINT('',(6.175,9.571058083756));
#2987 = CARTESIAN_POINT('',(3.7,11.));
#2988 = CARTESIAN_POINT('',(6.175,12.428941916244));
#2989 = CARTESIAN_POINT('',(8.65,13.857883832489));
#2990 = CARTESIAN_POINT('',(8.65,11.));
#2991 = ( GEOMETRIC_REPRESENTATION_CONTEXT(2) 
PARAMETRIC_REPRESENTATION_CONTEXT() REPRESENTATION_CONTEXT('2D SPACE',''
  ) );
#2992 = ORIENTED_EDGE('',*,*,#2993,.T.);
#2993 = EDGE_CURVE('',#2966,#1346,#2994,.T.);
#2994 = SEAM_CURVE('',#2995,(#2999,#3006),.PCURVE_S1.);
#2995 = LINE('',#2996,#2997);
#2996 = CARTESIAN_POINT('',(29.4500001,87.,-15.4));
#2997 = VECTOR('',#2998,1.);
#2998 = DIRECTION('',(0.,0.,1.));
#2999 = PCURVE('',#1366,#3000);
#3000 = DEFINITIONAL_REPRESENTATION('',(#3001),#3005);
#3001 = LINE('',#3002,#3003);
#3002 = CARTESIAN_POINT('',(-6.28318530718,0.));
#3003 = VECTOR('',#3004,1.);
#3004 = DIRECTION('',(-0.,-1.));
#3005 = ( GEOMETRIC_REPRESENTATION_CONTEXT(2) 
PARAMETRIC_REPRESENTATION_CONTEXT() REPRESENTATION_CONTEXT('2D SPACE',''
  ) );
#3006 = PCURVE('',#1366,#3007);
#3007 = DEFINITIONAL_REPRESENTATION('',(#3008),#3012);
#3008 = LINE('',#3009,#3010);
#3009 = CARTESIAN_POINT('',(-0.,0.));
#3010 = VECTOR('',#3011,1.);
#3011 = DIRECTION('',(-0.,-1.));
#3012 = ( GEOMETRIC_REPRESENTATION_CONTEXT(2) 
PARAMETRIC_REPRESENTATION_CONTEXT() REPRESENTATION_CONTEXT('2D SPACE',''
  ) );
#3013 = ORIENTED_EDGE('',*,*,#1345,.F.);
#3014 = ORIENTED_EDGE('',*,*,#2993,.F.);
#3015 = ADVANCED_FACE('',(#3016),#1474,.F.);
#3016 = FACE_BOUND('',#3017,.F.);
#3017 = EDGE_LOOP('',(#3018,#3019,#3042,#3063));
#3018 = ORIENTED_EDGE('',*,*,#1458,.F.);
#3019 = ORIENTED_EDGE('',*,*,#3020,.T.);
#3020 = EDGE_CURVE('',#1459,#3021,#3023,.T.);
#3021 = VERTEX_POINT('',#3022);
#3022 = CARTESIAN_POINT('',(20.8000001,96.,0.5));
#3023 = SURFACE_CURVE('',#3024,(#3028,#3035),.PCURVE_S1.);
#3024 = LINE('',#3025,#3026);
#3025 = CARTESIAN_POINT('',(20.8000001,78.,0.5));
#3026 = VECTOR('',#3027,1.);
#3027 = DIRECTION('',(0.,1.,0.));
#3028 = PCURVE('',#1474,#3029);
#3029 = DEFINITIONAL_REPRESENTATION('',(#3030),#3034);
#3030 = LINE('',#3031,#3032);
#3031 = CARTESIAN_POINT('',(0.5,-2.));
#3032 = VECTOR('',#3033,1.);
#3033 = DIRECTION('',(0.,-1.));
#3034 = ( GEOMETRIC_REPRESENTATION_CONTEXT(2) 
PARAMETRIC_REPRESENTATION_CONTEXT() REPRESENTATION_CONTEXT('2D SPACE',''
  ) );
#3035 = PCURVE('',#2342,#3036);
#3036 = DEFINITIONAL_REPRESENTATION('',(#3037),#3041);
#3037 = LINE('',#3038,#3039);
#3038 = CARTESIAN_POINT('',(0.,-0.353553390593));
#3039 = VECTOR('',#3040,1.);
#3040 = DIRECTION('',(1.,0.));
#3041 = ( GEOMETRIC_REPRESENTATION_CONTEXT(2) 
PARAMETRIC_REPRESENTATION_CONTEXT() REPRESENTATION_CONTEXT('2D SPACE',''
  ) );
#3042 = ORIENTED_EDGE('',*,*,#3043,.T.);
#3043 = EDGE_CURVE('',#3021,#2781,#3044,.T.);
#3044 = SURFACE_CURVE('',#3045,(#3049,#3056),.PCURVE_S1.);
#3045 = LINE('',#3046,#3047);
#3046 = CARTESIAN_POINT('',(20.8000001,96.,1.7763568394E-15));
#3047 = VECTOR('',#3048,1.);
#3048 = DIRECTION('',(0.,0.,1.));
#3049 = PCURVE('',#1474,#3050);
#3050 = DEFINITIONAL_REPRESENTATION('',(#3051),#3055);
#3051 = LINE('',#3052,#3053);
#3052 = CARTESIAN_POINT('',(0.,-20.));
#3053 = VECTOR('',#3054,1.);
#3054 = DIRECTION('',(1.,0.));
#3055 = ( GEOMETRIC_REPRESENTATION_CONTEXT(2) 
PARAMETRIC_REPRESENTATION_CONTEXT() REPRESENTATION_CONTEXT('2D SPACE',''
  ) );
#3056 = PCURVE('',#2846,#3057);
#3057 = DEFINITIONAL_REPRESENTATION('',(#3058),#3062);
#3058 = LINE('',#3059,#3060);
#3059 = CARTESIAN_POINT('',(-0.,0.));
#3060 = VECTOR('',#3061,1.);
#3061 = DIRECTION('',(-0.,1.));
#3062 = ( GEOMETRIC_REPRESENTATION_CONTEXT(2) 
PARAMETRIC_REPRESENTATION_CONTEXT() REPRESENTATION_CONTEXT('2D SPACE',''
  ) );
#3063 = ORIENTED_EDGE('',*,*,#2780,.F.);
#3064 = ADVANCED_FACE('',(#3065),#1531,.F.);
#3065 = FACE_BOUND('',#3066,.F.);
#3066 = EDGE_LOOP('',(#3067,#3097,#3118,#3119));
#3067 = ORIENTED_EDGE('',*,*,#3068,.F.);
#3068 = EDGE_CURVE('',#3069,#3071,#3073,.T.);
#3069 = VERTEX_POINT('',#3070);
#3070 = CARTESIAN_POINT('',(20.8000001,2.,0.5));
#3071 = VERTEX_POINT('',#3072);
#3072 = CARTESIAN_POINT('',(20.8000001,2.,5.5));
#3073 = SURFACE_CURVE('',#3074,(#3078,#3085),.PCURVE_S1.);
#3074 = LINE('',#3075,#3076);
#3075 = CARTESIAN_POINT('',(20.8000001,2.,1.7763568394E-15));
#3076 = VECTOR('',#3077,1.);
#3077 = DIRECTION('',(0.,0.,1.));
#3078 = PCURVE('',#1531,#3079);
#3079 = DEFINITIONAL_REPRESENTATION('',(#3080),#3084);
#3080 = LINE('',#3081,#3082);
#3081 = CARTESIAN_POINT('',(0.,-2.));
#3082 = VECTOR('',#3083,1.);
#3083 = DIRECTION('',(1.,0.));
#3084 = ( GEOMETRIC_REPRESENTATION_CONTEXT(2) 
PARAMETRIC_REPRESENTATION_CONTEXT() REPRESENTATION_CONTEXT('2D SPACE',''
  ) );
#3085 = PCURVE('',#3086,#3091);
#3086 = CYLINDRICAL_SURFACE('',#3087,2.);
#3087 = AXIS2_PLACEMENT_3D('',#3088,#3089,#3090);
#3088 = CARTESIAN_POINT('',(22.8000001,2.,1.7763568394E-15));
#3089 = DIRECTION('',(0.,0.,1.));
#3090 = DIRECTION('',(-1.,-0.,0.));
#3091 = DEFINITIONAL_REPRESENTATION('',(#3092),#3096);
#3092 = LINE('',#3093,#3094);
#3093 = CARTESIAN_POINT('',(0.,0.));
#3094 = VECTOR('',#3095,1.);
#3095 = DIRECTION('',(0.,1.));
#3096 = ( GEOMETRIC_REPRESENTATION_CONTEXT(2) 
PARAMETRIC_REPRESENTATION_CONTEXT() REPRESENTATION_CONTEXT('2D SPACE',''
  ) );
#3097 = ORIENTED_EDGE('',*,*,#3098,.T.);
#3098 = EDGE_CURVE('',#3069,#1514,#3099,.T.);
#3099 = SURFACE_CURVE('',#3100,(#3104,#3111),.PCURVE_S1.);
#3100 = LINE('',#3101,#3102);
#3101 = CARTESIAN_POINT('',(20.8000001,2.,0.5));
#3102 = VECTOR('',#3103,1.);
#3103 = DIRECTION('',(0.,1.,0.));
#3104 = PCURVE('',#1531,#3105);
#3105 = DEFINITIONAL_REPRESENTATION('',(#3106),#3110);
#3106 = LINE('',#3107,#3108);
#3107 = CARTESIAN_POINT('',(0.5,-2.));
#3108 = VECTOR('',#3109,1.);
#3109 = DIRECTION('',(0.,-1.));
#3110 = ( GEOMETRIC_REPRESENTATION_CONTEXT(2) 
PARAMETRIC_REPRESENTATION_CONTEXT() REPRESENTATION_CONTEXT('2D SPACE',''
  ) );
#3111 = PCURVE('',#2257,#3112);
#3112 = DEFINITIONAL_REPRESENTATION('',(#3113),#3117);
#3113 = LINE('',#3114,#3115);
#3114 = CARTESIAN_POINT('',(0.,-0.353553390593));
#3115 = VECTOR('',#3116,1.);
#3116 = DIRECTION('',(1.,0.));
#3117 = ( GEOMETRIC_REPRESENTATION_CONTEXT(2) 
PARAMETRIC_REPRESENTATION_CONTEXT() REPRESENTATION_CONTEXT('2D SPACE',''
  ) );
#3118 = ORIENTED_EDGE('',*,*,#1513,.T.);
#3119 = ORIENTED_EDGE('',*,*,#3120,.F.);
#3120 = EDGE_CURVE('',#3071,#1516,#3121,.T.);
#3121 = SURFACE_CURVE('',#3122,(#3126,#3133),.PCURVE_S1.);
#3122 = LINE('',#3123,#3124);
#3123 = CARTESIAN_POINT('',(20.8000001,2.,5.5));
#3124 = VECTOR('',#3125,1.);
#3125 = DIRECTION('',(0.,1.,0.));
#3126 = PCURVE('',#1531,#3127);
#3127 = DEFINITIONAL_REPRESENTATION('',(#3128),#3132);
#3128 = LINE('',#3129,#3130);
#3129 = CARTESIAN_POINT('',(5.5,-2.));
#3130 = VECTOR('',#3131,1.);
#3131 = DIRECTION('',(0.,-1.));
#3132 = ( GEOMETRIC_REPRESENTATION_CONTEXT(2) 
PARAMETRIC_REPRESENTATION_CONTEXT() REPRESENTATION_CONTEXT('2D SPACE',''
  ) );
#3133 = PCURVE('',#1607,#3134);
#3134 = DEFINITIONAL_REPRESENTATION('',(#3135),#3139);
#3135 = LINE('',#3136,#3137);
#3136 = CARTESIAN_POINT('',(0.,-0.353553390593));
#3137 = VECTOR('',#3138,1.);
#3138 = DIRECTION('',(1.,0.));
#3139 = ( GEOMETRIC_REPRESENTATION_CONTEXT(2) 
PARAMETRIC_REPRESENTATION_CONTEXT() REPRESENTATION_CONTEXT('2D SPACE',''
  ) );
#3140 = ADVANCED_FACE('',(#3141),#1607,.F.);
#3141 = FACE_BOUND('',#3142,.F.);
#3142 = EDGE_LOOP('',(#3143,#3164,#3165,#3166));
#3143 = ORIENTED_EDGE('',*,*,#3144,.F.);
#3144 = EDGE_CURVE('',#3071,#1700,#3145,.T.);
#3145 = SURFACE_CURVE('',#3146,(#3150,#3157),.PCURVE_S1.);
#3146 = LINE('',#3147,#3148);
#3147 = CARTESIAN_POINT('',(21.0500001,2.,5.75));
#3148 = VECTOR('',#3149,1.);
#3149 = DIRECTION('',(0.707106781187,-0.,0.707106781187));
#3150 = PCURVE('',#1607,#3151);
#3151 = DEFINITIONAL_REPRESENTATION('',(#3152),#3156);
#3152 = LINE('',#3153,#3154);
#3153 = CARTESIAN_POINT('',(0.,0.));
#3154 = VECTOR('',#3155,1.);
#3155 = DIRECTION('',(0.,1.));
#3156 = ( GEOMETRIC_REPRESENTATION_CONTEXT(2) 
PARAMETRIC_REPRESENTATION_CONTEXT() REPRESENTATION_CONTEXT('2D SPACE',''
  ) );
#3157 = PCURVE('',#1743,#3158);
#3158 = DEFINITIONAL_REPRESENTATION('',(#3159),#3163);
#3159 = LINE('',#3160,#3161);
#3160 = CARTESIAN_POINT('',(1.570796326795,-0.25));
#3161 = VECTOR('',#3162,1.);
#3162 = DIRECTION('',(0.,-1.));
#3163 = ( GEOMETRIC_REPRESENTATION_CONTEXT(2) 
PARAMETRIC_REPRESENTATION_CONTEXT() REPRESENTATION_CONTEXT('2D SPACE',''
  ) );
#3164 = ORIENTED_EDGE('',*,*,#3120,.T.);
#3165 = ORIENTED_EDGE('',*,*,#1591,.T.);
#3166 = ORIENTED_EDGE('',*,*,#1699,.F.);
#3167 = ADVANCED_FACE('',(#3168),#1743,.T.);
#3168 = FACE_BOUND('',#3169,.F.);
#3169 = EDGE_LOOP('',(#3170,#3193,#3215,#3216));
#3170 = ORIENTED_EDGE('',*,*,#3171,.F.);
#3171 = EDGE_CURVE('',#3172,#1723,#3174,.T.);
#3172 = VERTEX_POINT('',#3173);
#3173 = CARTESIAN_POINT('',(22.8000001,0.,5.5));
#3174 = SURFACE_CURVE('',#3175,(#3179,#3186),.PCURVE_S1.);
#3175 = LINE('',#3176,#3177);
#3176 = CARTESIAN_POINT('',(22.8000001,0.25,5.75));
#3177 = VECTOR('',#3178,1.);
#3178 = DIRECTION('',(0.,0.707106781187,0.707106781187));
#3179 = PCURVE('',#1743,#3180);
#3180 = DEFINITIONAL_REPRESENTATION('',(#3181),#3185);
#3181 = LINE('',#3182,#3183);
#3182 = CARTESIAN_POINT('',(0.,-0.25));
#3183 = VECTOR('',#3184,1.);
#3184 = DIRECTION('',(0.,-1.));
#3185 = ( GEOMETRIC_REPRESENTATION_CONTEXT(2) 
PARAMETRIC_REPRESENTATION_CONTEXT() REPRESENTATION_CONTEXT('2D SPACE',''
  ) );
#3186 = PCURVE('',#1771,#3187);
#3187 = DEFINITIONAL_REPRESENTATION('',(#3188),#3192);
#3188 = LINE('',#3189,#3190);
#3189 = CARTESIAN_POINT('',(10.,0.));
#3190 = VECTOR('',#3191,1.);
#3191 = DIRECTION('',(0.,1.));
#3192 = ( GEOMETRIC_REPRESENTATION_CONTEXT(2) 
PARAMETRIC_REPRESENTATION_CONTEXT() REPRESENTATION_CONTEXT('2D SPACE',''
  ) );
#3193 = ORIENTED_EDGE('',*,*,#3194,.T.);
#3194 = EDGE_CURVE('',#3172,#3071,#3195,.T.);
#3195 = SURFACE_CURVE('',#3196,(#3201,#3208),.PCURVE_S1.);
#3196 = CIRCLE('',#3197,2.);
#3197 = AXIS2_PLACEMENT_3D('',#3198,#3199,#3200);
#3198 = CARTESIAN_POINT('',(22.8000001,2.,5.5));
#3199 = DIRECTION('',(-0.,-0.,-1.));
#3200 = DIRECTION('',(0.,-1.,0.));
#3201 = PCURVE('',#1743,#3202);
#3202 = DEFINITIONAL_REPRESENTATION('',(#3203),#3207);
#3203 = LINE('',#3204,#3205);
#3204 = CARTESIAN_POINT('',(0.,-0.));
#3205 = VECTOR('',#3206,1.);
#3206 = DIRECTION('',(1.,-0.));
#3207 = ( GEOMETRIC_REPRESENTATION_CONTEXT(2) 
PARAMETRIC_REPRESENTATION_CONTEXT() REPRESENTATION_CONTEXT('2D SPACE',''
  ) );
#3208 = PCURVE('',#3086,#3209);
#3209 = DEFINITIONAL_REPRESENTATION('',(#3210),#3214);
#3210 = LINE('',#3211,#3212);
#3211 = CARTESIAN_POINT('',(1.570796326795,5.5));
#3212 = VECTOR('',#3213,1.);
#3213 = DIRECTION('',(-1.,-0.));
#3214 = ( GEOMETRIC_REPRESENTATION_CONTEXT(2) 
PARAMETRIC_REPRESENTATION_CONTEXT() REPRESENTATION_CONTEXT('2D SPACE',''
  ) );
#3215 = ORIENTED_EDGE('',*,*,#3144,.T.);
#3216 = ORIENTED_EDGE('',*,*,#1722,.F.);
#3217 = ADVANCED_FACE('',(#3218),#1771,.F.);
#3218 = FACE_BOUND('',#3219,.F.);
#3219 = EDGE_LOOP('',(#3220,#3243,#3269,#3270));
#3220 = ORIENTED_EDGE('',*,*,#3221,.F.);
#3221 = EDGE_CURVE('',#3222,#1756,#3224,.T.);
#3222 = VERTEX_POINT('',#3223);
#3223 = CARTESIAN_POINT('',(32.8000001,0.,5.5));
#3224 = SURFACE_CURVE('',#3225,(#3229,#3236),.PCURVE_S1.);
#3225 = LINE('',#3226,#3227);
#3226 = CARTESIAN_POINT('',(32.8000001,0.,5.5));
#3227 = VECTOR('',#3228,1.);
#3228 = DIRECTION('',(-4.329780281177E-17,0.707106781187,0.707106781187)
  );
#3229 = PCURVE('',#1771,#3230);
#3230 = DEFINITIONAL_REPRESENTATION('',(#3231),#3235);
#3231 = LINE('',#3232,#3233);
#3232 = CARTESIAN_POINT('',(0.,-0.353553390593));
#3233 = VECTOR('',#3234,1.);
#3234 = DIRECTION('',(4.329780281177E-17,1.));
#3235 = ( GEOMETRIC_REPRESENTATION_CONTEXT(2) 
PARAMETRIC_REPRESENTATION_CONTEXT() REPRESENTATION_CONTEXT('2D SPACE',''
  ) );
#3236 = PCURVE('',#1804,#3237);
#3237 = DEFINITIONAL_REPRESENTATION('',(#3238),#3242);
#3238 = LINE('',#3239,#3240);
#3239 = CARTESIAN_POINT('',(1.570796326795,-0.));
#3240 = VECTOR('',#3241,1.);
#3241 = DIRECTION('',(0.,-1.));
#3242 = ( GEOMETRIC_REPRESENTATION_CONTEXT(2) 
PARAMETRIC_REPRESENTATION_CONTEXT() REPRESENTATION_CONTEXT('2D SPACE',''
  ) );
#3243 = ORIENTED_EDGE('',*,*,#3244,.T.);
#3244 = EDGE_CURVE('',#3222,#3172,#3245,.T.);
#3245 = SURFACE_CURVE('',#3246,(#3250,#3257),.PCURVE_S1.);
#3246 = LINE('',#3247,#3248);
#3247 = CARTESIAN_POINT('',(32.8000001,0.,5.5));
#3248 = VECTOR('',#3249,1.);
#3249 = DIRECTION('',(-1.,-0.,-0.));
#3250 = PCURVE('',#1771,#3251);
#3251 = DEFINITIONAL_REPRESENTATION('',(#3252),#3256);
#3252 = LINE('',#3253,#3254);
#3253 = CARTESIAN_POINT('',(0.,-0.353553390593));
#3254 = VECTOR('',#3255,1.);
#3255 = DIRECTION('',(1.,0.));
#3256 = ( GEOMETRIC_REPRESENTATION_CONTEXT(2) 
PARAMETRIC_REPRESENTATION_CONTEXT() REPRESENTATION_CONTEXT('2D SPACE',''
  ) );
#3257 = PCURVE('',#3258,#3263);
#3258 = PLANE('',#3259);
#3259 = AXIS2_PLACEMENT_3D('',#3260,#3261,#3262);
#3260 = CARTESIAN_POINT('',(20.8000001,0.,1.7763568394E-15));
#3261 = DIRECTION('',(0.,1.,0.));
#3262 = DIRECTION('',(0.,0.,1.));
#3263 = DEFINITIONAL_REPRESENTATION('',(#3264),#3268);
#3264 = LINE('',#3265,#3266);
#3265 = CARTESIAN_POINT('',(5.5,12.));
#3266 = VECTOR('',#3267,1.);
#3267 = DIRECTION('',(0.,-1.));
#3268 = ( GEOMETRIC_REPRESENTATION_CONTEXT(2) 
PARAMETRIC_REPRESENTATION_CONTEXT() REPRESENTATION_CONTEXT('2D SPACE',''
  ) );
#3269 = ORIENTED_EDGE('',*,*,#3171,.T.);
#3270 = ORIENTED_EDGE('',*,*,#1755,.F.);
#3271 = ADVANCED_FACE('',(#3272),#1804,.T.);
#3272 = FACE_BOUND('',#3273,.F.);
#3273 = EDGE_LOOP('',(#3274,#3297,#3324,#3325));
#3274 = ORIENTED_EDGE('',*,*,#3275,.F.);
#3275 = EDGE_CURVE('',#3276,#1784,#3278,.T.);
#3276 = VERTEX_POINT('',#3277);
#3277 = CARTESIAN_POINT('',(34.8000001,2.,5.5));
#3278 = SURFACE_CURVE('',#3279,(#3283,#3290),.PCURVE_S1.);
#3279 = LINE('',#3280,#3281);
#3280 = CARTESIAN_POINT('',(34.5500001,2.,5.75));
#3281 = VECTOR('',#3282,1.);
#3282 = DIRECTION('',(-0.707106781187,-0.,0.707106781187));
#3283 = PCURVE('',#1804,#3284);
#3284 = DEFINITIONAL_REPRESENTATION('',(#3285),#3289);
#3285 = LINE('',#3286,#3287);
#3286 = CARTESIAN_POINT('',(0.,-0.25));
#3287 = VECTOR('',#3288,1.);
#3288 = DIRECTION('',(0.,-1.));
#3289 = ( GEOMETRIC_REPRESENTATION_CONTEXT(2) 
PARAMETRIC_REPRESENTATION_CONTEXT() REPRESENTATION_CONTEXT('2D SPACE',''
  ) );
#3290 = PCURVE('',#1832,#3291);
#3291 = DEFINITIONAL_REPRESENTATION('',(#3292),#3296);
#3292 = LINE('',#3293,#3294);
#3293 = CARTESIAN_POINT('',(-18.,0.));
#3294 = VECTOR('',#3295,1.);
#3295 = DIRECTION('',(-0.,1.));
#3296 = ( GEOMETRIC_REPRESENTATION_CONTEXT(2) 
PARAMETRIC_REPRESENTATION_CONTEXT() REPRESENTATION_CONTEXT('2D SPACE',''
  ) );
#3297 = ORIENTED_EDGE('',*,*,#3298,.T.);
#3298 = EDGE_CURVE('',#3276,#3222,#3299,.T.);
#3299 = SURFACE_CURVE('',#3300,(#3305,#3312),.PCURVE_S1.);
#3300 = CIRCLE('',#3301,2.);
#3301 = AXIS2_PLACEMENT_3D('',#3302,#3303,#3304);
#3302 = CARTESIAN_POINT('',(32.8000001,2.,5.5));
#3303 = DIRECTION('',(0.,0.,-1.));
#3304 = DIRECTION('',(1.,0.,0.));
#3305 = PCURVE('',#1804,#3306);
#3306 = DEFINITIONAL_REPRESENTATION('',(#3307),#3311);
#3307 = LINE('',#3308,#3309);
#3308 = CARTESIAN_POINT('',(0.,-0.));
#3309 = VECTOR('',#3310,1.);
#3310 = DIRECTION('',(1.,-0.));
#3311 = ( GEOMETRIC_REPRESENTATION_CONTEXT(2) 
PARAMETRIC_REPRESENTATION_CONTEXT() REPRESENTATION_CONTEXT('2D SPACE',''
  ) );
#3312 = PCURVE('',#3313,#3318);
#3313 = CYLINDRICAL_SURFACE('',#3314,2.);
#3314 = AXIS2_PLACEMENT_3D('',#3315,#3316,#3317);
#3315 = CARTESIAN_POINT('',(32.8000001,2.,1.7763568394E-15));
#3316 = DIRECTION('',(0.,0.,1.));
#3317 = DIRECTION('',(1.,0.,-0.));
#3318 = DEFINITIONAL_REPRESENTATION('',(#3319),#3323);
#3319 = LINE('',#3320,#3321);
#3320 = CARTESIAN_POINT('',(-0.,5.5));
#3321 = VECTOR('',#3322,1.);
#3322 = DIRECTION('',(-1.,0.));
#3323 = ( GEOMETRIC_REPRESENTATION_CONTEXT(2) 
PARAMETRIC_REPRESENTATION_CONTEXT() REPRESENTATION_CONTEXT('2D SPACE',''
  ) );
#3324 = ORIENTED_EDGE('',*,*,#3221,.T.);
#3325 = ORIENTED_EDGE('',*,*,#1783,.F.);
#3326 = ADVANCED_FACE('',(#3327),#1832,.T.);
#3327 = FACE_BOUND('',#3328,.F.);
#3328 = EDGE_LOOP('',(#3329,#3330,#3351,#3352));
#3329 = ORIENTED_EDGE('',*,*,#1986,.F.);
#3330 = ORIENTED_EDGE('',*,*,#3331,.T.);
#3331 = EDGE_CURVE('',#1963,#3276,#3332,.T.);
#3332 = SURFACE_CURVE('',#3333,(#3337,#3344),.PCURVE_S1.);
#3333 = LINE('',#3334,#3335);
#3334 = CARTESIAN_POINT('',(34.8000001,20.,5.5));
#3335 = VECTOR('',#3336,1.);
#3336 = DIRECTION('',(-0.,-1.,-0.));
#3337 = PCURVE('',#1832,#3338);
#3338 = DEFINITIONAL_REPRESENTATION('',(#3339),#3343);
#3339 = LINE('',#3340,#3341);
#3340 = CARTESIAN_POINT('',(-0.,-0.353553390593));
#3341 = VECTOR('',#3342,1.);
#3342 = DIRECTION('',(-1.,0.));
#3343 = ( GEOMETRIC_REPRESENTATION_CONTEXT(2) 
PARAMETRIC_REPRESENTATION_CONTEXT() REPRESENTATION_CONTEXT('2D SPACE',''
  ) );
#3344 = PCURVE('',#2027,#3345);
#3345 = DEFINITIONAL_REPRESENTATION('',(#3346),#3350);
#3346 = LINE('',#3347,#3348);
#3347 = CARTESIAN_POINT('',(5.5,-20.));
#3348 = VECTOR('',#3349,1.);
#3349 = DIRECTION('',(0.,1.));
#3350 = ( GEOMETRIC_REPRESENTATION_CONTEXT(2) 
PARAMETRIC_REPRESENTATION_CONTEXT() REPRESENTATION_CONTEXT('2D SPACE',''
  ) );
#3351 = ORIENTED_EDGE('',*,*,#3275,.T.);
#3352 = ORIENTED_EDGE('',*,*,#1816,.F.);
#3353 = ADVANCED_FACE('',(#3354),#1919,.F.);
#3354 = FACE_BOUND('',#3355,.T.);
#3355 = EDGE_LOOP('',(#3356,#3384,#3405,#3406));
#3356 = ORIENTED_EDGE('',*,*,#3357,.T.);
#3357 = EDGE_CURVE('',#3358,#3358,#3360,.T.);
#3358 = VERTEX_POINT('',#3359);
#3359 = CARTESIAN_POINT('',(29.4500001,11.,1.7763568394E-15));
#3360 = SURFACE_CURVE('',#3361,(#3366,#3373),.PCURVE_S1.);
#3361 = CIRCLE('',#3362,1.65);
#3362 = AXIS2_PLACEMENT_3D('',#3363,#3364,#3365);
#3363 = CARTESIAN_POINT('',(27.8000001,11.,1.7763568394E-15));
#3364 = DIRECTION('',(0.,0.,-1.));
#3365 = DIRECTION('',(1.,0.,0.));
#3366 = PCURVE('',#1919,#3367);
#3367 = DEFINITIONAL_REPRESENTATION('',(#3368),#3372);
#3368 = LINE('',#3369,#3370);
#3369 = CARTESIAN_POINT('',(-6.28318530718,-15.4));
#3370 = VECTOR('',#3371,1.);
#3371 = DIRECTION('',(1.,-0.));
#3372 = ( GEOMETRIC_REPRESENTATION_CONTEXT(2) 
PARAMETRIC_REPRESENTATION_CONTEXT() REPRESENTATION_CONTEXT('2D SPACE',''
  ) );
#3373 = PCURVE('',#2173,#3374);
#3374 = DEFINITIONAL_REPRESENTATION('',(#3375),#3383);
#3375 = ( BOUNDED_CURVE() B_SPLINE_CURVE(2,(#3376,#3377,#3378,#3379,
#3380,#3381,#3382),.UNSPECIFIED.,.T.,.F.) B_SPLINE_CURVE_WITH_KNOTS((1,2
    ,2,2,2,1),(-2.094395102393,0.,2.094395102393,4.188790204786,
6.28318530718,8.377580409573),.UNSPECIFIED.) CURVE() 
GEOMETRIC_REPRESENTATION_ITEM() RATIONAL_B_SPLINE_CURVE((1.,0.5,1.,0.5,
1.,0.5,1.)) REPRESENTATION_ITEM('') );
#3376 = CARTESIAN_POINT('',(8.65,11.));
#3377 = CARTESIAN_POINT('',(8.65,8.142116167511));
#3378 = CARTESIAN_POINT('',(6.175,9.571058083756));
#3379 = CARTESIAN_POINT('',(3.7,11.));
#3380 = CARTESIAN_POINT('',(6.175,12.428941916244));
#3381 = CARTESIAN_POINT('',(8.65,13.857883832489));
#3382 = CARTESIAN_POINT('',(8.65,11.));
#3383 = ( GEOMETRIC_REPRESENTATION_CONTEXT(2) 
PARAMETRIC_REPRESENTATION_CONTEXT() REPRESENTATION_CONTEXT('2D SPACE',''
  ) );
#3384 = ORIENTED_EDGE('',*,*,#3385,.T.);
#3385 = EDGE_CURVE('',#3358,#1899,#3386,.T.);
#3386 = SEAM_CURVE('',#3387,(#3391,#3398),.PCURVE_S1.);
#3387 = LINE('',#3388,#3389);
#3388 = CARTESIAN_POINT('',(29.4500001,11.,-15.4));
#3389 = VECTOR('',#3390,1.);
#3390 = DIRECTION('',(0.,0.,1.));
#3391 = PCURVE('',#1919,#3392);
#3392 = DEFINITIONAL_REPRESENTATION('',(#3393),#3397);
#3393 = LINE('',#3394,#3395);
#3394 = CARTESIAN_POINT('',(-6.28318530718,0.));
#3395 = VECTOR('',#3396,1.);
#3396 = DIRECTION('',(-0.,-1.));
#3397 = ( GEOMETRIC_REPRESENTATION_CONTEXT(2) 
PARAMETRIC_REPRESENTATION_CONTEXT() REPRESENTATION_CONTEXT('2D SPACE',''
  ) );
#3398 = PCURVE('',#1919,#3399);
#3399 = DEFINITIONAL_REPRESENTATION('',(#3400),#3404);
#3400 = LINE('',#3401,#3402);
#3401 = CARTESIAN_POINT('',(-0.,0.));
#3402 = VECTOR('',#3403,1.);
#3403 = DIRECTION('',(-0.,-1.));
#3404 = ( GEOMETRIC_REPRESENTATION_CONTEXT(2) 
PARAMETRIC_REPRESENTATION_CONTEXT() REPRESENTATION_CONTEXT('2D SPACE',''
  ) );
#3405 = ORIENTED_EDGE('',*,*,#1898,.F.);
#3406 = ORIENTED_EDGE('',*,*,#3385,.F.);
#3407 = ADVANCED_FACE('',(#3408),#2027,.T.);
#3408 = FACE_BOUND('',#3409,.T.);
#3409 = EDGE_LOOP('',(#3410,#3433,#3454,#3455));
#3410 = ORIENTED_EDGE('',*,*,#3411,.F.);
#3411 = EDGE_CURVE('',#3412,#3276,#3414,.T.);
#3412 = VERTEX_POINT('',#3413);
#3413 = CARTESIAN_POINT('',(34.8000001,2.,0.5));
#3414 = SURFACE_CURVE('',#3415,(#3419,#3426),.PCURVE_S1.);
#3415 = LINE('',#3416,#3417);
#3416 = CARTESIAN_POINT('',(34.8000001,2.,1.7763568394E-15));
#3417 = VECTOR('',#3418,1.);
#3418 = DIRECTION('',(0.,0.,1.));
#3419 = PCURVE('',#2027,#3420);
#3420 = DEFINITIONAL_REPRESENTATION('',(#3421),#3425);
#3421 = LINE('',#3422,#3423);
#3422 = CARTESIAN_POINT('',(0.,-2.));
#3423 = VECTOR('',#3424,1.);
#3424 = DIRECTION('',(1.,0.));
#3425 = ( GEOMETRIC_REPRESENTATION_CONTEXT(2) 
PARAMETRIC_REPRESENTATION_CONTEXT() REPRESENTATION_CONTEXT('2D SPACE',''
  ) );
#3426 = PCURVE('',#3313,#3427);
#3427 = DEFINITIONAL_REPRESENTATION('',(#3428),#3432);
#3428 = LINE('',#3429,#3430);
#3429 = CARTESIAN_POINT('',(-0.,0.));
#3430 = VECTOR('',#3431,1.);
#3431 = DIRECTION('',(-0.,1.));
#3432 = ( GEOMETRIC_REPRESENTATION_CONTEXT(2) 
PARAMETRIC_REPRESENTATION_CONTEXT() REPRESENTATION_CONTEXT('2D SPACE',''
  ) );
#3433 = ORIENTED_EDGE('',*,*,#3434,.F.);
#3434 = EDGE_CURVE('',#2012,#3412,#3435,.T.);
#3435 = SURFACE_CURVE('',#3436,(#3440,#3447),.PCURVE_S1.);
#3436 = LINE('',#3437,#3438);
#3437 = CARTESIAN_POINT('',(34.8000001,20.,0.5));
#3438 = VECTOR('',#3439,1.);
#3439 = DIRECTION('',(-0.,-1.,-0.));
#3440 = PCURVE('',#2027,#3441);
#3441 = DEFINITIONAL_REPRESENTATION('',(#3442),#3446);
#3442 = LINE('',#3443,#3444);
#3443 = CARTESIAN_POINT('',(0.5,-20.));
#3444 = VECTOR('',#3445,1.);
#3445 = DIRECTION('',(0.,1.));
#3446 = ( GEOMETRIC_REPRESENTATION_CONTEXT(2) 
PARAMETRIC_REPRESENTATION_CONTEXT() REPRESENTATION_CONTEXT('2D SPACE',''
  ) );
#3447 = PCURVE('',#2146,#3448);
#3448 = DEFINITIONAL_REPRESENTATION('',(#3449),#3453);
#3449 = LINE('',#3450,#3451);
#3450 = CARTESIAN_POINT('',(-0.,-0.353553390593));
#3451 = VECTOR('',#3452,1.);
#3452 = DIRECTION('',(-1.,0.));
#3453 = ( GEOMETRIC_REPRESENTATION_CONTEXT(2) 
PARAMETRIC_REPRESENTATION_CONTEXT() REPRESENTATION_CONTEXT('2D SPACE',''
  ) );
#3454 = ORIENTED_EDGE('',*,*,#2011,.T.);
#3455 = ORIENTED_EDGE('',*,*,#3331,.T.);
#3456 = ADVANCED_FACE('',(#3457),#2090,.T.);
#3457 = FACE_BOUND('',#3458,.F.);
#3458 = EDGE_LOOP('',(#3459,#3483,#3484,#3485));
#3459 = ORIENTED_EDGE('',*,*,#3460,.F.);
#3460 = EDGE_CURVE('',#2070,#3461,#3463,.T.);
#3461 = VERTEX_POINT('',#3462);
#3462 = CARTESIAN_POINT('',(53.2000001,49.,78.6));
#3463 = SEAM_CURVE('',#3464,(#3469,#3476),.PCURVE_S1.);
#3464 = CIRCLE('',#3465,0.8);
#3465 = AXIS2_PLACEMENT_3D('',#3466,#3467,#3468);
#3466 = CARTESIAN_POINT('',(54.0000001,49.,78.6));
#3467 = DIRECTION('',(-2.449293598295E-16,-1.,0.));
#3468 = DIRECTION('',(1.,-2.449293598295E-16,0.));
#3469 = PCURVE('',#2090,#3470);
#3470 = DEFINITIONAL_REPRESENTATION('',(#3471),#3475);
#3471 = LINE('',#3472,#3473);
#3472 = CARTESIAN_POINT('',(-0.,0.));
#3473 = VECTOR('',#3474,1.);
#3474 = DIRECTION('',(-0.,1.));
#3475 = ( GEOMETRIC_REPRESENTATION_CONTEXT(2) 
PARAMETRIC_REPRESENTATION_CONTEXT() REPRESENTATION_CONTEXT('2D SPACE',''
  ) );
#3476 = PCURVE('',#2090,#3477);
#3477 = DEFINITIONAL_REPRESENTATION('',(#3478),#3482);
#3478 = LINE('',#3479,#3480);
#3479 = CARTESIAN_POINT('',(-6.28318530718,0.));
#3480 = VECTOR('',#3481,1.);
#3481 = DIRECTION('',(-0.,1.));
#3482 = ( GEOMETRIC_REPRESENTATION_CONTEXT(2) 
PARAMETRIC_REPRESENTATION_CONTEXT() REPRESENTATION_CONTEXT('2D SPACE',''
  ) );
#3483 = ORIENTED_EDGE('',*,*,#2069,.F.);
#3484 = ORIENTED_EDGE('',*,*,#3460,.T.);
#3485 = ORIENTED_EDGE('',*,*,#3486,.T.);
#3486 = EDGE_CURVE('',#3461,#3461,#3487,.T.);
#3487 = SURFACE_CURVE('',#3488,(#3493,#3500),.PCURVE_S1.);
#3488 = CIRCLE('',#3489,25.4);
#3489 = AXIS2_PLACEMENT_3D('',#3490,#3491,#3492);
#3490 = CARTESIAN_POINT('',(27.8000001,49.,78.6));
#3491 = DIRECTION('',(0.,-0.,-1.));
#3492 = DIRECTION('',(1.,-2.449293598295E-16,0.));
#3493 = PCURVE('',#2090,#3494);
#3494 = DEFINITIONAL_REPRESENTATION('',(#3495),#3499);
#3495 = LINE('',#3496,#3497);
#3496 = CARTESIAN_POINT('',(-0.,3.14159265359));
#3497 = VECTOR('',#3498,1.);
#3498 = DIRECTION('',(-1.,0.));
#3499 = ( GEOMETRIC_REPRESENTATION_CONTEXT(2) 
PARAMETRIC_REPRESENTATION_CONTEXT() REPRESENTATION_CONTEXT('2D SPACE',''
  ) );
#3500 = PCURVE('',#3501,#3506);
#3501 = CYLINDRICAL_SURFACE('',#3502,25.4);
#3502 = AXIS2_PLACEMENT_3D('',#3503,#3504,#3505);
#3503 = CARTESIAN_POINT('',(27.8000001,49.,3.2));
#3504 = DIRECTION('',(-0.,-0.,-1.));
#3505 = DIRECTION('',(1.,0.,0.));
#3506 = DEFINITIONAL_REPRESENTATION('',(#3507),#3511);
#3507 = LINE('',#3508,#3509);
#3508 = CARTESIAN_POINT('',(-6.28318530718,-75.4));
#3509 = VECTOR('',#3510,1.);
#3510 = DIRECTION('',(1.,-0.));
#3511 = ( GEOMETRIC_REPRESENTATION_CONTEXT(2) 
PARAMETRIC_REPRESENTATION_CONTEXT() REPRESENTATION_CONTEXT('2D SPACE',''
  ) );
#3512 = ADVANCED_FACE('',(#3513,#3656),#2173,.F.);
#3513 = FACE_BOUND('',#3514,.F.);
#3514 = EDGE_LOOP('',(#3515,#3538,#3571,#3599,#3632,#3653,#3654,#3655));
#3515 = ORIENTED_EDGE('',*,*,#3516,.F.);
#3516 = EDGE_CURVE('',#3517,#2242,#3519,.T.);
#3517 = VERTEX_POINT('',#3518);
#3518 = CARTESIAN_POINT('',(21.3000001,2.,1.95399252334E-14));
#3519 = SURFACE_CURVE('',#3520,(#3524,#3531),.PCURVE_S1.);
#3520 = LINE('',#3521,#3522);
#3521 = CARTESIAN_POINT('',(21.3000001,2.,1.7763568394E-15));
#3522 = VECTOR('',#3523,1.);
#3523 = DIRECTION('',(0.,1.,0.));
#3524 = PCURVE('',#2173,#3525);
#3525 = DEFINITIONAL_REPRESENTATION('',(#3526),#3530);
#3526 = LINE('',#3527,#3528);
#3527 = CARTESIAN_POINT('',(0.5,2.));
#3528 = VECTOR('',#3529,1.);
#3529 = DIRECTION('',(0.,1.));
#3530 = ( GEOMETRIC_REPRESENTATION_CONTEXT(2) 
PARAMETRIC_REPRESENTATION_CONTEXT() REPRESENTATION_CONTEXT('2D SPACE',''
  ) );
#3531 = PCURVE('',#2257,#3532);
#3532 = DEFINITIONAL_REPRESENTATION('',(#3533),#3537);
#3533 = LINE('',#3534,#3535);
#3534 = CARTESIAN_POINT('',(0.,0.353553390593));
#3535 = VECTOR('',#3536,1.);
#3536 = DIRECTION('',(1.,0.));
#3537 = ( GEOMETRIC_REPRESENTATION_CONTEXT(2) 
PARAMETRIC_REPRESENTATION_CONTEXT() REPRESENTATION_CONTEXT('2D SPACE',''
  ) );
#3538 = ORIENTED_EDGE('',*,*,#3539,.F.);
#3539 = EDGE_CURVE('',#3540,#3517,#3542,.T.);
#3540 = VERTEX_POINT('',#3541);
#3541 = CARTESIAN_POINT('',(22.8000001,0.5,0.));
#3542 = SURFACE_CURVE('',#3543,(#3548,#3559),.PCURVE_S1.);
#3543 = CIRCLE('',#3544,1.5);
#3544 = AXIS2_PLACEMENT_3D('',#3545,#3546,#3547);
#3545 = CARTESIAN_POINT('',(22.8000001,2.,1.7763568394E-15));
#3546 = DIRECTION('',(-0.,-0.,-1.));
#3547 = DIRECTION('',(0.,-1.,0.));
#3548 = PCURVE('',#2173,#3549);
#3549 = DEFINITIONAL_REPRESENTATION('',(#3550),#3558);
#3550 = ( BOUNDED_CURVE() B_SPLINE_CURVE(2,(#3551,#3552,#3553,#3554,
#3555,#3556,#3557),.UNSPECIFIED.,.T.,.F.) B_SPLINE_CURVE_WITH_KNOTS((1,2
    ,2,2,2,1),(-2.094395102393,0.,2.094395102393,4.188790204786,
6.28318530718,8.377580409573),.UNSPECIFIED.) CURVE() 
GEOMETRIC_REPRESENTATION_ITEM() RATIONAL_B_SPLINE_CURVE((1.,0.5,1.,0.5,
1.,0.5,1.)) REPRESENTATION_ITEM('') );
#3551 = CARTESIAN_POINT('',(2.,0.5));
#3552 = CARTESIAN_POINT('',(-0.598076211353,0.5));
#3553 = CARTESIAN_POINT('',(0.700961894323,2.75));
#3554 = CARTESIAN_POINT('',(2.,5.));
#3555 = CARTESIAN_POINT('',(3.299038105677,2.75));
#3556 = CARTESIAN_POINT('',(4.598076211353,0.5));
#3557 = CARTESIAN_POINT('',(2.,0.5));
#3558 = ( GEOMETRIC_REPRESENTATION_CONTEXT(2) 
PARAMETRIC_REPRESENTATION_CONTEXT() REPRESENTATION_CONTEXT('2D SPACE',''
  ) );
#3559 = PCURVE('',#3560,#3565);
#3560 = CONICAL_SURFACE('',#3561,2.,0.785398163397);
#3561 = AXIS2_PLACEMENT_3D('',#3562,#3563,#3564);
#3562 = CARTESIAN_POINT('',(22.8000001,2.,0.5));
#3563 = DIRECTION('',(0.,0.,1.));
#3564 = DIRECTION('',(0.,-1.,0.));
#3565 = DEFINITIONAL_REPRESENTATION('',(#3566),#3570);
#3566 = LINE('',#3567,#3568);
#3567 = CARTESIAN_POINT('',(-0.,-0.5));
#3568 = VECTOR('',#3569,1.);
#3569 = DIRECTION('',(-1.,-0.));
#3570 = ( GEOMETRIC_REPRESENTATION_CONTEXT(2) 
PARAMETRIC_REPRESENTATION_CONTEXT() REPRESENTATION_CONTEXT('2D SPACE',''
  ) );
#3571 = ORIENTED_EDGE('',*,*,#3572,.F.);
#3572 = EDGE_CURVE('',#3573,#3540,#3575,.T.);
#3573 = VERTEX_POINT('',#3574);
#3574 = CARTESIAN_POINT('',(32.8000001,0.5,1.7763568394E-15));
#3575 = SURFACE_CURVE('',#3576,(#3580,#3587),.PCURVE_S1.);
#3576 = LINE('',#3577,#3578);
#3577 = CARTESIAN_POINT('',(32.8000001,0.5,1.7763568394E-15));
#3578 = VECTOR('',#3579,1.);
#3579 = DIRECTION('',(-1.,-0.,-0.));
#3580 = PCURVE('',#2173,#3581);
#3581 = DEFINITIONAL_REPRESENTATION('',(#3582),#3586);
#3582 = LINE('',#3583,#3584);
#3583 = CARTESIAN_POINT('',(12.,0.5));
#3584 = VECTOR('',#3585,1.);
#3585 = DIRECTION('',(-1.,0.));
#3586 = ( GEOMETRIC_REPRESENTATION_CONTEXT(2) 
PARAMETRIC_REPRESENTATION_CONTEXT() REPRESENTATION_CONTEXT('2D SPACE',''
  ) );
#3587 = PCURVE('',#3588,#3593);
#3588 = PLANE('',#3589);
#3589 = AXIS2_PLACEMENT_3D('',#3590,#3591,#3592);
#3590 = CARTESIAN_POINT('',(32.8000001,0.25,0.25));
#3591 = DIRECTION('',(0.,-0.707106781187,-0.707106781187));
#3592 = DIRECTION('',(-1.,-0.,0.));
#3593 = DEFINITIONAL_REPRESENTATION('',(#3594),#3598);
#3594 = LINE('',#3595,#3596);
#3595 = CARTESIAN_POINT('',(-0.,0.353553390593));
#3596 = VECTOR('',#3597,1.);
#3597 = DIRECTION('',(1.,0.));
#3598 = ( GEOMETRIC_REPRESENTATION_CONTEXT(2) 
PARAMETRIC_REPRESENTATION_CONTEXT() REPRESENTATION_CONTEXT('2D SPACE',''
  ) );
#3599 = ORIENTED_EDGE('',*,*,#3600,.F.);
#3600 = EDGE_CURVE('',#3601,#3573,#3603,.T.);
#3601 = VERTEX_POINT('',#3602);
#3602 = CARTESIAN_POINT('',(34.3000001,2.,0.));
#3603 = SURFACE_CURVE('',#3604,(#3609,#3620),.PCURVE_S1.);
#3604 = CIRCLE('',#3605,1.5);
#3605 = AXIS2_PLACEMENT_3D('',#3606,#3607,#3608);
#3606 = CARTESIAN_POINT('',(32.8000001,2.,1.7763568394E-15));
#3607 = DIRECTION('',(0.,-0.,-1.));
#3608 = DIRECTION('',(1.,0.,-0.));
#3609 = PCURVE('',#2173,#3610);
#3610 = DEFINITIONAL_REPRESENTATION('',(#3611),#3619);
#3611 = ( BOUNDED_CURVE() B_SPLINE_CURVE(2,(#3612,#3613,#3614,#3615,
#3616,#3617,#3618),.UNSPECIFIED.,.T.,.F.) B_SPLINE_CURVE_WITH_KNOTS((1,2
    ,2,2,2,1),(-2.094395102393,0.,2.094395102393,4.188790204786,
6.28318530718,8.377580409573),.UNSPECIFIED.) CURVE() 
GEOMETRIC_REPRESENTATION_ITEM() RATIONAL_B_SPLINE_CURVE((1.,0.5,1.,0.5,
1.,0.5,1.)) REPRESENTATION_ITEM('') );
#3612 = CARTESIAN_POINT('',(13.5,2.));
#3613 = CARTESIAN_POINT('',(13.5,-0.598076211353));
#3614 = CARTESIAN_POINT('',(11.25,0.700961894323));
#3615 = CARTESIAN_POINT('',(9.,2.));
#3616 = CARTESIAN_POINT('',(11.25,3.299038105677));
#3617 = CARTESIAN_POINT('',(13.5,4.598076211353));
#3618 = CARTESIAN_POINT('',(13.5,2.));
#3619 = ( GEOMETRIC_REPRESENTATION_CONTEXT(2) 
PARAMETRIC_REPRESENTATION_CONTEXT() REPRESENTATION_CONTEXT('2D SPACE',''
  ) );
#3620 = PCURVE('',#3621,#3626);
#3621 = CONICAL_SURFACE('',#3622,2.,0.785398163397);
#3622 = AXIS2_PLACEMENT_3D('',#3623,#3624,#3625);
#3623 = CARTESIAN_POINT('',(32.8000001,2.,0.5));
#3624 = DIRECTION('',(0.,0.,1.));
#3625 = DIRECTION('',(1.,0.,-0.));
#3626 = DEFINITIONAL_REPRESENTATION('',(#3627),#3631);
#3627 = LINE('',#3628,#3629);
#3628 = CARTESIAN_POINT('',(-0.,-0.5));
#3629 = VECTOR('',#3630,1.);
#3630 = DIRECTION('',(-1.,-0.));
#3631 = ( GEOMETRIC_REPRESENTATION_CONTEXT(2) 
PARAMETRIC_REPRESENTATION_CONTEXT() REPRESENTATION_CONTEXT('2D SPACE',''
  ) );
#3632 = ORIENTED_EDGE('',*,*,#3633,.F.);
#3633 = EDGE_CURVE('',#2131,#3601,#3634,.T.);
#3634 = SURFACE_CURVE('',#3635,(#3639,#3646),.PCURVE_S1.);
#3635 = LINE('',#3636,#3637);
#3636 = CARTESIAN_POINT('',(34.3000001,20.,1.7763568394E-15));
#3637 = VECTOR('',#3638,1.);
#3638 = DIRECTION('',(-0.,-1.,-0.));
#3639 = PCURVE('',#2173,#3640);
#3640 = DEFINITIONAL_REPRESENTATION('',(#3641),#3645);
#3641 = LINE('',#3642,#3643);
#3642 = CARTESIAN_POINT('',(13.5,20.));
#3643 = VECTOR('',#3644,1.);
#3644 = DIRECTION('',(0.,-1.));
#3645 = ( GEOMETRIC_REPRESENTATION_CONTEXT(2) 
PARAMETRIC_REPRESENTATION_CONTEXT() REPRESENTATION_CONTEXT('2D SPACE',''
  ) );
#3646 = PCURVE('',#2146,#3647);
#3647 = DEFINITIONAL_REPRESENTATION('',(#3648),#3652);
#3648 = LINE('',#3649,#3650);
#3649 = CARTESIAN_POINT('',(-0.,0.353553390593));
#3650 = VECTOR('',#3651,1.);
#3651 = DIRECTION('',(-1.,0.));
#3652 = ( GEOMETRIC_REPRESENTATION_CONTEXT(2) 
PARAMETRIC_REPRESENTATION_CONTEXT() REPRESENTATION_CONTEXT('2D SPACE',''
  ) );
#3653 = ORIENTED_EDGE('',*,*,#2158,.F.);
#3654 = ORIENTED_EDGE('',*,*,#2217,.F.);
#3655 = ORIENTED_EDGE('',*,*,#2272,.F.);
#3656 = FACE_BOUND('',#3657,.F.);
#3657 = EDGE_LOOP('',(#3658));
#3658 = ORIENTED_EDGE('',*,*,#3357,.T.);
#3659 = ADVANCED_FACE('',(#3660),#2146,.F.);
#3660 = FACE_BOUND('',#3661,.T.);
#3661 = EDGE_LOOP('',(#3662,#3663,#3664,#3685));
#3662 = ORIENTED_EDGE('',*,*,#2130,.F.);
#3663 = ORIENTED_EDGE('',*,*,#3434,.T.);
#3664 = ORIENTED_EDGE('',*,*,#3665,.T.);
#3665 = EDGE_CURVE('',#3412,#3601,#3666,.T.);
#3666 = SURFACE_CURVE('',#3667,(#3671,#3678),.PCURVE_S1.);
#3667 = LINE('',#3668,#3669);
#3668 = CARTESIAN_POINT('',(34.5500001,2.,0.25));
#3669 = VECTOR('',#3670,1.);
#3670 = DIRECTION('',(-0.707106781187,-0.,-0.707106781187));
#3671 = PCURVE('',#2146,#3672);
#3672 = DEFINITIONAL_REPRESENTATION('',(#3673),#3677);
#3673 = LINE('',#3674,#3675);
#3674 = CARTESIAN_POINT('',(-18.,0.));
#3675 = VECTOR('',#3676,1.);
#3676 = DIRECTION('',(-0.,1.));
#3677 = ( GEOMETRIC_REPRESENTATION_CONTEXT(2) 
PARAMETRIC_REPRESENTATION_CONTEXT() REPRESENTATION_CONTEXT('2D SPACE',''
  ) );
#3678 = PCURVE('',#3621,#3679);
#3679 = DEFINITIONAL_REPRESENTATION('',(#3680),#3684);
#3680 = LINE('',#3681,#3682);
#3681 = CARTESIAN_POINT('',(-0.,-0.25));
#3682 = VECTOR('',#3683,1.);
#3683 = DIRECTION('',(-0.,-1.));
#3684 = ( GEOMETRIC_REPRESENTATION_CONTEXT(2) 
PARAMETRIC_REPRESENTATION_CONTEXT() REPRESENTATION_CONTEXT('2D SPACE',''
  ) );
#3685 = ORIENTED_EDGE('',*,*,#3633,.F.);
#3686 = ADVANCED_FACE('',(#3687),#2257,.T.);
#3687 = FACE_BOUND('',#3688,.T.);
#3688 = EDGE_LOOP('',(#3689,#3710,#3711,#3712));
#3689 = ORIENTED_EDGE('',*,*,#3690,.F.);
#3690 = EDGE_CURVE('',#3069,#3517,#3691,.T.);
#3691 = SURFACE_CURVE('',#3692,(#3696,#3703),.PCURVE_S1.);
#3692 = LINE('',#3693,#3694);
#3693 = CARTESIAN_POINT('',(21.0500001,2.,0.25));
#3694 = VECTOR('',#3695,1.);
#3695 = DIRECTION('',(0.707106781187,0.,-0.707106781187));
#3696 = PCURVE('',#2257,#3697);
#3697 = DEFINITIONAL_REPRESENTATION('',(#3698),#3702);
#3698 = LINE('',#3699,#3700);
#3699 = CARTESIAN_POINT('',(0.,0.));
#3700 = VECTOR('',#3701,1.);
#3701 = DIRECTION('',(0.,1.));
#3702 = ( GEOMETRIC_REPRESENTATION_CONTEXT(2) 
PARAMETRIC_REPRESENTATION_CONTEXT() REPRESENTATION_CONTEXT('2D SPACE',''
  ) );
#3703 = PCURVE('',#3560,#3704);
#3704 = DEFINITIONAL_REPRESENTATION('',(#3705),#3709);
#3705 = LINE('',#3706,#3707);
#3706 = CARTESIAN_POINT('',(-1.570796326795,-0.25));
#3707 = VECTOR('',#3708,1.);
#3708 = DIRECTION('',(-0.,-1.));
#3709 = ( GEOMETRIC_REPRESENTATION_CONTEXT(2) 
PARAMETRIC_REPRESENTATION_CONTEXT() REPRESENTATION_CONTEXT('2D SPACE',''
  ) );
#3710 = ORIENTED_EDGE('',*,*,#3098,.T.);
#3711 = ORIENTED_EDGE('',*,*,#2241,.T.);
#3712 = ORIENTED_EDGE('',*,*,#3516,.F.);
#3713 = ADVANCED_FACE('',(#3714,#3857),#2369,.F.);
#3714 = FACE_BOUND('',#3715,.F.);
#3715 = EDGE_LOOP('',(#3716,#3739,#3740,#3741,#3742,#3765,#3798,#3826));
#3716 = ORIENTED_EDGE('',*,*,#3717,.F.);
#3717 = EDGE_CURVE('',#2327,#3718,#3720,.T.);
#3718 = VERTEX_POINT('',#3719);
#3719 = CARTESIAN_POINT('',(21.3000001,96.,1.95399252334E-14));
#3720 = SURFACE_CURVE('',#3721,(#3725,#3732),.PCURVE_S1.);
#3721 = LINE('',#3722,#3723);
#3722 = CARTESIAN_POINT('',(21.3000001,78.,1.7763568394E-15));
#3723 = VECTOR('',#3724,1.);
#3724 = DIRECTION('',(0.,1.,0.));
#3725 = PCURVE('',#2369,#3726);
#3726 = DEFINITIONAL_REPRESENTATION('',(#3727),#3731);
#3727 = LINE('',#3728,#3729);
#3728 = CARTESIAN_POINT('',(0.5,2.));
#3729 = VECTOR('',#3730,1.);
#3730 = DIRECTION('',(0.,1.));
#3731 = ( GEOMETRIC_REPRESENTATION_CONTEXT(2) 
PARAMETRIC_REPRESENTATION_CONTEXT() REPRESENTATION_CONTEXT('2D SPACE',''
  ) );
#3732 = PCURVE('',#2342,#3733);
#3733 = DEFINITIONAL_REPRESENTATION('',(#3734),#3738);
#3734 = LINE('',#3735,#3736);
#3735 = CARTESIAN_POINT('',(0.,0.353553390593));
#3736 = VECTOR('',#3737,1.);
#3737 = DIRECTION('',(1.,0.));
#3738 = ( GEOMETRIC_REPRESENTATION_CONTEXT(2) 
PARAMETRIC_REPRESENTATION_CONTEXT() REPRESENTATION_CONTEXT('2D SPACE',''
  ) );
#3739 = ORIENTED_EDGE('',*,*,#2354,.F.);
#3740 = ORIENTED_EDGE('',*,*,#2413,.F.);
#3741 = ORIENTED_EDGE('',*,*,#2468,.F.);
#3742 = ORIENTED_EDGE('',*,*,#3743,.F.);
#3743 = EDGE_CURVE('',#3744,#2438,#3746,.T.);
#3744 = VERTEX_POINT('',#3745);
#3745 = CARTESIAN_POINT('',(34.3000001,96.,1.7763568394E-15));
#3746 = SURFACE_CURVE('',#3747,(#3751,#3758),.PCURVE_S1.);
#3747 = LINE('',#3748,#3749);
#3748 = CARTESIAN_POINT('',(34.3000001,96.,1.7763568394E-15));
#3749 = VECTOR('',#3750,1.);
#3750 = DIRECTION('',(-0.,-1.,-0.));
#3751 = PCURVE('',#2369,#3752);
#3752 = DEFINITIONAL_REPRESENTATION('',(#3753),#3757);
#3753 = LINE('',#3754,#3755);
#3754 = CARTESIAN_POINT('',(13.5,20.));
#3755 = VECTOR('',#3756,1.);
#3756 = DIRECTION('',(0.,-1.));
#3757 = ( GEOMETRIC_REPRESENTATION_CONTEXT(2) 
PARAMETRIC_REPRESENTATION_CONTEXT() REPRESENTATION_CONTEXT('2D SPACE',''
  ) );
#3758 = PCURVE('',#2453,#3759);
#3759 = DEFINITIONAL_REPRESENTATION('',(#3760),#3764);
#3760 = LINE('',#3761,#3762);
#3761 = CARTESIAN_POINT('',(-0.,0.353553390593));
#3762 = VECTOR('',#3763,1.);
#3763 = DIRECTION('',(-1.,0.));
#3764 = ( GEOMETRIC_REPRESENTATION_CONTEXT(2) 
PARAMETRIC_REPRESENTATION_CONTEXT() REPRESENTATION_CONTEXT('2D SPACE',''
  ) );
#3765 = ORIENTED_EDGE('',*,*,#3766,.F.);
#3766 = EDGE_CURVE('',#3767,#3744,#3769,.T.);
#3767 = VERTEX_POINT('',#3768);
#3768 = CARTESIAN_POINT('',(32.8000001,97.5,0.));
#3769 = SURFACE_CURVE('',#3770,(#3775,#3786),.PCURVE_S1.);
#3770 = CIRCLE('',#3771,1.5);
#3771 = AXIS2_PLACEMENT_3D('',#3772,#3773,#3774);
#3772 = CARTESIAN_POINT('',(32.8000001,96.,1.7763568394E-15));
#3773 = DIRECTION('',(0.,-0.,-1.));
#3774 = DIRECTION('',(0.,1.,-0.));
#3775 = PCURVE('',#2369,#3776);
#3776 = DEFINITIONAL_REPRESENTATION('',(#3777),#3785);
#3777 = ( BOUNDED_CURVE() B_SPLINE_CURVE(2,(#3778,#3779,#3780,#3781,
#3782,#3783,#3784),.UNSPECIFIED.,.T.,.F.) B_SPLINE_CURVE_WITH_KNOTS((1,2
    ,2,2,2,1),(-2.094395102393,0.,2.094395102393,4.188790204786,
6.28318530718,8.377580409573),.UNSPECIFIED.) CURVE() 
GEOMETRIC_REPRESENTATION_ITEM() RATIONAL_B_SPLINE_CURVE((1.,0.5,1.,0.5,
1.,0.5,1.)) REPRESENTATION_ITEM('') );
#3778 = CARTESIAN_POINT('',(12.,21.5));
#3779 = CARTESIAN_POINT('',(14.598076211353,21.5));
#3780 = CARTESIAN_POINT('',(13.299038105677,19.25));
#3781 = CARTESIAN_POINT('',(12.,17.));
#3782 = CARTESIAN_POINT('',(10.700961894323,19.25));
#3783 = CARTESIAN_POINT('',(9.401923788647,21.5));
#3784 = CARTESIAN_POINT('',(12.,21.5));
#3785 = ( GEOMETRIC_REPRESENTATION_CONTEXT(2) 
PARAMETRIC_REPRESENTATION_CONTEXT() REPRESENTATION_CONTEXT('2D SPACE',''
  ) );
#3786 = PCURVE('',#3787,#3792);
#3787 = CONICAL_SURFACE('',#3788,2.,0.785398163397);
#3788 = AXIS2_PLACEMENT_3D('',#3789,#3790,#3791);
#3789 = CARTESIAN_POINT('',(32.8000001,96.,0.5));
#3790 = DIRECTION('',(0.,0.,1.));
#3791 = DIRECTION('',(0.,1.,0.));
#3792 = DEFINITIONAL_REPRESENTATION('',(#3793),#3797);
#3793 = LINE('',#3794,#3795);
#3794 = CARTESIAN_POINT('',(-0.,-0.5));
#3795 = VECTOR('',#3796,1.);
#3796 = DIRECTION('',(-1.,-0.));
#3797 = ( GEOMETRIC_REPRESENTATION_CONTEXT(2) 
PARAMETRIC_REPRESENTATION_CONTEXT() REPRESENTATION_CONTEXT('2D SPACE',''
  ) );
#3798 = ORIENTED_EDGE('',*,*,#3799,.F.);
#3799 = EDGE_CURVE('',#3800,#3767,#3802,.T.);
#3800 = VERTEX_POINT('',#3801);
#3801 = CARTESIAN_POINT('',(22.8000001,97.5,1.7763568394E-15));
#3802 = SURFACE_CURVE('',#3803,(#3807,#3814),.PCURVE_S1.);
#3803 = LINE('',#3804,#3805);
#3804 = CARTESIAN_POINT('',(22.8000001,97.5,1.7763568394E-15));
#3805 = VECTOR('',#3806,1.);
#3806 = DIRECTION('',(1.,0.,0.));
#3807 = PCURVE('',#2369,#3808);
#3808 = DEFINITIONAL_REPRESENTATION('',(#3809),#3813);
#3809 = LINE('',#3810,#3811);
#3810 = CARTESIAN_POINT('',(2.,21.5));
#3811 = VECTOR('',#3812,1.);
#3812 = DIRECTION('',(1.,0.));
#3813 = ( GEOMETRIC_REPRESENTATION_CONTEXT(2) 
PARAMETRIC_REPRESENTATION_CONTEXT() REPRESENTATION_CONTEXT('2D SPACE',''
  ) );
#3814 = PCURVE('',#3815,#3820);
#3815 = PLANE('',#3816);
#3816 = AXIS2_PLACEMENT_3D('',#3817,#3818,#3819);
#3817 = CARTESIAN_POINT('',(22.8000001,97.75,0.25));
#3818 = DIRECTION('',(0.,-0.707106781187,0.707106781187));
#3819 = DIRECTION('',(-1.,-0.,-0.));
#3820 = DEFINITIONAL_REPRESENTATION('',(#3821),#3825);
#3821 = LINE('',#3822,#3823);
#3822 = CARTESIAN_POINT('',(-0.,0.353553390593));
#3823 = VECTOR('',#3824,1.);
#3824 = DIRECTION('',(-1.,0.));
#3825 = ( GEOMETRIC_REPRESENTATION_CONTEXT(2) 
PARAMETRIC_REPRESENTATION_CONTEXT() REPRESENTATION_CONTEXT('2D SPACE',''
  ) );
#3826 = ORIENTED_EDGE('',*,*,#3827,.F.);
#3827 = EDGE_CURVE('',#3718,#3800,#3828,.T.);
#3828 = SURFACE_CURVE('',#3829,(#3834,#3845),.PCURVE_S1.);
#3829 = CIRCLE('',#3830,1.5);
#3830 = AXIS2_PLACEMENT_3D('',#3831,#3832,#3833);
#3831 = CARTESIAN_POINT('',(22.8000001,96.,1.7763568394E-15));
#3832 = DIRECTION('',(-0.,0.,-1.));
#3833 = DIRECTION('',(-1.,0.,0.));
#3834 = PCURVE('',#2369,#3835);
#3835 = DEFINITIONAL_REPRESENTATION('',(#3836),#3844);
#3836 = ( BOUNDED_CURVE() B_SPLINE_CURVE(2,(#3837,#3838,#3839,#3840,
#3841,#3842,#3843),.UNSPECIFIED.,.T.,.F.) B_SPLINE_CURVE_WITH_KNOTS((1,2
    ,2,2,2,1),(-2.094395102393,0.,2.094395102393,4.188790204786,
6.28318530718,8.377580409573),.UNSPECIFIED.) CURVE() 
GEOMETRIC_REPRESENTATION_ITEM() RATIONAL_B_SPLINE_CURVE((1.,0.5,1.,0.5,
1.,0.5,1.)) REPRESENTATION_ITEM('') );
#3837 = CARTESIAN_POINT('',(0.5,20.));
#3838 = CARTESIAN_POINT('',(0.5,22.598076211353));
#3839 = CARTESIAN_POINT('',(2.75,21.299038105677));
#3840 = CARTESIAN_POINT('',(5.,20.));
#3841 = CARTESIAN_POINT('',(2.75,18.700961894323));
#3842 = CARTESIAN_POINT('',(0.5,17.401923788647));
#3843 = CARTESIAN_POINT('',(0.5,20.));
#3844 = ( GEOMETRIC_REPRESENTATION_CONTEXT(2) 
PARAMETRIC_REPRESENTATION_CONTEXT() REPRESENTATION_CONTEXT('2D SPACE',''
  ) );
#3845 = PCURVE('',#3846,#3851);
#3846 = CONICAL_SURFACE('',#3847,2.,0.785398163397);
#3847 = AXIS2_PLACEMENT_3D('',#3848,#3849,#3850);
#3848 = CARTESIAN_POINT('',(22.8000001,96.,0.5));
#3849 = DIRECTION('',(0.,0.,1.));
#3850 = DIRECTION('',(-1.,0.,0.));
#3851 = DEFINITIONAL_REPRESENTATION('',(#3852),#3856);
#3852 = LINE('',#3853,#3854);
#3853 = CARTESIAN_POINT('',(-0.,-0.5));
#3854 = VECTOR('',#3855,1.);
#3855 = DIRECTION('',(-1.,-0.));
#3856 = ( GEOMETRIC_REPRESENTATION_CONTEXT(2) 
PARAMETRIC_REPRESENTATION_CONTEXT() REPRESENTATION_CONTEXT('2D SPACE',''
  ) );
#3857 = FACE_BOUND('',#3858,.F.);
#3858 = EDGE_LOOP('',(#3859));
#3859 = ORIENTED_EDGE('',*,*,#2965,.T.);
#3860 = ADVANCED_FACE('',(#3861),#2342,.T.);
#3861 = FACE_BOUND('',#3862,.T.);
#3862 = EDGE_LOOP('',(#3863,#3864,#3865,#3886));
#3863 = ORIENTED_EDGE('',*,*,#2326,.F.);
#3864 = ORIENTED_EDGE('',*,*,#3020,.T.);
#3865 = ORIENTED_EDGE('',*,*,#3866,.T.);
#3866 = EDGE_CURVE('',#3021,#3718,#3867,.T.);
#3867 = SURFACE_CURVE('',#3868,(#3872,#3879),.PCURVE_S1.);
#3868 = LINE('',#3869,#3870);
#3869 = CARTESIAN_POINT('',(21.0500001,96.,0.25));
#3870 = VECTOR('',#3871,1.);
#3871 = DIRECTION('',(0.707106781187,0.,-0.707106781187));
#3872 = PCURVE('',#2342,#3873);
#3873 = DEFINITIONAL_REPRESENTATION('',(#3874),#3878);
#3874 = LINE('',#3875,#3876);
#3875 = CARTESIAN_POINT('',(18.,0.));
#3876 = VECTOR('',#3877,1.);
#3877 = DIRECTION('',(0.,1.));
#3878 = ( GEOMETRIC_REPRESENTATION_CONTEXT(2) 
PARAMETRIC_REPRESENTATION_CONTEXT() REPRESENTATION_CONTEXT('2D SPACE',''
  ) );
#3879 = PCURVE('',#3846,#3880);
#3880 = DEFINITIONAL_REPRESENTATION('',(#3881),#3885);
#3881 = LINE('',#3882,#3883);
#3882 = CARTESIAN_POINT('',(-0.,-0.25));
#3883 = VECTOR('',#3884,1.);
#3884 = DIRECTION('',(-0.,-1.));
#3885 = ( GEOMETRIC_REPRESENTATION_CONTEXT(2) 
PARAMETRIC_REPRESENTATION_CONTEXT() REPRESENTATION_CONTEXT('2D SPACE',''
  ) );
#3886 = ORIENTED_EDGE('',*,*,#3717,.F.);
#3887 = ADVANCED_FACE('',(#3888),#2453,.F.);
#3888 = FACE_BOUND('',#3889,.T.);
#3889 = EDGE_LOOP('',(#3890,#3911,#3912,#3913));
#3890 = ORIENTED_EDGE('',*,*,#3891,.F.);
#3891 = EDGE_CURVE('',#2678,#3744,#3892,.T.);
#3892 = SURFACE_CURVE('',#3893,(#3897,#3904),.PCURVE_S1.);
#3893 = LINE('',#3894,#3895);
#3894 = CARTESIAN_POINT('',(34.8000001,96.,0.5));
#3895 = VECTOR('',#3896,1.);
#3896 = DIRECTION('',(-0.707106781187,-4.329780281177E-17,
    -0.707106781187));
#3897 = PCURVE('',#2453,#3898);
#3898 = DEFINITIONAL_REPRESENTATION('',(#3899),#3903);
#3899 = LINE('',#3900,#3901);
#3900 = CARTESIAN_POINT('',(-0.,-0.353553390593));
#3901 = VECTOR('',#3902,1.);
#3902 = DIRECTION('',(-4.329780281177E-17,1.));
#3903 = ( GEOMETRIC_REPRESENTATION_CONTEXT(2) 
PARAMETRIC_REPRESENTATION_CONTEXT() REPRESENTATION_CONTEXT('2D SPACE',''
  ) );
#3904 = PCURVE('',#3787,#3905);
#3905 = DEFINITIONAL_REPRESENTATION('',(#3906),#3910);
#3906 = LINE('',#3907,#3908);
#3907 = CARTESIAN_POINT('',(-1.570796326795,-0.));
#3908 = VECTOR('',#3909,1.);
#3909 = DIRECTION('',(-0.,-1.));
#3910 = ( GEOMETRIC_REPRESENTATION_CONTEXT(2) 
PARAMETRIC_REPRESENTATION_CONTEXT() REPRESENTATION_CONTEXT('2D SPACE',''
  ) );
#3911 = ORIENTED_EDGE('',*,*,#2677,.T.);
#3912 = ORIENTED_EDGE('',*,*,#2437,.T.);
#3913 = ORIENTED_EDGE('',*,*,#3743,.F.);
#3914 = ADVANCED_FACE('',(#3915),#2521,.F.);
#3915 = FACE_BOUND('',#3916,.T.);
#3916 = EDGE_LOOP('',(#3917,#3918,#3941,#3972));
#3917 = ORIENTED_EDGE('',*,*,#2500,.T.);
#3918 = ORIENTED_EDGE('',*,*,#3919,.T.);
#3919 = EDGE_CURVE('',#2501,#3920,#3922,.T.);
#3920 = VERTEX_POINT('',#3921);
#3921 = CARTESIAN_POINT('',(14.3000001,49.,3.2));
#3922 = SEAM_CURVE('',#3923,(#3927,#3934),.PCURVE_S1.);
#3923 = LINE('',#3924,#3925);
#3924 = CARTESIAN_POINT('',(14.3000001,49.,-1.E-01));
#3925 = VECTOR('',#3926,1.);
#3926 = DIRECTION('',(0.,0.,1.));
#3927 = PCURVE('',#2521,#3928);
#3928 = DEFINITIONAL_REPRESENTATION('',(#3929),#3933);
#3929 = LINE('',#3930,#3931);
#3930 = CARTESIAN_POINT('',(-6.28318530718,0.));
#3931 = VECTOR('',#3932,1.);
#3932 = DIRECTION('',(-0.,-1.));
#3933 = ( GEOMETRIC_REPRESENTATION_CONTEXT(2) 
PARAMETRIC_REPRESENTATION_CONTEXT() REPRESENTATION_CONTEXT('2D SPACE',''
  ) );
#3934 = PCURVE('',#2521,#3935);
#3935 = DEFINITIONAL_REPRESENTATION('',(#3936),#3940);
#3936 = LINE('',#3937,#3938);
#3937 = CARTESIAN_POINT('',(-0.,0.));
#3938 = VECTOR('',#3939,1.);
#3939 = DIRECTION('',(-0.,-1.));
#3940 = ( GEOMETRIC_REPRESENTATION_CONTEXT(2) 
PARAMETRIC_REPRESENTATION_CONTEXT() REPRESENTATION_CONTEXT('2D SPACE',''
  ) );
#3941 = ORIENTED_EDGE('',*,*,#3942,.F.);
#3942 = EDGE_CURVE('',#3920,#3920,#3943,.T.);
#3943 = SURFACE_CURVE('',#3944,(#3949,#3956),.PCURVE_S1.);
#3944 = CIRCLE('',#3945,1.5);
#3945 = AXIS2_PLACEMENT_3D('',#3946,#3947,#3948);
#3946 = CARTESIAN_POINT('',(12.8000001,49.,3.2));
#3947 = DIRECTION('',(0.,0.,-1.));
#3948 = DIRECTION('',(1.,0.,0.));
#3949 = PCURVE('',#2521,#3950);
#3950 = DEFINITIONAL_REPRESENTATION('',(#3951),#3955);
#3951 = LINE('',#3952,#3953);
#3952 = CARTESIAN_POINT('',(-6.28318530718,-3.3));
#3953 = VECTOR('',#3954,1.);
#3954 = DIRECTION('',(1.,-0.));
#3955 = ( GEOMETRIC_REPRESENTATION_CONTEXT(2) 
PARAMETRIC_REPRESENTATION_CONTEXT() REPRESENTATION_CONTEXT('2D SPACE',''
  ) );
#3956 = PCURVE('',#3957,#3962);
#3957 = PLANE('',#3958);
#3958 = AXIS2_PLACEMENT_3D('',#3959,#3960,#3961);
#3959 = CARTESIAN_POINT('',(27.8000001,49.,3.2));
#3960 = DIRECTION('',(0.,0.,1.));
#3961 = DIRECTION('',(1.,0.,-0.));
#3962 = DEFINITIONAL_REPRESENTATION('',(#3963),#3971);
#3963 = ( BOUNDED_CURVE() B_SPLINE_CURVE(2,(#3964,#3965,#3966,#3967,
#3968,#3969,#3970),.UNSPECIFIED.,.T.,.F.) B_SPLINE_CURVE_WITH_KNOTS((1,2
    ,2,2,2,1),(-2.094395102393,0.,2.094395102393,4.188790204786,
6.28318530718,8.377580409573),.UNSPECIFIED.) CURVE() 
GEOMETRIC_REPRESENTATION_ITEM() RATIONAL_B_SPLINE_CURVE((1.,0.5,1.,0.5,
1.,0.5,1.)) REPRESENTATION_ITEM('') );
#3964 = CARTESIAN_POINT('',(-13.5,0.));
#3965 = CARTESIAN_POINT('',(-13.5,-2.598076211353));
#3966 = CARTESIAN_POINT('',(-15.75,-1.299038105677));
#3967 = CARTESIAN_POINT('',(-18.,-3.673940397442E-16));
#3968 = CARTESIAN_POINT('',(-15.75,1.299038105677));
#3969 = CARTESIAN_POINT('',(-13.5,2.598076211353));
#3970 = CARTESIAN_POINT('',(-13.5,0.));
#3971 = ( GEOMETRIC_REPRESENTATION_CONTEXT(2) 
PARAMETRIC_REPRESENTATION_CONTEXT() REPRESENTATION_CONTEXT('2D SPACE',''
  ) );
#3972 = ORIENTED_EDGE('',*,*,#3919,.F.);
#3973 = ADVANCED_FACE('',(#3974),#2556,.F.);
#3974 = FACE_BOUND('',#3975,.T.);
#3975 = EDGE_LOOP('',(#3976,#3977,#4000,#4026));
#3976 = ORIENTED_EDGE('',*,*,#2535,.T.);
#3977 = ORIENTED_EDGE('',*,*,#3978,.T.);
#3978 = EDGE_CURVE('',#2536,#3979,#3981,.T.);
#3979 = VERTEX_POINT('',#3980);
#3980 = CARTESIAN_POINT('',(29.3000001,34.,3.2));
#3981 = SEAM_CURVE('',#3982,(#3986,#3993),.PCURVE_S1.);
#3982 = LINE('',#3983,#3984);
#3983 = CARTESIAN_POINT('',(29.3000001,34.,-1.E-01));
#3984 = VECTOR('',#3985,1.);
#3985 = DIRECTION('',(0.,0.,1.));
#3986 = PCURVE('',#2556,#3987);
#3987 = DEFINITIONAL_REPRESENTATION('',(#3988),#3992);
#3988 = LINE('',#3989,#3990);
#3989 = CARTESIAN_POINT('',(-6.28318530718,0.));
#3990 = VECTOR('',#3991,1.);
#3991 = DIRECTION('',(-0.,-1.));
#3992 = ( GEOMETRIC_REPRESENTATION_CONTEXT(2) 
PARAMETRIC_REPRESENTATION_CONTEXT() REPRESENTATION_CONTEXT('2D SPACE',''
  ) );
#3993 = PCURVE('',#2556,#3994);
#3994 = DEFINITIONAL_REPRESENTATION('',(#3995),#3999);
#3995 = LINE('',#3996,#3997);
#3996 = CARTESIAN_POINT('',(-0.,0.));
#3997 = VECTOR('',#3998,1.);
#3998 = DIRECTION('',(-0.,-1.));
#3999 = ( GEOMETRIC_REPRESENTATION_CONTEXT(2) 
PARAMETRIC_REPRESENTATION_CONTEXT() REPRESENTATION_CONTEXT('2D SPACE',''
  ) );
#4000 = ORIENTED_EDGE('',*,*,#4001,.F.);
#4001 = EDGE_CURVE('',#3979,#3979,#4002,.T.);
#4002 = SURFACE_CURVE('',#4003,(#4008,#4015),.PCURVE_S1.);
#4003 = CIRCLE('',#4004,1.5);
#4004 = AXIS2_PLACEMENT_3D('',#4005,#4006,#4007);
#4005 = CARTESIAN_POINT('',(27.8000001,34.,3.2));
#4006 = DIRECTION('',(0.,0.,-1.));
#4007 = DIRECTION('',(1.,0.,0.));
#4008 = PCURVE('',#2556,#4009);
#4009 = DEFINITIONAL_REPRESENTATION('',(#4010),#4014);
#4010 = LINE('',#4011,#4012);
#4011 = CARTESIAN_POINT('',(-6.28318530718,-3.3));
#4012 = VECTOR('',#4013,1.);
#4013 = DIRECTION('',(1.,-0.));
#4014 = ( GEOMETRIC_REPRESENTATION_CONTEXT(2) 
PARAMETRIC_REPRESENTATION_CONTEXT() REPRESENTATION_CONTEXT('2D SPACE',''
  ) );
#4015 = PCURVE('',#3957,#4016);
#4016 = DEFINITIONAL_REPRESENTATION('',(#4017),#4025);
#4017 = ( BOUNDED_CURVE() B_SPLINE_CURVE(2,(#4018,#4019,#4020,#4021,
#4022,#4023,#4024),.UNSPECIFIED.,.T.,.F.) B_SPLINE_CURVE_WITH_KNOTS((1,2
    ,2,2,2,1),(-2.094395102393,0.,2.094395102393,4.188790204786,
6.28318530718,8.377580409573),.UNSPECIFIED.) CURVE() 
GEOMETRIC_REPRESENTATION_ITEM() RATIONAL_B_SPLINE_CURVE((1.,0.5,1.,0.5,
1.,0.5,1.)) REPRESENTATION_ITEM('') );
#4018 = CARTESIAN_POINT('',(1.5,-15.));
#4019 = CARTESIAN_POINT('',(1.5,-17.59807621135));
#4020 = CARTESIAN_POINT('',(-0.75,-16.29903810567));
#4021 = CARTESIAN_POINT('',(-3.,-15.));
#4022 = CARTESIAN_POINT('',(-0.75,-13.70096189432));
#4023 = CARTESIAN_POINT('',(1.5,-12.40192378864));
#4024 = CARTESIAN_POINT('',(1.5,-15.));
#4025 = ( GEOMETRIC_REPRESENTATION_CONTEXT(2) 
PARAMETRIC_REPRESENTATION_CONTEXT() REPRESENTATION_CONTEXT('2D SPACE',''
  ) );
#4026 = ORIENTED_EDGE('',*,*,#3978,.F.);
#4027 = ADVANCED_FACE('',(#4028),#2591,.F.);
#4028 = FACE_BOUND('',#4029,.T.);
#4029 = EDGE_LOOP('',(#4030,#4031,#4054,#4080));
#4030 = ORIENTED_EDGE('',*,*,#2570,.T.);
#4031 = ORIENTED_EDGE('',*,*,#4032,.T.);
#4032 = EDGE_CURVE('',#2571,#4033,#4035,.T.);
#4033 = VERTEX_POINT('',#4034);
#4034 = CARTESIAN_POINT('',(29.3000001,49.,3.2));
#4035 = SEAM_CURVE('',#4036,(#4040,#4047),.PCURVE_S1.);
#4036 = LINE('',#4037,#4038);
#4037 = CARTESIAN_POINT('',(29.3000001,49.,-1.E-01));
#4038 = VECTOR('',#4039,1.);
#4039 = DIRECTION('',(0.,0.,1.));
#4040 = PCURVE('',#2591,#4041);
#4041 = DEFINITIONAL_REPRESENTATION('',(#4042),#4046);
#4042 = LINE('',#4043,#4044);
#4043 = CARTESIAN_POINT('',(-6.28318530718,0.));
#4044 = VECTOR('',#4045,1.);
#4045 = DIRECTION('',(-0.,-1.));
#4046 = ( GEOMETRIC_REPRESENTATION_CONTEXT(2) 
PARAMETRIC_REPRESENTATION_CONTEXT() REPRESENTATION_CONTEXT('2D SPACE',''
  ) );
#4047 = PCURVE('',#2591,#4048);
#4048 = DEFINITIONAL_REPRESENTATION('',(#4049),#4053);
#4049 = LINE('',#4050,#4051);
#4050 = CARTESIAN_POINT('',(-0.,0.));
#4051 = VECTOR('',#4052,1.);
#4052 = DIRECTION('',(-0.,-1.));
#4053 = ( GEOMETRIC_REPRESENTATION_CONTEXT(2) 
PARAMETRIC_REPRESENTATION_CONTEXT() REPRESENTATION_CONTEXT('2D SPACE',''
  ) );
#4054 = ORIENTED_EDGE('',*,*,#4055,.F.);
#4055 = EDGE_CURVE('',#4033,#4033,#4056,.T.);
#4056 = SURFACE_CURVE('',#4057,(#4062,#4069),.PCURVE_S1.);
#4057 = CIRCLE('',#4058,1.5);
#4058 = AXIS2_PLACEMENT_3D('',#4059,#4060,#4061);
#4059 = CARTESIAN_POINT('',(27.8000001,49.,3.2));
#4060 = DIRECTION('',(0.,0.,-1.));
#4061 = DIRECTION('',(1.,0.,0.));
#4062 = PCURVE('',#2591,#4063);
#4063 = DEFINITIONAL_REPRESENTATION('',(#4064),#4068);
#4064 = LINE('',#4065,#4066);
#4065 = CARTESIAN_POINT('',(-6.28318530718,-3.3));
#4066 = VECTOR('',#4067,1.);
#4067 = DIRECTION('',(1.,-0.));
#4068 = ( GEOMETRIC_REPRESENTATION_CONTEXT(2) 
PARAMETRIC_REPRESENTATION_CONTEXT() REPRESENTATION_CONTEXT('2D SPACE',''
  ) );
#4069 = PCURVE('',#3957,#4070);
#4070 = DEFINITIONAL_REPRESENTATION('',(#4071),#4079);
#4071 = ( BOUNDED_CURVE() B_SPLINE_CURVE(2,(#4072,#4073,#4074,#4075,
#4076,#4077,#4078),.UNSPECIFIED.,.T.,.F.) B_SPLINE_CURVE_WITH_KNOTS((1,2
    ,2,2,2,1),(-2.094395102393,0.,2.094395102393,4.188790204786,
6.28318530718,8.377580409573),.UNSPECIFIED.) CURVE() 
GEOMETRIC_REPRESENTATION_ITEM() RATIONAL_B_SPLINE_CURVE((1.,0.5,1.,0.5,
1.,0.5,1.)) REPRESENTATION_ITEM('') );
#4072 = CARTESIAN_POINT('',(1.5,0.));
#4073 = CARTESIAN_POINT('',(1.5,-2.598076211353));
#4074 = CARTESIAN_POINT('',(-0.75,-1.299038105677));
#4075 = CARTESIAN_POINT('',(-3.,-3.673940397442E-16));
#4076 = CARTESIAN_POINT('',(-0.75,1.299038105677));
#4077 = CARTESIAN_POINT('',(1.5,2.598076211353));
#4078 = CARTESIAN_POINT('',(1.5,0.));
#4079 = ( GEOMETRIC_REPRESENTATION_CONTEXT(2) 
PARAMETRIC_REPRESENTATION_CONTEXT() REPRESENTATION_CONTEXT('2D SPACE',''
  ) );
#4080 = ORIENTED_EDGE('',*,*,#4032,.F.);
#4081 = ADVANCED_FACE('',(#4082),#2626,.F.);
#4082 = FACE_BOUND('',#4083,.T.);
#4083 = EDGE_LOOP('',(#4084,#4085,#4108,#4134));
#4084 = ORIENTED_EDGE('',*,*,#2605,.T.);
#4085 = ORIENTED_EDGE('',*,*,#4086,.T.);
#4086 = EDGE_CURVE('',#2606,#4087,#4089,.T.);
#4087 = VERTEX_POINT('',#4088);
#4088 = CARTESIAN_POINT('',(44.3000001,49.,3.2));
#4089 = SEAM_CURVE('',#4090,(#4094,#4101),.PCURVE_S1.);
#4090 = LINE('',#4091,#4092);
#4091 = CARTESIAN_POINT('',(44.3000001,49.,-1.E-01));
#4092 = VECTOR('',#4093,1.);
#4093 = DIRECTION('',(0.,0.,1.));
#4094 = PCURVE('',#2626,#4095);
#4095 = DEFINITIONAL_REPRESENTATION('',(#4096),#4100);
#4096 = LINE('',#4097,#4098);
#4097 = CARTESIAN_POINT('',(-6.28318530718,0.));
#4098 = VECTOR('',#4099,1.);
#4099 = DIRECTION('',(-0.,-1.));
#4100 = ( GEOMETRIC_REPRESENTATION_CONTEXT(2) 
PARAMETRIC_REPRESENTATION_CONTEXT() REPRESENTATION_CONTEXT('2D SPACE',''
  ) );
#4101 = PCURVE('',#2626,#4102);
#4102 = DEFINITIONAL_REPRESENTATION('',(#4103),#4107);
#4103 = LINE('',#4104,#4105);
#4104 = CARTESIAN_POINT('',(-0.,0.));
#4105 = VECTOR('',#4106,1.);
#4106 = DIRECTION('',(-0.,-1.));
#4107 = ( GEOMETRIC_REPRESENTATION_CONTEXT(2) 
PARAMETRIC_REPRESENTATION_CONTEXT() REPRESENTATION_CONTEXT('2D SPACE',''
  ) );
#4108 = ORIENTED_EDGE('',*,*,#4109,.F.);
#4109 = EDGE_CURVE('',#4087,#4087,#4110,.T.);
#4110 = SURFACE_CURVE('',#4111,(#4116,#4123),.PCURVE_S1.);
#4111 = CIRCLE('',#4112,1.5);
#4112 = AXIS2_PLACEMENT_3D('',#4113,#4114,#4115);
#4113 = CARTESIAN_POINT('',(42.8000001,49.,3.2));
#4114 = DIRECTION('',(0.,0.,-1.));
#4115 = DIRECTION('',(1.,0.,0.));
#4116 = PCURVE('',#2626,#4117);
#4117 = DEFINITIONAL_REPRESENTATION('',(#4118),#4122);
#4118 = LINE('',#4119,#4120);
#4119 = CARTESIAN_POINT('',(-6.28318530718,-3.3));
#4120 = VECTOR('',#4121,1.);
#4121 = DIRECTION('',(1.,-0.));
#4122 = ( GEOMETRIC_REPRESENTATION_CONTEXT(2) 
PARAMETRIC_REPRESENTATION_CONTEXT() REPRESENTATION_CONTEXT('2D SPACE',''
  ) );
#4123 = PCURVE('',#3957,#4124);
#4124 = DEFINITIONAL_REPRESENTATION('',(#4125),#4133);
#4125 = ( BOUNDED_CURVE() B_SPLINE_CURVE(2,(#4126,#4127,#4128,#4129,
#4130,#4131,#4132),.UNSPECIFIED.,.T.,.F.) B_SPLINE_CURVE_WITH_KNOTS((1,2
    ,2,2,2,1),(-2.094395102393,0.,2.094395102393,4.188790204786,
6.28318530718,8.377580409573),.UNSPECIFIED.) CURVE() 
GEOMETRIC_REPRESENTATION_ITEM() RATIONAL_B_SPLINE_CURVE((1.,0.5,1.,0.5,
1.,0.5,1.)) REPRESENTATION_ITEM('') );
#4126 = CARTESIAN_POINT('',(16.5,0.));
#4127 = CARTESIAN_POINT('',(16.5,-2.598076211353));
#4128 = CARTESIAN_POINT('',(14.25,-1.299038105677));
#4129 = CARTESIAN_POINT('',(12.,-3.673940397442E-16));
#4130 = CARTESIAN_POINT('',(14.25,1.299038105677));
#4131 = CARTESIAN_POINT('',(16.5,2.598076211353));
#4132 = CARTESIAN_POINT('',(16.5,0.));
#4133 = ( GEOMETRIC_REPRESENTATION_CONTEXT(2) 
PARAMETRIC_REPRESENTATION_CONTEXT() REPRESENTATION_CONTEXT('2D SPACE',''
  ) );
#4134 = ORIENTED_EDGE('',*,*,#4086,.F.);
#4135 = ADVANCED_FACE('',(#4136),#2661,.F.);
#4136 = FACE_BOUND('',#4137,.T.);
#4137 = EDGE_LOOP('',(#4138,#4139,#4162,#4188));
#4138 = ORIENTED_EDGE('',*,*,#2640,.T.);
#4139 = ORIENTED_EDGE('',*,*,#4140,.T.);
#4140 = EDGE_CURVE('',#2641,#4141,#4143,.T.);
#4141 = VERTEX_POINT('',#4142);
#4142 = CARTESIAN_POINT('',(29.3000001,64.,3.2));
#4143 = SEAM_CURVE('',#4144,(#4148,#4155),.PCURVE_S1.);
#4144 = LINE('',#4145,#4146);
#4145 = CARTESIAN_POINT('',(29.3000001,64.,-1.E-01));
#4146 = VECTOR('',#4147,1.);
#4147 = DIRECTION('',(0.,0.,1.));
#4148 = PCURVE('',#2661,#4149);
#4149 = DEFINITIONAL_REPRESENTATION('',(#4150),#4154);
#4150 = LINE('',#4151,#4152);
#4151 = CARTESIAN_POINT('',(-6.28318530718,0.));
#4152 = VECTOR('',#4153,1.);
#4153 = DIRECTION('',(-0.,-1.));
#4154 = ( GEOMETRIC_REPRESENTATION_CONTEXT(2) 
PARAMETRIC_REPRESENTATION_CONTEXT() REPRESENTATION_CONTEXT('2D SPACE',''
  ) );
#4155 = PCURVE('',#2661,#4156);
#4156 = DEFINITIONAL_REPRESENTATION('',(#4157),#4161);
#4157 = LINE('',#4158,#4159);
#4158 = CARTESIAN_POINT('',(-0.,0.));
#4159 = VECTOR('',#4160,1.);
#4160 = DIRECTION('',(-0.,-1.));
#4161 = ( GEOMETRIC_REPRESENTATION_CONTEXT(2) 
PARAMETRIC_REPRESENTATION_CONTEXT() REPRESENTATION_CONTEXT('2D SPACE',''
  ) );
#4162 = ORIENTED_EDGE('',*,*,#4163,.F.);
#4163 = EDGE_CURVE('',#4141,#4141,#4164,.T.);
#4164 = SURFACE_CURVE('',#4165,(#4170,#4177),.PCURVE_S1.);
#4165 = CIRCLE('',#4166,1.5);
#4166 = AXIS2_PLACEMENT_3D('',#4167,#4168,#4169);
#4167 = CARTESIAN_POINT('',(27.8000001,64.,3.2));
#4168 = DIRECTION('',(0.,0.,-1.));
#4169 = DIRECTION('',(1.,0.,0.));
#4170 = PCURVE('',#2661,#4171);
#4171 = DEFINITIONAL_REPRESENTATION('',(#4172),#4176);
#4172 = LINE('',#4173,#4174);
#4173 = CARTESIAN_POINT('',(-6.28318530718,-3.3));
#4174 = VECTOR('',#4175,1.);
#4175 = DIRECTION('',(1.,-0.));
#4176 = ( GEOMETRIC_REPRESENTATION_CONTEXT(2) 
PARAMETRIC_REPRESENTATION_CONTEXT() REPRESENTATION_CONTEXT('2D SPACE',''
  ) );
#4177 = PCURVE('',#3957,#4178);
#4178 = DEFINITIONAL_REPRESENTATION('',(#4179),#4187);
#4179 = ( BOUNDED_CURVE() B_SPLINE_CURVE(2,(#4180,#4181,#4182,#4183,
#4184,#4185,#4186),.UNSPECIFIED.,.T.,.F.) B_SPLINE_CURVE_WITH_KNOTS((1,2
    ,2,2,2,1),(-2.094395102393,0.,2.094395102393,4.188790204786,
6.28318530718,8.377580409573),.UNSPECIFIED.) CURVE() 
GEOMETRIC_REPRESENTATION_ITEM() RATIONAL_B_SPLINE_CURVE((1.,0.5,1.,0.5,
1.,0.5,1.)) REPRESENTATION_ITEM('') );
#4180 = CARTESIAN_POINT('',(1.5,15.));
#4181 = CARTESIAN_POINT('',(1.5,12.401923788647));
#4182 = CARTESIAN_POINT('',(-0.75,13.700961894323));
#4183 = CARTESIAN_POINT('',(-3.,15.));
#4184 = CARTESIAN_POINT('',(-0.75,16.299038105677));
#4185 = CARTESIAN_POINT('',(1.5,17.598076211353));
#4186 = CARTESIAN_POINT('',(1.5,15.));
#4187 = ( GEOMETRIC_REPRESENTATION_CONTEXT(2) 
PARAMETRIC_REPRESENTATION_CONTEXT() REPRESENTATION_CONTEXT('2D SPACE',''
  ) );
#4188 = ORIENTED_EDGE('',*,*,#4140,.F.);
#4189 = ADVANCED_FACE('',(#4190),#2716,.T.);
#4190 = FACE_BOUND('',#4191,.T.);
#4191 = EDGE_LOOP('',(#4192,#4193,#4217,#4238));
#4192 = ORIENTED_EDGE('',*,*,#2700,.F.);
#4193 = ORIENTED_EDGE('',*,*,#4194,.F.);
#4194 = EDGE_CURVE('',#4195,#2678,#4197,.T.);
#4195 = VERTEX_POINT('',#4196);
#4196 = CARTESIAN_POINT('',(32.8000001,98.,0.5));
#4197 = SURFACE_CURVE('',#4198,(#4203,#4210),.PCURVE_S1.);
#4198 = CIRCLE('',#4199,2.);
#4199 = AXIS2_PLACEMENT_3D('',#4200,#4201,#4202);
#4200 = CARTESIAN_POINT('',(32.8000001,96.,0.5));
#4201 = DIRECTION('',(0.,-0.,-1.));
#4202 = DIRECTION('',(0.,1.,-0.));
#4203 = PCURVE('',#2716,#4204);
#4204 = DEFINITIONAL_REPRESENTATION('',(#4205),#4209);
#4205 = LINE('',#4206,#4207);
#4206 = CARTESIAN_POINT('',(1.570796326795,0.5));
#4207 = VECTOR('',#4208,1.);
#4208 = DIRECTION('',(-1.,-0.));
#4209 = ( GEOMETRIC_REPRESENTATION_CONTEXT(2) 
PARAMETRIC_REPRESENTATION_CONTEXT() REPRESENTATION_CONTEXT('2D SPACE',''
  ) );
#4210 = PCURVE('',#3787,#4211);
#4211 = DEFINITIONAL_REPRESENTATION('',(#4212),#4216);
#4212 = LINE('',#4213,#4214);
#4213 = CARTESIAN_POINT('',(-0.,-0.));
#4214 = VECTOR('',#4215,1.);
#4215 = DIRECTION('',(-1.,-0.));
#4216 = ( GEOMETRIC_REPRESENTATION_CONTEXT(2) 
PARAMETRIC_REPRESENTATION_CONTEXT() REPRESENTATION_CONTEXT('2D SPACE',''
  ) );
#4217 = ORIENTED_EDGE('',*,*,#4218,.T.);
#4218 = EDGE_CURVE('',#4195,#2885,#4219,.T.);
#4219 = SURFACE_CURVE('',#4220,(#4224,#4231),.PCURVE_S1.);
#4220 = LINE('',#4221,#4222);
#4221 = CARTESIAN_POINT('',(32.8000001,98.,1.7763568394E-15));
#4222 = VECTOR('',#4223,1.);
#4223 = DIRECTION('',(0.,0.,1.));
#4224 = PCURVE('',#2716,#4225);
#4225 = DEFINITIONAL_REPRESENTATION('',(#4226),#4230);
#4226 = LINE('',#4227,#4228);
#4227 = CARTESIAN_POINT('',(1.570796326795,0.));
#4228 = VECTOR('',#4229,1.);
#4229 = DIRECTION('',(0.,1.));
#4230 = ( GEOMETRIC_REPRESENTATION_CONTEXT(2) 
PARAMETRIC_REPRESENTATION_CONTEXT() REPRESENTATION_CONTEXT('2D SPACE',''
  ) );
#4231 = PCURVE('',#2900,#4232);
#4232 = DEFINITIONAL_REPRESENTATION('',(#4233),#4237);
#4233 = LINE('',#4234,#4235);
#4234 = CARTESIAN_POINT('',(0.,12.));
#4235 = VECTOR('',#4236,1.);
#4236 = DIRECTION('',(1.,0.));
#4237 = ( GEOMETRIC_REPRESENTATION_CONTEXT(2) 
PARAMETRIC_REPRESENTATION_CONTEXT() REPRESENTATION_CONTEXT('2D SPACE',''
  ) );
#4238 = ORIENTED_EDGE('',*,*,#2938,.T.);
#4239 = ADVANCED_FACE('',(#4240),#2846,.T.);
#4240 = FACE_BOUND('',#4241,.F.);
#4241 = EDGE_LOOP('',(#4242,#4243,#4267,#4288));
#4242 = ORIENTED_EDGE('',*,*,#3043,.F.);
#4243 = ORIENTED_EDGE('',*,*,#4244,.T.);
#4244 = EDGE_CURVE('',#3021,#4245,#4247,.T.);
#4245 = VERTEX_POINT('',#4246);
#4246 = CARTESIAN_POINT('',(22.8000001,98.,0.5));
#4247 = SURFACE_CURVE('',#4248,(#4253,#4260),.PCURVE_S1.);
#4248 = CIRCLE('',#4249,2.);
#4249 = AXIS2_PLACEMENT_3D('',#4250,#4251,#4252);
#4250 = CARTESIAN_POINT('',(22.8000001,96.,0.5));
#4251 = DIRECTION('',(-0.,0.,-1.));
#4252 = DIRECTION('',(-1.,0.,0.));
#4253 = PCURVE('',#2846,#4254);
#4254 = DEFINITIONAL_REPRESENTATION('',(#4255),#4259);
#4255 = LINE('',#4256,#4257);
#4256 = CARTESIAN_POINT('',(-0.,0.5));
#4257 = VECTOR('',#4258,1.);
#4258 = DIRECTION('',(-1.,0.));
#4259 = ( GEOMETRIC_REPRESENTATION_CONTEXT(2) 
PARAMETRIC_REPRESENTATION_CONTEXT() REPRESENTATION_CONTEXT('2D SPACE',''
  ) );
#4260 = PCURVE('',#3846,#4261);
#4261 = DEFINITIONAL_REPRESENTATION('',(#4262),#4266);
#4262 = LINE('',#4263,#4264);
#4263 = CARTESIAN_POINT('',(-0.,-0.));
#4264 = VECTOR('',#4265,1.);
#4265 = DIRECTION('',(-1.,-0.));
#4266 = ( GEOMETRIC_REPRESENTATION_CONTEXT(2) 
PARAMETRIC_REPRESENTATION_CONTEXT() REPRESENTATION_CONTEXT('2D SPACE',''
  ) );
#4267 = ORIENTED_EDGE('',*,*,#4268,.T.);
#4268 = EDGE_CURVE('',#4245,#2830,#4269,.T.);
#4269 = SURFACE_CURVE('',#4270,(#4274,#4281),.PCURVE_S1.);
#4270 = LINE('',#4271,#4272);
#4271 = CARTESIAN_POINT('',(22.8000001,98.,1.7763568394E-15));
#4272 = VECTOR('',#4273,1.);
#4273 = DIRECTION('',(0.,0.,1.));
#4274 = PCURVE('',#2846,#4275);
#4275 = DEFINITIONAL_REPRESENTATION('',(#4276),#4280);
#4276 = LINE('',#4277,#4278);
#4277 = CARTESIAN_POINT('',(-1.570796326795,0.));
#4278 = VECTOR('',#4279,1.);
#4279 = DIRECTION('',(-0.,1.));
#4280 = ( GEOMETRIC_REPRESENTATION_CONTEXT(2) 
PARAMETRIC_REPRESENTATION_CONTEXT() REPRESENTATION_CONTEXT('2D SPACE',''
  ) );
#4281 = PCURVE('',#2900,#4282);
#4282 = DEFINITIONAL_REPRESENTATION('',(#4283),#4287);
#4283 = LINE('',#4284,#4285);
#4284 = CARTESIAN_POINT('',(0.,2.));
#4285 = VECTOR('',#4286,1.);
#4286 = DIRECTION('',(1.,0.));
#4287 = ( GEOMETRIC_REPRESENTATION_CONTEXT(2) 
PARAMETRIC_REPRESENTATION_CONTEXT() REPRESENTATION_CONTEXT('2D SPACE',''
  ) );
#4288 = ORIENTED_EDGE('',*,*,#2829,.F.);
#4289 = ADVANCED_FACE('',(#4290),#2900,.T.);
#4290 = FACE_BOUND('',#4291,.T.);
#4291 = EDGE_LOOP('',(#4292,#4293,#4294,#4295));
#4292 = ORIENTED_EDGE('',*,*,#4268,.T.);
#4293 = ORIENTED_EDGE('',*,*,#2884,.T.);
#4294 = ORIENTED_EDGE('',*,*,#4218,.F.);
#4295 = ORIENTED_EDGE('',*,*,#4296,.F.);
#4296 = EDGE_CURVE('',#4245,#4195,#4297,.T.);
#4297 = SURFACE_CURVE('',#4298,(#4302,#4309),.PCURVE_S1.);
#4298 = LINE('',#4299,#4300);
#4299 = CARTESIAN_POINT('',(22.8000001,98.,0.5));
#4300 = VECTOR('',#4301,1.);
#4301 = DIRECTION('',(1.,0.,0.));
#4302 = PCURVE('',#2900,#4303);
#4303 = DEFINITIONAL_REPRESENTATION('',(#4304),#4308);
#4304 = LINE('',#4305,#4306);
#4305 = CARTESIAN_POINT('',(0.5,2.));
#4306 = VECTOR('',#4307,1.);
#4307 = DIRECTION('',(0.,1.));
#4308 = ( GEOMETRIC_REPRESENTATION_CONTEXT(2) 
PARAMETRIC_REPRESENTATION_CONTEXT() REPRESENTATION_CONTEXT('2D SPACE',''
  ) );
#4309 = PCURVE('',#3815,#4310);
#4310 = DEFINITIONAL_REPRESENTATION('',(#4311),#4315);
#4311 = LINE('',#4312,#4313);
#4312 = CARTESIAN_POINT('',(-0.,-0.353553390593));
#4313 = VECTOR('',#4314,1.);
#4314 = DIRECTION('',(-1.,0.));
#4315 = ( GEOMETRIC_REPRESENTATION_CONTEXT(2) 
PARAMETRIC_REPRESENTATION_CONTEXT() REPRESENTATION_CONTEXT('2D SPACE',''
  ) );
#4316 = ADVANCED_FACE('',(#4317),#3086,.T.);
#4317 = FACE_BOUND('',#4318,.T.);
#4318 = EDGE_LOOP('',(#4319,#4320,#4344,#4365));
#4319 = ORIENTED_EDGE('',*,*,#3068,.F.);
#4320 = ORIENTED_EDGE('',*,*,#4321,.F.);
#4321 = EDGE_CURVE('',#4322,#3069,#4324,.T.);
#4322 = VERTEX_POINT('',#4323);
#4323 = CARTESIAN_POINT('',(22.8000001,0.,0.5));
#4324 = SURFACE_CURVE('',#4325,(#4330,#4337),.PCURVE_S1.);
#4325 = CIRCLE('',#4326,2.);
#4326 = AXIS2_PLACEMENT_3D('',#4327,#4328,#4329);
#4327 = CARTESIAN_POINT('',(22.8000001,2.,0.5));
#4328 = DIRECTION('',(-0.,-0.,-1.));
#4329 = DIRECTION('',(0.,-1.,0.));
#4330 = PCURVE('',#3086,#4331);
#4331 = DEFINITIONAL_REPRESENTATION('',(#4332),#4336);
#4332 = LINE('',#4333,#4334);
#4333 = CARTESIAN_POINT('',(1.570796326795,0.5));
#4334 = VECTOR('',#4335,1.);
#4335 = DIRECTION('',(-1.,-0.));
#4336 = ( GEOMETRIC_REPRESENTATION_CONTEXT(2) 
PARAMETRIC_REPRESENTATION_CONTEXT() REPRESENTATION_CONTEXT('2D SPACE',''
  ) );
#4337 = PCURVE('',#3560,#4338);
#4338 = DEFINITIONAL_REPRESENTATION('',(#4339),#4343);
#4339 = LINE('',#4340,#4341);
#4340 = CARTESIAN_POINT('',(-0.,-0.));
#4341 = VECTOR('',#4342,1.);
#4342 = DIRECTION('',(-1.,-0.));
#4343 = ( GEOMETRIC_REPRESENTATION_CONTEXT(2) 
PARAMETRIC_REPRESENTATION_CONTEXT() REPRESENTATION_CONTEXT('2D SPACE',''
  ) );
#4344 = ORIENTED_EDGE('',*,*,#4345,.T.);
#4345 = EDGE_CURVE('',#4322,#3172,#4346,.T.);
#4346 = SURFACE_CURVE('',#4347,(#4351,#4358),.PCURVE_S1.);
#4347 = LINE('',#4348,#4349);
#4348 = CARTESIAN_POINT('',(22.8000001,0.,1.7763568394E-15));
#4349 = VECTOR('',#4350,1.);
#4350 = DIRECTION('',(0.,0.,1.));
#4351 = PCURVE('',#3086,#4352);
#4352 = DEFINITIONAL_REPRESENTATION('',(#4353),#4357);
#4353 = LINE('',#4354,#4355);
#4354 = CARTESIAN_POINT('',(1.570796326795,0.));
#4355 = VECTOR('',#4356,1.);
#4356 = DIRECTION('',(0.,1.));
#4357 = ( GEOMETRIC_REPRESENTATION_CONTEXT(2) 
PARAMETRIC_REPRESENTATION_CONTEXT() REPRESENTATION_CONTEXT('2D SPACE',''
  ) );
#4358 = PCURVE('',#3258,#4359);
#4359 = DEFINITIONAL_REPRESENTATION('',(#4360),#4364);
#4360 = LINE('',#4361,#4362);
#4361 = CARTESIAN_POINT('',(0.,2.));
#4362 = VECTOR('',#4363,1.);
#4363 = DIRECTION('',(1.,0.));
#4364 = ( GEOMETRIC_REPRESENTATION_CONTEXT(2) 
PARAMETRIC_REPRESENTATION_CONTEXT() REPRESENTATION_CONTEXT('2D SPACE',''
  ) );
#4365 = ORIENTED_EDGE('',*,*,#3194,.T.);
#4366 = ADVANCED_FACE('',(#4367),#3258,.F.);
#4367 = FACE_BOUND('',#4368,.F.);
#4368 = EDGE_LOOP('',(#4369,#4370,#4371,#4394));
#4369 = ORIENTED_EDGE('',*,*,#4345,.T.);
#4370 = ORIENTED_EDGE('',*,*,#3244,.F.);
#4371 = ORIENTED_EDGE('',*,*,#4372,.F.);
#4372 = EDGE_CURVE('',#4373,#3222,#4375,.T.);
#4373 = VERTEX_POINT('',#4374);
#4374 = CARTESIAN_POINT('',(32.8000001,0.,0.5));
#4375 = SURFACE_CURVE('',#4376,(#4380,#4387),.PCURVE_S1.);
#4376 = LINE('',#4377,#4378);
#4377 = CARTESIAN_POINT('',(32.8000001,0.,1.7763568394E-15));
#4378 = VECTOR('',#4379,1.);
#4379 = DIRECTION('',(0.,0.,1.));
#4380 = PCURVE('',#3258,#4381);
#4381 = DEFINITIONAL_REPRESENTATION('',(#4382),#4386);
#4382 = LINE('',#4383,#4384);
#4383 = CARTESIAN_POINT('',(0.,12.));
#4384 = VECTOR('',#4385,1.);
#4385 = DIRECTION('',(1.,0.));
#4386 = ( GEOMETRIC_REPRESENTATION_CONTEXT(2) 
PARAMETRIC_REPRESENTATION_CONTEXT() REPRESENTATION_CONTEXT('2D SPACE',''
  ) );
#4387 = PCURVE('',#3313,#4388);
#4388 = DEFINITIONAL_REPRESENTATION('',(#4389),#4393);
#4389 = LINE('',#4390,#4391);
#4390 = CARTESIAN_POINT('',(-1.570796326795,0.));
#4391 = VECTOR('',#4392,1.);
#4392 = DIRECTION('',(-0.,1.));
#4393 = ( GEOMETRIC_REPRESENTATION_CONTEXT(2) 
PARAMETRIC_REPRESENTATION_CONTEXT() REPRESENTATION_CONTEXT('2D SPACE',''
  ) );
#4394 = ORIENTED_EDGE('',*,*,#4395,.T.);
#4395 = EDGE_CURVE('',#4373,#4322,#4396,.T.);
#4396 = SURFACE_CURVE('',#4397,(#4401,#4408),.PCURVE_S1.);
#4397 = LINE('',#4398,#4399);
#4398 = CARTESIAN_POINT('',(32.8000001,0.,0.5));
#4399 = VECTOR('',#4400,1.);
#4400 = DIRECTION('',(-1.,-0.,-0.));
#4401 = PCURVE('',#3258,#4402);
#4402 = DEFINITIONAL_REPRESENTATION('',(#4403),#4407);
#4403 = LINE('',#4404,#4405);
#4404 = CARTESIAN_POINT('',(0.5,12.));
#4405 = VECTOR('',#4406,1.);
#4406 = DIRECTION('',(0.,-1.));
#4407 = ( GEOMETRIC_REPRESENTATION_CONTEXT(2) 
PARAMETRIC_REPRESENTATION_CONTEXT() REPRESENTATION_CONTEXT('2D SPACE',''
  ) );
#4408 = PCURVE('',#3588,#4409);
#4409 = DEFINITIONAL_REPRESENTATION('',(#4410),#4414);
#4410 = LINE('',#4411,#4412);
#4411 = CARTESIAN_POINT('',(0.,-0.353553390593));
#4412 = VECTOR('',#4413,1.);
#4413 = DIRECTION('',(1.,0.));
#4414 = ( GEOMETRIC_REPRESENTATION_CONTEXT(2) 
PARAMETRIC_REPRESENTATION_CONTEXT() REPRESENTATION_CONTEXT('2D SPACE',''
  ) );
#4415 = ADVANCED_FACE('',(#4416),#3313,.T.);
#4416 = FACE_BOUND('',#4417,.F.);
#4417 = EDGE_LOOP('',(#4418,#4419,#4441,#4442));
#4418 = ORIENTED_EDGE('',*,*,#3411,.F.);
#4419 = ORIENTED_EDGE('',*,*,#4420,.T.);
#4420 = EDGE_CURVE('',#3412,#4373,#4421,.T.);
#4421 = SURFACE_CURVE('',#4422,(#4427,#4434),.PCURVE_S1.);
#4422 = CIRCLE('',#4423,2.);
#4423 = AXIS2_PLACEMENT_3D('',#4424,#4425,#4426);
#4424 = CARTESIAN_POINT('',(32.8000001,2.,0.5));
#4425 = DIRECTION('',(0.,-0.,-1.));
#4426 = DIRECTION('',(1.,0.,-0.));
#4427 = PCURVE('',#3313,#4428);
#4428 = DEFINITIONAL_REPRESENTATION('',(#4429),#4433);
#4429 = LINE('',#4430,#4431);
#4430 = CARTESIAN_POINT('',(-0.,0.5));
#4431 = VECTOR('',#4432,1.);
#4432 = DIRECTION('',(-1.,0.));
#4433 = ( GEOMETRIC_REPRESENTATION_CONTEXT(2) 
PARAMETRIC_REPRESENTATION_CONTEXT() REPRESENTATION_CONTEXT('2D SPACE',''
  ) );
#4434 = PCURVE('',#3621,#4435);
#4435 = DEFINITIONAL_REPRESENTATION('',(#4436),#4440);
#4436 = LINE('',#4437,#4438);
#4437 = CARTESIAN_POINT('',(-0.,-0.));
#4438 = VECTOR('',#4439,1.);
#4439 = DIRECTION('',(-1.,-0.));
#4440 = ( GEOMETRIC_REPRESENTATION_CONTEXT(2) 
PARAMETRIC_REPRESENTATION_CONTEXT() REPRESENTATION_CONTEXT('2D SPACE',''
  ) );
#4441 = ORIENTED_EDGE('',*,*,#4372,.T.);
#4442 = ORIENTED_EDGE('',*,*,#3298,.F.);
#4443 = ADVANCED_FACE('',(#4444,#4693,#4817),#3501,.F.);
#4444 = FACE_BOUND('',#4445,.T.);
#4445 = EDGE_LOOP('',(#4446,#4470,#4493,#4526,#4554,#4587,#4608,#4609,
    #4610,#4638,#4666,#4692));
#4446 = ORIENTED_EDGE('',*,*,#4447,.F.);
#4447 = EDGE_CURVE('',#4448,#4448,#4450,.T.);
#4448 = VERTEX_POINT('',#4449);
#4449 = CARTESIAN_POINT('',(53.2000001,49.,3.2));
#4450 = SURFACE_CURVE('',#4451,(#4456,#4463),.PCURVE_S1.);
#4451 = CIRCLE('',#4452,25.4);
#4452 = AXIS2_PLACEMENT_3D('',#4453,#4454,#4455);
#4453 = CARTESIAN_POINT('',(27.8000001,49.,3.2));
#4454 = DIRECTION('',(0.,0.,1.));
#4455 = DIRECTION('',(1.,0.,0.));
#4456 = PCURVE('',#3501,#4457);
#4457 = DEFINITIONAL_REPRESENTATION('',(#4458),#4462);
#4458 = LINE('',#4459,#4460);
#4459 = CARTESIAN_POINT('',(-0.,0.));
#4460 = VECTOR('',#4461,1.);
#4461 = DIRECTION('',(-1.,0.));
#4462 = ( GEOMETRIC_REPRESENTATION_CONTEXT(2) 
PARAMETRIC_REPRESENTATION_CONTEXT() REPRESENTATION_CONTEXT('2D SPACE',''
  ) );
#4463 = PCURVE('',#3957,#4464);
#4464 = DEFINITIONAL_REPRESENTATION('',(#4465),#4469);
#4465 = CIRCLE('',#4466,25.4);
#4466 = AXIS2_PLACEMENT_2D('',#4467,#4468);
#4467 = CARTESIAN_POINT('',(0.,0.));
#4468 = DIRECTION('',(1.,0.));
#4469 = ( GEOMETRIC_REPRESENTATION_CONTEXT(2) 
PARAMETRIC_REPRESENTATION_CONTEXT() REPRESENTATION_CONTEXT('2D SPACE',''
  ) );
#4470 = ORIENTED_EDGE('',*,*,#4471,.T.);
#4471 = EDGE_CURVE('',#4448,#4472,#4474,.T.);
#4472 = VERTEX_POINT('',#4473);
#4473 = CARTESIAN_POINT('',(53.2000001,49.,76.));
#4474 = SEAM_CURVE('',#4475,(#4479,#4486),.PCURVE_S1.);
#4475 = LINE('',#4476,#4477);
#4476 = CARTESIAN_POINT('',(53.2000001,49.,3.2));
#4477 = VECTOR('',#4478,1.);
#4478 = DIRECTION('',(0.,0.,1.));
#4479 = PCURVE('',#3501,#4480);
#4480 = DEFINITIONAL_REPRESENTATION('',(#4481),#4485);
#4481 = LINE('',#4482,#4483);
#4482 = CARTESIAN_POINT('',(-6.28318530718,0.));
#4483 = VECTOR('',#4484,1.);
#4484 = DIRECTION('',(-0.,-1.));
#4485 = ( GEOMETRIC_REPRESENTATION_CONTEXT(2) 
PARAMETRIC_REPRESENTATION_CONTEXT() REPRESENTATION_CONTEXT('2D SPACE',''
  ) );
#4486 = PCURVE('',#3501,#4487);
#4487 = DEFINITIONAL_REPRESENTATION('',(#4488),#4492);
#4488 = LINE('',#4489,#4490);
#4489 = CARTESIAN_POINT('',(-0.,0.));
#4490 = VECTOR('',#4491,1.);
#4491 = DIRECTION('',(-0.,-1.));
#4492 = ( GEOMETRIC_REPRESENTATION_CONTEXT(2) 
PARAMETRIC_REPRESENTATION_CONTEXT() REPRESENTATION_CONTEXT('2D SPACE',''
  ) );
#4493 = ORIENTED_EDGE('',*,*,#4494,.F.);
#4494 = EDGE_CURVE('',#4495,#4472,#4497,.T.);
#4495 = VERTEX_POINT('',#4496);
#4496 = CARTESIAN_POINT('',(53.121137515211,51.,76.));
#4497 = SURFACE_CURVE('',#4498,(#4503,#4510),.PCURVE_S1.);
#4498 = CIRCLE('',#4499,25.4);
#4499 = AXIS2_PLACEMENT_3D('',#4500,#4501,#4502);
#4500 = CARTESIAN_POINT('',(27.8000001,49.,76.));
#4501 = DIRECTION('',(0.,0.,-1.));
#4502 = DIRECTION('',(1.,0.,0.));
#4503 = PCURVE('',#3501,#4504);
#4504 = DEFINITIONAL_REPRESENTATION('',(#4505),#4509);
#4505 = LINE('',#4506,#4507);
#4506 = CARTESIAN_POINT('',(-6.28318530718,-72.8));
#4507 = VECTOR('',#4508,1.);
#4508 = DIRECTION('',(1.,-0.));
#4509 = ( GEOMETRIC_REPRESENTATION_CONTEXT(2) 
PARAMETRIC_REPRESENTATION_CONTEXT() REPRESENTATION_CONTEXT('2D SPACE',''
  ) );
#4510 = PCURVE('',#4511,#4516);
#4511 = PLANE('',#4512);
#4512 = AXIS2_PLACEMENT_3D('',#4513,#4514,#4515);
#4513 = CARTESIAN_POINT('',(52.9000001,47.,76.));
#4514 = DIRECTION('',(0.,0.,1.));
#4515 = DIRECTION('',(1.,0.,0.));
#4516 = DEFINITIONAL_REPRESENTATION('',(#4517),#4525);
#4517 = ( BOUNDED_CURVE() B_SPLINE_CURVE(2,(#4518,#4519,#4520,#4521,
#4522,#4523,#4524),.UNSPECIFIED.,.T.,.F.) B_SPLINE_CURVE_WITH_KNOTS((1,2
    ,2,2,2,1),(-2.094395102393,0.,2.094395102393,4.188790204786,
6.28318530718,8.377580409573),.UNSPECIFIED.) CURVE() 
GEOMETRIC_REPRESENTATION_ITEM() RATIONAL_B_SPLINE_CURVE((1.,0.5,1.,0.5,
1.,0.5,1.)) REPRESENTATION_ITEM('') );
#4518 = CARTESIAN_POINT('',(0.3,2.));
#4519 = CARTESIAN_POINT('',(0.3,-41.99409051224));
#4520 = CARTESIAN_POINT('',(-37.8,-19.99704525612));
#4521 = CARTESIAN_POINT('',(-75.9,2.));
#4522 = CARTESIAN_POINT('',(-37.8,23.997045256125));
#4523 = CARTESIAN_POINT('',(0.3,45.994090512249));
#4524 = CARTESIAN_POINT('',(0.3,2.));
#4525 = ( GEOMETRIC_REPRESENTATION_CONTEXT(2) 
PARAMETRIC_REPRESENTATION_CONTEXT() REPRESENTATION_CONTEXT('2D SPACE',''
  ) );
#4526 = ORIENTED_EDGE('',*,*,#4527,.F.);
#4527 = EDGE_CURVE('',#4528,#4495,#4530,.T.);
#4528 = VERTEX_POINT('',#4529);
#4529 = CARTESIAN_POINT('',(53.121137515211,51.,76.8));
#4530 = SURFACE_CURVE('',#4531,(#4535,#4542),.PCURVE_S1.);
#4531 = LINE('',#4532,#4533);
#4532 = CARTESIAN_POINT('',(53.121137515211,51.,3.2));
#4533 = VECTOR('',#4534,1.);
#4534 = DIRECTION('',(-0.,-0.,-1.));
#4535 = PCURVE('',#3501,#4536);
#4536 = DEFINITIONAL_REPRESENTATION('',(#4537),#4541);
#4537 = LINE('',#4538,#4539);
#4538 = CARTESIAN_POINT('',(-7.882175032255E-02,0.));
#4539 = VECTOR('',#4540,1.);
#4540 = DIRECTION('',(-0.,1.));
#4541 = ( GEOMETRIC_REPRESENTATION_CONTEXT(2) 
PARAMETRIC_REPRESENTATION_CONTEXT() REPRESENTATION_CONTEXT('2D SPACE',''
  ) );
#4542 = PCURVE('',#4543,#4548);
#4543 = PLANE('',#4544);
#4544 = AXIS2_PLACEMENT_3D('',#4545,#4546,#4547);
#4545 = CARTESIAN_POINT('',(52.9000001,51.,76.));
#4546 = DIRECTION('',(0.,1.,0.));
#4547 = DIRECTION('',(0.,0.,1.));
#4548 = DEFINITIONAL_REPRESENTATION('',(#4549),#4553);
#4549 = LINE('',#4550,#4551);
#4550 = CARTESIAN_POINT('',(-72.8,0.221137415211));
#4551 = VECTOR('',#4552,1.);
#4552 = DIRECTION('',(-1.,0.));
#4553 = ( GEOMETRIC_REPRESENTATION_CONTEXT(2) 
PARAMETRIC_REPRESENTATION_CONTEXT() REPRESENTATION_CONTEXT('2D SPACE',''
  ) );
#4554 = ORIENTED_EDGE('',*,*,#4555,.T.);
#4555 = EDGE_CURVE('',#4528,#4556,#4558,.T.);
#4556 = VERTEX_POINT('',#4557);
#4557 = CARTESIAN_POINT('',(53.2000001,49.,76.8));
#4558 = SURFACE_CURVE('',#4559,(#4564,#4571),.PCURVE_S1.);
#4559 = CIRCLE('',#4560,25.4);
#4560 = AXIS2_PLACEMENT_3D('',#4561,#4562,#4563);
#4561 = CARTESIAN_POINT('',(27.8000001,49.,76.8));
#4562 = DIRECTION('',(0.,0.,-1.));
#4563 = DIRECTION('',(1.,0.,0.));
#4564 = PCURVE('',#3501,#4565);
#4565 = DEFINITIONAL_REPRESENTATION('',(#4566),#4570);
#4566 = LINE('',#4567,#4568);
#4567 = CARTESIAN_POINT('',(-6.28318530718,-73.6));
#4568 = VECTOR('',#4569,1.);
#4569 = DIRECTION('',(1.,-0.));
#4570 = ( GEOMETRIC_REPRESENTATION_CONTEXT(2) 
PARAMETRIC_REPRESENTATION_CONTEXT() REPRESENTATION_CONTEXT('2D SPACE',''
  ) );
#4571 = PCURVE('',#4572,#4577);
#4572 = PLANE('',#4573);
#4573 = AXIS2_PLACEMENT_3D('',#4574,#4575,#4576);
#4574 = CARTESIAN_POINT('',(52.9000001,47.,76.8));
#4575 = DIRECTION('',(0.,0.,1.));
#4576 = DIRECTION('',(1.,0.,0.));
#4577 = DEFINITIONAL_REPRESENTATION('',(#4578),#4586);
#4578 = ( BOUNDED_CURVE() B_SPLINE_CURVE(2,(#4579,#4580,#4581,#4582,
#4583,#4584,#4585),.UNSPECIFIED.,.T.,.F.) B_SPLINE_CURVE_WITH_KNOTS((1,2
    ,2,2,2,1),(-2.094395102393,0.,2.094395102393,4.188790204786,
6.28318530718,8.377580409573),.UNSPECIFIED.) CURVE() 
GEOMETRIC_REPRESENTATION_ITEM() RATIONAL_B_SPLINE_CURVE((1.,0.5,1.,0.5,
1.,0.5,1.)) REPRESENTATION_ITEM('') );
#4579 = CARTESIAN_POINT('',(0.3,2.));
#4580 = CARTESIAN_POINT('',(0.3,-41.99409051224));
#4581 = CARTESIAN_POINT('',(-37.8,-19.99704525612));
#4582 = CARTESIAN_POINT('',(-75.9,2.));
#4583 = CARTESIAN_POINT('',(-37.8,23.997045256125));
#4584 = CARTESIAN_POINT('',(0.3,45.994090512249));
#4585 = CARTESIAN_POINT('',(0.3,2.));
#4586 = ( GEOMETRIC_REPRESENTATION_CONTEXT(2) 
PARAMETRIC_REPRESENTATION_CONTEXT() REPRESENTATION_CONTEXT('2D SPACE',''
  ) );
#4587 = ORIENTED_EDGE('',*,*,#4588,.T.);
#4588 = EDGE_CURVE('',#4556,#3461,#4589,.T.);
#4589 = SEAM_CURVE('',#4590,(#4594,#4601),.PCURVE_S1.);
#4590 = LINE('',#4591,#4592);
#4591 = CARTESIAN_POINT('',(53.2000001,49.,3.2));
#4592 = VECTOR('',#4593,1.);
#4593 = DIRECTION('',(0.,0.,1.));
#4594 = PCURVE('',#3501,#4595);
#4595 = DEFINITIONAL_REPRESENTATION('',(#4596),#4600);
#4596 = LINE('',#4597,#4598);
#4597 = CARTESIAN_POINT('',(-6.28318530718,0.));
#4598 = VECTOR('',#4599,1.);
#4599 = DIRECTION('',(-0.,-1.));
#4600 = ( GEOMETRIC_REPRESENTATION_CONTEXT(2) 
PARAMETRIC_REPRESENTATION_CONTEXT() REPRESENTATION_CONTEXT('2D SPACE',''
  ) );
#4601 = PCURVE('',#3501,#4602);
#4602 = DEFINITIONAL_REPRESENTATION('',(#4603),#4607);
#4603 = LINE('',#4604,#4605);
#4604 = CARTESIAN_POINT('',(-0.,0.));
#4605 = VECTOR('',#4606,1.);
#4606 = DIRECTION('',(-0.,-1.));
#4607 = ( GEOMETRIC_REPRESENTATION_CONTEXT(2) 
PARAMETRIC_REPRESENTATION_CONTEXT() REPRESENTATION_CONTEXT('2D SPACE',''
  ) );
#4608 = ORIENTED_EDGE('',*,*,#3486,.F.);
#4609 = ORIENTED_EDGE('',*,*,#4588,.F.);
#4610 = ORIENTED_EDGE('',*,*,#4611,.T.);
#4611 = EDGE_CURVE('',#4556,#4612,#4614,.T.);
#4612 = VERTEX_POINT('',#4613);
#4613 = CARTESIAN_POINT('',(53.121137515211,47.,76.8));
#4614 = SURFACE_CURVE('',#4615,(#4620,#4627),.PCURVE_S1.);
#4615 = CIRCLE('',#4616,25.4);
#4616 = AXIS2_PLACEMENT_3D('',#4617,#4618,#4619);
#4617 = CARTESIAN_POINT('',(27.8000001,49.,76.8));
#4618 = DIRECTION('',(0.,0.,-1.));
#4619 = DIRECTION('',(1.,0.,0.));
#4620 = PCURVE('',#3501,#4621);
#4621 = DEFINITIONAL_REPRESENTATION('',(#4622),#4626);
#4622 = LINE('',#4623,#4624);
#4623 = CARTESIAN_POINT('',(-6.28318530718,-73.6));
#4624 = VECTOR('',#4625,1.);
#4625 = DIRECTION('',(1.,-0.));
#4626 = ( GEOMETRIC_REPRESENTATION_CONTEXT(2) 
PARAMETRIC_REPRESENTATION_CONTEXT() REPRESENTATION_CONTEXT('2D SPACE',''
  ) );
#4627 = PCURVE('',#4572,#4628);
#4628 = DEFINITIONAL_REPRESENTATION('',(#4629),#4637);
#4629 = ( BOUNDED_CURVE() B_SPLINE_CURVE(2,(#4630,#4631,#4632,#4633,
#4634,#4635,#4636),.UNSPECIFIED.,.T.,.F.) B_SPLINE_CURVE_WITH_KNOTS((1,2
    ,2,2,2,1),(-2.094395102393,0.,2.094395102393,4.188790204786,
6.28318530718,8.377580409573),.UNSPECIFIED.) CURVE() 
GEOMETRIC_REPRESENTATION_ITEM() RATIONAL_B_SPLINE_CURVE((1.,0.5,1.,0.5,
1.,0.5,1.)) REPRESENTATION_ITEM('') );
#4630 = CARTESIAN_POINT('',(0.3,2.));
#4631 = CARTESIAN_POINT('',(0.3,-41.99409051224));
#4632 = CARTESIAN_POINT('',(-37.8,-19.99704525612));
#4633 = CARTESIAN_POINT('',(-75.9,2.));
#4634 = CARTESIAN_POINT('',(-37.8,23.997045256125));
#4635 = CARTESIAN_POINT('',(0.3,45.994090512249));
#4636 = CARTESIAN_POINT('',(0.3,2.));
#4637 = ( GEOMETRIC_REPRESENTATION_CONTEXT(2) 
PARAMETRIC_REPRESENTATION_CONTEXT() REPRESENTATION_CONTEXT('2D SPACE',''
  ) );
#4638 = ORIENTED_EDGE('',*,*,#4639,.T.);
#4639 = EDGE_CURVE('',#4612,#4640,#4642,.T.);
#4640 = VERTEX_POINT('',#4641);
#4641 = CARTESIAN_POINT('',(53.121137515211,47.,76.));
#4642 = SURFACE_CURVE('',#4643,(#4647,#4654),.PCURVE_S1.);
#4643 = LINE('',#4644,#4645);
#4644 = CARTESIAN_POINT('',(53.121137515211,47.,3.2));
#4645 = VECTOR('',#4646,1.);
#4646 = DIRECTION('',(-0.,-0.,-1.));
#4647 = PCURVE('',#3501,#4648);
#4648 = DEFINITIONAL_REPRESENTATION('',(#4649),#4653);
#4649 = LINE('',#4650,#4651);
#4650 = CARTESIAN_POINT('',(-6.204363556857,0.));
#4651 = VECTOR('',#4652,1.);
#4652 = DIRECTION('',(-0.,1.));
#4653 = ( GEOMETRIC_REPRESENTATION_CONTEXT(2) 
PARAMETRIC_REPRESENTATION_CONTEXT() REPRESENTATION_CONTEXT('2D SPACE',''
  ) );
#4654 = PCURVE('',#4655,#4660);
#4655 = PLANE('',#4656);
#4656 = AXIS2_PLACEMENT_3D('',#4657,#4658,#4659);
#4657 = CARTESIAN_POINT('',(52.9000001,47.,76.));
#4658 = DIRECTION('',(0.,1.,0.));
#4659 = DIRECTION('',(0.,0.,1.));
#4660 = DEFINITIONAL_REPRESENTATION('',(#4661),#4665);
#4661 = LINE('',#4662,#4663);
#4662 = CARTESIAN_POINT('',(-72.8,0.221137415211));
#4663 = VECTOR('',#4664,1.);
#4664 = DIRECTION('',(-1.,0.));
#4665 = ( GEOMETRIC_REPRESENTATION_CONTEXT(2) 
PARAMETRIC_REPRESENTATION_CONTEXT() REPRESENTATION_CONTEXT('2D SPACE',''
  ) );
#4666 = ORIENTED_EDGE('',*,*,#4667,.F.);
#4667 = EDGE_CURVE('',#4472,#4640,#4668,.T.);
#4668 = SURFACE_CURVE('',#4669,(#4674,#4681),.PCURVE_S1.);
#4669 = CIRCLE('',#4670,25.4);
#4670 = AXIS2_PLACEMENT_3D('',#4671,#4672,#4673);
#4671 = CARTESIAN_POINT('',(27.8000001,49.,76.));
#4672 = DIRECTION('',(0.,0.,-1.));
#4673 = DIRECTION('',(1.,0.,0.));
#4674 = PCURVE('',#3501,#4675);
#4675 = DEFINITIONAL_REPRESENTATION('',(#4676),#4680);
#4676 = LINE('',#4677,#4678);
#4677 = CARTESIAN_POINT('',(-6.28318530718,-72.8));
#4678 = VECTOR('',#4679,1.);
#4679 = DIRECTION('',(1.,-0.));
#4680 = ( GEOMETRIC_REPRESENTATION_CONTEXT(2) 
PARAMETRIC_REPRESENTATION_CONTEXT() REPRESENTATION_CONTEXT('2D SPACE',''
  ) );
#4681 = PCURVE('',#4511,#4682);
#4682 = DEFINITIONAL_REPRESENTATION('',(#4683),#4691);
#4683 = ( BOUNDED_CURVE() B_SPLINE_CURVE(2,(#4684,#4685,#4686,#4687,
#4688,#4689,#4690),.UNSPECIFIED.,.T.,.F.) B_SPLINE_CURVE_WITH_KNOTS((1,2
    ,2,2,2,1),(-2.094395102393,0.,2.094395102393,4.188790204786,
6.28318530718,8.377580409573),.UNSPECIFIED.) CURVE() 
GEOMETRIC_REPRESENTATION_ITEM() RATIONAL_B_SPLINE_CURVE((1.,0.5,1.,0.5,
1.,0.5,1.)) REPRESENTATION_ITEM('') );
#4684 = CARTESIAN_POINT('',(0.3,2.));
#4685 = CARTESIAN_POINT('',(0.3,-41.99409051224));
#4686 = CARTESIAN_POINT('',(-37.8,-19.99704525612));
#4687 = CARTESIAN_POINT('',(-75.9,2.));
#4688 = CARTESIAN_POINT('',(-37.8,23.997045256125));
#4689 = CARTESIAN_POINT('',(0.3,45.994090512249));
#4690 = CARTESIAN_POINT('',(0.3,2.));
#4691 = ( GEOMETRIC_REPRESENTATION_CONTEXT(2) 
PARAMETRIC_REPRESENTATION_CONTEXT() REPRESENTATION_CONTEXT('2D SPACE',''
  ) );
#4692 = ORIENTED_EDGE('',*,*,#4471,.F.);
#4693 = FACE_BOUND('',#4694,.T.);
#4694 = EDGE_LOOP('',(#4695,#4730,#4758,#4791));
#4695 = ORIENTED_EDGE('',*,*,#4696,.T.);
#4696 = EDGE_CURVE('',#4697,#4699,#4701,.T.);
#4697 = VERTEX_POINT('',#4698);
#4698 = CARTESIAN_POINT('',(13.407380584826,69.92874825429,76.8));
#4699 = VERTEX_POINT('',#4700);
#4700 = CARTESIAN_POINT('',(16.871482199963,71.92874825429,76.8));
#4701 = SURFACE_CURVE('',#4702,(#4707,#4714),.PCURVE_S1.);
#4702 = CIRCLE('',#4703,25.4);
#4703 = AXIS2_PLACEMENT_3D('',#4704,#4705,#4706);
#4704 = CARTESIAN_POINT('',(27.8000001,49.,76.8));
#4705 = DIRECTION('',(0.,0.,-1.));
#4706 = DIRECTION('',(1.,0.,0.));
#4707 = PCURVE('',#3501,#4708);
#4708 = DEFINITIONAL_REPRESENTATION('',(#4709),#4713);
#4709 = LINE('',#4710,#4711);
#4710 = CARTESIAN_POINT('',(-6.28318530718,-73.6));
#4711 = VECTOR('',#4712,1.);
#4712 = DIRECTION('',(1.,-0.));
#4713 = ( GEOMETRIC_REPRESENTATION_CONTEXT(2) 
PARAMETRIC_REPRESENTATION_CONTEXT() REPRESENTATION_CONTEXT('2D SPACE',''
  ) );
#4714 = PCURVE('',#4715,#4720);
#4715 = PLANE('',#4716);
#4716 = AXIS2_PLACEMENT_3D('',#4717,#4718,#4719);
#4717 = CARTESIAN_POINT('',(16.982050907569,71.737237634989,76.8));
#4718 = DIRECTION('',(0.,0.,1.));
#4719 = DIRECTION('',(-0.5,0.866025403784,0.));
#4720 = DEFINITIONAL_REPRESENTATION('',(#4721),#4729);
#4721 = ( BOUNDED_CURVE() B_SPLINE_CURVE(2,(#4722,#4723,#4724,#4725,
#4726,#4727,#4728),.UNSPECIFIED.,.T.,.F.) B_SPLINE_CURVE_WITH_KNOTS((1,2
    ,2,2,2,1),(-2.094395102393,0.,2.094395102393,4.188790204786,
6.28318530718,8.377580409573),.UNSPECIFIED.) CURVE() 
GEOMETRIC_REPRESENTATION_ITEM() RATIONAL_B_SPLINE_CURVE((1.,0.5,1.,0.5,
1.,0.5,1.)) REPRESENTATION_ITEM('') );
#4722 = CARTESIAN_POINT('',(-37.8,-19.99704525612));
#4723 = CARTESIAN_POINT('',(-75.9,2.));
#4724 = CARTESIAN_POINT('',(-37.8,23.997045256125));
#4725 = CARTESIAN_POINT('',(0.3,45.994090512249));
#4726 = CARTESIAN_POINT('',(0.3,2.));
#4727 = CARTESIAN_POINT('',(0.3,-41.99409051224));
#4728 = CARTESIAN_POINT('',(-37.8,-19.99704525612));
#4729 = ( GEOMETRIC_REPRESENTATION_CONTEXT(2) 
PARAMETRIC_REPRESENTATION_CONTEXT() REPRESENTATION_CONTEXT('2D SPACE',''
  ) );
#4730 = ORIENTED_EDGE('',*,*,#4731,.T.);
#4731 = EDGE_CURVE('',#4699,#4732,#4734,.T.);
#4732 = VERTEX_POINT('',#4733);
#4733 = CARTESIAN_POINT('',(16.871482199963,71.92874825429,76.));
#4734 = SURFACE_CURVE('',#4735,(#4739,#4746),.PCURVE_S1.);
#4735 = LINE('',#4736,#4737);
#4736 = CARTESIAN_POINT('',(16.871482199963,71.928748254289,3.2));
#4737 = VECTOR('',#4738,1.);
#4738 = DIRECTION('',(-0.,-0.,-1.));
#4739 = PCURVE('',#3501,#4740);
#4740 = DEFINITIONAL_REPRESENTATION('',(#4741),#4745);
#4741 = LINE('',#4742,#4743);
#4742 = CARTESIAN_POINT('',(-2.015573352071,0.));
#4743 = VECTOR('',#4744,1.);
#4744 = DIRECTION('',(-0.,1.));
#4745 = ( GEOMETRIC_REPRESENTATION_CONTEXT(2) 
PARAMETRIC_REPRESENTATION_CONTEXT() REPRESENTATION_CONTEXT('2D SPACE',''
  ) );
#4746 = PCURVE('',#4747,#4752);
#4747 = PLANE('',#4748);
#4748 = AXIS2_PLACEMENT_3D('',#4749,#4750,#4751);
#4749 = CARTESIAN_POINT('',(16.982050907569,71.737237634989,76.));
#4750 = DIRECTION('',(-0.866025403784,-0.5,0.));
#4751 = DIRECTION('',(0.,0.,1.));
#4752 = DEFINITIONAL_REPRESENTATION('',(#4753),#4757);
#4753 = LINE('',#4754,#4755);
#4754 = CARTESIAN_POINT('',(-72.8,0.221137415211));
#4755 = VECTOR('',#4756,1.);
#4756 = DIRECTION('',(-1.,0.));
#4757 = ( GEOMETRIC_REPRESENTATION_CONTEXT(2) 
PARAMETRIC_REPRESENTATION_CONTEXT() REPRESENTATION_CONTEXT('2D SPACE',''
  ) );
#4758 = ORIENTED_EDGE('',*,*,#4759,.F.);
#4759 = EDGE_CURVE('',#4760,#4732,#4762,.T.);
#4760 = VERTEX_POINT('',#4761);
#4761 = CARTESIAN_POINT('',(13.407380584826,69.92874825429,76.));
#4762 = SURFACE_CURVE('',#4763,(#4768,#4775),.PCURVE_S1.);
#4763 = CIRCLE('',#4764,25.4);
#4764 = AXIS2_PLACEMENT_3D('',#4765,#4766,#4767);
#4765 = CARTESIAN_POINT('',(27.8000001,49.,76.));
#4766 = DIRECTION('',(0.,0.,-1.));
#4767 = DIRECTION('',(1.,0.,0.));
#4768 = PCURVE('',#3501,#4769);
#4769 = DEFINITIONAL_REPRESENTATION('',(#4770),#4774);
#4770 = LINE('',#4771,#4772);
#4771 = CARTESIAN_POINT('',(-6.28318530718,-72.8));
#4772 = VECTOR('',#4773,1.);
#4773 = DIRECTION('',(1.,-0.));
#4774 = ( GEOMETRIC_REPRESENTATION_CONTEXT(2) 
PARAMETRIC_REPRESENTATION_CONTEXT() REPRESENTATION_CONTEXT('2D SPACE',''
  ) );
#4775 = PCURVE('',#4776,#4781);
#4776 = PLANE('',#4777);
#4777 = AXIS2_PLACEMENT_3D('',#4778,#4779,#4780);
#4778 = CARTESIAN_POINT('',(16.982050907569,71.737237634989,76.));
#4779 = DIRECTION('',(0.,0.,1.));
#4780 = DIRECTION('',(-0.5,0.866025403784,0.));
#4781 = DEFINITIONAL_REPRESENTATION('',(#4782),#4790);
#4782 = ( BOUNDED_CURVE() B_SPLINE_CURVE(2,(#4783,#4784,#4785,#4786,
#4787,#4788,#4789),.UNSPECIFIED.,.T.,.F.) B_SPLINE_CURVE_WITH_KNOTS((1,2
    ,2,2,2,1),(-2.094395102393,0.,2.094395102393,4.188790204786,
6.28318530718,8.377580409573),.UNSPECIFIED.) CURVE() 
GEOMETRIC_REPRESENTATION_ITEM() RATIONAL_B_SPLINE_CURVE((1.,0.5,1.,0.5,
1.,0.5,1.)) REPRESENTATION_ITEM('') );
#4783 = CARTESIAN_POINT('',(-37.8,-19.99704525612));
#4784 = CARTESIAN_POINT('',(-75.9,2.));
#4785 = CARTESIAN_POINT('',(-37.8,23.997045256125));
#4786 = CARTESIAN_POINT('',(0.3,45.994090512249));
#4787 = CARTESIAN_POINT('',(0.3,2.));
#4788 = CARTESIAN_POINT('',(0.3,-41.99409051224));
#4789 = CARTESIAN_POINT('',(-37.8,-19.99704525612));
#4790 = ( GEOMETRIC_REPRESENTATION_CONTEXT(2) 
PARAMETRIC_REPRESENTATION_CONTEXT() REPRESENTATION_CONTEXT('2D SPACE',''
  ) );
#4791 = ORIENTED_EDGE('',*,*,#4792,.F.);
#4792 = EDGE_CURVE('',#4697,#4760,#4793,.T.);
#4793 = SURFACE_CURVE('',#4794,(#4798,#4805),.PCURVE_S1.);
#4794 = LINE('',#4795,#4796);
#4795 = CARTESIAN_POINT('',(13.407380584826,69.928748254289,3.2));
#4796 = VECTOR('',#4797,1.);
#4797 = DIRECTION('',(-0.,-0.,-1.));
#4798 = PCURVE('',#3501,#4799);
#4799 = DEFINITIONAL_REPRESENTATION('',(#4800),#4804);
#4800 = LINE('',#4801,#4802);
#4801 = CARTESIAN_POINT('',(-2.173216852716,0.));
#4802 = VECTOR('',#4803,1.);
#4803 = DIRECTION('',(-0.,1.));
#4804 = ( GEOMETRIC_REPRESENTATION_CONTEXT(2) 
PARAMETRIC_REPRESENTATION_CONTEXT() REPRESENTATION_CONTEXT('2D SPACE',''
  ) );
#4805 = PCURVE('',#4806,#4811);
#4806 = PLANE('',#4807);
#4807 = AXIS2_PLACEMENT_3D('',#4808,#4809,#4810);
#4808 = CARTESIAN_POINT('',(13.517949292431,69.737237634989,76.));
#4809 = DIRECTION('',(-0.866025403784,-0.5,0.));
#4810 = DIRECTION('',(0.,0.,1.));
#4811 = DEFINITIONAL_REPRESENTATION('',(#4812),#4816);
#4812 = LINE('',#4813,#4814);
#4813 = CARTESIAN_POINT('',(-72.8,0.221137415211));
#4814 = VECTOR('',#4815,1.);
#4815 = DIRECTION('',(-1.,0.));
#4816 = ( GEOMETRIC_REPRESENTATION_CONTEXT(2) 
PARAMETRIC_REPRESENTATION_CONTEXT() REPRESENTATION_CONTEXT('2D SPACE',''
  ) );
#4817 = FACE_BOUND('',#4818,.T.);
#4818 = EDGE_LOOP('',(#4819,#4854,#4882,#4915));
#4819 = ORIENTED_EDGE('',*,*,#4820,.T.);
#4820 = EDGE_CURVE('',#4821,#4823,#4825,.T.);
#4821 = VERTEX_POINT('',#4822);
#4822 = CARTESIAN_POINT('',(16.871482199963,26.07125174571,76.8));
#4823 = VERTEX_POINT('',#4824);
#4824 = CARTESIAN_POINT('',(13.407380584826,28.07125174571,76.8));
#4825 = SURFACE_CURVE('',#4826,(#4831,#4838),.PCURVE_S1.);
#4826 = CIRCLE('',#4827,25.4);
#4827 = AXIS2_PLACEMENT_3D('',#4828,#4829,#4830);
#4828 = CARTESIAN_POINT('',(27.8000001,49.,76.8));
#4829 = DIRECTION('',(0.,0.,-1.));
#4830 = DIRECTION('',(1.,0.,0.));
#4831 = PCURVE('',#3501,#4832);
#4832 = DEFINITIONAL_REPRESENTATION('',(#4833),#4837);
#4833 = LINE('',#4834,#4835);
#4834 = CARTESIAN_POINT('',(-6.28318530718,-73.6));
#4835 = VECTOR('',#4836,1.);
#4836 = DIRECTION('',(1.,-0.));
#4837 = ( GEOMETRIC_REPRESENTATION_CONTEXT(2) 
PARAMETRIC_REPRESENTATION_CONTEXT() REPRESENTATION_CONTEXT('2D SPACE',''
  ) );
#4838 = PCURVE('',#4839,#4844);
#4839 = PLANE('',#4840);
#4840 = AXIS2_PLACEMENT_3D('',#4841,#4842,#4843);
#4841 = CARTESIAN_POINT('',(13.517949292431,28.262762365011,76.8));
#4842 = DIRECTION('',(0.,0.,1.));
#4843 = DIRECTION('',(-0.5,-0.866025403784,0.));
#4844 = DEFINITIONAL_REPRESENTATION('',(#4845),#4853);
#4845 = ( BOUNDED_CURVE() B_SPLINE_CURVE(2,(#4846,#4847,#4848,#4849,
#4850,#4851,#4852),.UNSPECIFIED.,.T.,.F.) B_SPLINE_CURVE_WITH_KNOTS((1,2
    ,2,2,2,1),(-2.094395102393,0.,2.094395102393,4.188790204786,
6.28318530718,8.377580409573),.UNSPECIFIED.) CURVE() 
GEOMETRIC_REPRESENTATION_ITEM() RATIONAL_B_SPLINE_CURVE((1.,0.5,1.,0.5,
1.,0.5,1.)) REPRESENTATION_ITEM('') );
#4846 = CARTESIAN_POINT('',(-37.8,23.997045256125));
#4847 = CARTESIAN_POINT('',(0.3,45.994090512249));
#4848 = CARTESIAN_POINT('',(0.3,2.));
#4849 = CARTESIAN_POINT('',(0.3,-41.99409051224));
#4850 = CARTESIAN_POINT('',(-37.8,-19.99704525612));
#4851 = CARTESIAN_POINT('',(-75.9,2.));
#4852 = CARTESIAN_POINT('',(-37.8,23.997045256125));
#4853 = ( GEOMETRIC_REPRESENTATION_CONTEXT(2) 
PARAMETRIC_REPRESENTATION_CONTEXT() REPRESENTATION_CONTEXT('2D SPACE',''
  ) );
#4854 = ORIENTED_EDGE('',*,*,#4855,.T.);
#4855 = EDGE_CURVE('',#4823,#4856,#4858,.T.);
#4856 = VERTEX_POINT('',#4857);
#4857 = CARTESIAN_POINT('',(13.407380584826,28.07125174571,76.));
#4858 = SURFACE_CURVE('',#4859,(#4863,#4870),.PCURVE_S1.);
#4859 = LINE('',#4860,#4861);
#4860 = CARTESIAN_POINT('',(13.407380584826,28.071251745711,3.2));
#4861 = VECTOR('',#4862,1.);
#4862 = DIRECTION('',(-0.,-0.,-1.));
#4863 = PCURVE('',#3501,#4864);
#4864 = DEFINITIONAL_REPRESENTATION('',(#4865),#4869);
#4865 = LINE('',#4866,#4867);
#4866 = CARTESIAN_POINT('',(-4.109968454464,0.));
#4867 = VECTOR('',#4868,1.);
#4868 = DIRECTION('',(-0.,1.));
#4869 = ( GEOMETRIC_REPRESENTATION_CONTEXT(2) 
PARAMETRIC_REPRESENTATION_CONTEXT() REPRESENTATION_CONTEXT('2D SPACE',''
  ) );
#4870 = PCURVE('',#4871,#4876);
#4871 = PLANE('',#4872);
#4872 = AXIS2_PLACEMENT_3D('',#4873,#4874,#4875);
#4873 = CARTESIAN_POINT('',(13.517949292431,28.262762365011,76.));
#4874 = DIRECTION('',(0.866025403784,-0.5,0.));
#4875 = DIRECTION('',(0.,0.,1.));
#4876 = DEFINITIONAL_REPRESENTATION('',(#4877),#4881);
#4877 = LINE('',#4878,#4879);
#4878 = CARTESIAN_POINT('',(-72.8,0.221137415211));
#4879 = VECTOR('',#4880,1.);
#4880 = DIRECTION('',(-1.,-0.));
#4881 = ( GEOMETRIC_REPRESENTATION_CONTEXT(2) 
PARAMETRIC_REPRESENTATION_CONTEXT() REPRESENTATION_CONTEXT('2D SPACE',''
  ) );
#4882 = ORIENTED_EDGE('',*,*,#4883,.F.);
#4883 = EDGE_CURVE('',#4884,#4856,#4886,.T.);
#4884 = VERTEX_POINT('',#4885);
#4885 = CARTESIAN_POINT('',(16.871482199963,26.07125174571,76.));
#4886 = SURFACE_CURVE('',#4887,(#4892,#4899),.PCURVE_S1.);
#4887 = CIRCLE('',#4888,25.4);
#4888 = AXIS2_PLACEMENT_3D('',#4889,#4890,#4891);
#4889 = CARTESIAN_POINT('',(27.8000001,49.,76.));
#4890 = DIRECTION('',(0.,0.,-1.));
#4891 = DIRECTION('',(1.,0.,0.));
#4892 = PCURVE('',#3501,#4893);
#4893 = DEFINITIONAL_REPRESENTATION('',(#4894),#4898);
#4894 = LINE('',#4895,#4896);
#4895 = CARTESIAN_POINT('',(-6.28318530718,-72.8));
#4896 = VECTOR('',#4897,1.);
#4897 = DIRECTION('',(1.,-0.));
#4898 = ( GEOMETRIC_REPRESENTATION_CONTEXT(2) 
PARAMETRIC_REPRESENTATION_CONTEXT() REPRESENTATION_CONTEXT('2D SPACE',''
  ) );
#4899 = PCURVE('',#4900,#4905);
#4900 = PLANE('',#4901);
#4901 = AXIS2_PLACEMENT_3D('',#4902,#4903,#4904);
#4902 = CARTESIAN_POINT('',(13.517949292431,28.262762365011,76.));
#4903 = DIRECTION('',(0.,0.,1.));
#4904 = DIRECTION('',(-0.5,-0.866025403784,0.));
#4905 = DEFINITIONAL_REPRESENTATION('',(#4906),#4914);
#4906 = ( BOUNDED_CURVE() B_SPLINE_CURVE(2,(#4907,#4908,#4909,#4910,
#4911,#4912,#4913),.UNSPECIFIED.,.T.,.F.) B_SPLINE_CURVE_WITH_KNOTS((1,2
    ,2,2,2,1),(-2.094395102393,0.,2.094395102393,4.188790204786,
6.28318530718,8.377580409573),.UNSPECIFIED.) CURVE() 
GEOMETRIC_REPRESENTATION_ITEM() RATIONAL_B_SPLINE_CURVE((1.,0.5,1.,0.5,
1.,0.5,1.)) REPRESENTATION_ITEM('') );
#4907 = CARTESIAN_POINT('',(-37.8,23.997045256125));
#4908 = CARTESIAN_POINT('',(0.3,45.994090512249));
#4909 = CARTESIAN_POINT('',(0.3,2.));
#4910 = CARTESIAN_POINT('',(0.3,-41.99409051224));
#4911 = CARTESIAN_POINT('',(-37.8,-19.99704525612));
#4912 = CARTESIAN_POINT('',(-75.9,2.));
#4913 = CARTESIAN_POINT('',(-37.8,23.997045256125));
#4914 = ( GEOMETRIC_REPRESENTATION_CONTEXT(2) 
PARAMETRIC_REPRESENTATION_CONTEXT() REPRESENTATION_CONTEXT('2D SPACE',''
  ) );
#4915 = ORIENTED_EDGE('',*,*,#4916,.F.);
#4916 = EDGE_CURVE('',#4821,#4884,#4917,.T.);
#4917 = SURFACE_CURVE('',#4918,(#4922,#4929),.PCURVE_S1.);
#4918 = LINE('',#4919,#4920);
#4919 = CARTESIAN_POINT('',(16.871482199963,26.071251745711,3.2));
#4920 = VECTOR('',#4921,1.);
#4921 = DIRECTION('',(-0.,-0.,-1.));
#4922 = PCURVE('',#3501,#4923);
#4923 = DEFINITIONAL_REPRESENTATION('',(#4924),#4928);
#4924 = LINE('',#4925,#4926);
#4925 = CARTESIAN_POINT('',(-4.267611955109,0.));
#4926 = VECTOR('',#4927,1.);
#4927 = DIRECTION('',(-0.,1.));
#4928 = ( GEOMETRIC_REPRESENTATION_CONTEXT(2) 
PARAMETRIC_REPRESENTATION_CONTEXT() REPRESENTATION_CONTEXT('2D SPACE',''
  ) );
#4929 = PCURVE('',#4930,#4935);
#4930 = PLANE('',#4931);
#4931 = AXIS2_PLACEMENT_3D('',#4932,#4933,#4934);
#4932 = CARTESIAN_POINT('',(16.982050907569,26.262762365011,76.));
#4933 = DIRECTION('',(0.866025403784,-0.5,0.));
#4934 = DIRECTION('',(0.,0.,1.));
#4935 = DEFINITIONAL_REPRESENTATION('',(#4936),#4940);
#4936 = LINE('',#4937,#4938);
#4937 = CARTESIAN_POINT('',(-72.8,0.221137415211));
#4938 = VECTOR('',#4939,1.);
#4939 = DIRECTION('',(-1.,-0.));
#4940 = ( GEOMETRIC_REPRESENTATION_CONTEXT(2) 
PARAMETRIC_REPRESENTATION_CONTEXT() REPRESENTATION_CONTEXT('2D SPACE',''
  ) );
#4941 = ADVANCED_FACE('',(#4942),#3560,.T.);
#4942 = FACE_BOUND('',#4943,.T.);
#4943 = EDGE_LOOP('',(#4944,#4965,#4966,#4967));
#4944 = ORIENTED_EDGE('',*,*,#4945,.F.);
#4945 = EDGE_CURVE('',#4322,#3540,#4946,.T.);
#4946 = SURFACE_CURVE('',#4947,(#4951,#4958),.PCURVE_S1.);
#4947 = LINE('',#4948,#4949);
#4948 = CARTESIAN_POINT('',(22.8000001,0.25,0.25));
#4949 = VECTOR('',#4950,1.);
#4950 = DIRECTION('',(-0.,0.707106781187,-0.707106781187));
#4951 = PCURVE('',#3560,#4952);
#4952 = DEFINITIONAL_REPRESENTATION('',(#4953),#4957);
#4953 = LINE('',#4954,#4955);
#4954 = CARTESIAN_POINT('',(-0.,-0.25));
#4955 = VECTOR('',#4956,1.);
#4956 = DIRECTION('',(-0.,-1.));
#4957 = ( GEOMETRIC_REPRESENTATION_CONTEXT(2) 
PARAMETRIC_REPRESENTATION_CONTEXT() REPRESENTATION_CONTEXT('2D SPACE',''
  ) );
#4958 = PCURVE('',#3588,#4959);
#4959 = DEFINITIONAL_REPRESENTATION('',(#4960),#4964);
#4960 = LINE('',#4961,#4962);
#4961 = CARTESIAN_POINT('',(10.,0.));
#4962 = VECTOR('',#4963,1.);
#4963 = DIRECTION('',(0.,1.));
#4964 = ( GEOMETRIC_REPRESENTATION_CONTEXT(2) 
PARAMETRIC_REPRESENTATION_CONTEXT() REPRESENTATION_CONTEXT('2D SPACE',''
  ) );
#4965 = ORIENTED_EDGE('',*,*,#4321,.T.);
#4966 = ORIENTED_EDGE('',*,*,#3690,.T.);
#4967 = ORIENTED_EDGE('',*,*,#3539,.F.);
#4968 = ADVANCED_FACE('',(#4969),#3588,.T.);
#4969 = FACE_BOUND('',#4970,.T.);
#4970 = EDGE_LOOP('',(#4971,#4992,#4993,#4994));
#4971 = ORIENTED_EDGE('',*,*,#4972,.F.);
#4972 = EDGE_CURVE('',#4373,#3573,#4973,.T.);
#4973 = SURFACE_CURVE('',#4974,(#4978,#4985),.PCURVE_S1.);
#4974 = LINE('',#4975,#4976);
#4975 = CARTESIAN_POINT('',(32.8000001,0.,0.5));
#4976 = VECTOR('',#4977,1.);
#4977 = DIRECTION('',(-4.329780281177E-17,0.707106781187,-0.707106781187
    ));
#4978 = PCURVE('',#3588,#4979);
#4979 = DEFINITIONAL_REPRESENTATION('',(#4980),#4984);
#4980 = LINE('',#4981,#4982);
#4981 = CARTESIAN_POINT('',(0.,-0.353553390593));
#4982 = VECTOR('',#4983,1.);
#4983 = DIRECTION('',(4.329780281177E-17,1.));
#4984 = ( GEOMETRIC_REPRESENTATION_CONTEXT(2) 
PARAMETRIC_REPRESENTATION_CONTEXT() REPRESENTATION_CONTEXT('2D SPACE',''
  ) );
#4985 = PCURVE('',#3621,#4986);
#4986 = DEFINITIONAL_REPRESENTATION('',(#4987),#4991);
#4987 = LINE('',#4988,#4989);
#4988 = CARTESIAN_POINT('',(-1.570796326795,-0.));
#4989 = VECTOR('',#4990,1.);
#4990 = DIRECTION('',(-0.,-1.));
#4991 = ( GEOMETRIC_REPRESENTATION_CONTEXT(2) 
PARAMETRIC_REPRESENTATION_CONTEXT() REPRESENTATION_CONTEXT('2D SPACE',''
  ) );
#4992 = ORIENTED_EDGE('',*,*,#4395,.T.);
#4993 = ORIENTED_EDGE('',*,*,#4945,.T.);
#4994 = ORIENTED_EDGE('',*,*,#3572,.F.);
#4995 = ADVANCED_FACE('',(#4996),#3621,.T.);
#4996 = FACE_BOUND('',#4997,.T.);
#4997 = EDGE_LOOP('',(#4998,#4999,#5000,#5001));
#4998 = ORIENTED_EDGE('',*,*,#3665,.F.);
#4999 = ORIENTED_EDGE('',*,*,#4420,.T.);
#5000 = ORIENTED_EDGE('',*,*,#4972,.T.);
#5001 = ORIENTED_EDGE('',*,*,#3600,.F.);
#5002 = ADVANCED_FACE('',(#5003),#3846,.T.);
#5003 = FACE_BOUND('',#5004,.T.);
#5004 = EDGE_LOOP('',(#5005,#5006,#5007,#5028));
#5005 = ORIENTED_EDGE('',*,*,#3866,.F.);
#5006 = ORIENTED_EDGE('',*,*,#4244,.T.);
#5007 = ORIENTED_EDGE('',*,*,#5008,.T.);
#5008 = EDGE_CURVE('',#4245,#3800,#5009,.T.);
#5009 = SURFACE_CURVE('',#5010,(#5014,#5021),.PCURVE_S1.);
#5010 = LINE('',#5011,#5012);
#5011 = CARTESIAN_POINT('',(22.8000001,98.,0.5));
#5012 = VECTOR('',#5013,1.);
#5013 = DIRECTION('',(4.329780281177E-17,-0.707106781187,-0.707106781187
    ));
#5014 = PCURVE('',#3846,#5015);
#5015 = DEFINITIONAL_REPRESENTATION('',(#5016),#5020);
#5016 = LINE('',#5017,#5018);
#5017 = CARTESIAN_POINT('',(-1.570796326795,-0.));
#5018 = VECTOR('',#5019,1.);
#5019 = DIRECTION('',(-0.,-1.));
#5020 = ( GEOMETRIC_REPRESENTATION_CONTEXT(2) 
PARAMETRIC_REPRESENTATION_CONTEXT() REPRESENTATION_CONTEXT('2D SPACE',''
  ) );
#5021 = PCURVE('',#3815,#5022);
#5022 = DEFINITIONAL_REPRESENTATION('',(#5023),#5027);
#5023 = LINE('',#5024,#5025);
#5024 = CARTESIAN_POINT('',(-0.,-0.353553390593));
#5025 = VECTOR('',#5026,1.);
#5026 = DIRECTION('',(-4.329780281177E-17,1.));
#5027 = ( GEOMETRIC_REPRESENTATION_CONTEXT(2) 
PARAMETRIC_REPRESENTATION_CONTEXT() REPRESENTATION_CONTEXT('2D SPACE',''
  ) );
#5028 = ORIENTED_EDGE('',*,*,#3827,.F.);
#5029 = ADVANCED_FACE('',(#5030),#3815,.F.);
#5030 = FACE_BOUND('',#5031,.T.);
#5031 = EDGE_LOOP('',(#5032,#5033,#5034,#5055));
#5032 = ORIENTED_EDGE('',*,*,#5008,.F.);
#5033 = ORIENTED_EDGE('',*,*,#4296,.T.);
#5034 = ORIENTED_EDGE('',*,*,#5035,.T.);
#5035 = EDGE_CURVE('',#4195,#3767,#5036,.T.);
#5036 = SURFACE_CURVE('',#5037,(#5041,#5048),.PCURVE_S1.);
#5037 = LINE('',#5038,#5039);
#5038 = CARTESIAN_POINT('',(32.8000001,97.75,0.25));
#5039 = VECTOR('',#5040,1.);
#5040 = DIRECTION('',(0.,-0.707106781187,-0.707106781187));
#5041 = PCURVE('',#3815,#5042);
#5042 = DEFINITIONAL_REPRESENTATION('',(#5043),#5047);
#5043 = LINE('',#5044,#5045);
#5044 = CARTESIAN_POINT('',(-10.,0.));
#5045 = VECTOR('',#5046,1.);
#5046 = DIRECTION('',(-0.,1.));
#5047 = ( GEOMETRIC_REPRESENTATION_CONTEXT(2) 
PARAMETRIC_REPRESENTATION_CONTEXT() REPRESENTATION_CONTEXT('2D SPACE',''
  ) );
#5048 = PCURVE('',#3787,#5049);
#5049 = DEFINITIONAL_REPRESENTATION('',(#5050),#5054);
#5050 = LINE('',#5051,#5052);
#5051 = CARTESIAN_POINT('',(-0.,-0.25));
#5052 = VECTOR('',#5053,1.);
#5053 = DIRECTION('',(-0.,-1.));
#5054 = ( GEOMETRIC_REPRESENTATION_CONTEXT(2) 
PARAMETRIC_REPRESENTATION_CONTEXT() REPRESENTATION_CONTEXT('2D SPACE',''
  ) );
#5055 = ORIENTED_EDGE('',*,*,#3799,.F.);
#5056 = ADVANCED_FACE('',(#5057),#3787,.T.);
#5057 = FACE_BOUND('',#5058,.T.);
#5058 = EDGE_LOOP('',(#5059,#5060,#5061,#5062));
#5059 = ORIENTED_EDGE('',*,*,#5035,.F.);
#5060 = ORIENTED_EDGE('',*,*,#4194,.T.);
#5061 = ORIENTED_EDGE('',*,*,#3891,.T.);
#5062 = ORIENTED_EDGE('',*,*,#3766,.F.);
#5063 = ADVANCED_FACE('',(#5064,#5067,#5070,#5073,#5076,#5079),#3957,.T.
  );
#5064 = FACE_BOUND('',#5065,.T.);
#5065 = EDGE_LOOP('',(#5066));
#5066 = ORIENTED_EDGE('',*,*,#4447,.T.);
#5067 = FACE_BOUND('',#5068,.T.);
#5068 = EDGE_LOOP('',(#5069));
#5069 = ORIENTED_EDGE('',*,*,#3942,.T.);
#5070 = FACE_BOUND('',#5071,.T.);
#5071 = EDGE_LOOP('',(#5072));
#5072 = ORIENTED_EDGE('',*,*,#4001,.T.);
#5073 = FACE_BOUND('',#5074,.T.);
#5074 = EDGE_LOOP('',(#5075));
#5075 = ORIENTED_EDGE('',*,*,#4055,.T.);
#5076 = FACE_BOUND('',#5077,.T.);
#5077 = EDGE_LOOP('',(#5078));
#5078 = ORIENTED_EDGE('',*,*,#4109,.T.);
#5079 = FACE_BOUND('',#5080,.T.);
#5080 = EDGE_LOOP('',(#5081));
#5081 = ORIENTED_EDGE('',*,*,#4163,.T.);
#5082 = ADVANCED_FACE('',(#5083),#4511,.T.);
#5083 = FACE_BOUND('',#5084,.T.);
#5084 = EDGE_LOOP('',(#5085,#5108,#5109,#5110,#5133));
#5085 = ORIENTED_EDGE('',*,*,#5086,.F.);
#5086 = EDGE_CURVE('',#4495,#5087,#5089,.T.);
#5087 = VERTEX_POINT('',#5088);
#5088 = CARTESIAN_POINT('',(53.7000001,51.,76.));
#5089 = SURFACE_CURVE('',#5090,(#5094,#5101),.PCURVE_S1.);
#5090 = LINE('',#5091,#5092);
#5091 = CARTESIAN_POINT('',(52.9000001,51.,76.));
#5092 = VECTOR('',#5093,1.);
#5093 = DIRECTION('',(1.,0.,0.));
#5094 = PCURVE('',#4511,#5095);
#5095 = DEFINITIONAL_REPRESENTATION('',(#5096),#5100);
#5096 = LINE('',#5097,#5098);
#5097 = CARTESIAN_POINT('',(0.,4.));
#5098 = VECTOR('',#5099,1.);
#5099 = DIRECTION('',(1.,0.));
#5100 = ( GEOMETRIC_REPRESENTATION_CONTEXT(2) 
PARAMETRIC_REPRESENTATION_CONTEXT() REPRESENTATION_CONTEXT('2D SPACE',''
  ) );
#5101 = PCURVE('',#4543,#5102);
#5102 = DEFINITIONAL_REPRESENTATION('',(#5103),#5107);
#5103 = LINE('',#5104,#5105);
#5104 = CARTESIAN_POINT('',(0.,0.));
#5105 = VECTOR('',#5106,1.);
#5106 = DIRECTION('',(0.,1.));
#5107 = ( GEOMETRIC_REPRESENTATION_CONTEXT(2) 
PARAMETRIC_REPRESENTATION_CONTEXT() REPRESENTATION_CONTEXT('2D SPACE',''
  ) );
#5108 = ORIENTED_EDGE('',*,*,#4494,.T.);
#5109 = ORIENTED_EDGE('',*,*,#4667,.T.);
#5110 = ORIENTED_EDGE('',*,*,#5111,.T.);
#5111 = EDGE_CURVE('',#4640,#5112,#5114,.T.);
#5112 = VERTEX_POINT('',#5113);
#5113 = CARTESIAN_POINT('',(53.7000001,47.,76.));
#5114 = SURFACE_CURVE('',#5115,(#5119,#5126),.PCURVE_S1.);
#5115 = LINE('',#5116,#5117);
#5116 = CARTESIAN_POINT('',(52.9000001,47.,76.));
#5117 = VECTOR('',#5118,1.);
#5118 = DIRECTION('',(1.,0.,0.));
#5119 = PCURVE('',#4511,#5120);
#5120 = DEFINITIONAL_REPRESENTATION('',(#5121),#5125);
#5121 = LINE('',#5122,#5123);
#5122 = CARTESIAN_POINT('',(0.,0.));
#5123 = VECTOR('',#5124,1.);
#5124 = DIRECTION('',(1.,0.));
#5125 = ( GEOMETRIC_REPRESENTATION_CONTEXT(2) 
PARAMETRIC_REPRESENTATION_CONTEXT() REPRESENTATION_CONTEXT('2D SPACE',''
  ) );
#5126 = PCURVE('',#4655,#5127);
#5127 = DEFINITIONAL_REPRESENTATION('',(#5128),#5132);
#5128 = LINE('',#5129,#5130);
#5129 = CARTESIAN_POINT('',(0.,0.));
#5130 = VECTOR('',#5131,1.);
#5131 = DIRECTION('',(0.,1.));
#5132 = ( GEOMETRIC_REPRESENTATION_CONTEXT(2) 
PARAMETRIC_REPRESENTATION_CONTEXT() REPRESENTATION_CONTEXT('2D SPACE',''
  ) );
#5133 = ORIENTED_EDGE('',*,*,#5134,.T.);
#5134 = EDGE_CURVE('',#5112,#5087,#5135,.T.);
#5135 = SURFACE_CURVE('',#5136,(#5140,#5147),.PCURVE_S1.);
#5136 = LINE('',#5137,#5138);
#5137 = CARTESIAN_POINT('',(53.7000001,47.,76.));
#5138 = VECTOR('',#5139,1.);
#5139 = DIRECTION('',(0.,1.,0.));
#5140 = PCURVE('',#4511,#5141);
#5141 = DEFINITIONAL_REPRESENTATION('',(#5142),#5146);
#5142 = LINE('',#5143,#5144);
#5143 = CARTESIAN_POINT('',(0.8,0.));
#5144 = VECTOR('',#5145,1.);
#5145 = DIRECTION('',(0.,1.));
#5146 = ( GEOMETRIC_REPRESENTATION_CONTEXT(2) 
PARAMETRIC_REPRESENTATION_CONTEXT() REPRESENTATION_CONTEXT('2D SPACE',''
  ) );
#5147 = PCURVE('',#5148,#5153);
#5148 = PLANE('',#5149);
#5149 = AXIS2_PLACEMENT_3D('',#5150,#5151,#5152);
#5150 = CARTESIAN_POINT('',(53.7000001,47.,76.));
#5151 = DIRECTION('',(1.,0.,0.));
#5152 = DIRECTION('',(0.,0.,1.));
#5153 = DEFINITIONAL_REPRESENTATION('',(#5154),#5158);
#5154 = LINE('',#5155,#5156);
#5155 = CARTESIAN_POINT('',(0.,0.));
#5156 = VECTOR('',#5157,1.);
#5157 = DIRECTION('',(0.,-1.));
#5158 = ( GEOMETRIC_REPRESENTATION_CONTEXT(2) 
PARAMETRIC_REPRESENTATION_CONTEXT() REPRESENTATION_CONTEXT('2D SPACE',''
  ) );
#5159 = ADVANCED_FACE('',(#5160),#4655,.T.);
#5160 = FACE_BOUND('',#5161,.T.);
#5161 = EDGE_LOOP('',(#5162,#5163,#5164,#5187));
#5162 = ORIENTED_EDGE('',*,*,#5111,.F.);
#5163 = ORIENTED_EDGE('',*,*,#4639,.F.);
#5164 = ORIENTED_EDGE('',*,*,#5165,.T.);
#5165 = EDGE_CURVE('',#4612,#5166,#5168,.T.);
#5166 = VERTEX_POINT('',#5167);
#5167 = CARTESIAN_POINT('',(53.7000001,47.,76.8));
#5168 = SURFACE_CURVE('',#5169,(#5173,#5180),.PCURVE_S1.);
#5169 = LINE('',#5170,#5171);
#5170 = CARTESIAN_POINT('',(52.9000001,47.,76.8));
#5171 = VECTOR('',#5172,1.);
#5172 = DIRECTION('',(1.,0.,0.));
#5173 = PCURVE('',#4655,#5174);
#5174 = DEFINITIONAL_REPRESENTATION('',(#5175),#5179);
#5175 = LINE('',#5176,#5177);
#5176 = CARTESIAN_POINT('',(0.8,0.));
#5177 = VECTOR('',#5178,1.);
#5178 = DIRECTION('',(0.,1.));
#5179 = ( GEOMETRIC_REPRESENTATION_CONTEXT(2) 
PARAMETRIC_REPRESENTATION_CONTEXT() REPRESENTATION_CONTEXT('2D SPACE',''
  ) );
#5180 = PCURVE('',#4572,#5181);
#5181 = DEFINITIONAL_REPRESENTATION('',(#5182),#5186);
#5182 = LINE('',#5183,#5184);
#5183 = CARTESIAN_POINT('',(0.,0.));
#5184 = VECTOR('',#5185,1.);
#5185 = DIRECTION('',(1.,0.));
#5186 = ( GEOMETRIC_REPRESENTATION_CONTEXT(2) 
PARAMETRIC_REPRESENTATION_CONTEXT() REPRESENTATION_CONTEXT('2D SPACE',''
  ) );
#5187 = ORIENTED_EDGE('',*,*,#5188,.F.);
#5188 = EDGE_CURVE('',#5112,#5166,#5189,.T.);
#5189 = SURFACE_CURVE('',#5190,(#5194,#5201),.PCURVE_S1.);
#5190 = LINE('',#5191,#5192);
#5191 = CARTESIAN_POINT('',(53.7000001,47.,76.));
#5192 = VECTOR('',#5193,1.);
#5193 = DIRECTION('',(0.,0.,1.));
#5194 = PCURVE('',#4655,#5195);
#5195 = DEFINITIONAL_REPRESENTATION('',(#5196),#5200);
#5196 = LINE('',#5197,#5198);
#5197 = CARTESIAN_POINT('',(0.,0.8));
#5198 = VECTOR('',#5199,1.);
#5199 = DIRECTION('',(1.,0.));
#5200 = ( GEOMETRIC_REPRESENTATION_CONTEXT(2) 
PARAMETRIC_REPRESENTATION_CONTEXT() REPRESENTATION_CONTEXT('2D SPACE',''
  ) );
#5201 = PCURVE('',#5148,#5202);
#5202 = DEFINITIONAL_REPRESENTATION('',(#5203),#5207);
#5203 = LINE('',#5204,#5205);
#5204 = CARTESIAN_POINT('',(0.,0.));
#5205 = VECTOR('',#5206,1.);
#5206 = DIRECTION('',(1.,0.));
#5207 = ( GEOMETRIC_REPRESENTATION_CONTEXT(2) 
PARAMETRIC_REPRESENTATION_CONTEXT() REPRESENTATION_CONTEXT('2D SPACE',''
  ) );
#5208 = ADVANCED_FACE('',(#5209),#4572,.F.);
#5209 = FACE_BOUND('',#5210,.F.);
#5210 = EDGE_LOOP('',(#5211,#5234,#5235,#5236,#5237));
#5211 = ORIENTED_EDGE('',*,*,#5212,.F.);
#5212 = EDGE_CURVE('',#4528,#5213,#5215,.T.);
#5213 = VERTEX_POINT('',#5214);
#5214 = CARTESIAN_POINT('',(53.7000001,51.,76.8));
#5215 = SURFACE_CURVE('',#5216,(#5220,#5227),.PCURVE_S1.);
#5216 = LINE('',#5217,#5218);
#5217 = CARTESIAN_POINT('',(52.9000001,51.,76.8));
#5218 = VECTOR('',#5219,1.);
#5219 = DIRECTION('',(1.,0.,0.));
#5220 = PCURVE('',#4572,#5221);
#5221 = DEFINITIONAL_REPRESENTATION('',(#5222),#5226);
#5222 = LINE('',#5223,#5224);
#5223 = CARTESIAN_POINT('',(0.,4.));
#5224 = VECTOR('',#5225,1.);
#5225 = DIRECTION('',(1.,0.));
#5226 = ( GEOMETRIC_REPRESENTATION_CONTEXT(2) 
PARAMETRIC_REPRESENTATION_CONTEXT() REPRESENTATION_CONTEXT('2D SPACE',''
  ) );
#5227 = PCURVE('',#4543,#5228);
#5228 = DEFINITIONAL_REPRESENTATION('',(#5229),#5233);
#5229 = LINE('',#5230,#5231);
#5230 = CARTESIAN_POINT('',(0.8,0.));
#5231 = VECTOR('',#5232,1.);
#5232 = DIRECTION('',(0.,1.));
#5233 = ( GEOMETRIC_REPRESENTATION_CONTEXT(2) 
PARAMETRIC_REPRESENTATION_CONTEXT() REPRESENTATION_CONTEXT('2D SPACE',''
  ) );
#5234 = ORIENTED_EDGE('',*,*,#4555,.T.);
#5235 = ORIENTED_EDGE('',*,*,#4611,.T.);
#5236 = ORIENTED_EDGE('',*,*,#5165,.T.);
#5237 = ORIENTED_EDGE('',*,*,#5238,.T.);
#5238 = EDGE_CURVE('',#5166,#5213,#5239,.T.);
#5239 = SURFACE_CURVE('',#5240,(#5244,#5251),.PCURVE_S1.);
#5240 = LINE('',#5241,#5242);
#5241 = CARTESIAN_POINT('',(53.7000001,47.,76.8));
#5242 = VECTOR('',#5243,1.);
#5243 = DIRECTION('',(0.,1.,0.));
#5244 = PCURVE('',#4572,#5245);
#5245 = DEFINITIONAL_REPRESENTATION('',(#5246),#5250);
#5246 = LINE('',#5247,#5248);
#5247 = CARTESIAN_POINT('',(0.8,0.));
#5248 = VECTOR('',#5249,1.);
#5249 = DIRECTION('',(0.,1.));
#5250 = ( GEOMETRIC_REPRESENTATION_CONTEXT(2) 
PARAMETRIC_REPRESENTATION_CONTEXT() REPRESENTATION_CONTEXT('2D SPACE',''
  ) );
#5251 = PCURVE('',#5148,#5252);
#5252 = DEFINITIONAL_REPRESENTATION('',(#5253),#5257);
#5253 = LINE('',#5254,#5255);
#5254 = CARTESIAN_POINT('',(0.8,0.));
#5255 = VECTOR('',#5256,1.);
#5256 = DIRECTION('',(0.,-1.));
#5257 = ( GEOMETRIC_REPRESENTATION_CONTEXT(2) 
PARAMETRIC_REPRESENTATION_CONTEXT() REPRESENTATION_CONTEXT('2D SPACE',''
  ) );
#5258 = ADVANCED_FACE('',(#5259),#4543,.F.);
#5259 = FACE_BOUND('',#5260,.F.);
#5260 = EDGE_LOOP('',(#5261,#5262,#5263,#5264));
#5261 = ORIENTED_EDGE('',*,*,#5086,.F.);
#5262 = ORIENTED_EDGE('',*,*,#4527,.F.);
#5263 = ORIENTED_EDGE('',*,*,#5212,.T.);
#5264 = ORIENTED_EDGE('',*,*,#5265,.F.);
#5265 = EDGE_CURVE('',#5087,#5213,#5266,.T.);
#5266 = SURFACE_CURVE('',#5267,(#5271,#5278),.PCURVE_S1.);
#5267 = LINE('',#5268,#5269);
#5268 = CARTESIAN_POINT('',(53.7000001,51.,76.));
#5269 = VECTOR('',#5270,1.);
#5270 = DIRECTION('',(0.,0.,1.));
#5271 = PCURVE('',#4543,#5272);
#5272 = DEFINITIONAL_REPRESENTATION('',(#5273),#5277);
#5273 = LINE('',#5274,#5275);
#5274 = CARTESIAN_POINT('',(0.,0.8));
#5275 = VECTOR('',#5276,1.);
#5276 = DIRECTION('',(1.,0.));
#5277 = ( GEOMETRIC_REPRESENTATION_CONTEXT(2) 
PARAMETRIC_REPRESENTATION_CONTEXT() REPRESENTATION_CONTEXT('2D SPACE',''
  ) );
#5278 = PCURVE('',#5148,#5279);
#5279 = DEFINITIONAL_REPRESENTATION('',(#5280),#5284);
#5280 = LINE('',#5281,#5282);
#5281 = CARTESIAN_POINT('',(0.,-4.));
#5282 = VECTOR('',#5283,1.);
#5283 = DIRECTION('',(1.,0.));
#5284 = ( GEOMETRIC_REPRESENTATION_CONTEXT(2) 
PARAMETRIC_REPRESENTATION_CONTEXT() REPRESENTATION_CONTEXT('2D SPACE',''
  ) );
#5285 = ADVANCED_FACE('',(#5286),#4715,.F.);
#5286 = FACE_BOUND('',#5287,.F.);
#5287 = EDGE_LOOP('',(#5288,#5311,#5312,#5335));
#5288 = ORIENTED_EDGE('',*,*,#5289,.F.);
#5289 = EDGE_CURVE('',#4697,#5290,#5292,.T.);
#5290 = VERTEX_POINT('',#5291);
#5291 = CARTESIAN_POINT('',(13.117949292431,70.430057958017,76.8));
#5292 = SURFACE_CURVE('',#5293,(#5297,#5304),.PCURVE_S1.);
#5293 = LINE('',#5294,#5295);
#5294 = CARTESIAN_POINT('',(13.517949292431,69.737237634989,76.8));
#5295 = VECTOR('',#5296,1.);
#5296 = DIRECTION('',(-0.5,0.866025403784,0.));
#5297 = PCURVE('',#4715,#5298);
#5298 = DEFINITIONAL_REPRESENTATION('',(#5299),#5303);
#5299 = LINE('',#5300,#5301);
#5300 = CARTESIAN_POINT('',(-1.043609643148E-14,4.));
#5301 = VECTOR('',#5302,1.);
#5302 = DIRECTION('',(1.,0.));
#5303 = ( GEOMETRIC_REPRESENTATION_CONTEXT(2) 
PARAMETRIC_REPRESENTATION_CONTEXT() REPRESENTATION_CONTEXT('2D SPACE',''
  ) );
#5304 = PCURVE('',#4806,#5305);
#5305 = DEFINITIONAL_REPRESENTATION('',(#5306),#5310);
#5306 = LINE('',#5307,#5308);
#5307 = CARTESIAN_POINT('',(0.8,0.));
#5308 = VECTOR('',#5309,1.);
#5309 = DIRECTION('',(0.,1.));
#5310 = ( GEOMETRIC_REPRESENTATION_CONTEXT(2) 
PARAMETRIC_REPRESENTATION_CONTEXT() REPRESENTATION_CONTEXT('2D SPACE',''
  ) );
#5311 = ORIENTED_EDGE('',*,*,#4696,.T.);
#5312 = ORIENTED_EDGE('',*,*,#5313,.T.);
#5313 = EDGE_CURVE('',#4699,#5314,#5316,.T.);
#5314 = VERTEX_POINT('',#5315);
#5315 = CARTESIAN_POINT('',(16.582050907569,72.430057958017,76.8));
#5316 = SURFACE_CURVE('',#5317,(#5321,#5328),.PCURVE_S1.);
#5317 = LINE('',#5318,#5319);
#5318 = CARTESIAN_POINT('',(16.982050907569,71.737237634989,76.8));
#5319 = VECTOR('',#5320,1.);
#5320 = DIRECTION('',(-0.5,0.866025403784,0.));
#5321 = PCURVE('',#4715,#5322);
#5322 = DEFINITIONAL_REPRESENTATION('',(#5323),#5327);
#5323 = LINE('',#5324,#5325);
#5324 = CARTESIAN_POINT('',(0.,0.));
#5325 = VECTOR('',#5326,1.);
#5326 = DIRECTION('',(1.,0.));
#5327 = ( GEOMETRIC_REPRESENTATION_CONTEXT(2) 
PARAMETRIC_REPRESENTATION_CONTEXT() REPRESENTATION_CONTEXT('2D SPACE',''
  ) );
#5328 = PCURVE('',#4747,#5329);
#5329 = DEFINITIONAL_REPRESENTATION('',(#5330),#5334);
#5330 = LINE('',#5331,#5332);
#5331 = CARTESIAN_POINT('',(0.8,0.));
#5332 = VECTOR('',#5333,1.);
#5333 = DIRECTION('',(0.,1.));
#5334 = ( GEOMETRIC_REPRESENTATION_CONTEXT(2) 
PARAMETRIC_REPRESENTATION_CONTEXT() REPRESENTATION_CONTEXT('2D SPACE',''
  ) );
#5335 = ORIENTED_EDGE('',*,*,#5336,.T.);
#5336 = EDGE_CURVE('',#5314,#5290,#5337,.T.);
#5337 = SURFACE_CURVE('',#5338,(#5342,#5349),.PCURVE_S1.);
#5338 = LINE('',#5339,#5340);
#5339 = CARTESIAN_POINT('',(16.582050907569,72.430057958017,76.8));
#5340 = VECTOR('',#5341,1.);
#5341 = DIRECTION('',(-0.866025403784,-0.5,0.));
#5342 = PCURVE('',#4715,#5343);
#5343 = DEFINITIONAL_REPRESENTATION('',(#5344),#5348);
#5344 = LINE('',#5345,#5346);
#5345 = CARTESIAN_POINT('',(0.8,6.994405055138E-15));
#5346 = VECTOR('',#5347,1.);
#5347 = DIRECTION('',(0.,1.));
#5348 = ( GEOMETRIC_REPRESENTATION_CONTEXT(2) 
PARAMETRIC_REPRESENTATION_CONTEXT() REPRESENTATION_CONTEXT('2D SPACE',''
  ) );
#5349 = PCURVE('',#5350,#5355);
#5350 = PLANE('',#5351);
#5351 = AXIS2_PLACEMENT_3D('',#5352,#5353,#5354);
#5352 = CARTESIAN_POINT('',(16.582050907569,72.430057958017,76.));
#5353 = DIRECTION('',(-0.5,0.866025403784,0.));
#5354 = DIRECTION('',(0.,0.,1.));
#5355 = DEFINITIONAL_REPRESENTATION('',(#5356),#5360);
#5356 = LINE('',#5357,#5358);
#5357 = CARTESIAN_POINT('',(0.8,0.));
#5358 = VECTOR('',#5359,1.);
#5359 = DIRECTION('',(0.,-1.));
#5360 = ( GEOMETRIC_REPRESENTATION_CONTEXT(2) 
PARAMETRIC_REPRESENTATION_CONTEXT() REPRESENTATION_CONTEXT('2D SPACE',''
  ) );
#5361 = ADVANCED_FACE('',(#5362),#4806,.F.);
#5362 = FACE_BOUND('',#5363,.F.);
#5363 = EDGE_LOOP('',(#5364,#5387,#5388,#5389));
#5364 = ORIENTED_EDGE('',*,*,#5365,.F.);
#5365 = EDGE_CURVE('',#4760,#5366,#5368,.T.);
#5366 = VERTEX_POINT('',#5367);
#5367 = CARTESIAN_POINT('',(13.117949292431,70.430057958017,76.));
#5368 = SURFACE_CURVE('',#5369,(#5373,#5380),.PCURVE_S1.);
#5369 = LINE('',#5370,#5371);
#5370 = CARTESIAN_POINT('',(13.517949292431,69.737237634989,76.));
#5371 = VECTOR('',#5372,1.);
#5372 = DIRECTION('',(-0.5,0.866025403784,0.));
#5373 = PCURVE('',#4806,#5374);
#5374 = DEFINITIONAL_REPRESENTATION('',(#5375),#5379);
#5375 = LINE('',#5376,#5377);
#5376 = CARTESIAN_POINT('',(0.,0.));
#5377 = VECTOR('',#5378,1.);
#5378 = DIRECTION('',(0.,1.));
#5379 = ( GEOMETRIC_REPRESENTATION_CONTEXT(2) 
PARAMETRIC_REPRESENTATION_CONTEXT() REPRESENTATION_CONTEXT('2D SPACE',''
  ) );
#5380 = PCURVE('',#4776,#5381);
#5381 = DEFINITIONAL_REPRESENTATION('',(#5382),#5386);
#5382 = LINE('',#5383,#5384);
#5383 = CARTESIAN_POINT('',(-1.043609643148E-14,4.));
#5384 = VECTOR('',#5385,1.);
#5385 = DIRECTION('',(1.,0.));
#5386 = ( GEOMETRIC_REPRESENTATION_CONTEXT(2) 
PARAMETRIC_REPRESENTATION_CONTEXT() REPRESENTATION_CONTEXT('2D SPACE',''
  ) );
#5387 = ORIENTED_EDGE('',*,*,#4792,.F.);
#5388 = ORIENTED_EDGE('',*,*,#5289,.T.);
#5389 = ORIENTED_EDGE('',*,*,#5390,.F.);
#5390 = EDGE_CURVE('',#5366,#5290,#5391,.T.);
#5391 = SURFACE_CURVE('',#5392,(#5396,#5403),.PCURVE_S1.);
#5392 = LINE('',#5393,#5394);
#5393 = CARTESIAN_POINT('',(13.117949292431,70.430057958017,76.));
#5394 = VECTOR('',#5395,1.);
#5395 = DIRECTION('',(0.,0.,1.));
#5396 = PCURVE('',#4806,#5397);
#5397 = DEFINITIONAL_REPRESENTATION('',(#5398),#5402);
#5398 = LINE('',#5399,#5400);
#5399 = CARTESIAN_POINT('',(0.,0.8));
#5400 = VECTOR('',#5401,1.);
#5401 = DIRECTION('',(1.,0.));
#5402 = ( GEOMETRIC_REPRESENTATION_CONTEXT(2) 
PARAMETRIC_REPRESENTATION_CONTEXT() REPRESENTATION_CONTEXT('2D SPACE',''
  ) );
#5403 = PCURVE('',#5350,#5404);
#5404 = DEFINITIONAL_REPRESENTATION('',(#5405),#5409);
#5405 = LINE('',#5406,#5407);
#5406 = CARTESIAN_POINT('',(0.,-4.));
#5407 = VECTOR('',#5408,1.);
#5408 = DIRECTION('',(1.,0.));
#5409 = ( GEOMETRIC_REPRESENTATION_CONTEXT(2) 
PARAMETRIC_REPRESENTATION_CONTEXT() REPRESENTATION_CONTEXT('2D SPACE',''
  ) );
#5410 = ADVANCED_FACE('',(#5411),#4747,.T.);
#5411 = FACE_BOUND('',#5412,.T.);
#5412 = EDGE_LOOP('',(#5413,#5436,#5437,#5438));
#5413 = ORIENTED_EDGE('',*,*,#5414,.F.);
#5414 = EDGE_CURVE('',#4732,#5415,#5417,.T.);
#5415 = VERTEX_POINT('',#5416);
#5416 = CARTESIAN_POINT('',(16.582050907569,72.430057958017,76.));
#5417 = SURFACE_CURVE('',#5418,(#5422,#5429),.PCURVE_S1.);
#5418 = LINE('',#5419,#5420);
#5419 = CARTESIAN_POINT('',(16.982050907569,71.737237634989,76.));
#5420 = VECTOR('',#5421,1.);
#5421 = DIRECTION('',(-0.5,0.866025403784,0.));
#5422 = PCURVE('',#4747,#5423);
#5423 = DEFINITIONAL_REPRESENTATION('',(#5424),#5428);
#5424 = LINE('',#5425,#5426);
#5425 = CARTESIAN_POINT('',(0.,0.));
#5426 = VECTOR('',#5427,1.);
#5427 = DIRECTION('',(0.,1.));
#5428 = ( GEOMETRIC_REPRESENTATION_CONTEXT(2) 
PARAMETRIC_REPRESENTATION_CONTEXT() REPRESENTATION_CONTEXT('2D SPACE',''
  ) );
#5429 = PCURVE('',#4776,#5430);
#5430 = DEFINITIONAL_REPRESENTATION('',(#5431),#5435);
#5431 = LINE('',#5432,#5433);
#5432 = CARTESIAN_POINT('',(0.,0.));
#5433 = VECTOR('',#5434,1.);
#5434 = DIRECTION('',(1.,0.));
#5435 = ( GEOMETRIC_REPRESENTATION_CONTEXT(2) 
PARAMETRIC_REPRESENTATION_CONTEXT() REPRESENTATION_CONTEXT('2D SPACE',''
  ) );
#5436 = ORIENTED_EDGE('',*,*,#4731,.F.);
#5437 = ORIENTED_EDGE('',*,*,#5313,.T.);
#5438 = ORIENTED_EDGE('',*,*,#5439,.F.);
#5439 = EDGE_CURVE('',#5415,#5314,#5440,.T.);
#5440 = SURFACE_CURVE('',#5441,(#5445,#5452),.PCURVE_S1.);
#5441 = LINE('',#5442,#5443);
#5442 = CARTESIAN_POINT('',(16.582050907569,72.430057958017,76.));
#5443 = VECTOR('',#5444,1.);
#5444 = DIRECTION('',(0.,0.,1.));
#5445 = PCURVE('',#4747,#5446);
#5446 = DEFINITIONAL_REPRESENTATION('',(#5447),#5451);
#5447 = LINE('',#5448,#5449);
#5448 = CARTESIAN_POINT('',(0.,0.8));
#5449 = VECTOR('',#5450,1.);
#5450 = DIRECTION('',(1.,0.));
#5451 = ( GEOMETRIC_REPRESENTATION_CONTEXT(2) 
PARAMETRIC_REPRESENTATION_CONTEXT() REPRESENTATION_CONTEXT('2D SPACE',''
  ) );
#5452 = PCURVE('',#5350,#5453);
#5453 = DEFINITIONAL_REPRESENTATION('',(#5454),#5458);
#5454 = LINE('',#5455,#5456);
#5455 = CARTESIAN_POINT('',(0.,0.));
#5456 = VECTOR('',#5457,1.);
#5457 = DIRECTION('',(1.,0.));
#5458 = ( GEOMETRIC_REPRESENTATION_CONTEXT(2) 
PARAMETRIC_REPRESENTATION_CONTEXT() REPRESENTATION_CONTEXT('2D SPACE',''
  ) );
#5459 = ADVANCED_FACE('',(#5460),#4776,.T.);
#5460 = FACE_BOUND('',#5461,.T.);
#5461 = EDGE_LOOP('',(#5462,#5463,#5464,#5465));
#5462 = ORIENTED_EDGE('',*,*,#5365,.F.);
#5463 = ORIENTED_EDGE('',*,*,#4759,.T.);
#5464 = ORIENTED_EDGE('',*,*,#5414,.T.);
#5465 = ORIENTED_EDGE('',*,*,#5466,.T.);
#5466 = EDGE_CURVE('',#5415,#5366,#5467,.T.);
#5467 = SURFACE_CURVE('',#5468,(#5472,#5479),.PCURVE_S1.);
#5468 = LINE('',#5469,#5470);
#5469 = CARTESIAN_POINT('',(16.582050907569,72.430057958017,76.));
#5470 = VECTOR('',#5471,1.);
#5471 = DIRECTION('',(-0.866025403784,-0.5,0.));
#5472 = PCURVE('',#4776,#5473);
#5473 = DEFINITIONAL_REPRESENTATION('',(#5474),#5478);
#5474 = LINE('',#5475,#5476);
#5475 = CARTESIAN_POINT('',(0.8,6.994405055138E-15));
#5476 = VECTOR('',#5477,1.);
#5477 = DIRECTION('',(0.,1.));
#5478 = ( GEOMETRIC_REPRESENTATION_CONTEXT(2) 
PARAMETRIC_REPRESENTATION_CONTEXT() REPRESENTATION_CONTEXT('2D SPACE',''
  ) );
#5479 = PCURVE('',#5350,#5480);
#5480 = DEFINITIONAL_REPRESENTATION('',(#5481),#5485);
#5481 = LINE('',#5482,#5483);
#5482 = CARTESIAN_POINT('',(0.,0.));
#5483 = VECTOR('',#5484,1.);
#5484 = DIRECTION('',(0.,-1.));
#5485 = ( GEOMETRIC_REPRESENTATION_CONTEXT(2) 
PARAMETRIC_REPRESENTATION_CONTEXT() REPRESENTATION_CONTEXT('2D SPACE',''
  ) );
#5486 = ADVANCED_FACE('',(#5487),#4839,.F.);
#5487 = FACE_BOUND('',#5488,.F.);
#5488 = EDGE_LOOP('',(#5489,#5512,#5513,#5536));
#5489 = ORIENTED_EDGE('',*,*,#5490,.F.);
#5490 = EDGE_CURVE('',#4821,#5491,#5493,.T.);
#5491 = VERTEX_POINT('',#5492);
#5492 = CARTESIAN_POINT('',(16.582050907569,25.569942041983,76.8));
#5493 = SURFACE_CURVE('',#5494,(#5498,#5505),.PCURVE_S1.);
#5494 = LINE('',#5495,#5496);
#5495 = CARTESIAN_POINT('',(16.982050907569,26.262762365011,76.8));
#5496 = VECTOR('',#5497,1.);
#5497 = DIRECTION('',(-0.5,-0.866025403784,0.));
#5498 = PCURVE('',#4839,#5499);
#5499 = DEFINITIONAL_REPRESENTATION('',(#5500),#5504);
#5500 = LINE('',#5501,#5502);
#5501 = CARTESIAN_POINT('',(7.327471962526E-15,4.));
#5502 = VECTOR('',#5503,1.);
#5503 = DIRECTION('',(1.,0.));
#5504 = ( GEOMETRIC_REPRESENTATION_CONTEXT(2) 
PARAMETRIC_REPRESENTATION_CONTEXT() REPRESENTATION_CONTEXT('2D SPACE',''
  ) );
#5505 = PCURVE('',#4930,#5506);
#5506 = DEFINITIONAL_REPRESENTATION('',(#5507),#5511);
#5507 = LINE('',#5508,#5509);
#5508 = CARTESIAN_POINT('',(0.8,0.));
#5509 = VECTOR('',#5510,1.);
#5510 = DIRECTION('',(0.,1.));
#5511 = ( GEOMETRIC_REPRESENTATION_CONTEXT(2) 
PARAMETRIC_REPRESENTATION_CONTEXT() REPRESENTATION_CONTEXT('2D SPACE',''
  ) );
#5512 = ORIENTED_EDGE('',*,*,#4820,.T.);
#5513 = ORIENTED_EDGE('',*,*,#5514,.T.);
#5514 = EDGE_CURVE('',#4823,#5515,#5517,.T.);
#5515 = VERTEX_POINT('',#5516);
#5516 = CARTESIAN_POINT('',(13.117949292431,27.569942041983,76.8));
#5517 = SURFACE_CURVE('',#5518,(#5522,#5529),.PCURVE_S1.);
#5518 = LINE('',#5519,#5520);
#5519 = CARTESIAN_POINT('',(13.517949292431,28.262762365011,76.8));
#5520 = VECTOR('',#5521,1.);
#5521 = DIRECTION('',(-0.5,-0.866025403784,0.));
#5522 = PCURVE('',#4839,#5523);
#5523 = DEFINITIONAL_REPRESENTATION('',(#5524),#5528);
#5524 = LINE('',#5525,#5526);
#5525 = CARTESIAN_POINT('',(0.,0.));
#5526 = VECTOR('',#5527,1.);
#5527 = DIRECTION('',(1.,0.));
#5528 = ( GEOMETRIC_REPRESENTATION_CONTEXT(2) 
PARAMETRIC_REPRESENTATION_CONTEXT() REPRESENTATION_CONTEXT('2D SPACE',''
  ) );
#5529 = PCURVE('',#4871,#5530);
#5530 = DEFINITIONAL_REPRESENTATION('',(#5531),#5535);
#5531 = LINE('',#5532,#5533);
#5532 = CARTESIAN_POINT('',(0.8,0.));
#5533 = VECTOR('',#5534,1.);
#5534 = DIRECTION('',(0.,1.));
#5535 = ( GEOMETRIC_REPRESENTATION_CONTEXT(2) 
PARAMETRIC_REPRESENTATION_CONTEXT() REPRESENTATION_CONTEXT('2D SPACE',''
  ) );
#5536 = ORIENTED_EDGE('',*,*,#5537,.T.);
#5537 = EDGE_CURVE('',#5515,#5491,#5538,.T.);
#5538 = SURFACE_CURVE('',#5539,(#5543,#5550),.PCURVE_S1.);
#5539 = LINE('',#5540,#5541);
#5540 = CARTESIAN_POINT('',(13.117949292431,27.569942041983,76.8));
#5541 = VECTOR('',#5542,1.);
#5542 = DIRECTION('',(0.866025403784,-0.5,0.));
#5543 = PCURVE('',#4839,#5544);
#5544 = DEFINITIONAL_REPRESENTATION('',(#5545),#5549);
#5545 = LINE('',#5546,#5547);
#5546 = CARTESIAN_POINT('',(0.8,-6.383782391595E-15));
#5547 = VECTOR('',#5548,1.);
#5548 = DIRECTION('',(0.,1.));
#5549 = ( GEOMETRIC_REPRESENTATION_CONTEXT(2) 
PARAMETRIC_REPRESENTATION_CONTEXT() REPRESENTATION_CONTEXT('2D SPACE',''
  ) );
#5550 = PCURVE('',#5551,#5556);
#5551 = PLANE('',#5552);
#5552 = AXIS2_PLACEMENT_3D('',#5553,#5554,#5555);
#5553 = CARTESIAN_POINT('',(13.117949292431,27.569942041983,76.));
#5554 = DIRECTION('',(-0.5,-0.866025403784,0.));
#5555 = DIRECTION('',(0.,0.,1.));
#5556 = DEFINITIONAL_REPRESENTATION('',(#5557),#5561);
#5557 = LINE('',#5558,#5559);
#5558 = CARTESIAN_POINT('',(0.8,0.));
#5559 = VECTOR('',#5560,1.);
#5560 = DIRECTION('',(0.,-1.));
#5561 = ( GEOMETRIC_REPRESENTATION_CONTEXT(2) 
PARAMETRIC_REPRESENTATION_CONTEXT() REPRESENTATION_CONTEXT('2D SPACE',''
  ) );
#5562 = ADVANCED_FACE('',(#5563),#4930,.F.);
#5563 = FACE_BOUND('',#5564,.F.);
#5564 = EDGE_LOOP('',(#5565,#5588,#5589,#5590));
#5565 = ORIENTED_EDGE('',*,*,#5566,.F.);
#5566 = EDGE_CURVE('',#4884,#5567,#5569,.T.);
#5567 = VERTEX_POINT('',#5568);
#5568 = CARTESIAN_POINT('',(16.582050907569,25.569942041983,76.));
#5569 = SURFACE_CURVE('',#5570,(#5574,#5581),.PCURVE_S1.);
#5570 = LINE('',#5571,#5572);
#5571 = CARTESIAN_POINT('',(16.982050907569,26.262762365011,76.));
#5572 = VECTOR('',#5573,1.);
#5573 = DIRECTION('',(-0.5,-0.866025403784,0.));
#5574 = PCURVE('',#4930,#5575);
#5575 = DEFINITIONAL_REPRESENTATION('',(#5576),#5580);
#5576 = LINE('',#5577,#5578);
#5577 = CARTESIAN_POINT('',(0.,0.));
#5578 = VECTOR('',#5579,1.);
#5579 = DIRECTION('',(0.,1.));
#5580 = ( GEOMETRIC_REPRESENTATION_CONTEXT(2) 
PARAMETRIC_REPRESENTATION_CONTEXT() REPRESENTATION_CONTEXT('2D SPACE',''
  ) );
#5581 = PCURVE('',#4900,#5582);
#5582 = DEFINITIONAL_REPRESENTATION('',(#5583),#5587);
#5583 = LINE('',#5584,#5585);
#5584 = CARTESIAN_POINT('',(7.327471962526E-15,4.));
#5585 = VECTOR('',#5586,1.);
#5586 = DIRECTION('',(1.,0.));
#5587 = ( GEOMETRIC_REPRESENTATION_CONTEXT(2) 
PARAMETRIC_REPRESENTATION_CONTEXT() REPRESENTATION_CONTEXT('2D SPACE',''
  ) );
#5588 = ORIENTED_EDGE('',*,*,#4916,.F.);
#5589 = ORIENTED_EDGE('',*,*,#5490,.T.);
#5590 = ORIENTED_EDGE('',*,*,#5591,.F.);
#5591 = EDGE_CURVE('',#5567,#5491,#5592,.T.);
#5592 = SURFACE_CURVE('',#5593,(#5597,#5604),.PCURVE_S1.);
#5593 = LINE('',#5594,#5595);
#5594 = CARTESIAN_POINT('',(16.582050907569,25.569942041983,76.));
#5595 = VECTOR('',#5596,1.);
#5596 = DIRECTION('',(0.,0.,1.));
#5597 = PCURVE('',#4930,#5598);
#5598 = DEFINITIONAL_REPRESENTATION('',(#5599),#5603);
#5599 = LINE('',#5600,#5601);
#5600 = CARTESIAN_POINT('',(0.,0.8));
#5601 = VECTOR('',#5602,1.);
#5602 = DIRECTION('',(1.,0.));
#5603 = ( GEOMETRIC_REPRESENTATION_CONTEXT(2) 
PARAMETRIC_REPRESENTATION_CONTEXT() REPRESENTATION_CONTEXT('2D SPACE',''
  ) );
#5604 = PCURVE('',#5551,#5605);
#5605 = DEFINITIONAL_REPRESENTATION('',(#5606),#5610);
#5606 = LINE('',#5607,#5608);
#5607 = CARTESIAN_POINT('',(0.,-4.));
#5608 = VECTOR('',#5609,1.);
#5609 = DIRECTION('',(1.,0.));
#5610 = ( GEOMETRIC_REPRESENTATION_CONTEXT(2) 
PARAMETRIC_REPRESENTATION_CONTEXT() REPRESENTATION_CONTEXT('2D SPACE',''
  ) );
#5611 = ADVANCED_FACE('',(#5612),#4900,.T.);
#5612 = FACE_BOUND('',#5613,.T.);
#5613 = EDGE_LOOP('',(#5614,#5615,#5616,#5639));
#5614 = ORIENTED_EDGE('',*,*,#5566,.F.);
#5615 = ORIENTED_EDGE('',*,*,#4883,.T.);
#5616 = ORIENTED_EDGE('',*,*,#5617,.T.);
#5617 = EDGE_CURVE('',#4856,#5618,#5620,.T.);
#5618 = VERTEX_POINT('',#5619);
#5619 = CARTESIAN_POINT('',(13.117949292431,27.569942041983,76.));
#5620 = SURFACE_CURVE('',#5621,(#5625,#5632),.PCURVE_S1.);
#5621 = LINE('',#5622,#5623);
#5622 = CARTESIAN_POINT('',(13.517949292431,28.262762365011,76.));
#5623 = VECTOR('',#5624,1.);
#5624 = DIRECTION('',(-0.5,-0.866025403784,0.));
#5625 = PCURVE('',#4900,#5626);
#5626 = DEFINITIONAL_REPRESENTATION('',(#5627),#5631);
#5627 = LINE('',#5628,#5629);
#5628 = CARTESIAN_POINT('',(0.,0.));
#5629 = VECTOR('',#5630,1.);
#5630 = DIRECTION('',(1.,0.));
#5631 = ( GEOMETRIC_REPRESENTATION_CONTEXT(2) 
PARAMETRIC_REPRESENTATION_CONTEXT() REPRESENTATION_CONTEXT('2D SPACE',''
  ) );
#5632 = PCURVE('',#4871,#5633);
#5633 = DEFINITIONAL_REPRESENTATION('',(#5634),#5638);
#5634 = LINE('',#5635,#5636);
#5635 = CARTESIAN_POINT('',(0.,0.));
#5636 = VECTOR('',#5637,1.);
#5637 = DIRECTION('',(0.,1.));
#5638 = ( GEOMETRIC_REPRESENTATION_CONTEXT(2) 
PARAMETRIC_REPRESENTATION_CONTEXT() REPRESENTATION_CONTEXT('2D SPACE',''
  ) );
#5639 = ORIENTED_EDGE('',*,*,#5640,.T.);
#5640 = EDGE_CURVE('',#5618,#5567,#5641,.T.);
#5641 = SURFACE_CURVE('',#5642,(#5646,#5653),.PCURVE_S1.);
#5642 = LINE('',#5643,#5644);
#5643 = CARTESIAN_POINT('',(13.117949292431,27.569942041983,76.));
#5644 = VECTOR('',#5645,1.);
#5645 = DIRECTION('',(0.866025403784,-0.5,0.));
#5646 = PCURVE('',#4900,#5647);
#5647 = DEFINITIONAL_REPRESENTATION('',(#5648),#5652);
#5648 = LINE('',#5649,#5650);
#5649 = CARTESIAN_POINT('',(0.8,-6.383782391595E-15));
#5650 = VECTOR('',#5651,1.);
#5651 = DIRECTION('',(0.,1.));
#5652 = ( GEOMETRIC_REPRESENTATION_CONTEXT(2) 
PARAMETRIC_REPRESENTATION_CONTEXT() REPRESENTATION_CONTEXT('2D SPACE',''
  ) );
#5653 = PCURVE('',#5551,#5654);
#5654 = DEFINITIONAL_REPRESENTATION('',(#5655),#5659);
#5655 = LINE('',#5656,#5657);
#5656 = CARTESIAN_POINT('',(0.,0.));
#5657 = VECTOR('',#5658,1.);
#5658 = DIRECTION('',(0.,-1.));
#5659 = ( GEOMETRIC_REPRESENTATION_CONTEXT(2) 
PARAMETRIC_REPRESENTATION_CONTEXT() REPRESENTATION_CONTEXT('2D SPACE',''
  ) );
#5660 = ADVANCED_FACE('',(#5661),#4871,.T.);
#5661 = FACE_BOUND('',#5662,.T.);
#5662 = EDGE_LOOP('',(#5663,#5664,#5665,#5666));
#5663 = ORIENTED_EDGE('',*,*,#5617,.F.);
#5664 = ORIENTED_EDGE('',*,*,#4855,.F.);
#5665 = ORIENTED_EDGE('',*,*,#5514,.T.);
#5666 = ORIENTED_EDGE('',*,*,#5667,.F.);
#5667 = EDGE_CURVE('',#5618,#5515,#5668,.T.);
#5668 = SURFACE_CURVE('',#5669,(#5673,#5680),.PCURVE_S1.);
#5669 = LINE('',#5670,#5671);
#5670 = CARTESIAN_POINT('',(13.117949292431,27.569942041983,76.));
#5671 = VECTOR('',#5672,1.);
#5672 = DIRECTION('',(0.,0.,1.));
#5673 = PCURVE('',#4871,#5674);
#5674 = DEFINITIONAL_REPRESENTATION('',(#5675),#5679);
#5675 = LINE('',#5676,#5677);
#5676 = CARTESIAN_POINT('',(0.,0.8));
#5677 = VECTOR('',#5678,1.);
#5678 = DIRECTION('',(1.,0.));
#5679 = ( GEOMETRIC_REPRESENTATION_CONTEXT(2) 
PARAMETRIC_REPRESENTATION_CONTEXT() REPRESENTATION_CONTEXT('2D SPACE',''
  ) );
#5680 = PCURVE('',#5551,#5681);
#5681 = DEFINITIONAL_REPRESENTATION('',(#5682),#5686);
#5682 = LINE('',#5683,#5684);
#5683 = CARTESIAN_POINT('',(0.,0.));
#5684 = VECTOR('',#5685,1.);
#5685 = DIRECTION('',(1.,0.));
#5686 = ( GEOMETRIC_REPRESENTATION_CONTEXT(2) 
PARAMETRIC_REPRESENTATION_CONTEXT() REPRESENTATION_CONTEXT('2D SPACE',''
  ) );
#5687 = ADVANCED_FACE('',(#5688),#5148,.F.);
#5688 = FACE_BOUND('',#5689,.F.);
#5689 = EDGE_LOOP('',(#5690,#5691,#5692,#5693));
#5690 = ORIENTED_EDGE('',*,*,#5188,.F.);
#5691 = ORIENTED_EDGE('',*,*,#5134,.T.);
#5692 = ORIENTED_EDGE('',*,*,#5265,.T.);
#5693 = ORIENTED_EDGE('',*,*,#5238,.F.);
#5694 = ADVANCED_FACE('',(#5695),#5350,.F.);
#5695 = FACE_BOUND('',#5696,.F.);
#5696 = EDGE_LOOP('',(#5697,#5698,#5699,#5700));
#5697 = ORIENTED_EDGE('',*,*,#5439,.F.);
#5698 = ORIENTED_EDGE('',*,*,#5466,.T.);
#5699 = ORIENTED_EDGE('',*,*,#5390,.T.);
#5700 = ORIENTED_EDGE('',*,*,#5336,.F.);
#5701 = ADVANCED_FACE('',(#5702),#5551,.F.);
#5702 = FACE_BOUND('',#5703,.F.);
#5703 = EDGE_LOOP('',(#5704,#5705,#5706,#5707));
#5704 = ORIENTED_EDGE('',*,*,#5667,.F.);
#5705 = ORIENTED_EDGE('',*,*,#5640,.T.);
#5706 = ORIENTED_EDGE('',*,*,#5591,.T.);
#5707 = ORIENTED_EDGE('',*,*,#5537,.F.);
#5708 = ( GEOMETRIC_REPRESENTATION_CONTEXT(3) 
GLOBAL_UNCERTAINTY_ASSIGNED_CONTEXT((#5712)) 
GLOBAL_UNIT_ASSIGNED_CONTEXT((#5709,#5710,#5711)) REPRESENTATION_CONTEXT
('Context #1','3D Context with UNIT and UNCERTAINTY') );
#5709 = ( LENGTH_UNIT() NAMED_UNIT(*) SI_UNIT(.MILLI.,.METRE.) );
#5710 = ( NAMED_UNIT(*) PLANE_ANGLE_UNIT() SI_UNIT($,.RADIAN.) );
#5711 = ( NAMED_UNIT(*) SI_UNIT($,.STERADIAN.) SOLID_ANGLE_UNIT() );
#5712 = UNCERTAINTY_MEASURE_WITH_UNIT(LENGTH_MEASURE(1.E-07),#5709,
  'distance_accuracy_value','confusion accuracy');
#5713 = PRODUCT_RELATED_PRODUCT_CATEGORY('part',$,(#7));
ENDSEC;
END-ISO-10303-21;
